,Instance Name,User Count Bin,Topic Counts,Broad Category Counts,Entropy
0,0lb.be,$10^{1}$ to $10^{2}$ ,{'Copyright/ Piracy': 1},"{'Action': 0, 'Behavior': 0, 'Content': 0, 'Distribution': 1}",-0.0
1,0x3c.pl,$10^{2}$ to $10^{3}$,"{'Content Warnings': 1, 'Hate Speech': 1}","{'Action': 0, 'Behavior': 0, 'Content': 2, 'Distribution': 0}",-0.0
2,100terres.social,$10^{1}$ to $10^{2}$ ,"{'Hate Speech': 1, 'Incitement of Violence': 1, 'Harassment': 1, 'Doxxing/ Personal Info': 1, 'Mis/Disinformation/Conspiracy': 1, 'Illegal Content': 1, 'Content Warnings': 1, 'Images': 1, 'Automated tools': 1}","{'Action': 1, 'Behavior': 2, 'Content': 6, 'Distribution': 0}",1.224394445405986
3,1234.as,$10^{4}$ to $10^{5}$,"{'Illegal Content': 3, 'Copyright/ Piracy': 1, 'Mis/Disinformation/Conspiracy': 2, 'Incitement of Violence': 1, 'Harassment': 1, 'Not Applicable': 1, 'NSFW': 1, 'Images': 1, 'Advertising & Commercialization': 1, 'Spam': 1}","{'Action': 0, 'Behavior': 1, 'Content': 8, 'Distribution': 3}",1.188721875540867
4,15-15-15.social,$10^{2}$ to $10^{3}$,"{'Harassment': 2, 'Mis/Disinformation/Conspiracy': 1, 'Illegal Content': 1, 'NSFW': 1, 'Images': 1, 'Trolling': 1}","{'Action': 0, 'Behavior': 3, 'Content': 4, 'Distribution': 0}",0.9852281360342515
5,1689.social,$10^{2}$ to $10^{3}$,"{'Hate Speech': 1, 'Illegal Content': 1, 'Images': 1}","{'Action': 0, 'Behavior': 0, 'Content': 3, 'Distribution': 0}",-0.0
6,19marbles.org,$10^{2}$ to $10^{3}$,"{'Content Warnings': 2, 'Incitement of Violence': 1, 'Harassment': 1, 'Dogpiling': 1, 'Doxxing/ Personal Info': 1}","{'Action': 0, 'Behavior': 3, 'Content': 3, 'Distribution': 0}",1.0
7,1uca.com,$10^{2}$ to $10^{3}$,"{'Harassment': 1, 'Dogpiling': 1, 'Spam': 1, 'Illegal Content': 1, 'Incitement of Violence': 1, 'NSFW': 1, 'Content Warnings': 1, 'Images': 1}","{'Action': 0, 'Behavior': 2, 'Content': 5, 'Distribution': 1}",1.2987949406953985
8,3dart.social,$10^{2}$ to $10^{3}$,"{'Copyright/ Piracy': 1, 'NSFW': 1, 'Content Warnings': 1, 'Harassment': 1, 'Trolling': 1}","{'Action': 0, 'Behavior': 2, 'Content': 2, 'Distribution': 1}",1.5219280948873621
9,3dp.chat,$10^{3}$ to $10^{4}$,"{'Off-topic/topic specific': 1, 'Hate Speech': 1, 'Mis/Disinformation/Conspiracy': 1}","{'Action': 0, 'Behavior': 0, 'Content': 3, 'Distribution': 0}",-0.0
10,3rdstone.cc,$10^{1}$ to $10^{2}$ ,"{'Illegal Content': 1, 'Hate Speech': 1, 'Trolling': 1, 'Harassment': 1, 'Advertising & Commercialization': 1, 'Spam': 1}","{'Action': 0, 'Behavior': 2, 'Content': 2, 'Distribution': 2}",1.584962500721156
11,3rdwall.net,$10^{1}$ to $10^{2}$ ,"{'Illegal Content': 1, 'Incitement of Violence': 1, 'Hate Speech': 7}","{'Action': 0, 'Behavior': 0, 'Content': 9, 'Distribution': 0}",-0.0
12,3zi.ru,$10^{2}$ to $10^{3}$,"{'NSFW': 2, 'Spam': 1, 'Content Warnings': 1, 'Illegal Content': 1}","{'Action': 0, 'Behavior': 0, 'Content': 4, 'Distribution': 1}",0.7219280948873623
13,41020.social,$10^{2}$ to $10^{3}$,"{'NSFW': 1, 'Images': 2, 'Hate Speech': 1, 'Incitement of Violence': 1, 'Impersonation': 1, 'Illegal Content': 1, 'Mis/Disinformation/Conspiracy': 1, 'Spam': 1, 'Reposting/Crossposting': 1}","{'Action': 0, 'Behavior': 1, 'Content': 7, 'Distribution': 2}",1.1567796494470395
14,438punk.house,$10^{3}$ to $10^{4}$,"{'Hate Speech': 1, 'Harassment': 3, 'Trolling': 3, 'Illegal Content': 1, 'Images': 2, 'NSFW': 1, 'Content Warnings': 1, 'Links & Outside Content': 1}","{'Action': 0, 'Behavior': 6, 'Content': 7, 'Distribution': 0}",0.9957274520849255
15,4bear.com,$10^{4}$ to $10^{5}$,"{'NSFW': 3, 'Content Warnings': 1, 'Images': 3, 'Off-topic/topic specific': 1, 'Hate Speech': 2, 'Advertising & Commercialization': 1, 'Spam': 1, 'Copyright/ Piracy': 1, 'Illegal Content': 1}","{'Action': 0, 'Behavior': 0, 'Content': 11, 'Distribution': 3}",0.74959525725948
16,4d2.social,$10^{1}$ to $10^{2}$ ,"{'Copyright/ Piracy': 1, 'Hate Speech': 1, 'Doxxing/ Personal Info': 1, 'Illegal Content': 3, 'NSFW': 2}","{'Action': 0, 'Behavior': 1, 'Content': 6, 'Distribution': 1}",1.061278124459133
17,500.social,$10^{2}$ to $10^{3}$,"{'Harassment': 1, 'Illegal Content': 1, 'NSFW': 1, 'Content Warnings': 1, 'Off-topic/topic specific': 1}","{'Action': 0, 'Behavior': 1, 'Content': 4, 'Distribution': 0}",0.7219280948873623
18,503junk.house,$10^{2}$ to $10^{3}$,"{'Hate Speech': 2, 'Mis/Disinformation/Conspiracy': 2, 'Harassment': 1, 'Advertising & Commercialization': 1, 'Spam': 1, 'NSFW': 1, 'Images': 1}","{'Action': 0, 'Behavior': 1, 'Content': 6, 'Distribution': 2}",1.224394445405986
19,6510.nu,$10^{1}$ to $10^{2}$ ,{'Hate Speech': 1},"{'Action': 0, 'Behavior': 0, 'Content': 1, 'Distribution': 0}",-0.0
20,73-110.pl,$10^{2}$ to $10^{3}$,"{'Incitement of Violence': 1, 'Hate Speech': 1, 'Harassment': 1, 'Mis/Disinformation/Conspiracy': 1, 'Advertising & Commercialization': 1, 'Spam': 1, 'NSFW': 1, 'Content Warnings': 1, 'Images': 2}","{'Action': 0, 'Behavior': 1, 'Content': 7, 'Distribution': 2}",1.1567796494470395
21,8bit.red,$10^{1}$ to $10^{2}$ ,"{'Hate Speech': 1, 'NSFW': 1, 'Illegal Content': 1, 'Incitement of Violence': 1, 'Harassment': 1, 'Mis/Disinformation/Conspiracy': 1}","{'Action': 0, 'Behavior': 1, 'Content': 5, 'Distribution': 0}",0.6500224216483541
22,8bit.social,$10^{1}$ to $10^{2}$ ,"{'Hate Speech': 1, 'Off-topic/topic specific': 1, 'Harassment': 1}","{'Action': 0, 'Behavior': 1, 'Content': 2, 'Distribution': 0}",0.9182958340544896
23,8bitar.io,$10^{1}$ to $10^{2}$ ,"{'Not Applicable': 1, 'Links & Outside Content': 1}","{'Action': 0, 'Behavior': 0, 'Content': 1, 'Distribution': 0}",-0.0
24,a11y.info,$10^{2}$ to $10^{3}$,"{'Hate Speech': 2, 'Incitement of Violence': 1, 'Harassment': 2, 'Doxxing/ Personal Info': 1, 'Mis/Disinformation/Conspiracy': 1, 'Illegal Content': 1, 'Spam': 1}","{'Action': 0, 'Behavior': 3, 'Content': 5, 'Distribution': 1}",1.3516441151533922
25,a2mi.social,$10^{3}$ to $10^{4}$,"{'NSFW': 1, 'Content Warnings': 1, 'Images': 1, 'Hate Speech': 1, 'Incitement of Violence': 1, 'Harassment': 2, 'Doxxing/ Personal Info': 2, 'Illegal Content': 1, 'Mis/Disinformation/Conspiracy': 1}","{'Action': 0, 'Behavior': 4, 'Content': 7, 'Distribution': 0}",0.9456603046006401
26,aachen.social,$10^{2}$ to $10^{3}$,"{'Hate Speech': 1, 'Incitement of Violence': 1, 'Harassment': 1, 'Doxxing/ Personal Info': 1, 'Images': 1, 'Illegal Content': 1}","{'Action': 0, 'Behavior': 2, 'Content': 4, 'Distribution': 0}",0.9182958340544896
27,abdl.link,$10^{5}$ to $10^{6}$ ,"{'NSFW': 3, 'Illegal Content': 2, 'Links & Outside Content': 1, 'Hate Speech': 1, 'Copyright/ Piracy': 1, 'Spam': 1, 'Automated tools': 1, 'Content Warnings': 1}","{'Action': 1, 'Behavior': 0, 'Content': 8, 'Distribution': 2}",1.0957952550009336
28,aberrantwinds.bond,$10^{2}$ to $10^{3}$,{'Hate Speech': 1},"{'Action': 0, 'Behavior': 0, 'Content': 1, 'Distribution': 0}",-0.0
29,about-the-author.online,$10^{1}$ to $10^{2}$ ,"{'Hate Speech': 1, 'Harassment': 1, 'Doxxing/ Personal Info': 1, 'Illegal Content': 1, 'Advertising & Commercialization': 2, 'Spam': 1}","{'Action': 0, 'Behavior': 2, 'Content': 2, 'Distribution': 3}",1.5566567074628228
30,abypom.work,$10^{2}$ to $10^{3}$,"{'NSFW': 1, 'Images': 1}","{'Action': 0, 'Behavior': 0, 'Content': 2, 'Distribution': 0}",-0.0
31,abyss.fun,$10^{3}$ to $10^{4}$,"{'Off-topic/topic specific': 1, 'Spam': 1}","{'Action': 0, 'Behavior': 0, 'Content': 1, 'Distribution': 1}",1.0
32,academiccloud.social,$10^{3}$ to $10^{4}$,"{'Content Warnings': 1, 'NSFW': 1, 'Hate Speech': 1, 'Incitement of Violence': 1, 'Harassment': 1, 'Mis/Disinformation/Conspiracy': 1, 'Automated tools': 1}","{'Action': 1, 'Behavior': 1, 'Content': 5, 'Distribution': 0}",1.1488348542809166
33,academictalk.org,$10^{2}$ to $10^{3}$,"{'Spam': 2, 'Advertising & Commercialization': 1, 'Illegal Content': 1, 'NSFW': 1, 'Incitement of Violence': 1, 'Impersonation': 1}","{'Action': 0, 'Behavior': 1, 'Content': 3, 'Distribution': 3}",1.4488156357251847
34,acat.world,$10^{1}$ to $10^{2}$ ,{'Content Warnings': 1},"{'Action': 0, 'Behavior': 0, 'Content': 1, 'Distribution': 0}",-0.0
35,acc4e.com,$10^{1}$ to $10^{2}$ ,"{'Illegal Content': 1, 'Hate Speech': 1, 'Harassment': 1}","{'Action': 0, 'Behavior': 1, 'Content': 2, 'Distribution': 0}",0.9182958340544896
36,acg.mn,$10^{4}$ to $10^{5}$,"{'Hate Speech': 1, 'Harassment': 1, 'Trolling': 1, 'NSFW': 2, 'Content Warnings': 1, 'Illegal Content': 2, 'Not Applicable': 1, 'Automated tools': 2, 'Impersonation': 1, 'Advertising & Commercialization': 3, 'Mis/Disinformation/Conspiracy': 1, 'Spam': 1, 'Copyright/ Piracy': 2}","{'Action': 2, 'Behavior': 3, 'Content': 7, 'Distribution': 6}",1.8412501702815547
37,acrion.social,$10^{1}$ to $10^{2}$ ,"{'Links & Outside Content': 1, 'Hate Speech': 1, 'Illegal Content': 1}","{'Action': 0, 'Behavior': 0, 'Content': 3, 'Distribution': 0}",-0.0
38,adforward.org,$10^{2}$ to $10^{3}$,"{'Harassment': 1, 'Trolling': 1}","{'Action': 0, 'Behavior': 2, 'Content': 0, 'Distribution': 0}",-0.0
39,advent.social,$10^{2}$ to $10^{3}$,{'Hate Speech': 1},"{'Action': 0, 'Behavior': 0, 'Content': 1, 'Distribution': 0}",-0.0
40,afcolegiado.app,$10^{1}$ to $10^{2}$ ,"{'Illegal Content': 1, 'Copyright/ Piracy': 1, 'Hate Speech': 1, 'Harassment': 1, 'Advertising & Commercialization': 1, 'Doxxing/ Personal Info': 1}","{'Action': 0, 'Behavior': 2, 'Content': 2, 'Distribution': 2}",1.584962500721156
41,agilealliance.social,$10^{3}$ to $10^{4}$,"{'Harassment': 2, 'Images': 1, 'Not Applicable': 1, 'Links & Outside Content': 1}","{'Action': 0, 'Behavior': 2, 'Content': 2, 'Distribution': 0}",1.0
42,agilodon.social,$10^{1}$ to $10^{2}$ ,{'Hate Speech': 1},"{'Action': 0, 'Behavior': 0, 'Content': 1, 'Distribution': 0}",-0.0
43,agora-thinktanks.social,$10^{1}$ to $10^{2}$ ,"{'Hate Speech': 1, 'Mis/Disinformation/Conspiracy': 1, 'Illegal Content': 1}","{'Action': 0, 'Behavior': 0, 'Content': 3, 'Distribution': 0}",-0.0
44,ai.wiki,$10^{5}$ to $10^{6}$ ,"{'Advertising & Commercialization': 2, 'Incitement of Violence': 1, 'Hate Speech': 1, 'Images': 1, 'Illegal Content': 1, 'Harassment': 1, 'Mis/Disinformation/Conspiracy': 1, 'Doxxing/ Personal Info': 1}","{'Action': 0, 'Behavior': 2, 'Content': 5, 'Distribution': 2}",1.4355205042826666
45,ailbhean.co-shaoghal.net,$10^{2}$ to $10^{3}$,"{'Hate Speech': 1, 'Illegal Content': 1, 'Doxxing/ Personal Info': 1}","{'Action': 0, 'Behavior': 1, 'Content': 2, 'Distribution': 0}",0.9182958340544896
46,aipub.social,$10^{3}$ to $10^{4}$,"{'NSFW': 1, 'Doxxing/ Personal Info': 1}","{'Action': 0, 'Behavior': 1, 'Content': 1, 'Distribution': 0}",1.0
47,air11.social,$10^{1}$ to $10^{2}$ ,"{'Hate Speech': 1, 'Off-topic/topic specific': 1}","{'Action': 0, 'Behavior': 0, 'Content': 2, 'Distribution': 0}",-0.0
48,aircrew.rocks,$10^{2}$ to $10^{3}$,"{'Harassment': 3, 'Doxxing/ Personal Info': 1, 'Hate Speech': 2, 'Incitement of Violence': 1, 'Dogpiling': 1, 'NSFW': 1, 'Content Warnings': 1, 'Advertising & Commercialization': 2, 'Automated tools': 3, 'Reposting/Crossposting': 1, 'Off-topic/topic specific': 1, 'Trolling': 1, 'Illegal Content': 1}","{'Action': 3, 'Behavior': 6, 'Content': 7, 'Distribution': 3}",1.89682043644058
49,airpollution.science,$10^{2}$ to $10^{3}$,"{'Hate Speech': 1, 'Incitement of Violence': 1, 'Harassment': 1, 'Dogpiling': 1, 'Doxxing/ Personal Info': 1, 'Mis/Disinformation/Conspiracy': 1}","{'Action': 0, 'Behavior': 3, 'Content': 3, 'Distribution': 0}",1.0
50,airwaves.social,$10^{3}$ to $10^{4}$,"{'Incitement of Violence': 1, 'Harassment': 1}","{'Action': 0, 'Behavior': 1, 'Content': 1, 'Distribution': 0}",1.0
51,akademienl.social,$10^{3}$ to $10^{4}$,"{'Hate Speech': 1, 'Incitement of Violence': 1, 'Harassment': 1, 'Dogpiling': 1, 'Doxxing/ Personal Info': 1, 'Advertising & Commercialization': 1, 'Spam': 1, 'Automated tools': 1, 'NSFW': 1, 'Images': 1, 'Mis/Disinformation/Conspiracy': 1}","{'Action': 1, 'Behavior': 3, 'Content': 5, 'Distribution': 2}",1.789929075309999
52,akuanduba.masto.host,$10^{2}$ to $10^{3}$,"{'NSFW': 1, 'Spam': 1, 'Off-topic/topic specific': 1}","{'Action': 0, 'Behavior': 0, 'Content': 2, 'Distribution': 1}",0.9182958340544896
53,alaskan.social,$10^{3}$ to $10^{4}$,"{'Hate Speech': 4, 'Harassment': 3, 'Mis/Disinformation/Conspiracy': 1, 'Advertising & Commercialization': 1, 'Spam': 1, 'NSFW': 1, 'Illegal Content': 1, 'Off-topic/topic specific': 1}","{'Action': 0, 'Behavior': 3, 'Content': 8, 'Distribution': 2}",1.3346791410515946
54,alentours.cc,$10^{1}$ to $10^{2}$ ,{'Hate Speech': 1},"{'Action': 0, 'Behavior': 0, 'Content': 1, 'Distribution': 0}",-0.0
55,aleph.land,$10^{4}$ to $10^{5}$,"{'Illegal Content': 1, 'Harassment': 1, 'Incitement of Violence': 1, 'Hate Speech': 1, 'Spam': 1, 'Trolling': 1}","{'Action': 0, 'Behavior': 2, 'Content': 3, 'Distribution': 1}",1.4591479170272448
56,algebra.chat,$10^{1}$ to $10^{2}$ ,"{'Hate Speech': 1, 'Incitement of Violence': 1, 'Harassment': 1, 'Doxxing/ Personal Info': 1, 'Illegal Content': 1, 'Mis/Disinformation/Conspiracy': 1}","{'Action': 0, 'Behavior': 2, 'Content': 4, 'Distribution': 0}",0.9182958340544896
57,allovertheplace.ca,$10^{2}$ to $10^{3}$,"{'Hate Speech': 2, 'Harassment': 2, 'Trolling': 1}","{'Action': 0, 'Behavior': 3, 'Content': 2, 'Distribution': 0}",0.9709505944546686
58,allships.run,$10^{3}$ to $10^{4}$,"{'Hate Speech': 1, 'Harassment': 1, 'NSFW': 2, 'Images': 1, 'Reposting/Crossposting': 1, 'Copyright/ Piracy': 1, 'Illegal Content': 1}","{'Action': 0, 'Behavior': 1, 'Content': 5, 'Distribution': 2}",1.2987949406953985
59,almajlis.me,$10^{2}$ to $10^{3}$,"{'Off-topic/topic specific': 1, 'NSFW': 2, 'Content Warnings': 1, 'Images': 1, 'Hate Speech': 1, 'Incitement of Violence': 1, 'Harassment': 1, 'Mis/Disinformation/Conspiracy': 1}","{'Action': 0, 'Behavior': 1, 'Content': 8, 'Distribution': 0}",0.5032583347756457
60,alpaka.garden,$10^{2}$ to $10^{3}$,"{'Advertising & Commercialization': 1, 'Harassment': 1, 'Dogpiling': 1, 'Hate Speech': 1, 'Mis/Disinformation/Conspiracy': 1, 'Illegal Content': 1}","{'Action': 0, 'Behavior': 2, 'Content': 3, 'Distribution': 1}",1.4591479170272448
61,alpaka.social,$10^{2}$ to $10^{3}$,"{'Hate Speech': 3, 'Harassment': 3, 'Doxxing/ Personal Info': 1, 'Incitement of Violence': 1, 'Illegal Content': 1}","{'Action': 0, 'Behavior': 4, 'Content': 5, 'Distribution': 0}",0.9910760598382222
62,alpha.polymaths.social,$10^{2}$ to $10^{3}$,"{'Hate Speech': 1, 'Harassment': 1, 'Doxxing/ Personal Info': 1, 'Automated tools': 1, 'Illegal Content': 1, 'Copyright/ Piracy': 1, 'NSFW': 2, 'Content Warnings': 1}","{'Action': 1, 'Behavior': 2, 'Content': 5, 'Distribution': 1}",1.6577427265048887
63,alphabetica.masto.host,$10^{1}$ to $10^{2}$ ,"{'NSFW': 1, 'Illegal Content': 2, 'Hate Speech': 1, 'Harassment': 2, 'Spam': 2, 'Automated tools': 1, 'Advertising & Commercialization': 1}","{'Action': 1, 'Behavior': 2, 'Content': 4, 'Distribution': 3}",1.8464393446710154
64,alpherg.fedicity.net,$10^{1}$ to $10^{2}$ ,{'Content Warnings': 1},"{'Action': 0, 'Behavior': 0, 'Content': 1, 'Distribution': 0}",-0.0
65,alt.lawndale.space,$10^{1}$ to $10^{2}$ ,"{'Incitement of Violence': 1, 'Hate Speech': 1}","{'Action': 0, 'Behavior': 0, 'Content': 2, 'Distribution': 0}",-0.0
66,alwayssleeping.com,$10^{2}$ to $10^{3}$,"{'NSFW': 1, 'Hate Speech': 2}","{'Action': 0, 'Behavior': 0, 'Content': 3, 'Distribution': 0}",-0.0
67,amastodon.uk,$10^{2}$ to $10^{3}$,"{'Hate Speech': 1, 'NSFW': 1, 'Harassment': 1, 'Illegal Content': 1, 'Incitement of Violence': 1, 'Mis/Disinformation/Conspiracy': 1, 'Advertising & Commercialization': 1, 'Spam': 1}","{'Action': 0, 'Behavior': 1, 'Content': 5, 'Distribution': 2}",1.2987949406953985
68,amateurfunk.social,$10^{1}$ to $10^{2}$ ,"{'Harassment': 1, 'Doxxing/ Personal Info': 1, 'Hate Speech': 2, 'Incitement of Violence': 1, 'NSFW': 2, 'Images': 1, 'Automated tools': 1, 'Advertising & Commercialization': 1, 'Spam': 1, 'Illegal Content': 1}","{'Action': 1, 'Behavior': 2, 'Content': 7, 'Distribution': 2}",1.6140054628542202
69,amigos.family,$10^{1}$ to $10^{2}$ ,"{'Trolling': 1, 'Off-topic/topic specific': 1}","{'Action': 0, 'Behavior': 1, 'Content': 1, 'Distribution': 0}",1.0
70,anakmanis.com,$10^{1}$ to $10^{2}$ ,{'Spam': 2},"{'Action': 0, 'Behavior': 0, 'Content': 0, 'Distribution': 2}",-0.0
71,analog.am,$10^{1}$ to $10^{2}$ ,"{'Content Warnings': 1, 'Images': 1, 'Hate Speech': 1, 'Incitement of Violence': 1, 'Harassment': 1, 'Doxxing/ Personal Info': 1, 'Illegal Content': 1}","{'Action': 0, 'Behavior': 2, 'Content': 5, 'Distribution': 0}",0.863120568566631
72,anarres.family,$10^{2}$ to $10^{3}$,"{'Hate Speech': 1, 'Content Warnings': 1, 'Illegal Content': 1}","{'Action': 0, 'Behavior': 0, 'Content': 3, 'Distribution': 0}",-0.0
73,andalucia.social,$10^{2}$ to $10^{3}$,"{'Hate Speech': 4, 'Harassment': 3, 'Incitement of Violence': 1, 'NSFW': 1, 'Content Warnings': 1, 'Links & Outside Content': 1, 'Illegal Content': 1, 'Spam': 1}","{'Action': 0, 'Behavior': 3, 'Content': 9, 'Distribution': 1}",1.1401156785146092
74,animeomake.com,$10^{1}$ to $10^{2}$ ,"{'Content Warnings': 1, 'Images': 1, 'Incitement of Violence': 2, 'Harassment': 1, 'Doxxing/ Personal Info': 1, 'Illegal Content': 1, 'Mis/Disinformation/Conspiracy': 1, 'Hate Speech': 1}","{'Action': 0, 'Behavior': 2, 'Content': 7, 'Distribution': 0}",0.7642045065086203
75,ansico.dk,$10^{1}$ to $10^{2}$ ,{'Content Warnings': 1},"{'Action': 0, 'Behavior': 0, 'Content': 1, 'Distribution': 0}",-0.0
76,anti-social.online,$10^{2}$ to $10^{3}$,"{'Hate Speech': 1, 'NSFW': 2, 'Illegal Content': 1, 'Content Warnings': 3, 'Reposting/Crossposting': 1, 'Copyright/ Piracy': 1, 'Automated tools': 2, 'Not Applicable': 1}","{'Action': 2, 'Behavior': 0, 'Content': 7, 'Distribution': 2}",1.3092966682370037
77,anticapitalista.it,$10^{2}$ to $10^{3}$,"{'Hate Speech': 1, 'Advertising & Commercialization': 1}","{'Action': 0, 'Behavior': 0, 'Content': 1, 'Distribution': 1}",1.0
78,anticapitalistcatgirl.club,$10^{2}$ to $10^{3}$,{'Hate Speech': 1},"{'Action': 0, 'Behavior': 0, 'Content': 1, 'Distribution': 0}",-0.0
79,antigram.org,$10^{1}$ to $10^{2}$ ,"{'Harassment': 2, 'Doxxing/ Personal Info': 1, 'Hate Speech': 1, 'NSFW': 1, 'Illegal Content': 1, 'Automated tools': 1, 'Mis/Disinformation/Conspiracy': 1, 'Spam': 1, 'Trolling': 1}","{'Action': 1, 'Behavior': 4, 'Content': 4, 'Distribution': 1}",1.7219280948873623
80,antisocial.existentialdread.com,$10^{1}$ to $10^{2}$ ,"{'Copyright/ Piracy': 1, 'Images': 3, 'Hate Speech': 1, 'Harassment': 1, 'Incitement of Violence': 1, 'NSFW': 2, 'Content Warnings': 2}","{'Action': 0, 'Behavior': 1, 'Content': 9, 'Distribution': 1}",0.8658566174572235
81,antisocial.science,$10^{3}$ to $10^{4}$,"{'NSFW': 1, 'Illegal Content': 1, 'Hate Speech': 1, 'Spam': 1, 'Harassment': 1}","{'Action': 0, 'Behavior': 1, 'Content': 3, 'Distribution': 1}",1.3709505944546687
82,antisocialsocialnetwork.it,$10^{1}$ to $10^{2}$ ,"{'Hate Speech': 3, 'Harassment': 1, 'NSFW': 1, 'Content Warnings': 1}","{'Action': 0, 'Behavior': 1, 'Content': 5, 'Distribution': 0}",0.6500224216483541
83,anubis.social,$10^{1}$ to $10^{2}$ ,"{'Images': 2, 'Hate Speech': 1, 'Incitement of Violence': 1, 'Harassment': 1, 'Doxxing/ Personal Info': 1, 'Illegal Content': 1, 'NSFW': 1, 'Advertising & Commercialization': 1, 'Spam': 1}","{'Action': 0, 'Behavior': 2, 'Content': 6, 'Distribution': 2}",1.3709505944546687
84,aoir.social,$10^{3}$ to $10^{4}$,"{'Content Warnings': 1, 'Images': 1, 'Hate Speech': 1, 'Harassment': 1, 'Doxxing/ Personal Info': 1}","{'Action': 0, 'Behavior': 2, 'Content': 3, 'Distribution': 0}",0.9709505944546686
85,ap.dny.social,$10^{1}$ to $10^{2}$ ,"{'Automated tools': 1, 'Hate Speech': 1}","{'Action': 1, 'Behavior': 0, 'Content': 1, 'Distribution': 0}",1.0
86,ap.pachy.social,$10^{1}$ to $10^{2}$ ,"{'Hate Speech': 1, 'Content Warnings': 1}","{'Action': 0, 'Behavior': 0, 'Content': 2, 'Distribution': 0}",-0.0
87,ap.xabirequejo.eus,$10^{1}$ to $10^{2}$ ,"{'Hate Speech': 8, 'Incitement of Violence': 1, 'Harassment': 1, 'Images': 2, 'NSFW': 2, 'Advertising & Commercialization': 2, 'Spam': 2}","{'Action': 0, 'Behavior': 1, 'Content': 13, 'Distribution': 4}",1.0529407605626346
88,app.bikers.social,$10^{2}$ to $10^{3}$,"{'Hate Speech': 4, 'NSFW': 1}","{'Action': 0, 'Behavior': 0, 'Content': 5, 'Distribution': 0}",-0.0
89,appdot.net,$10^{3}$ to $10^{4}$,"{'Harassment': 1, 'Illegal Content': 1, 'Not Applicable': 1, 'Automated tools': 1}","{'Action': 1, 'Behavior': 1, 'Content': 1, 'Distribution': 0}",1.584962500721156
90,apple2.org.za,$10^{1}$ to $10^{2}$ ,"{'Advertising & Commercialization': 1, 'Spam': 1, 'Hate Speech': 1, 'Off-topic/topic specific': 1, 'Content Warnings': 1}","{'Action': 0, 'Behavior': 0, 'Content': 3, 'Distribution': 2}",0.9709505944546686
91,apricot.social,$10^{1}$ to $10^{2}$ ,"{'Content Warnings': 1, 'NSFW': 1, 'Illegal Content': 2, 'Advertising & Commercialization': 1, 'Spam': 1, 'Hate Speech': 1, 'Harassment': 2, 'Impersonation': 1, 'Doxxing/ Personal Info': 1}","{'Action': 0, 'Behavior': 4, 'Content': 5, 'Distribution': 2}",1.4949188482339508
92,archaeo.social,$10^{3}$ to $10^{4}$,"{'Hate Speech': 1, 'Harassment': 1, 'Content Warnings': 1, 'Images': 1, 'Illegal Content': 1, 'Incitement of Violence': 1}","{'Action': 0, 'Behavior': 1, 'Content': 5, 'Distribution': 0}",0.6500224216483541
93,arcticwind.social,$10^{1}$ to $10^{2}$ ,{'Mis/Disinformation/Conspiracy': 1},"{'Action': 0, 'Behavior': 0, 'Content': 1, 'Distribution': 0}",-0.0
94,are.sexy,$10^{1}$ to $10^{2}$ ,"{'Hate Speech': 1, 'Illegal Content': 2, 'Links & Outside Content': 1, 'Harassment': 1, 'Incitement of Violence': 1, 'NSFW': 1, 'Spam': 1}","{'Action': 0, 'Behavior': 1, 'Content': 6, 'Distribution': 1}",1.061278124459133
95,area51.social,$10^{1}$ to $10^{2}$ ,"{'Not Applicable': 1, 'Automated tools': 1, 'NSFW': 1, 'Harassment': 1, 'Illegal Content': 1, 'Incitement of Violence': 1, 'Mis/Disinformation/Conspiracy': 1, 'Advertising & Commercialization': 1, 'Spam': 1, 'Copyright/ Piracy': 1}","{'Action': 1, 'Behavior': 1, 'Content': 4, 'Distribution': 3}",1.752715278979705
96,argon.city,$10^{2}$ to $10^{3}$,"{'Spam': 1, 'NSFW': 1, 'Content Warnings': 1, 'Harassment': 1}","{'Action': 0, 'Behavior': 1, 'Content': 2, 'Distribution': 1}",1.5
97,arguos.com,$10^{1}$ to $10^{2}$ ,"{'Spam': 1, 'Hate Speech': 2, 'Harassment': 1, 'NSFW': 1, 'Content Warnings': 1}","{'Action': 0, 'Behavior': 1, 'Content': 4, 'Distribution': 1}",1.2516291673878228
98,arielfinn.social,$10^{1}$ to $10^{2}$ ,"{'Content Warnings': 1, 'Images': 1, 'Hate Speech': 1, 'Incitement of Violence': 1, 'Harassment': 1, 'Dogpiling': 1, 'Doxxing/ Personal Info': 1, 'Mis/Disinformation/Conspiracy': 1}","{'Action': 0, 'Behavior': 3, 'Content': 5, 'Distribution': 0}",0.954434002924965
99,arkm.social,$10^{2}$ to $10^{3}$,{'Mis/Disinformation/Conspiracy': 1},"{'Action': 0, 'Behavior': 0, 'Content': 1, 'Distribution': 0}",-0.0
100,arrrgh.online,$10^{1}$ to $10^{2}$ ,"{'Hate Speech': 1, 'Harassment': 1}","{'Action': 0, 'Behavior': 1, 'Content': 1, 'Distribution': 0}",1.0
101,art.masto.host,$10^{1}$ to $10^{2}$ ,"{'Incitement of Violence': 1, 'Hate Speech': 5, 'Illegal Content': 3, 'Harassment': 1, 'Mis/Disinformation/Conspiracy': 1, 'NSFW': 4, 'Content Warnings': 2, 'Images': 2, 'Spam': 2, 'Links & Outside Content': 1, 'Impersonation': 1}","{'Action': 0, 'Behavior': 2, 'Content': 19, 'Distribution': 2}",0.8404914014731815
102,arthropod.social,$10^{2}$ to $10^{3}$,"{'Hate Speech': 1, 'Copyright/ Piracy': 1, 'Content Warnings': 1, 'Images': 2, 'NSFW': 1, 'Mis/Disinformation/Conspiracy': 1, 'Illegal Content': 1, 'Off-topic/topic specific': 1, 'Advertising & Commercialization': 1, 'Spam': 1}","{'Action': 0, 'Behavior': 0, 'Content': 8, 'Distribution': 3}",0.8453509366224364
103,artistalley.space,$10^{2}$ to $10^{3}$,"{'Illegal Content': 2, 'NSFW': 2, 'Content Warnings': 1, 'Images': 1, 'Incitement of Violence': 1, 'Harassment': 2, 'Dogpiling': 1, 'Doxxing/ Personal Info': 1, 'Hate Speech': 1, 'Copyright/ Piracy': 2, 'Mis/Disinformation/Conspiracy': 1, 'Advertising & Commercialization': 1, 'Not Applicable': 1}","{'Action': 0, 'Behavior': 4, 'Content': 9, 'Distribution': 3}",1.4197367178034825
104,artsio.com,$10^{4}$ to $10^{5}$,"{'Harassment': 2, 'Trolling': 1, 'NSFW': 1, 'Content Warnings': 1, 'Images': 1, 'Illegal Content': 1, 'Hate Speech': 3, 'Incitement of Violence': 2, 'Copyright/ Piracy': 1, 'Spam': 2, 'Automated tools': 1, 'Mis/Disinformation/Conspiracy': 1}","{'Action': 1, 'Behavior': 3, 'Content': 10, 'Distribution': 3}",1.5739889616503064
105,artsocial.boston,$10^{1}$ to $10^{2}$ ,"{'Content Warnings': 1, 'NSFW': 1, 'Illegal Content': 2, 'Advertising & Commercialization': 1, 'Spam': 2, 'Hate Speech': 1, 'Harassment': 5, 'Impersonation': 1, 'Doxxing/ Personal Info': 2, 'Copyright/ Piracy': 1, 'Trolling': 1, 'Links & Outside Content': 1}","{'Action': 0, 'Behavior': 9, 'Content': 6, 'Distribution': 4}",1.5090275125326515
106,artsoqueer.com,$10^{2}$ to $10^{3}$,"{'Hate Speech': 1, 'Harassment': 1, 'NSFW': 1, 'Content Warnings': 1, 'Illegal Content': 1, 'Spam': 1, 'Copyright/ Piracy': 1}","{'Action': 0, 'Behavior': 1, 'Content': 4, 'Distribution': 2}",1.3787834934861753
107,arvr.social,$10^{4}$ to $10^{5}$,"{'Advertising & Commercialization': 1, 'Spam': 1, 'Hate Speech': 1, 'Incitement of Violence': 1, 'Harassment': 1, 'Doxxing/ Personal Info': 1, 'Illegal Content': 1, 'NSFW': 1, 'Images': 1}","{'Action': 0, 'Behavior': 2, 'Content': 5, 'Distribution': 2}",1.4355205042826666
108,asbestosden.org,$10^{1}$ to $10^{2}$ ,"{'Harassment': 1, 'Trolling': 1, 'Illegal Content': 1, 'Copyright/ Piracy': 1}","{'Action': 0, 'Behavior': 2, 'Content': 1, 'Distribution': 1}",1.5
109,aschaffenburg.social,$10^{2}$ to $10^{3}$,"{'Content Warnings': 1, 'Images': 1, 'Hate Speech': 2, 'Incitement of Violence': 1, 'Harassment': 2, 'Dogpiling': 1, 'Doxxing/ Personal Info': 1}","{'Action': 0, 'Behavior': 4, 'Content': 5, 'Distribution': 0}",0.9910760598382222
110,aseriesoftubes.social,$10^{1}$ to $10^{2}$ ,"{'NSFW': 1, 'Illegal Content': 1, 'Images': 1, 'Hate Speech': 1, 'Harassment': 1, 'Mis/Disinformation/Conspiracy': 1}","{'Action': 0, 'Behavior': 1, 'Content': 5, 'Distribution': 0}",0.6500224216483541
111,ashlande.rs,$10^{1}$ to $10^{2}$ ,{'Hate Speech': 1},"{'Action': 0, 'Behavior': 0, 'Content': 1, 'Distribution': 0}",-0.0
112,asso.lgbt,$10^{2}$ to $10^{3}$,"{'Hate Speech': 1, 'Harassment': 2, 'Incitement of Violence': 1, 'Doxxing/ Personal Info': 1, 'NSFW': 2, 'Content Warnings': 1, 'Illegal Content': 2, 'Mis/Disinformation/Conspiracy': 1, 'Spam': 1, 'Automated tools': 1}","{'Action': 1, 'Behavior': 3, 'Content': 8, 'Distribution': 1}",1.4885252948977485
113,assortedflotsam.com,$10^{2}$ to $10^{3}$,"{'Hate Speech': 1, 'Trolling': 1, 'Doxxing/ Personal Info': 2, 'NSFW': 2, 'Spam': 3, 'Advertising & Commercialization': 1, 'Automated tools': 1, 'Content Warnings': 2, 'Copyright/ Piracy': 1, 'Links & Outside Content': 1}","{'Action': 1, 'Behavior': 3, 'Content': 6, 'Distribution': 5}",1.781937063546704
114,asstodon.social,$10^{1}$ to $10^{2}$ ,"{'Hate Speech': 1, 'NSFW': 1, 'Images': 1, 'Content Warnings': 1, 'Illegal Content': 1}","{'Action': 0, 'Behavior': 0, 'Content': 5, 'Distribution': 0}",-0.0
115,astral.camp,$10^{3}$ to $10^{4}$,"{'Hate Speech': 1, 'NSFW': 1, 'Content Warnings': 1, 'Images': 1}","{'Action': 0, 'Behavior': 0, 'Content': 4, 'Distribution': 0}",-0.0
116,astronomy.social,$10^{1}$ to $10^{2}$ ,"{'Hate Speech': 1, 'Incitement of Violence': 2, 'Mis/Disinformation/Conspiracy': 1, 'Harassment': 1, 'Doxxing/ Personal Info': 1, 'Automated tools': 1}","{'Action': 1, 'Behavior': 2, 'Content': 4, 'Distribution': 0}",1.3787834934861753
117,astrosocial.space,$10^{1}$ to $10^{2}$ ,"{'NSFW': 1, 'Hate Speech': 1, 'Incitement of Violence': 1, 'Harassment': 1, 'Doxxing/ Personal Info': 1, 'Mis/Disinformation/Conspiracy': 1}","{'Action': 0, 'Behavior': 2, 'Content': 4, 'Distribution': 0}",0.9182958340544896
118,asylum.nz,$10^{1}$ to $10^{2}$ ,"{'Hate Speech': 4, 'Mis/Disinformation/Conspiracy': 4, 'Harassment': 1, 'Dogpiling': 1, 'Spam': 1, 'Illegal Content': 1, 'Content Warnings': 1}","{'Action': 0, 'Behavior': 2, 'Content': 10, 'Distribution': 1}",0.9912642605354288
119,async.social,$10^{2}$ to $10^{3}$,"{'Hate Speech': 1, 'Harassment': 1, 'Spam': 1, 'Automated tools': 1, 'NSFW': 1, 'Content Warnings': 1, 'Illegal Content': 1, 'Links & Outside Content': 1}","{'Action': 1, 'Behavior': 1, 'Content': 5, 'Distribution': 1}",1.5487949406953985
120,atheopagan.net,$10^{1}$ to $10^{2}$ ,"{'Hate Speech': 2, 'Harassment': 1, 'Doxxing/ Personal Info': 1, 'Trolling': 1, 'Automated tools': 1, 'NSFW': 1}","{'Action': 1, 'Behavior': 3, 'Content': 3, 'Distribution': 0}",1.4488156357251847
121,atmasto.com,$10^{1}$ to $10^{2}$ ,"{'Illegal Content': 1, 'Content Warnings': 1, 'Images': 1, 'Mis/Disinformation/Conspiracy': 1}","{'Action': 0, 'Behavior': 0, 'Content': 4, 'Distribution': 0}",-0.0
122,atsudon.fedicity.net,$10^{1}$ to $10^{2}$ ,"{'Hate Speech': 1, 'Harassment': 1}","{'Action': 0, 'Behavior': 1, 'Content': 1, 'Distribution': 0}",1.0
123,attreno.fr,$10^{1}$ to $10^{2}$ ,{'Illegal Content': 1},"{'Action': 0, 'Behavior': 0, 'Content': 1, 'Distribution': 0}",-0.0
124,atx.pub,$10^{2}$ to $10^{3}$,"{'Advertising & Commercialization': 1, 'Spam': 2, 'Content Warnings': 1, 'Hate Speech': 1, 'Incitement of Violence': 1, 'Harassment': 2, 'Automated tools': 1}","{'Action': 1, 'Behavior': 2, 'Content': 3, 'Distribution': 3}",1.8910611120726526
125,audio-video.tech,$10^{1}$ to $10^{2}$ ,{'Hate Speech': 1},"{'Action': 0, 'Behavior': 0, 'Content': 1, 'Distribution': 0}",-0.0
126,audiogames.social,$10^{2}$ to $10^{3}$,{'Illegal Content': 1},"{'Action': 0, 'Behavior': 0, 'Content': 1, 'Distribution': 0}",-0.0
127,augsburg.social,$10^{3}$ to $10^{4}$,"{'Illegal Content': 2, 'Advertising & Commercialization': 1, 'Spam': 1, 'Hate Speech': 2, 'Harassment': 3, 'Doxxing/ Personal Info': 3, 'Incitement of Violence': 1, 'Automated tools': 1, 'Not Applicable': 1, 'Off-topic/topic specific': 1, 'Mis/Disinformation/Conspiracy': 1, 'Content Warnings': 1, 'NSFW': 1}","{'Action': 1, 'Behavior': 6, 'Content': 9, 'Distribution': 2}",1.612197222702993
128,august-don.site,$10^{3}$ to $10^{4}$,"{'Harassment': 1, 'Trolling': 1, 'Spam': 1, 'Automated tools': 1, 'NSFW': 1, 'Illegal Content': 2}","{'Action': 1, 'Behavior': 2, 'Content': 3, 'Distribution': 1}",1.8423709931771084
129,aurorign.social,$10^{1}$ to $10^{2}$ ,"{'Illegal Content': 1, 'Mis/Disinformation/Conspiracy': 1, 'Dogpiling': 1, 'Doxxing/ Personal Info': 1, 'NSFW': 1, 'Hate Speech': 1, 'Harassment': 1, 'Incitement of Violence': 1}","{'Action': 0, 'Behavior': 3, 'Content': 5, 'Distribution': 0}",0.954434002924965
130,aus.lgbt,$10^{1}$ to $10^{2}$ ,"{'Illegal Content': 2, 'Hate Speech': 2, 'NSFW': 1, 'Content Warnings': 1}","{'Action': 0, 'Behavior': 0, 'Content': 6, 'Distribution': 0}",-0.0
131,aus.social,$10^{5}$ to $10^{6}$ ,"{'Illegal Content': 1, 'Impersonation': 1}","{'Action': 0, 'Behavior': 1, 'Content': 1, 'Distribution': 0}",1.0
132,ausglam.space,$10^{3}$ to $10^{4}$,"{'Content Warnings': 2, 'Hate Speech': 2, 'Images': 2, 'Spam': 2, 'Automated tools': 1, 'Reposting/Crossposting': 2, 'Advertising & Commercialization': 1}","{'Action': 1, 'Behavior': 0, 'Content': 6, 'Distribution': 5}",1.3250112108241772
133,aut.social,$10^{3}$ to $10^{4}$,"{'Hate Speech': 1, 'Mis/Disinformation/Conspiracy': 1, 'Doxxing/ Personal Info': 1, 'NSFW': 1, 'Illegal Content': 2, 'Spam': 1, 'Harassment': 1, 'Automated tools': 1, 'Reposting/Crossposting': 1, 'Copyright/ Piracy': 1, 'Images': 1}","{'Action': 1, 'Behavior': 2, 'Content': 6, 'Distribution': 3}",1.7295739585136223
134,autism.social,$10^{1}$ to $10^{2}$ ,"{'Hate Speech': 2, 'Harassment': 1, 'Illegal Content': 1, 'NSFW': 1, 'Doxxing/ Personal Info': 1, 'Not Applicable': 1, 'Automated tools': 1}","{'Action': 1, 'Behavior': 2, 'Content': 4, 'Distribution': 0}",1.3787834934861753
135,autisticpri.de,$10^{1}$ to $10^{2}$ ,{'Harassment': 1},"{'Action': 0, 'Behavior': 1, 'Content': 0, 'Distribution': 0}",-0.0
136,autistics.life,$10^{3}$ to $10^{4}$,"{'NSFW': 2, 'Incitement of Violence': 2, 'Images': 3, 'Hate Speech': 2, 'Harassment': 1, 'Doxxing/ Personal Info': 1, 'Mis/Disinformation/Conspiracy': 1, 'Spam': 1, 'Content Warnings': 1}","{'Action': 0, 'Behavior': 2, 'Content': 11, 'Distribution': 1}",0.9463729359854419
137,autonomous.zone,$10^{3}$ to $10^{4}$,"{'Hate Speech': 2, 'Off-topic/topic specific': 1, 'Harassment': 1, 'Content Warnings': 1, 'Images': 1}","{'Action': 0, 'Behavior': 1, 'Content': 5, 'Distribution': 0}",0.6500224216483541
138,av8r.ca,$10^{1}$ to $10^{2}$ ,"{'Images': 1, 'Hate Speech': 1, 'Incitement of Violence': 1, 'Harassment': 1, 'Doxxing/ Personal Info': 1, 'Illegal Content': 1, 'Mis/Disinformation/Conspiracy': 1}","{'Action': 0, 'Behavior': 2, 'Content': 5, 'Distribution': 0}",0.863120568566631
139,avantwhatever.org,$10^{2}$ to $10^{3}$,"{'Hate Speech': 1, 'Harassment': 1}","{'Action': 0, 'Behavior': 1, 'Content': 1, 'Distribution': 0}",1.0
140,avgeek.social,$10^{3}$ to $10^{4}$,"{'Spam': 1, 'Off-topic/topic specific': 1, 'Hate Speech': 1, 'Copyright/ Piracy': 1, 'Images': 1}","{'Action': 0, 'Behavior': 0, 'Content': 3, 'Distribution': 2}",0.9709505944546686
141,avision-it.social,$10^{2}$ to $10^{3}$,"{'Harassment': 1, 'Doxxing/ Personal Info': 1, 'Hate Speech': 3, 'Illegal Content': 2, 'Incitement of Violence': 1, 'NSFW': 1, 'Images': 1, 'Automated tools': 1, 'Advertising & Commercialization': 1, 'Spam': 1}","{'Action': 1, 'Behavior': 2, 'Content': 8, 'Distribution': 2}",1.5465935642949382
142,awai.hostdon.ne.jp,$10^{1}$ to $10^{2}$ ,"{'Off-topic/topic specific': 1, 'NSFW': 1, 'Content Warnings': 1, 'Images': 1, 'Doxxing/ Personal Info': 1}","{'Action': 0, 'Behavior': 1, 'Content': 4, 'Distribution': 0}",0.7219280948873623
143,awawa.meo.ws,$10^{2}$ to $10^{3}$,"{'Content Warnings': 1, 'Images': 1, 'Hate Speech': 1, 'Incitement of Violence': 1, 'Harassment': 1, 'Dogpiling': 1, 'Doxxing/ Personal Info': 1, 'Illegal Content': 1, 'Mis/Disinformation/Conspiracy': 1}","{'Action': 0, 'Behavior': 3, 'Content': 6, 'Distribution': 0}",0.9182958340544896
144,awaymessage.club,$10^{2}$ to $10^{3}$,"{'Hate Speech': 2, 'Incitement of Violence': 1, 'NSFW': 2, 'Content Warnings': 3, 'Off-topic/topic specific': 1, 'Mis/Disinformation/Conspiracy': 1, 'Illegal Content': 1}","{'Action': 0, 'Behavior': 0, 'Content': 11, 'Distribution': 0}",-0.0
145,awoo.chat,$10^{2}$ to $10^{3}$,"{'Hate Speech': 1, 'Incitement of Violence': 1, 'Illegal Content': 1}","{'Action': 0, 'Behavior': 0, 'Content': 3, 'Distribution': 0}",-0.0
146,awoo.studio,$10^{2}$ to $10^{3}$,"{'NSFW': 1, 'Content Warnings': 1, 'Hate Speech': 1, 'Incitement of Violence': 1, 'Harassment': 1, 'Doxxing/ Personal Info': 1, 'Illegal Content': 1, 'Mis/Disinformation/Conspiracy': 1}","{'Action': 0, 'Behavior': 2, 'Content': 6, 'Distribution': 0}",0.8112781244591328
147,awwter.online,$10^{1}$ to $10^{2}$ ,"{'Hate Speech': 3, 'Illegal Content': 1}","{'Action': 0, 'Behavior': 0, 'Content': 4, 'Distribution': 0}",-0.0
148,ayom.media,$10^{3}$ to $10^{4}$,"{'Illegal Content': 3, 'Hate Speech': 3, 'Incitement of Violence': 1, 'Harassment': 1, 'Doxxing/ Personal Info': 1, 'Advertising & Commercialization': 1, 'NSFW': 2, 'Mis/Disinformation/Conspiracy': 3, 'Impersonation': 1, 'Not Applicable': 1, 'Spam': 1, 'Automated tools': 1, 'Content Warnings': 1}","{'Action': 1, 'Behavior': 3, 'Content': 13, 'Distribution': 2}",1.3605273114437084
149,az.social,$10^{2}$ to $10^{3}$,"{'Content Warnings': 1, 'Images': 1, 'Hate Speech': 1, 'Incitement of Violence': 1, 'Harassment': 1, 'Doxxing/ Personal Info': 1, 'Illegal Content': 1, 'Mis/Disinformation/Conspiracy': 1}","{'Action': 0, 'Behavior': 2, 'Content': 6, 'Distribution': 0}",0.8112781244591328
150,b0o1y.com,$10^{1}$ to $10^{2}$ ,{'Automated tools': 1},"{'Action': 1, 'Behavior': 0, 'Content': 0, 'Distribution': 0}",-0.0
151,b0x.social,$10^{2}$ to $10^{3}$,"{'Hate Speech': 1, 'Incitement of Violence': 1, 'Advertising & Commercialization': 1, 'Spam': 1, 'Illegal Content': 1}","{'Action': 0, 'Behavior': 0, 'Content': 3, 'Distribution': 2}",0.9709505944546686
152,babaded.tk,$10^{2}$ to $10^{3}$,"{'Hate Speech': 1, 'Spam': 1, 'Automated tools': 1}","{'Action': 1, 'Behavior': 0, 'Content': 1, 'Distribution': 1}",1.584962500721156
153,babblebox.net,$10^{2}$ to $10^{3}$,"{'Hate Speech': 1, 'Harassment': 1, 'Mis/Disinformation/Conspiracy': 1, 'Advertising & Commercialization': 1, 'Spam': 1}","{'Action': 0, 'Behavior': 1, 'Content': 2, 'Distribution': 2}",1.5219280948873621
154,babka.social,$10^{3}$ to $10^{4}$,"{'Hate Speech': 2, 'Harassment': 1, 'Dogpiling': 1, 'Doxxing/ Personal Info': 1, 'Mis/Disinformation/Conspiracy': 1, 'Advertising & Commercialization': 1, 'Spam': 1, 'Incitement of Violence': 1, 'NSFW': 1, 'Images': 1, 'Illegal Content': 1}","{'Action': 0, 'Behavior': 3, 'Content': 7, 'Distribution': 2}",1.384431504340598
155,babyhollywood.social,$10^{1}$ to $10^{2}$ ,"{'Hate Speech': 2, 'Doxxing/ Personal Info': 1, 'Harassment': 1, 'Advertising & Commercialization': 1, 'Spam': 1}","{'Action': 0, 'Behavior': 2, 'Content': 2, 'Distribution': 2}",1.584962500721156
156,backend.newsmast.org,$10^{4}$ to $10^{5}$,"{'Links & Outside Content': 1, 'Impersonation': 1, 'Mis/Disinformation/Conspiracy': 2, 'Illegal Content': 2, 'Hate Speech': 2, 'Incitement of Violence': 2, 'Harassment': 1, 'Trolling': 1, 'Doxxing/ Personal Info': 1, 'NSFW': 1, 'Images': 1, 'Spam': 2, 'Automated tools': 2}","{'Action': 2, 'Behavior': 4, 'Content': 11, 'Distribution': 2}",1.613519734232519
157,backpacklife.social,$10^{2}$ to $10^{3}$,"{'Off-topic/topic specific': 2, 'Harassment': 2, 'Trolling': 1, 'NSFW': 1, 'Images': 1, 'Hate Speech': 1, 'Incitement of Violence': 1, 'Doxxing/ Personal Info': 1, 'Illegal Content': 1, 'Mis/Disinformation/Conspiracy': 1, 'Advertising & Commercialization': 1, 'Spam': 1}","{'Action': 0, 'Behavior': 4, 'Content': 8, 'Distribution': 2}",1.3787834934861753
158,badly.co,$10^{1}$ to $10^{2}$ ,"{'Content Warnings': 1, 'Images': 1, 'Hate Speech': 1, 'Incitement of Violence': 1, 'Harassment': 1, 'Dogpiling': 1, 'Doxxing/ Personal Info': 1, 'Mis/Disinformation/Conspiracy': 1, 'Copyright/ Piracy': 1}","{'Action': 0, 'Behavior': 3, 'Content': 5, 'Distribution': 1}",1.3516441151533922
159,bahn.social,$10^{3}$ to $10^{4}$,"{'Illegal Content': 1, 'NSFW': 1, 'Doxxing/ Personal Info': 1, 'Spam': 1, 'Hate Speech': 1, 'Harassment': 1, 'Not Applicable': 1, 'Reposting/Crossposting': 1}","{'Action': 0, 'Behavior': 2, 'Content': 3, 'Distribution': 2}",1.5566567074628228
160,bakedbean.xyz,$10^{3}$ to $10^{4}$,"{'Impersonation': 1, 'Hate Speech': 2, 'Harassment': 1, 'Content Warnings': 3, 'NSFW': 1, 'Spam': 1}","{'Action': 0, 'Behavior': 2, 'Content': 6, 'Distribution': 1}",1.224394445405986
161,balkan.fedive.rs,$10^{3}$ to $10^{4}$,"{'Harassment': 1, 'Trolling': 1, 'Hate Speech': 1, 'Incitement of Violence': 1, 'Illegal Content': 1}","{'Action': 0, 'Behavior': 2, 'Content': 3, 'Distribution': 0}",0.9709505944546686
162,ballhaus.community,$10^{2}$ to $10^{3}$,"{'Incitement of Violence': 4, 'Harassment': 3, 'Hate Speech': 1, 'Doxxing/ Personal Info': 1, 'Copyright/ Piracy': 1, 'Advertising & Commercialization': 1, 'Spam': 1}","{'Action': 0, 'Behavior': 4, 'Content': 5, 'Distribution': 3}",1.5545851693377994
163,baltic.social,$10^{1}$ to $10^{2}$ ,"{'Hate Speech': 1, 'Advertising & Commercialization': 1, 'Spam': 1, 'Illegal Content': 1, 'Copyright/ Piracy': 1}","{'Action': 0, 'Behavior': 0, 'Content': 2, 'Distribution': 3}",0.9709505944546686
164,bananachips.club,$10^{2}$ to $10^{3}$,"{'Hate Speech': 2, 'Harassment': 1, 'Trolling': 1, 'Doxxing/ Personal Info': 1, 'Spam': 1, 'NSFW': 1, 'Illegal Content': 3, 'Links & Outside Content': 1}","{'Action': 0, 'Behavior': 3, 'Content': 7, 'Distribution': 1}",1.2406705316766884
165,baraag.net,$10^{6}$ to $10^{7}$,"{'NSFW': 2, 'Illegal Content': 1, 'Reposting/Crossposting': 1, 'Copyright/ Piracy': 1, 'Spam': 1, 'Content Warnings': 1, 'Links & Outside Content': 1}","{'Action': 0, 'Behavior': 0, 'Content': 5, 'Distribution': 3}",0.954434002924965
166,baram.me,$10^{1}$ to $10^{2}$ ,"{'Hate Speech': 1, 'Illegal Content': 2, 'Incitement of Violence': 2, 'Harassment': 1, 'Impersonation': 1, 'Spam': 1, 'Content Warnings': 1}","{'Action': 0, 'Behavior': 2, 'Content': 6, 'Distribution': 1}",1.224394445405986
167,barca.dix.asia,$10^{2}$ to $10^{3}$,"{'Illegal Content': 1, 'Hate Speech': 2, 'Harassment': 1, 'Spam': 3, 'Automated tools': 1, 'Reposting/Crossposting': 1, 'Advertising & Commercialization': 1, 'Mis/Disinformation/Conspiracy': 3, 'Not Applicable': 1}","{'Action': 1, 'Behavior': 1, 'Content': 6, 'Distribution': 5}",1.6143308351592656
168,barcamp.social,$10^{2}$ to $10^{3}$,"{'Spam': 1, 'Hate Speech': 1}","{'Action': 0, 'Behavior': 0, 'Content': 1, 'Distribution': 1}",1.0
169,barisa.social,$10^{1}$ to $10^{2}$ ,{'Illegal Content': 1},"{'Action': 0, 'Behavior': 0, 'Content': 1, 'Distribution': 0}",-0.0
170,barkclub.xyz,$10^{2}$ to $10^{3}$,"{'NSFW': 2, 'Off-topic/topic specific': 1, 'Illegal Content': 1, 'Hate Speech': 1, 'Doxxing/ Personal Info': 1}","{'Action': 0, 'Behavior': 1, 'Content': 5, 'Distribution': 0}",0.6500224216483541
171,barkshark.xyz,$10^{1}$ to $10^{2}$ ,"{'Hate Speech': 1, 'Spam': 1, 'NSFW': 1, 'Content Warnings': 1}","{'Action': 0, 'Behavior': 0, 'Content': 3, 'Distribution': 1}",0.8112781244591328
172,basidium.club,$10^{1}$ to $10^{2}$ ,{'Reposting/Crossposting': 1},"{'Action': 0, 'Behavior': 0, 'Content': 0, 'Distribution': 1}",-0.0
173,basilisk.gallery,$10^{1}$ to $10^{2}$ ,"{'Hate Speech': 2, 'Trolling': 1}","{'Action': 0, 'Behavior': 1, 'Content': 2, 'Distribution': 0}",0.9182958340544896
174,batchats.net,$10^{2}$ to $10^{3}$,"{'Illegal Content': 1, 'NSFW': 1, 'Content Warnings': 1, 'Hate Speech': 1, 'Doxxing/ Personal Info': 1, 'Harassment': 1}","{'Action': 0, 'Behavior': 2, 'Content': 4, 'Distribution': 0}",0.9182958340544896
175,bath.social,$10^{2}$ to $10^{3}$,"{'Content Warnings': 1, 'Images': 1, 'Hate Speech': 1, 'Incitement of Violence': 1, 'Harassment': 1, 'Doxxing/ Personal Info': 1, 'Illegal Content': 1, 'Mis/Disinformation/Conspiracy': 1}","{'Action': 0, 'Behavior': 2, 'Content': 6, 'Distribution': 0}",0.8112781244591328
176,batorbros.me,$10^{3}$ to $10^{4}$,"{'NSFW': 2, 'Hate Speech': 1, 'Illegal Content': 2, 'Copyright/ Piracy': 1, 'Advertising & Commercialization': 1, 'Spam': 1, 'Doxxing/ Personal Info': 1, 'Impersonation': 1, 'Content Warnings': 1}","{'Action': 0, 'Behavior': 2, 'Content': 6, 'Distribution': 3}",1.4353713907745331
177,bauphysik.social,$10^{1}$ to $10^{2}$ ,"{'Harassment': 1, 'Incitement of Violence': 1, 'Hate Speech': 1, 'NSFW': 1, 'Doxxing/ Personal Info': 1}","{'Action': 0, 'Behavior': 2, 'Content': 3, 'Distribution': 0}",0.9709505944546686
178,bawü.social,$10^{3}$ to $10^{4}$,"{'Hate Speech': 1, 'Advertising & Commercialization': 1, 'Links & Outside Content': 1, 'Doxxing/ Personal Info': 1}","{'Action': 0, 'Behavior': 1, 'Content': 2, 'Distribution': 1}",1.5
179,bayerwald.cafe,$10^{1}$ to $10^{2}$ ,"{'Harassment': 2, 'Doxxing/ Personal Info': 1, 'Hate Speech': 4, 'Illegal Content': 2, 'Incitement of Violence': 1, 'NSFW': 2, 'Images': 1, 'Automated tools': 1, 'Advertising & Commercialization': 1, 'Spam': 1}","{'Action': 1, 'Behavior': 3, 'Content': 10, 'Distribution': 2}",1.5016144718101818
180,bayes.club,$10^{3}$ to $10^{4}$,"{'Harassment': 1, 'Copyright/ Piracy': 1}","{'Action': 0, 'Behavior': 1, 'Content': 0, 'Distribution': 1}",1.0
181,bb5.social,$10^{2}$ to $10^{3}$,{'Illegal Content': 1},"{'Action': 0, 'Behavior': 0, 'Content': 1, 'Distribution': 0}",-0.0
182,bbbdn.jp,$10^{2}$ to $10^{3}$,"{'Not Applicable': 1, 'Off-topic/topic specific': 1, 'Hate Speech': 1, 'Harassment': 1, 'Mis/Disinformation/Conspiracy': 1, 'NSFW': 1, 'Content Warnings': 1, 'Illegal Content': 1}","{'Action': 0, 'Behavior': 1, 'Content': 6, 'Distribution': 0}",0.5916727785823275
183,bbiz.io,$10^{2}$ to $10^{3}$,"{'Hate Speech': 1, 'Harassment': 1}","{'Action': 0, 'Behavior': 1, 'Content': 1, 'Distribution': 0}",1.0
184,bbq.snoot.com,$10^{4}$ to $10^{5}$,"{'Content Warnings': 1, 'Images': 1, 'Hate Speech': 1, 'Incitement of Violence': 1, 'Harassment': 1, 'Doxxing/ Personal Info': 1, 'Mis/Disinformation/Conspiracy': 1}","{'Action': 0, 'Behavior': 2, 'Content': 5, 'Distribution': 0}",0.863120568566631
185,bcom.moe,$10^{2}$ to $10^{3}$,"{'NSFW': 1, 'Content Warnings': 1, 'Hate Speech': 1, 'Harassment': 1, 'Advertising & Commercialization': 1, 'Spam': 1}","{'Action': 0, 'Behavior': 1, 'Content': 3, 'Distribution': 2}",1.4591479170272446
186,be-lieve.hostdon.ne.jp,$10^{3}$ to $10^{4}$,"{'Illegal Content': 2, 'Mis/Disinformation/Conspiracy': 1, 'NSFW': 1, 'Content Warnings': 1, 'Not Applicable': 1, 'Automated tools': 1, 'Images': 1}","{'Action': 1, 'Behavior': 0, 'Content': 6, 'Distribution': 0}",0.5916727785823275
187,beach.city,$10^{3}$ to $10^{4}$,"{'Hate Speech': 2, 'Harassment': 1, 'Dogpiling': 1, 'Doxxing/ Personal Info': 1, 'NSFW': 1, 'Content Warnings': 1, 'Images': 1, 'Reposting/Crossposting': 1, 'Off-topic/topic specific': 1}","{'Action': 0, 'Behavior': 3, 'Content': 6, 'Distribution': 1}",1.295461844238322
188,beamship.mpaq.org,$10^{2}$ to $10^{3}$,"{'Hate Speech': 1, 'NSFW': 1, 'Content Warnings': 2, 'Images': 1, 'Impersonation': 1, 'Harassment': 1, 'Illegal Content': 1, 'Incitement of Violence': 1, 'Mis/Disinformation/Conspiracy': 1, 'Advertising & Commercialization': 1, 'Spam': 1, 'Not Applicable': 1}","{'Action': 0, 'Behavior': 2, 'Content': 8, 'Distribution': 2}",1.2516291673878228
189,bears.town,$10^{2}$ to $10^{3}$,"{'Hate Speech': 1, 'Spam': 1, 'Harassment': 1, 'NSFW': 1, 'Content Warnings': 1, 'Illegal Content': 1}","{'Action': 0, 'Behavior': 1, 'Content': 4, 'Distribution': 1}",1.2516291673878228
190,beautifullosers.org,$10^{1}$ to $10^{2}$ ,"{'Hate Speech': 1, 'Advertising & Commercialization': 1}","{'Action': 0, 'Behavior': 0, 'Content': 1, 'Distribution': 1}",1.0
191,beef.moe,$10^{2}$ to $10^{3}$,"{'Illegal Content': 2, 'Spam': 2, 'Automated tools': 1, 'Hate Speech': 3, 'NSFW': 1, 'Content Warnings': 1, 'Mis/Disinformation/Conspiracy': 2, 'Doxxing/ Personal Info': 2, 'Impersonation': 1, 'Harassment': 1, 'Copyright/ Piracy': 1, 'Advertising & Commercialization': 1}","{'Action': 1, 'Behavior': 4, 'Content': 9, 'Distribution': 4}",1.6960736118322672
192,beep.town,$10^{2}$ to $10^{3}$,"{'Spam': 1, 'Automated tools': 2, 'Not Applicable': 1}","{'Action': 2, 'Behavior': 0, 'Content': 0, 'Distribution': 1}",0.9182958340544896
193,beige.party,$10^{3}$ to $10^{4}$,"{'Content Warnings': 1, 'Images': 1, 'Hate Speech': 1, 'Incitement of Violence': 1, 'Harassment': 1, 'Dogpiling': 1, 'Doxxing/ Personal Info': 1, 'Illegal Content': 1, 'Mis/Disinformation/Conspiracy': 1}","{'Action': 0, 'Behavior': 3, 'Content': 6, 'Distribution': 0}",0.9182958340544896
194,benehomini.social,$10^{2}$ to $10^{3}$,"{'Hate Speech': 2, 'Harassment': 3, 'Incitement of Violence': 1, 'Dogpiling': 1, 'Doxxing/ Personal Info': 1, 'Images': 2, 'Content Warnings': 1, 'Illegal Content': 1, 'Mis/Disinformation/Conspiracy': 1, 'Spam': 1, 'Links & Outside Content': 1}","{'Action': 0, 'Behavior': 5, 'Content': 9, 'Distribution': 1}",1.2309595631140104
195,benten.ch,$10^{1}$ to $10^{2}$ ,{'Illegal Content': 1},"{'Action': 0, 'Behavior': 0, 'Content': 1, 'Distribution': 0}",-0.0
196,bequeme-couch.de,$10^{1}$ to $10^{2}$ ,"{'Illegal Content': 1, 'Harassment': 1, 'Doxxing/ Personal Info': 1, 'Hate Speech': 1, 'Mis/Disinformation/Conspiracy': 1, 'Spam': 1}","{'Action': 0, 'Behavior': 2, 'Content': 3, 'Distribution': 1}",1.4591479170272448
197,beratna.net,$10^{2}$ to $10^{3}$,"{'Harassment': 2, 'Doxxing/ Personal Info': 1, 'Illegal Content': 1, 'Hate Speech': 1, 'Mis/Disinformation/Conspiracy': 1, 'Trolling': 1, 'Content Warnings': 1, 'Images': 1, 'Advertising & Commercialization': 1, 'Spam': 1, 'Reposting/Crossposting': 1}","{'Action': 0, 'Behavior': 4, 'Content': 5, 'Distribution': 3}",1.5545851693377994
198,bergamot.social,$10^{2}$ to $10^{3}$,"{'Hate Speech': 1, 'Harassment': 2, 'Dogpiling': 1, 'Doxxing/ Personal Info': 1, 'Trolling': 1, 'NSFW': 1, 'Images': 1, 'Not Applicable': 1, 'Automated tools': 1, 'Spam': 1, 'Content Warnings': 1}","{'Action': 1, 'Behavior': 5, 'Content': 4, 'Distribution': 1}",1.6767370300521325
199,berlin.social,$10^{4}$ to $10^{5}$,"{'Spam': 1, 'Hate Speech': 1, 'NSFW': 2, 'Illegal Content': 1}","{'Action': 0, 'Behavior': 0, 'Content': 4, 'Distribution': 1}",0.7219280948873623
200,bern.social,$10^{1}$ to $10^{2}$ ,"{'Harassment': 2, 'Doxxing/ Personal Info': 1, 'Illegal Content': 2, 'Hate Speech': 3, 'Advertising & Commercialization': 1, 'Spam': 1, 'Mis/Disinformation/Conspiracy': 1}","{'Action': 0, 'Behavior': 3, 'Content': 6, 'Distribution': 2}",1.4353713907745331
201,bertha.social,$10^{3}$ to $10^{4}$,"{'Incitement of Violence': 2, 'Hate Speech': 2, 'NSFW': 2, 'Illegal Content': 1, 'Content Warnings': 3, 'Images': 1, 'Reposting/Crossposting': 2, 'Automated tools': 1}","{'Action': 1, 'Behavior': 0, 'Content': 11, 'Distribution': 2}",0.9463729359854419
202,beta1764.voyager.blue,$10^{1}$ to $10^{2}$ ,"{'Hate Speech': 2, 'Incitement of Violence': 1, 'Harassment': 1, 'Content Warnings': 1, 'Images': 1, 'Mis/Disinformation/Conspiracy': 1, 'Doxxing/ Personal Info': 1, 'Copyright/ Piracy': 1}","{'Action': 0, 'Behavior': 2, 'Content': 6, 'Distribution': 1}",1.224394445405986
203,better.boston,$10^{3}$ to $10^{4}$,"{'Hate Speech': 1, 'Harassment': 1, 'NSFW': 1, 'Content Warnings': 1, 'Images': 1, 'Illegal Content': 1, 'Incitement of Violence': 1, 'Mis/Disinformation/Conspiracy': 1, 'Advertising & Commercialization': 1, 'Spam': 1}","{'Action': 0, 'Behavior': 1, 'Content': 7, 'Distribution': 2}",1.1567796494470395
204,bfd.so,$10^{1}$ to $10^{2}$ ,"{'Harassment': 1, 'Illegal Content': 1}","{'Action': 0, 'Behavior': 1, 'Content': 1, 'Distribution': 0}",1.0
205,bgme.me,$10^{4}$ to $10^{5}$,"{'NSFW': 4, 'Images': 2, 'Harassment': 1, 'Illegal Content': 1, 'Spam': 1, 'Content Warnings': 1}","{'Action': 0, 'Behavior': 1, 'Content': 8, 'Distribution': 1}",0.9219280948873623
206,bibletalk.social,$10^{2}$ to $10^{3}$,"{'NSFW': 1, 'Images': 1, 'Harassment': 1, 'Hate Speech': 1, 'Mis/Disinformation/Conspiracy': 1, 'Illegal Content': 1}","{'Action': 0, 'Behavior': 1, 'Content': 5, 'Distribution': 0}",0.6500224216483541
207,bihar.social,$10^{2}$ to $10^{3}$,"{'NSFW': 1, 'Hate Speech': 1, 'Incitement of Violence': 1, 'Harassment': 1, 'Dogpiling': 1, 'Doxxing/ Personal Info': 1, 'Mis/Disinformation/Conspiracy': 1}","{'Action': 0, 'Behavior': 3, 'Content': 4, 'Distribution': 0}",0.9852281360342515
208,bikesare.cool,$10^{2}$ to $10^{3}$,"{'Hate Speech': 1, 'Harassment': 1, 'NSFW': 1, 'Content Warnings': 1, 'Images': 1, 'Illegal Content': 1, 'Incitement of Violence': 1, 'Mis/Disinformation/Conspiracy': 1, 'Advertising & Commercialization': 1, 'Spam': 1}","{'Action': 0, 'Behavior': 1, 'Content': 7, 'Distribution': 2}",1.1567796494470395
209,billsmafia.social,$10^{1}$ to $10^{2}$ ,"{'NSFW': 1, 'Images': 1, 'Advertising & Commercialization': 1, 'Spam': 1, 'Hate Speech': 1, 'Incitement of Violence': 1, 'Harassment': 1, 'Doxxing/ Personal Info': 1, 'Illegal Content': 1}","{'Action': 0, 'Behavior': 2, 'Content': 5, 'Distribution': 2}",1.4355205042826666
210,billys.mom,$10^{2}$ to $10^{3}$,"{'Incitement of Violence': 3, 'Harassment': 2, 'Illegal Content': 3, 'NSFW': 2, 'Hate Speech': 1, 'Content Warnings': 1, 'Images': 1, 'Mis/Disinformation/Conspiracy': 1, 'Spam': 1, 'Automated tools': 1}","{'Action': 1, 'Behavior': 2, 'Content': 12, 'Distribution': 1}",1.186278124459133
211,bimbo.social,$10^{2}$ to $10^{3}$,"{'Hate Speech': 1, 'Harassment': 1}","{'Action': 0, 'Behavior': 1, 'Content': 1, 'Distribution': 0}",1.0
212,biologists.social,$10^{3}$ to $10^{4}$,"{'Hate Speech': 1, 'NSFW': 2, 'Images': 2, 'Illegal Content': 1, 'Links & Outside Content': 1, 'Incitement of Violence': 1, 'Harassment': 1, 'Doxxing/ Personal Info': 1, 'Spam': 2, 'Trolling': 1}","{'Action': 0, 'Behavior': 3, 'Content': 8, 'Distribution': 2}",1.3346791410515946
213,biplus.date,$10^{3}$ to $10^{4}$,"{'Hate Speech': 2, 'NSFW': 1, 'Content Warnings': 1, 'Images': 1, 'Harassment': 3, 'Off-topic/topic specific': 1, 'Reposting/Crossposting': 2, 'Doxxing/ Personal Info': 1, 'Automated tools': 1, 'Illegal Content': 2}","{'Action': 1, 'Behavior': 4, 'Content': 8, 'Distribution': 2}",1.6402239289418519
214,biplus.social,$10^{2}$ to $10^{3}$,"{'Hate Speech': 3, 'Incitement of Violence': 1, 'Harassment': 1, 'Dogpiling': 1, 'Doxxing/ Personal Info': 1, 'Illegal Content': 1, 'Advertising & Commercialization': 1, 'Spam': 1}","{'Action': 0, 'Behavior': 3, 'Content': 5, 'Distribution': 2}",1.4854752972273344
215,birb.site,$10^{2}$ to $10^{3}$,"{'Hate Speech': 2, 'Harassment': 1, 'Dogpiling': 1, 'Illegal Content': 1, 'NSFW': 1, 'Images': 1}","{'Action': 0, 'Behavior': 2, 'Content': 5, 'Distribution': 0}",0.863120568566631
216,birdbox.party,$10^{1}$ to $10^{2}$ ,"{'Illegal Content': 1, 'Spam': 1, 'Hate Speech': 1, 'Harassment': 1, 'Doxxing/ Personal Info': 1, 'Incitement of Violence': 1, 'NSFW': 1, 'Images': 1}","{'Action': 0, 'Behavior': 2, 'Content': 5, 'Distribution': 1}",1.2987949406953985
217,birdon.social,$10^{3}$ to $10^{4}$,"{'Hate Speech': 1, 'Incitement of Violence': 2, 'Harassment': 1, 'Doxxing/ Personal Info': 1, 'Illegal Content': 1, 'NSFW': 1, 'Mis/Disinformation/Conspiracy': 1, 'Spam': 2, 'Advertising & Commercialization': 1}","{'Action': 0, 'Behavior': 2, 'Content': 6, 'Distribution': 3}",1.4353713907745331
218,birds.town,$10^{3}$ to $10^{4}$,"{'Harassment': 1, 'Doxxing/ Personal Info': 1, 'Illegal Content': 1, 'Hate Speech': 2, 'NSFW': 1, 'Incitement of Violence': 2, 'Advertising & Commercialization': 1, 'Spam': 1, 'Copyright/ Piracy': 1}","{'Action': 0, 'Behavior': 2, 'Content': 6, 'Distribution': 3}",1.4353713907745331
219,biscuit.town,$10^{2}$ to $10^{3}$,"{'Hate Speech': 2, 'Harassment': 3, 'NSFW': 2, 'Content Warnings': 2, 'Off-topic/topic specific': 1, 'Dogpiling': 1}","{'Action': 0, 'Behavior': 4, 'Content': 7, 'Distribution': 0}",0.9456603046006401
220,bitbang.social,$10^{3}$ to $10^{4}$,"{'Content Warnings': 1, 'Images': 1, 'Hate Speech': 1, 'Incitement of Violence': 2, 'Harassment': 1, 'Doxxing/ Personal Info': 1, 'Illegal Content': 1, 'Mis/Disinformation/Conspiracy': 1}","{'Action': 0, 'Behavior': 2, 'Content': 7, 'Distribution': 0}",0.7642045065086203
221,bitforged.social,$10^{1}$ to $10^{2}$ ,"{'Hate Speech': 1, 'Harassment': 2, 'Content Warnings': 1, 'Links & Outside Content': 1, 'Images': 1, 'Illegal Content': 1, 'Trolling': 1}","{'Action': 0, 'Behavior': 3, 'Content': 5, 'Distribution': 0}",0.954434002924965
222,bitfudge.com,$10^{1}$ to $10^{2}$ ,"{'Hate Speech': 1, 'Harassment': 1}","{'Action': 0, 'Behavior': 1, 'Content': 1, 'Distribution': 0}",1.0
223,blabber.lu-rp.net,$10^{4}$ to $10^{5}$,"{'Links & Outside Content': 1, 'Images': 1}","{'Action': 0, 'Behavior': 0, 'Content': 2, 'Distribution': 0}",-0.0
224,blabber.rocks,$10^{1}$ to $10^{2}$ ,"{'Incitement of Violence': 1, 'Mis/Disinformation/Conspiracy': 1, 'Hate Speech': 1, 'Harassment': 1}","{'Action': 0, 'Behavior': 1, 'Content': 3, 'Distribution': 0}",0.8112781244591328
225,blackqueer.life,$10^{2}$ to $10^{3}$,"{'Hate Speech': 1, 'Harassment': 1, 'Doxxing/ Personal Info': 1, 'Mis/Disinformation/Conspiracy': 1, 'NSFW': 1, 'Content Warnings': 1}","{'Action': 0, 'Behavior': 2, 'Content': 4, 'Distribution': 0}",0.9182958340544896
226,blackrock.city,$10^{3}$ to $10^{4}$,"{'Hate Speech': 1, 'Incitement of Violence': 1, 'Harassment': 1, 'Doxxing/ Personal Info': 1, 'Mis/Disinformation/Conspiracy': 1}","{'Action': 0, 'Behavior': 2, 'Content': 3, 'Distribution': 0}",0.9709505944546686
227,blackrocks.social,$10^{1}$ to $10^{2}$ ,"{'Harassment': 1, 'Doxxing/ Personal Info': 1}","{'Action': 0, 'Behavior': 2, 'Content': 0, 'Distribution': 0}",-0.0
228,blackshuck.net,$10^{1}$ to $10^{2}$ ,"{'Hate Speech': 1, 'Harassment': 1, 'Incitement of Violence': 1, 'NSFW': 1, 'Content Warnings': 1, 'Mis/Disinformation/Conspiracy': 1, 'Illegal Content': 1, 'Automated tools': 1}","{'Action': 1, 'Behavior': 1, 'Content': 6, 'Distribution': 0}",1.061278124459133
229,blahaj.finch.ink,$10^{1}$ to $10^{2}$ ,"{'Hate Speech': 1, 'Spam': 1, 'Automated tools': 1, 'Illegal Content': 1, 'Links & Outside Content': 1}","{'Action': 1, 'Behavior': 0, 'Content': 3, 'Distribution': 1}",1.3709505944546687
230,blahaj.social,$10^{3}$ to $10^{4}$,"{'Incitement of Violence': 1, 'Hate Speech': 1, 'Illegal Content': 1, 'NSFW': 1}","{'Action': 0, 'Behavior': 0, 'Content': 4, 'Distribution': 0}",-0.0
231,blasmusik.social,$10^{1}$ to $10^{2}$ ,"{'Hate Speech': 1, 'Harassment': 1, 'Doxxing/ Personal Info': 1, 'Illegal Content': 1, 'Mis/Disinformation/Conspiracy': 1, 'NSFW': 1, 'Advertising & Commercialization': 1, 'Spam': 1, 'Copyright/ Piracy': 1}","{'Action': 0, 'Behavior': 2, 'Content': 4, 'Distribution': 3}",1.5304930567574826
232,blat.at,$10^{1}$ to $10^{2}$ ,"{'Hate Speech': 1, 'Harassment': 1, 'Trolling': 1}","{'Action': 0, 'Behavior': 2, 'Content': 1, 'Distribution': 0}",0.9182958340544896
233,blimps.xyz,$10^{3}$ to $10^{4}$,"{'Hate Speech': 1, 'NSFW': 1, 'Content Warnings': 2, 'Images': 1, 'Harassment': 1, 'Copyright/ Piracy': 1, 'Doxxing/ Personal Info': 1}","{'Action': 0, 'Behavior': 2, 'Content': 5, 'Distribution': 1}",1.2987949406953985
234,bloade.social,$10^{1}$ to $10^{2}$ ,{'Illegal Content': 1},"{'Action': 0, 'Behavior': 0, 'Content': 1, 'Distribution': 0}",-0.0
235,blob.coffee,$10^{1}$ to $10^{2}$ ,"{'Hate Speech': 2, 'Harassment': 1, 'Doxxing/ Personal Info': 1, 'NSFW': 1, 'Illegal Content': 1, 'Spam': 1}","{'Action': 0, 'Behavior': 2, 'Content': 4, 'Distribution': 1}",1.3787834934861753
236,blobfox.coffee,$10^{2}$ to $10^{3}$,"{'Hate Speech': 1, 'Content Warnings': 1}","{'Action': 0, 'Behavior': 0, 'Content': 2, 'Distribution': 0}",-0.0
237,blockfowl.com,$10^{1}$ to $10^{2}$ ,"{'Hate Speech': 1, 'Harassment': 1}","{'Action': 0, 'Behavior': 1, 'Content': 1, 'Distribution': 0}",1.0
238,blog.mbe.tv,$10^{1}$ to $10^{2}$ ,{'Links & Outside Content': 1},"{'Action': 0, 'Behavior': 0, 'Content': 1, 'Distribution': 0}",-0.0
239,blog.stegemann.de,$10^{2}$ to $10^{3}$,{'Off-topic/topic specific': 1},"{'Action': 0, 'Behavior': 0, 'Content': 1, 'Distribution': 0}",-0.0
240,blog.troch.org,$10^{1}$ to $10^{2}$ ,"{'Incitement of Violence': 1, 'Hate Speech': 1, 'NSFW': 1, 'Advertising & Commercialization': 1, 'Illegal Content': 1, 'Spam': 1, 'Harassment': 1}","{'Action': 0, 'Behavior': 1, 'Content': 4, 'Distribution': 2}",1.3787834934861753
241,blogator.com,$10^{1}$ to $10^{2}$ ,"{'Hate Speech': 1, 'Harassment': 1}","{'Action': 0, 'Behavior': 1, 'Content': 1, 'Distribution': 0}",1.0
242,blooming-land.icu,$10^{3}$ to $10^{4}$,"{'NSFW': 4, 'Images': 1, 'Harassment': 1, 'Illegal Content': 1, 'Spam': 1, 'Content Warnings': 1}","{'Action': 0, 'Behavior': 1, 'Content': 7, 'Distribution': 1}",0.9864267287308424
243,bloop.blipdrifter.com,$10^{1}$ to $10^{2}$ ,"{'Spam': 1, 'Hate Speech': 1, 'Trolling': 1, 'NSFW': 1, 'Content Warnings': 1, 'Images': 2, 'Illegal Content': 1}","{'Action': 0, 'Behavior': 1, 'Content': 6, 'Distribution': 1}",1.061278124459133
244,blop.social,$10^{2}$ to $10^{3}$,"{'Hate Speech': 1, 'Spam': 1, 'NSFW': 1, 'Content Warnings': 1, 'Images': 1, 'Harassment': 1, 'Dogpiling': 1, 'Doxxing/ Personal Info': 1, 'Impersonation': 1, 'Illegal Content': 1}","{'Action': 0, 'Behavior': 4, 'Content': 5, 'Distribution': 1}",1.3609640474436813
245,blorbo.social,$10^{4}$ to $10^{5}$,"{'NSFW': 1, 'Content Warnings': 1, 'Images': 1, 'Reposting/Crossposting': 1, 'Incitement of Violence': 1, 'Hate Speech': 1, 'Harassment': 1, 'Illegal Content': 1, 'Mis/Disinformation/Conspiracy': 1, 'Advertising & Commercialization': 1, 'Spam': 1}","{'Action': 0, 'Behavior': 1, 'Content': 7, 'Distribution': 3}",1.2406705316766884
246,blubrry.chat,$10^{1}$ to $10^{2}$ ,"{'NSFW': 1, 'Hate Speech': 1, 'Harassment': 1}","{'Action': 0, 'Behavior': 1, 'Content': 2, 'Distribution': 0}",0.9182958340544896
247,bluechakra.cloud,$10^{1}$ to $10^{2}$ ,"{'Content Warnings': 1, 'Images': 1, 'Hate Speech': 1, 'Incitement of Violence': 1, 'Harassment': 1, 'Doxxing/ Personal Info': 1, 'Illegal Content': 1, 'Mis/Disinformation/Conspiracy': 1}","{'Action': 0, 'Behavior': 2, 'Content': 6, 'Distribution': 0}",0.8112781244591328
248,bluefox.social,$10^{1}$ to $10^{2}$ ,"{'Harassment': 1, 'Illegal Content': 1, 'NSFW': 1, 'Content Warnings': 1, 'Spam': 1, 'Hate Speech': 1}","{'Action': 0, 'Behavior': 1, 'Content': 4, 'Distribution': 1}",1.2516291673878228
249,bluelupine.social,$10^{2}$ to $10^{3}$,"{'Hate Speech': 1, 'Harassment': 1}","{'Action': 0, 'Behavior': 1, 'Content': 1, 'Distribution': 0}",1.0
250,blueplanet.social,$10^{2}$ to $10^{3}$,"{'Hate Speech': 3, 'Doxxing/ Personal Info': 1, 'Harassment': 1, 'Impersonation': 1, 'Spam': 1, 'Mis/Disinformation/Conspiracy': 1, 'Illegal Content': 1}","{'Action': 0, 'Behavior': 3, 'Content': 5, 'Distribution': 1}",1.3516441151533922
251,bms.social,$10^{2}$ to $10^{3}$,"{'Hate Speech': 1, 'Harassment': 1, 'NSFW': 1, 'Content Warnings': 1}","{'Action': 0, 'Behavior': 1, 'Content': 3, 'Distribution': 0}",0.8112781244591328
252,bne.social,$10^{3}$ to $10^{4}$,"{'Hate Speech': 1, 'Harassment': 1, 'NSFW': 1, 'Illegal Content': 1}","{'Action': 0, 'Behavior': 1, 'Content': 3, 'Distribution': 0}",0.8112781244591328
253,bnnuy.space,$10^{2}$ to $10^{3}$,"{'NSFW': 2, 'Content Warnings': 1, 'Hate Speech': 1, 'Impersonation': 1, 'Illegal Content': 1, 'Copyright/ Piracy': 1, 'Spam': 1, 'Automated tools': 1}","{'Action': 1, 'Behavior': 1, 'Content': 5, 'Distribution': 2}",1.6577427265048887
254,bobs.social,$10^{1}$ to $10^{2}$ ,"{'Hate Speech': 1, 'Incitement of Violence': 1, 'Harassment': 1, 'Doxxing/ Personal Info': 1, 'Mis/Disinformation/Conspiracy': 1, 'Copyright/ Piracy': 1, 'NSFW': 1, 'Images': 1, 'Illegal Content': 1}","{'Action': 0, 'Behavior': 2, 'Content': 6, 'Distribution': 1}",1.224394445405986
255,bog.social,$10^{1}$ to $10^{2}$ ,"{'Illegal Content': 2, 'Harassment': 2, 'NSFW': 1, 'Content Warnings': 1, 'Advertising & Commercialization': 1, 'Spam': 1, 'Links & Outside Content': 1, 'Impersonation': 1}","{'Action': 0, 'Behavior': 3, 'Content': 5, 'Distribution': 2}",1.4854752972273344
256,boing.world,$10^{2}$ to $10^{3}$,"{'Hate Speech': 1, 'Incitement of Violence': 1, 'Spam': 1, 'Harassment': 2, 'Off-topic/topic specific': 1, 'Copyright/ Piracy': 1}","{'Action': 0, 'Behavior': 2, 'Content': 3, 'Distribution': 2}",1.5566567074628228
257,boitam.eu,$10^{2}$ to $10^{3}$,"{'Not Applicable': 1, 'Hate Speech': 2, 'Spam': 1}","{'Action': 0, 'Behavior': 0, 'Content': 2, 'Distribution': 1}",0.9182958340544896
258,boles.xyz,$10^{1}$ to $10^{2}$ ,"{'Spam': 1, 'Links & Outside Content': 1, 'Hate Speech': 1, 'Trolling': 1}","{'Action': 0, 'Behavior': 1, 'Content': 2, 'Distribution': 1}",1.5
259,bolha.one,$10^{2}$ to $10^{3}$,"{'Trolling': 1, 'Hate Speech': 2, 'Mis/Disinformation/Conspiracy': 1, 'NSFW': 2, 'Illegal Content': 1, 'Harassment': 1, 'Doxxing/ Personal Info': 1, 'Spam': 1, 'Advertising & Commercialization': 1, 'Images': 2, 'Content Warnings': 1, 'Copyright/ Piracy': 1}","{'Action': 0, 'Behavior': 3, 'Content': 9, 'Distribution': 3}",1.3709505944546687
260,bolha.photos,$10^{3}$ to $10^{4}$,"{'Incitement of Violence': 1, 'Hate Speech': 7, 'Illegal Content': 1}","{'Action': 0, 'Behavior': 0, 'Content': 9, 'Distribution': 0}",-0.0
261,bologna.one,$10^{3}$ to $10^{4}$,"{'Hate Speech': 3, 'NSFW': 1, 'Trolling': 1, 'Spam': 1, 'Automated tools': 1, 'Harassment': 1, 'Dogpiling': 1, 'Doxxing/ Personal Info': 1, 'Mis/Disinformation/Conspiracy': 1}","{'Action': 1, 'Behavior': 4, 'Content': 5, 'Distribution': 1}",1.6767370300521325
262,bonequest.net,$10^{3}$ to $10^{4}$,"{'NSFW': 1, 'Advertising & Commercialization': 1, 'Spam': 1, 'Hate Speech': 1}","{'Action': 0, 'Behavior': 0, 'Content': 2, 'Distribution': 2}",1.0
263,bongo.social,$10^{2}$ to $10^{3}$,"{'Illegal Content': 3, 'Hate Speech': 3, 'Harassment': 3, 'NSFW': 1, 'Content Warnings': 2, 'Advertising & Commercialization': 1, 'Spam': 2, 'Copyright/ Piracy': 1, 'Doxxing/ Personal Info': 1}","{'Action': 0, 'Behavior': 4, 'Content': 9, 'Distribution': 4}",1.468090781663233
264,bookstodon.es,$10^{1}$ to $10^{2}$ ,"{'Advertising & Commercialization': 1, 'Spam': 2, 'Impersonation': 2, 'Illegal Content': 6, 'Incitement of Violence': 1, 'Mis/Disinformation/Conspiracy': 3, 'NSFW': 2, 'Content Warnings': 1, 'Links & Outside Content': 2, 'Hate Speech': 2, 'Harassment': 2, 'Doxxing/ Personal Info': 1, 'Not Applicable': 1, 'Automated tools': 2}","{'Action': 2, 'Behavior': 5, 'Content': 17, 'Distribution': 3}",1.5011320844650964
265,bookstodon.thestorygraph.com,$10^{3}$ to $10^{4}$,"{'Hate Speech': 1, 'NSFW': 1, 'Images': 1, 'Doxxing/ Personal Info': 1, 'Trolling': 1, 'Spam': 1, 'Illegal Content': 1, 'Content Warnings': 1}","{'Action': 0, 'Behavior': 2, 'Content': 5, 'Distribution': 1}",1.2987949406953985
266,bookwor.ms,$10^{3}$ to $10^{4}$,"{'Hate Speech': 1, 'NSFW': 2, 'Content Warnings': 1, 'Images': 1}","{'Action': 0, 'Behavior': 0, 'Content': 5, 'Distribution': 0}",-0.0
267,boop.network,$10^{1}$ to $10^{2}$ ,"{'Illegal Content': 1, 'Hate Speech': 1, 'Content Warnings': 1, 'Images': 1, 'Advertising & Commercialization': 1, 'Spam': 1, 'Automated tools': 1}","{'Action': 1, 'Behavior': 0, 'Content': 4, 'Distribution': 2}",1.3787834934861753
268,boosts.squirrel.pictures,$10^{1}$ to $10^{2}$ ,"{'Hate Speech': 1, 'NSFW': 1, 'Content Warnings': 1, 'Harassment': 1, 'Doxxing/ Personal Info': 1, 'Links & Outside Content': 1, 'Copyright/ Piracy': 1, 'Illegal Content': 1}","{'Action': 0, 'Behavior': 2, 'Content': 5, 'Distribution': 1}",1.2987949406953985
269,boothcomputing.social,$10^{1}$ to $10^{2}$ ,{'Illegal Content': 1},"{'Action': 0, 'Behavior': 0, 'Content': 1, 'Distribution': 0}",-0.0
270,borahae.love,$10^{2}$ to $10^{3}$,"{'Illegal Content': 1, 'NSFW': 1, 'Images': 1, 'Doxxing/ Personal Info': 2, 'Harassment': 1, 'Dogpiling': 1, 'Hate Speech': 1, 'Automated tools': 1, 'Impersonation': 1}","{'Action': 1, 'Behavior': 5, 'Content': 4, 'Distribution': 0}",1.360964047443681
271,bostonmusic.online,$10^{2}$ to $10^{3}$,"{'Hate Speech': 2, 'NSFW': 1, 'Content Warnings': 1, 'Illegal Content': 1, 'Harassment': 1, 'Advertising & Commercialization': 1, 'Spam': 1}","{'Action': 0, 'Behavior': 1, 'Content': 5, 'Distribution': 2}",1.2987949406953985
272,botany.social,$10^{1}$ to $10^{2}$ ,"{'NSFW': 2, 'Illegal Content': 1, 'Images': 1, 'Hate Speech': 7, 'Mis/Disinformation/Conspiracy': 1, 'Trolling': 1}","{'Action': 0, 'Behavior': 1, 'Content': 12, 'Distribution': 0}",0.39124356362925566
273,bots.krohsnest.com,$10^{3}$ to $10^{4}$,"{'NSFW': 1, 'Illegal Content': 1, 'Harassment': 1}","{'Action': 0, 'Behavior': 1, 'Content': 2, 'Distribution': 0}",0.9182958340544896
274,botsin.space,$10^{4}$ to $10^{5}$,"{'Advertising & Commercialization': 1, 'Spam': 1, 'Illegal Content': 1, 'NSFW': 2, 'Images': 2, 'Harassment': 2, 'Automated tools': 2, 'Content Warnings': 1, 'Impersonation': 1, 'Reposting/Crossposting': 1}","{'Action': 2, 'Behavior': 3, 'Content': 6, 'Distribution': 3}",1.8773870642966133
275,boumi.me,$10^{1}$ to $10^{2}$ ,"{'Hate Speech': 1, 'Mis/Disinformation/Conspiracy': 1, 'Harassment': 1}","{'Action': 0, 'Behavior': 1, 'Content': 2, 'Distribution': 0}",0.9182958340544896
276,boys-love.xyz,$10^{2}$ to $10^{3}$,"{'NSFW': 1, 'Content Warnings': 1}","{'Action': 0, 'Behavior': 0, 'Content': 2, 'Distribution': 0}",-0.0
277,brain404.com,$10^{1}$ to $10^{2}$ ,"{'Content Warnings': 1, 'Images': 1, 'Incitement of Violence': 2, 'Harassment': 1, 'Doxxing/ Personal Info': 1, 'Illegal Content': 1, 'Mis/Disinformation/Conspiracy': 1, 'Hate Speech': 1}","{'Action': 0, 'Behavior': 2, 'Content': 7, 'Distribution': 0}",0.7642045065086203
278,brainworms.io,$10^{2}$ to $10^{3}$,"{'Illegal Content': 1, 'Hate Speech': 2, 'Trolling': 1, 'NSFW': 1, 'Content Warnings': 2, 'Not Applicable': 1, 'Advertising & Commercialization': 1}","{'Action': 0, 'Behavior': 1, 'Content': 6, 'Distribution': 1}",1.061278124459133
279,brandenburg.social,$10^{3}$ to $10^{4}$,"{'Spam': 1, 'Hate Speech': 1, 'NSFW': 2, 'Illegal Content': 1}","{'Action': 0, 'Behavior': 0, 'Content': 4, 'Distribution': 1}",0.7219280948873623
280,brands.town,$10^{3}$ to $10^{4}$,"{'Advertising & Commercialization': 1, 'Hate Speech': 1, 'NSFW': 1, 'Impersonation': 2}","{'Action': 0, 'Behavior': 2, 'Content': 2, 'Distribution': 1}",1.5219280948873621
281,braunschweig.social,$10^{1}$ to $10^{2}$ ,"{'Incitement of Violence': 2, 'Harassment': 1, 'Hate Speech': 1, 'NSFW': 1, 'Copyright/ Piracy': 1, 'Doxxing/ Personal Info': 1, 'Advertising & Commercialization': 1, 'Spam': 1}","{'Action': 0, 'Behavior': 2, 'Content': 4, 'Distribution': 3}",1.5304930567574826
282,breakpoint.cafe,$10^{1}$ to $10^{2}$ ,"{'Images': 1, 'Hate Speech': 1, 'Incitement of Violence': 2, 'Harassment': 1, 'Doxxing/ Personal Info': 1, 'Mis/Disinformation/Conspiracy': 1}","{'Action': 0, 'Behavior': 2, 'Content': 5, 'Distribution': 0}",0.863120568566631
283,breeze.town,$10^{2}$ to $10^{3}$,"{'Content Warnings': 1, 'Images': 1, 'Hate Speech': 1, 'Incitement of Violence': 1, 'Harassment': 1, 'Doxxing/ Personal Info': 1, 'Illegal Content': 1, 'Mis/Disinformation/Conspiracy': 1}","{'Action': 0, 'Behavior': 2, 'Content': 6, 'Distribution': 0}",0.8112781244591328
284,breizh.social,$10^{1}$ to $10^{2}$ ,"{'Illegal Content': 1, 'NSFW': 1, 'Content Warnings': 2, 'Harassment': 1, 'Off-topic/topic specific': 1, 'Hate Speech': 1, 'Images': 1}","{'Action': 0, 'Behavior': 1, 'Content': 7, 'Distribution': 0}",0.5435644431995964
285,brettspiel.space,$10^{3}$ to $10^{4}$,"{'Doxxing/ Personal Info': 1, 'Hate Speech': 3, 'Harassment': 1, 'Illegal Content': 2, 'Automated tools': 1, 'Content Warnings': 1, 'Images': 1, 'Mis/Disinformation/Conspiracy': 1, 'Advertising & Commercialization': 1, 'Spam': 1}","{'Action': 1, 'Behavior': 2, 'Content': 8, 'Distribution': 2}",1.5465935642949382
286,bridport.pics,$10^{1}$ to $10^{2}$ ,{'Doxxing/ Personal Info': 1},"{'Action': 0, 'Behavior': 1, 'Content': 0, 'Distribution': 0}",-0.0
287,brien.hosted.spacebear.ee,$10^{2}$ to $10^{3}$,"{'Hate Speech': 1, 'Harassment': 2, 'Illegal Content': 1}","{'Action': 0, 'Behavior': 2, 'Content': 2, 'Distribution': 0}",1.0
288,broken.graphics,$10^{1}$ to $10^{2}$ ,"{'Hate Speech': 2, 'Harassment': 2, 'Doxxing/ Personal Info': 1, 'Dogpiling': 1, 'Mis/Disinformation/Conspiracy': 1}","{'Action': 0, 'Behavior': 4, 'Content': 3, 'Distribution': 0}",0.9852281360342515
289,brokkoli.social,$10^{2}$ to $10^{3}$,"{'Illegal Content': 3, 'Hate Speech': 1, 'Harassment': 1, 'Mis/Disinformation/Conspiracy': 1}","{'Action': 0, 'Behavior': 1, 'Content': 5, 'Distribution': 0}",0.6500224216483541
290,brunch.zone,$10^{1}$ to $10^{2}$ ,"{'Hate Speech': 1, 'Incitement of Violence': 1, 'Harassment': 1, 'Doxxing/ Personal Info': 1, 'Mis/Disinformation/Conspiracy': 1, 'NSFW': 1, 'Content Warnings': 1}","{'Action': 0, 'Behavior': 2, 'Content': 5, 'Distribution': 0}",0.863120568566631
291,brunic.com,$10^{1}$ to $10^{2}$ ,"{'NSFW': 1, 'Hate Speech': 1, 'Harassment': 1, 'Trolling': 1, 'Spam': 1, 'Doxxing/ Personal Info': 1}","{'Action': 0, 'Behavior': 3, 'Content': 2, 'Distribution': 1}",1.4591479170272448
292,brunty.social,$10^{1}$ to $10^{2}$ ,"{'Hate Speech': 2, 'Harassment': 1, 'Mis/Disinformation/Conspiracy': 1}","{'Action': 0, 'Behavior': 1, 'Content': 3, 'Distribution': 0}",0.8112781244591328
293,bscabl.ddns.net,$10^{1}$ to $10^{2}$ ,"{'Illegal Content': 1, 'Copyright/ Piracy': 1, 'Hate Speech': 1}","{'Action': 0, 'Behavior': 0, 'Content': 2, 'Distribution': 1}",0.9182958340544896
294,bsd.network,$10^{4}$ to $10^{5}$,{'Links & Outside Content': 1},"{'Action': 0, 'Behavior': 0, 'Content': 1, 'Distribution': 0}",-0.0
295,bullcity.space,$10^{2}$ to $10^{3}$,"{'NSFW': 2, 'Illegal Content': 2, 'Images': 1, 'Hate Speech': 4, 'Harassment': 3, 'Mis/Disinformation/Conspiracy': 1, 'Spam': 1}","{'Action': 0, 'Behavior': 3, 'Content': 10, 'Distribution': 1}",1.0949143184120975
296,bumscode.com,$10^{2}$ to $10^{3}$,"{'Incitement of Violence': 1, 'Hate Speech': 11, 'Harassment': 2, 'Doxxing/ Personal Info': 1, 'Illegal Content': 1}","{'Action': 0, 'Behavior': 3, 'Content': 13, 'Distribution': 0}",0.6962122601251458
297,bunni.social,$10^{2}$ to $10^{3}$,"{'Hate Speech': 1, 'Harassment': 1, 'Doxxing/ Personal Info': 1, 'NSFW': 2, 'Content Warnings': 1, 'Illegal Content': 2}","{'Action': 0, 'Behavior': 2, 'Content': 6, 'Distribution': 0}",0.8112781244591328
298,burma.social,$10^{4}$ to $10^{5}$,"{'Illegal Content': 1, 'Spam': 1, 'Hate Speech': 1, 'Harassment': 1}","{'Action': 0, 'Behavior': 1, 'Content': 2, 'Distribution': 1}",1.5
299,burningboard.net,$10^{3}$ to $10^{4}$,"{'Mis/Disinformation/Conspiracy': 1, 'Incitement of Violence': 1, 'Hate Speech': 1, 'Doxxing/ Personal Info': 1, 'NSFW': 1, 'Spam': 1}","{'Action': 0, 'Behavior': 1, 'Content': 4, 'Distribution': 1}",1.2516291673878228
300,burnout.cafe,$10^{1}$ to $10^{2}$ ,"{'NSFW': 3, 'Illegal Content': 5, 'Images': 2, 'Incitement of Violence': 3, 'Hate Speech': 7, 'Harassment': 4, 'Trolling': 1, 'Doxxing/ Personal Info': 2, 'Advertising & Commercialization': 2, 'Spam': 1, 'Reposting/Crossposting': 1, 'Copyright/ Piracy': 1, 'Links & Outside Content': 1, 'Mis/Disinformation/Conspiracy': 1}","{'Action': 0, 'Behavior': 7, 'Content': 22, 'Distribution': 5}",1.282503413636793
301,burnthis.town,$10^{2}$ to $10^{3}$,"{'Illegal Content': 1, 'Hate Speech': 3, 'Mis/Disinformation/Conspiracy': 1, 'Links & Outside Content': 1, 'Copyright/ Piracy': 2, 'NSFW': 1, 'Content Warnings': 2, 'Advertising & Commercialization': 1, 'Spam': 1, 'Doxxing/ Personal Info': 2, 'Not Applicable': 1}","{'Action': 0, 'Behavior': 2, 'Content': 9, 'Distribution': 4}",1.3382689280764646
302,butts.team,$10^{2}$ to $10^{3}$,"{'Hate Speech': 2, 'NSFW': 1, 'Content Warnings': 1}","{'Action': 0, 'Behavior': 0, 'Content': 4, 'Distribution': 0}",-0.0
303,bvp.me,$10^{1}$ to $10^{2}$ ,"{'Content Warnings': 1, 'Images': 1, 'Hate Speech': 2, 'Incitement of Violence': 1, 'Harassment': 1, 'Doxxing/ Personal Info': 1, 'Illegal Content': 1, 'Mis/Disinformation/Conspiracy': 1}","{'Action': 0, 'Behavior': 2, 'Content': 7, 'Distribution': 0}",0.7642045065086203
304,byteheaven.net,$10^{1}$ to $10^{2}$ ,"{'Hate Speech': 2, 'Incitement of Violence': 1, 'NSFW': 1, 'Images': 1, 'Illegal Content': 2, 'Not Applicable': 1, 'Harassment': 1}","{'Action': 0, 'Behavior': 1, 'Content': 7, 'Distribution': 0}",0.5435644431995964
305,bzh.social,$10^{3}$ to $10^{4}$,"{'Incitement of Violence': 4, 'Hate Speech': 8, 'Mis/Disinformation/Conspiracy': 1, 'Illegal Content': 2, 'Images': 1, 'Harassment': 1}","{'Action': 0, 'Behavior': 1, 'Content': 16, 'Distribution': 0}",0.3227569588973982
306,c18.masto.host,$10^{3}$ to $10^{4}$,"{'Spam': 2, 'Hate Speech': 1, 'Harassment': 2, 'Content Warnings': 1, 'Images': 1, 'Reposting/Crossposting': 1, 'Doxxing/ Personal Info': 1}","{'Action': 0, 'Behavior': 3, 'Content': 3, 'Distribution': 3}",1.584962500721156
307,c7.io,$10^{3}$ to $10^{4}$,"{'Hate Speech': 1, 'Mis/Disinformation/Conspiracy': 1, 'Harassment': 1, 'Doxxing/ Personal Info': 1, 'Content Warnings': 1}","{'Action': 0, 'Behavior': 2, 'Content': 3, 'Distribution': 0}",0.9709505944546686
308,cackl.io,$10^{2}$ to $10^{3}$,"{'Hate Speech': 1, 'NSFW': 1, 'Content Warnings': 1, 'Images': 1, 'Illegal Content': 1, 'Incitement of Violence': 1, 'Doxxing/ Personal Info': 1, 'Not Applicable': 1, 'Automated tools': 1, 'Advertising & Commercialization': 1}","{'Action': 1, 'Behavior': 1, 'Content': 6, 'Distribution': 1}",1.4466166676282082
309,cailincat.cloud,$10^{1}$ to $10^{2}$ ,"{'Hate Speech': 10, 'Harassment': 1}","{'Action': 0, 'Behavior': 1, 'Content': 10, 'Distribution': 0}",0.4394969869215134
310,calamity.world,$10^{2}$ to $10^{3}$,"{'Hate Speech': 1, 'Harassment': 1, 'Doxxing/ Personal Info': 1, 'NSFW': 2, 'Content Warnings': 1, 'Illegal Content': 1, 'Spam': 1, 'Off-topic/topic specific': 1}","{'Action': 0, 'Behavior': 2, 'Content': 6, 'Distribution': 1}",1.224394445405986
311,camp.crates.im,$10^{1}$ to $10^{2}$ ,"{'Hate Speech': 1, 'Trolling': 1, 'Harassment': 1, 'NSFW': 1, 'Spam': 1, 'Illegal Content': 1, 'Content Warnings': 1}","{'Action': 0, 'Behavior': 2, 'Content': 4, 'Distribution': 1}",1.3787834934861753
312,camp.smolnet.org,$10^{2}$ to $10^{3}$,"{'Hate Speech': 2, 'Harassment': 2, 'Doxxing/ Personal Info': 1, 'Incitement of Violence': 1, 'Mis/Disinformation/Conspiracy': 1, 'Content Warnings': 1, 'Images': 1, 'Illegal Content': 1, 'Trolling': 1}","{'Action': 0, 'Behavior': 4, 'Content': 7, 'Distribution': 0}",0.9456603046006401
313,canada.masto.host,$10^{3}$ to $10^{4}$,"{'Hate Speech': 1, 'Incitement of Violence': 1, 'NSFW': 1, 'Content Warnings': 1, 'Illegal Content': 1}","{'Action': 0, 'Behavior': 0, 'Content': 5, 'Distribution': 0}",-0.0
314,carfree.city,$10^{2}$ to $10^{3}$,"{'Hate Speech': 1, 'Illegal Content': 1}","{'Action': 0, 'Behavior': 0, 'Content': 2, 'Distribution': 0}",-0.0
315,cariad.social,$10^{1}$ to $10^{2}$ ,"{'Automated tools': 1, 'Links & Outside Content': 1, 'Impersonation': 1}","{'Action': 1, 'Behavior': 1, 'Content': 1, 'Distribution': 0}",1.584962500721156
316,carpdiem.online,$10^{1}$ to $10^{2}$ ,{'Hate Speech': 1},"{'Action': 0, 'Behavior': 0, 'Content': 1, 'Distribution': 0}",-0.0
317,cartersville.social,$10^{3}$ to $10^{4}$,"{'Content Warnings': 1, 'NSFW': 1, 'Illegal Content': 1, 'Advertising & Commercialization': 1, 'Spam': 1, 'Hate Speech': 1, 'Harassment': 2, 'Impersonation': 1, 'Incitement of Violence': 1, 'Doxxing/ Personal Info': 1}","{'Action': 0, 'Behavior': 4, 'Content': 5, 'Distribution': 2}",1.4949188482339508
318,cas.social,$10^{2}$ to $10^{3}$,"{'Hate Speech': 3, 'Harassment': 2, 'Not Applicable': 1, 'Doxxing/ Personal Info': 2, 'NSFW': 1, 'Dogpiling': 1, 'Incitement of Violence': 1, 'Illegal Content': 1}","{'Action': 0, 'Behavior': 5, 'Content': 6, 'Distribution': 0}",0.9940302114769565
319,cascarilla.social,$10^{1}$ to $10^{2}$ ,{'Doxxing/ Personal Info': 1},"{'Action': 0, 'Behavior': 1, 'Content': 0, 'Distribution': 0}",-0.0
320,catcatnya.com,$10^{3}$ to $10^{4}$,"{'Hate Speech': 2, 'Illegal Content': 1, 'Advertising & Commercialization': 1, 'Content Warnings': 1, 'Images': 1, 'Doxxing/ Personal Info': 1}","{'Action': 0, 'Behavior': 1, 'Content': 5, 'Distribution': 1}",1.1488348542809166
321,catharsis.cafe,$10^{2}$ to $10^{3}$,"{'Hate Speech': 1, 'Content Warnings': 1}","{'Action': 0, 'Behavior': 0, 'Content': 2, 'Distribution': 0}",-0.0
322,cats.mastodon.musk.sucks,$10^{1}$ to $10^{2}$ ,"{'Links & Outside Content': 1, 'Copyright/ Piracy': 1, 'Illegal Content': 1, 'Hate Speech': 1}","{'Action': 0, 'Behavior': 0, 'Content': 3, 'Distribution': 1}",0.8112781244591328
323,catswords.social,$10^{2}$ to $10^{3}$,{'Off-topic/topic specific': 1},"{'Action': 0, 'Behavior': 0, 'Content': 1, 'Distribution': 0}",-0.0
324,cavalina.net,$10^{1}$ to $10^{2}$ ,"{'Illegal Content': 1, 'Hate Speech': 2, 'Harassment': 1, 'Spam': 1, 'Reposting/Crossposting': 1, 'Off-topic/topic specific': 2, 'NSFW': 1, 'Content Warnings': 2, 'Images': 2, 'Impersonation': 1, 'Copyright/ Piracy': 2}","{'Action': 0, 'Behavior': 2, 'Content': 10, 'Distribution': 4}",1.2987949406953985
325,ccrvb.com,$10^{1}$ to $10^{2}$ ,"{'Hate Speech': 1, 'NSFW': 1, 'Content Warnings': 1}","{'Action': 0, 'Behavior': 0, 'Content': 3, 'Distribution': 0}",-0.0
326,celsius.letemps.social,$10^{2}$ to $10^{3}$,"{'Content Warnings': 1, 'NSFW': 1, 'Illegal Content': 2, 'Advertising & Commercialization': 1, 'Spam': 2, 'Hate Speech': 1, 'Harassment': 2, 'Impersonation': 1, 'Doxxing/ Personal Info': 1, 'Copyright/ Piracy': 1, 'Links & Outside Content': 1}","{'Action': 0, 'Behavior': 4, 'Content': 6, 'Distribution': 4}",1.5566567074628228
327,chadthundercock.com,$10^{2}$ to $10^{3}$,"{'Content Warnings': 1, 'Images': 1, 'Hate Speech': 1, 'Illegal Content': 1, 'Incitement of Violence': 1, 'Harassment': 1}","{'Action': 0, 'Behavior': 1, 'Content': 5, 'Distribution': 0}",0.6500224216483541
328,chain.closetoya.com,$10^{1}$ to $10^{2}$ ,"{'NSFW': 1, 'Content Warnings': 1, 'Impersonation': 1, 'Doxxing/ Personal Info': 1, 'Hate Speech': 1, 'Harassment': 1}","{'Action': 0, 'Behavior': 3, 'Content': 3, 'Distribution': 0}",1.0
329,chalk.moe,$10^{2}$ to $10^{3}$,"{'Hate Speech': 1, 'Content Warnings': 1, 'Doxxing/ Personal Info': 1, 'Advertising & Commercialization': 1, 'Spam': 1, 'Illegal Content': 1}","{'Action': 0, 'Behavior': 1, 'Content': 3, 'Distribution': 2}",1.4591479170272446
330,champis.social,$10^{1}$ to $10^{2}$ ,{'Off-topic/topic specific': 1},"{'Action': 0, 'Behavior': 0, 'Content': 1, 'Distribution': 0}",-0.0
331,chaos-gp.social,$10^{1}$ to $10^{2}$ ,"{'Spam': 1, 'Doxxing/ Personal Info': 1, 'Hate Speech': 1, 'Harassment': 2, 'NSFW': 1, 'Copyright/ Piracy': 1, 'Illegal Content': 1, 'Impersonation': 1}","{'Action': 0, 'Behavior': 4, 'Content': 3, 'Distribution': 2}",1.5304930567574824
332,chaosfurs.social,$10^{2}$ to $10^{3}$,"{'Content Warnings': 1, 'Images': 1, 'Hate Speech': 1, 'Incitement of Violence': 2, 'Harassment': 1, 'Doxxing/ Personal Info': 1, 'Illegal Content': 1, 'Mis/Disinformation/Conspiracy': 1}","{'Action': 0, 'Behavior': 2, 'Content': 7, 'Distribution': 0}",0.7642045065086203
333,chaotic.fun,$10^{2}$ to $10^{3}$,"{'Incitement of Violence': 1, 'Hate Speech': 1, 'Mis/Disinformation/Conspiracy': 1, 'Illegal Content': 2, 'Harassment': 1, 'Content Warnings': 1, 'Images': 1, 'Spam': 1, 'Automated tools': 1, 'NSFW': 1}","{'Action': 1, 'Behavior': 1, 'Content': 8, 'Distribution': 1}",1.2776134368191154
334,characters.cafe,$10^{2}$ to $10^{3}$,"{'NSFW': 2, 'Images': 1, 'Hate Speech': 2, 'Content Warnings': 1}","{'Action': 0, 'Behavior': 0, 'Content': 6, 'Distribution': 0}",-0.0
335,chasmcity.net,$10^{1}$ to $10^{2}$ ,"{'NSFW': 1, 'Content Warnings': 1, 'Images': 1, 'Harassment': 2, 'Trolling': 1, 'Hate Speech': 1, 'Incitement of Violence': 1, 'Spam': 1}","{'Action': 0, 'Behavior': 3, 'Content': 5, 'Distribution': 1}",1.3516441151533922
336,chat.wecops.uk,$10^{2}$ to $10^{3}$,"{'Incitement of Violence': 1, 'Spam': 1, 'Hate Speech': 1, 'Illegal Content': 1}","{'Action': 0, 'Behavior': 0, 'Content': 3, 'Distribution': 1}",0.8112781244591328
337,chatsubo.bar,$10^{1}$ to $10^{2}$ ,"{'Content Warnings': 1, 'Images': 1, 'Hate Speech': 1, 'Incitement of Violence': 1, 'Harassment': 1, 'Doxxing/ Personal Info': 1, 'Mis/Disinformation/Conspiracy': 1}","{'Action': 0, 'Behavior': 2, 'Content': 5, 'Distribution': 0}",0.863120568566631
338,chatwithus.live,$10^{2}$ to $10^{3}$,"{'Spam': 1, 'Harassment': 2, 'Hate Speech': 2}","{'Action': 0, 'Behavior': 2, 'Content': 2, 'Distribution': 1}",1.5219280948873621
339,cheddarcrackers.club,$10^{1}$ to $10^{2}$ ,"{'Harassment': 1, 'Doxxing/ Personal Info': 1, 'NSFW': 1}","{'Action': 0, 'Behavior': 2, 'Content': 1, 'Distribution': 0}",0.9182958340544896
340,cheekibreeki.express,$10^{2}$ to $10^{3}$,{'Hate Speech': 1},"{'Action': 0, 'Behavior': 0, 'Content': 1, 'Distribution': 0}",-0.0
341,chelseafc.social,$10^{1}$ to $10^{2}$ ,"{'Advertising & Commercialization': 1, 'NSFW': 1, 'Illegal Content': 1, 'Incitement of Violence': 1, 'Harassment': 1, 'Copyright/ Piracy': 1, 'Impersonation': 1, 'Off-topic/topic specific': 1}","{'Action': 0, 'Behavior': 2, 'Content': 4, 'Distribution': 2}",1.5
342,cherprang.xfk48.com,$10^{1}$ to $10^{2}$ ,{'Illegal Content': 1},"{'Action': 0, 'Behavior': 0, 'Content': 1, 'Distribution': 0}",-0.0
343,cherrykitten.gay,$10^{1}$ to $10^{2}$ ,{'Illegal Content': 1},"{'Action': 0, 'Behavior': 0, 'Content': 1, 'Distribution': 0}",-0.0
344,chillout.chat,$10^{3}$ to $10^{4}$,"{'Illegal Content': 1, 'NSFW': 1, 'Content Warnings': 1}","{'Action': 0, 'Behavior': 0, 'Content': 3, 'Distribution': 0}",-0.0
345,chillpeep.zone,$10^{2}$ to $10^{3}$,"{'NSFW': 1, 'Content Warnings': 2, 'Illegal Content': 1, 'Hate Speech': 1, 'Harassment': 1, 'Incitement of Violence': 1, 'Spam': 1, 'Links & Outside Content': 1}","{'Action': 0, 'Behavior': 1, 'Content': 7, 'Distribution': 1}",0.9864267287308424
346,chirpi.de,$10^{1}$ to $10^{2}$ ,"{'NSFW': 1, 'Harassment': 1, 'Hate Speech': 2, 'Mis/Disinformation/Conspiracy': 1, 'Automated tools': 1, 'Copyright/ Piracy': 1}","{'Action': 1, 'Behavior': 1, 'Content': 4, 'Distribution': 1}",1.6644977792004614
347,chitter.xyz,$10^{4}$ to $10^{5}$,"{'Hate Speech': 2, 'Harassment': 2, 'Dogpiling': 2, 'Doxxing/ Personal Info': 1, 'Illegal Content': 1, 'NSFW': 2, 'Content Warnings': 1, 'Images': 1, 'Spam': 1, 'Automated tools': 1}","{'Action': 1, 'Behavior': 5, 'Content': 7, 'Distribution': 1}",1.5744174271404583
348,cho.yukiya.me,$10^{2}$ to $10^{3}$,"{'NSFW': 2, 'Content Warnings': 1}","{'Action': 0, 'Behavior': 0, 'Content': 3, 'Distribution': 0}",-0.0
349,chocot.art,$10^{1}$ to $10^{2}$ ,{'Mis/Disinformation/Conspiracy': 1},"{'Action': 0, 'Behavior': 0, 'Content': 1, 'Distribution': 0}",-0.0
350,choom.club,$10^{1}$ to $10^{2}$ ,"{'NSFW': 1, 'Hate Speech': 1}","{'Action': 0, 'Behavior': 0, 'Content': 2, 'Distribution': 0}",-0.0
351,chswx.social,$10^{1}$ to $10^{2}$ ,{'Mis/Disinformation/Conspiracy': 1},"{'Action': 0, 'Behavior': 0, 'Content': 1, 'Distribution': 0}",-0.0
352,ciberlandia.pt,$10^{3}$ to $10^{4}$,"{'Hate Speech': 2, 'Harassment': 3, 'Off-topic/topic specific': 2, 'Doxxing/ Personal Info': 1, 'Reposting/Crossposting': 1, 'Advertising & Commercialization': 1, 'Spam': 1}","{'Action': 0, 'Behavior': 4, 'Content': 4, 'Distribution': 3}",1.5726236638951638
353,circumstances.run,$10^{2}$ to $10^{3}$,"{'Hate Speech': 2, 'Mis/Disinformation/Conspiracy': 1}","{'Action': 0, 'Behavior': 0, 'Content': 3, 'Distribution': 0}",-0.0
354,cityofchicago.live,$10^{3}$ to $10^{4}$,"{'Hate Speech': 2, 'Harassment': 1, 'NSFW': 3, 'Images': 2, 'Illegal Content': 1, 'Spam': 2, 'Automated tools': 1, 'Doxxing/ Personal Info': 1}","{'Action': 1, 'Behavior': 2, 'Content': 8, 'Distribution': 2}",1.5465935642949382
355,clacks.link,$10^{2}$ to $10^{3}$,"{'Illegal Content': 1, 'Advertising & Commercialization': 1, 'Spam': 1, 'Impersonation': 1, 'NSFW': 1, 'Content Warnings': 1, 'Hate Speech': 4, 'Incitement of Violence': 1}","{'Action': 0, 'Behavior': 1, 'Content': 8, 'Distribution': 2}",1.0957952550009336
356,claristdon.link,$10^{2}$ to $10^{3}$,"{'Impersonation': 1, 'Illegal Content': 1}","{'Action': 0, 'Behavior': 1, 'Content': 1, 'Distribution': 0}",1.0
357,cliff.social,$10^{1}$ to $10^{2}$ ,{'Hate Speech': 1},"{'Action': 0, 'Behavior': 0, 'Content': 1, 'Distribution': 0}",-0.0
358,climatejustice.global,$10^{3}$ to $10^{4}$,"{'Not Applicable': 2, 'Links & Outside Content': 1, 'Hate Speech': 2, 'Mis/Disinformation/Conspiracy': 2, 'Spam': 1, 'Harassment': 1, 'Trolling': 1, 'Incitement of Violence': 1, 'NSFW': 1, 'Illegal Content': 1}","{'Action': 0, 'Behavior': 2, 'Content': 8, 'Distribution': 1}",1.0957952550009336
359,climatejustice.social,$10^{4}$ to $10^{5}$,"{'Links & Outside Content': 1, 'Hate Speech': 2, 'Mis/Disinformation/Conspiracy': 2, 'Spam': 1, 'Harassment': 1, 'Trolling': 1, 'Incitement of Violence': 1, 'NSFW': 1, 'Illegal Content': 1}","{'Action': 0, 'Behavior': 2, 'Content': 8, 'Distribution': 1}",1.0957952550009336
360,clockwork.monster,$10^{2}$ to $10^{3}$,"{'Hate Speech': 1, 'NSFW': 2, 'Content Warnings': 2, 'Off-topic/topic specific': 1}","{'Action': 0, 'Behavior': 0, 'Content': 6, 'Distribution': 0}",-0.0
361,closednetwork.social,$10^{2}$ to $10^{3}$,{'Hate Speech': 1},"{'Action': 0, 'Behavior': 0, 'Content': 1, 'Distribution': 0}",-0.0
362,cloudfiction.social,$10^{1}$ to $10^{2}$ ,{'Hate Speech': 1},"{'Action': 0, 'Behavior': 0, 'Content': 1, 'Distribution': 0}",-0.0
363,cloudisland.nz,$10^{3}$ to $10^{4}$,"{'NSFW': 1, 'Images': 1, 'Hate Speech': 3, 'Mis/Disinformation/Conspiracy': 3, 'Illegal Content': 2, 'Harassment': 1, 'Spam': 1}","{'Action': 0, 'Behavior': 1, 'Content': 10, 'Distribution': 1}",0.8166890883150209
364,cloudycrux.es,$10^{1}$ to $10^{2}$ ,"{'Harassment': 1, 'Illegal Content': 1, 'NSFW': 2, 'Content Warnings': 1, 'Images': 1}","{'Action': 0, 'Behavior': 1, 'Content': 5, 'Distribution': 0}",0.6500224216483541
365,clttr.it,$10^{1}$ to $10^{2}$ ,"{'Illegal Content': 1, 'Hate Speech': 1, 'Mis/Disinformation/Conspiracy': 1, 'Advertising & Commercialization': 1, 'Spam': 1}","{'Action': 0, 'Behavior': 0, 'Content': 3, 'Distribution': 2}",0.9709505944546686
366,coach.masto.host,$10^{1}$ to $10^{2}$ ,"{'Content Warnings': 1, 'Images': 1, 'Hate Speech': 1, 'Incitement of Violence': 2, 'Harassment': 1, 'Doxxing/ Personal Info': 1, 'Illegal Content': 1, 'Mis/Disinformation/Conspiracy': 1, 'Advertising & Commercialization': 1, 'Spam': 1, 'Automated tools': 1}","{'Action': 1, 'Behavior': 2, 'Content': 7, 'Distribution': 2}",1.6140054628542202
367,coales.co,$10^{2}$ to $10^{3}$,"{'Hate Speech': 2, 'Harassment': 1, 'Illegal Content': 1, 'Links & Outside Content': 1, 'Mis/Disinformation/Conspiracy': 1, 'Spam': 2, 'Automated tools': 1, 'Impersonation': 1, 'Advertising & Commercialization': 1, 'NSFW': 1, 'Content Warnings': 1, 'Images': 1}","{'Action': 1, 'Behavior': 2, 'Content': 8, 'Distribution': 3}",1.610577243331642
368,col.social,$10^{3}$ to $10^{4}$,"{'Hate Speech': 1, 'Reposting/Crossposting': 1, 'Images': 1}","{'Action': 0, 'Behavior': 0, 'Content': 2, 'Distribution': 1}",0.9182958340544896
369,colearn.social,$10^{3}$ to $10^{4}$,"{'NSFW': 1, 'Illegal Content': 1, 'Incitement of Violence': 1, 'Hate Speech': 1, 'Advertising & Commercialization': 1, 'Off-topic/topic specific': 1}","{'Action': 0, 'Behavior': 0, 'Content': 5, 'Distribution': 1}",0.6500224216483541
370,collapsible.systems,$10^{2}$ to $10^{3}$,"{'Hate Speech': 1, 'Harassment': 1, 'Mis/Disinformation/Conspiracy': 2, 'Illegal Content': 1, 'Doxxing/ Personal Info': 1, 'Content Warnings': 1, 'Images': 2}","{'Action': 0, 'Behavior': 2, 'Content': 7, 'Distribution': 0}",0.7642045065086203
371,collar.place,$10^{1}$ to $10^{2}$ ,"{'NSFW': 1, 'Content Warnings': 1, 'Hate Speech': 1, 'Harassment': 1, 'Mis/Disinformation/Conspiracy': 1, 'Not Applicable': 1, 'Automated tools': 1}","{'Action': 1, 'Behavior': 1, 'Content': 4, 'Distribution': 0}",1.2516291673878228
372,colorid.es,$10^{4}$ to $10^{5}$,"{'Illegal Content': 1, 'Hate Speech': 1, 'Trolling': 2, 'Incitement of Violence': 1, 'Content Warnings': 1, 'Advertising & Commercialization': 1, 'Automated tools': 1, 'Copyright/ Piracy': 1, 'Images': 1}","{'Action': 1, 'Behavior': 2, 'Content': 5, 'Distribution': 2}",1.7609640474436812
373,colter.social,$10^{2}$ to $10^{3}$,"{'Illegal Content': 2, 'NSFW': 2, 'Images': 1, 'Advertising & Commercialization': 1, 'Spam': 1, 'Harassment': 3, 'Off-topic/topic specific': 1, 'Incitement of Violence': 1, 'Hate Speech': 2, 'Doxxing/ Personal Info': 2, 'Mis/Disinformation/Conspiracy': 1}","{'Action': 0, 'Behavior': 5, 'Content': 10, 'Distribution': 2}",1.3328204045850196
374,com.thephysics.xyz,$10^{1}$ to $10^{2}$ ,{'Hate Speech': 1},"{'Action': 0, 'Behavior': 0, 'Content': 1, 'Distribution': 0}",-0.0
375,coma.social,$10^{1}$ to $10^{2}$ ,"{'Hate Speech': 1, 'Illegal Content': 1, 'Mis/Disinformation/Conspiracy': 1, 'Content Warnings': 2, 'NSFW': 1, 'Images': 1}","{'Action': 0, 'Behavior': 0, 'Content': 7, 'Distribution': 0}",-0.0
376,comfy.blue,$10^{1}$ to $10^{2}$ ,"{'Content Warnings': 2, 'Off-topic/topic specific': 1, 'NSFW': 1, 'Illegal Content': 1}","{'Action': 0, 'Behavior': 0, 'Content': 5, 'Distribution': 0}",-0.0
377,comicscamp.club,$10^{3}$ to $10^{4}$,"{'NSFW': 2, 'Content Warnings': 2, 'Images': 2, 'Illegal Content': 1, 'Hate Speech': 1, 'Trolling': 1, 'Harassment': 2, 'Dogpiling': 1, 'Doxxing/ Personal Info': 1, 'Reposting/Crossposting': 1, 'Copyright/ Piracy': 1, 'Advertising & Commercialization': 1, 'Spam': 1, 'Not Applicable': 1}","{'Action': 0, 'Behavior': 5, 'Content': 8, 'Distribution': 4}",1.5221898721658211
378,comm.shotinthegun.com,$10^{1}$ to $10^{2}$ ,{'Illegal Content': 1},"{'Action': 0, 'Behavior': 0, 'Content': 1, 'Distribution': 0}",-0.0
379,commfurnity.com,$10^{1}$ to $10^{2}$ ,"{'NSFW': 1, 'Content Warnings': 1, 'Images': 1, 'Illegal Content': 1}","{'Action': 0, 'Behavior': 0, 'Content': 4, 'Distribution': 0}",-0.0
380,communist.accountant,$10^{2}$ to $10^{3}$,{'Hate Speech': 1},"{'Action': 0, 'Behavior': 0, 'Content': 1, 'Distribution': 0}",-0.0
381,community.growregen.org,$10^{1}$ to $10^{2}$ ,"{'Hate Speech': 1, 'Harassment': 1, 'Mis/Disinformation/Conspiracy': 1, 'Off-topic/topic specific': 1}","{'Action': 0, 'Behavior': 1, 'Content': 3, 'Distribution': 0}",0.8112781244591328
382,community.irreni.social,$10^{1}$ to $10^{2}$ ,"{'NSFW': 1, 'Images': 1, 'Hate Speech': 1, 'Incitement of Violence': 1, 'Harassment': 1, 'Dogpiling': 1, 'Doxxing/ Personal Info': 1, 'Mis/Disinformation/Conspiracy': 1, 'Copyright/ Piracy': 1, 'Links & Outside Content': 1, 'Off-topic/topic specific': 1}","{'Action': 0, 'Behavior': 3, 'Content': 7, 'Distribution': 1}",1.2406705316766884
383,community.orixon.org,$10^{2}$ to $10^{3}$,"{'Hate Speech': 1, 'Harassment': 2, 'Dogpiling': 1, 'Doxxing/ Personal Info': 1, 'Trolling': 1, 'Advertising & Commercialization': 1, 'Spam': 1, 'Not Applicable': 1, 'Automated tools': 1, 'Content Warnings': 1}","{'Action': 1, 'Behavior': 5, 'Content': 2, 'Distribution': 2}",1.7609640474436812
384,compound.social,$10^{1}$ to $10^{2}$ ,"{'NSFW': 1, 'Content Warnings': 1}","{'Action': 0, 'Behavior': 0, 'Content': 2, 'Distribution': 0}",-0.0
385,computerclub.social,$10^{2}$ to $10^{3}$,{'Links & Outside Content': 1},"{'Action': 0, 'Behavior': 0, 'Content': 1, 'Distribution': 0}",-0.0
386,comunidad.blasterradio.net,$10^{1}$ to $10^{2}$ ,"{'Spam': 1, 'Hate Speech': 3, 'Off-topic/topic specific': 1, 'Copyright/ Piracy': 1, 'NSFW': 1, 'Illegal Content': 1, 'Harassment': 1, 'Not Applicable': 1, 'Automated tools': 1, 'Mis/Disinformation/Conspiracy': 1}","{'Action': 1, 'Behavior': 1, 'Content': 7, 'Distribution': 2}",1.4911148500551854
387,comunidad.nvda.es,$10^{3}$ to $10^{4}$,"{'NSFW': 1, 'Content Warnings': 1, 'Hate Speech': 2, 'Incitement of Violence': 1, 'Harassment': 1, 'Illegal Content': 1, 'Copyright/ Piracy': 1, 'Mis/Disinformation/Conspiracy': 1, 'Advertising & Commercialization': 1, 'Spam': 1}","{'Action': 0, 'Behavior': 1, 'Content': 7, 'Distribution': 3}",1.2406705316766884
388,connected.so,$10^{2}$ to $10^{3}$,"{'Hate Speech': 1, 'Harassment': 2, 'Dogpiling': 1, 'Doxxing/ Personal Info': 1, 'Trolling': 1, 'NSFW': 1, 'Images': 1, 'Advertising & Commercialization': 1, 'Spam': 1, 'Not Applicable': 1, 'Automated tools': 1, 'Content Warnings': 1}","{'Action': 1, 'Behavior': 5, 'Content': 4, 'Distribution': 2}",1.7841591278514217
389,connectified.com,$10^{2}$ to $10^{3}$,"{'Hate Speech': 1, 'Content Warnings': 2, 'NSFW': 1}","{'Action': 0, 'Behavior': 0, 'Content': 4, 'Distribution': 0}",-0.0
390,connectop.us,$10^{2}$ to $10^{3}$,"{'Hate Speech': 2, 'Harassment': 2, 'Content Warnings': 2, 'NSFW': 1, 'Doxxing/ Personal Info': 1, 'Advertising & Commercialization': 1, 'Spam': 1}","{'Action': 0, 'Behavior': 3, 'Content': 5, 'Distribution': 2}",1.4854752972273344
391,continuousdelivery.social,$10^{2}$ to $10^{3}$,"{'Harassment': 1, 'Dogpiling': 1, 'Hate Speech': 1, 'Illegal Content': 1, 'Links & Outside Content': 1, 'Spam': 1, 'Mis/Disinformation/Conspiracy': 1, 'NSFW': 1, 'Content Warnings': 1}","{'Action': 0, 'Behavior': 2, 'Content': 6, 'Distribution': 1}",1.224394445405986
392,conversafiada.net,$10^{3}$ to $10^{4}$,"{'Illegal Content': 2, 'Hate Speech': 2, 'Trolling': 1, 'NSFW': 1, 'Mis/Disinformation/Conspiracy': 1, 'Incitement of Violence': 1, 'Harassment': 2, 'Doxxing/ Personal Info': 1, 'Impersonation': 1, 'Spam': 2, 'Off-topic/topic specific': 1, 'Content Warnings': 2, 'Images': 1}","{'Action': 0, 'Behavior': 5, 'Content': 11, 'Distribution': 2}",1.2997367636952522
393,convo.casa,$10^{4}$ to $10^{5}$,"{'NSFW': 1, 'Content Warnings': 1, 'Illegal Content': 1, 'Spam': 1, 'Mis/Disinformation/Conspiracy': 1}","{'Action': 0, 'Behavior': 0, 'Content': 4, 'Distribution': 1}",0.7219280948873623
394,coolmathgam.es,$10^{2}$ to $10^{3}$,"{'Illegal Content': 1, 'Hate Speech': 2, 'NSFW': 1, 'Content Warnings': 1}","{'Action': 0, 'Behavior': 0, 'Content': 5, 'Distribution': 0}",-0.0
395,cornerbooth.chat,$10^{1}$ to $10^{2}$ ,"{'Hate Speech': 1, 'Harassment': 1}","{'Action': 0, 'Behavior': 1, 'Content': 1, 'Distribution': 0}",1.0
396,cornputer.org,$10^{1}$ to $10^{2}$ ,"{'Hate Speech': 1, 'Harassment': 1, 'Doxxing/ Personal Info': 1, 'Advertising & Commercialization': 1}","{'Action': 0, 'Behavior': 2, 'Content': 1, 'Distribution': 1}",1.5
397,corp.social,$10^{2}$ to $10^{3}$,"{'NSFW': 1, 'Hate Speech': 1, 'Advertising & Commercialization': 2, 'Spam': 1, 'Automated tools': 1, 'Links & Outside Content': 1}","{'Action': 1, 'Behavior': 0, 'Content': 3, 'Distribution': 3}",1.4488156357251847
398,correctiv.social,$10^{1}$ to $10^{2}$ ,"{'Illegal Content': 1, 'Hate Speech': 2, 'Mis/Disinformation/Conspiracy': 1, 'Content Warnings': 1, 'Images': 1}","{'Action': 0, 'Behavior': 0, 'Content': 6, 'Distribution': 0}",-0.0
399,corteximplant.com,$10^{3}$ to $10^{4}$,"{'Hate Speech': 2, 'Harassment': 3, 'Doxxing/ Personal Info': 1, 'Dogpiling': 1, 'Incitement of Violence': 1, 'Mis/Disinformation/Conspiracy': 1, 'Illegal Content': 2, 'Automated tools': 1, 'Spam': 1, 'Reposting/Crossposting': 1, 'Links & Outside Content': 2, 'Not Applicable': 1}","{'Action': 1, 'Behavior': 5, 'Content': 8, 'Distribution': 2}",1.6493974703476992
400,cosocial.ca,$10^{3}$ to $10^{4}$,"{'Illegal Content': 1, 'Harassment': 1, 'Dogpiling': 1, 'Doxxing/ Personal Info': 1, 'Hate Speech': 1, 'NSFW': 1, 'Content Warnings': 1, 'Mis/Disinformation/Conspiracy': 1, 'Advertising & Commercialization': 1, 'Spam': 1}","{'Action': 0, 'Behavior': 3, 'Content': 5, 'Distribution': 2}",1.4854752972273344
401,costodon.social,$10^{3}$ to $10^{4}$,"{'NSFW': 1, 'Illegal Content': 1, 'Content Warnings': 1, 'Hate Speech': 1, 'Harassment': 1, 'Advertising & Commercialization': 1}","{'Action': 0, 'Behavior': 1, 'Content': 4, 'Distribution': 1}",1.2516291673878228
402,courbet.social,$10^{2}$ to $10^{3}$,"{'NSFW': 2, 'Content Warnings': 1, 'Illegal Content': 1, 'Spam': 1, 'Harassment': 1, 'Doxxing/ Personal Info': 1}","{'Action': 0, 'Behavior': 2, 'Content': 4, 'Distribution': 1}",1.3787834934861753
403,covelline.social,$10^{1}$ to $10^{2}$ ,{'Hate Speech': 1},"{'Action': 0, 'Behavior': 0, 'Content': 1, 'Distribution': 0}",-0.0
404,coywolf.social,$10^{1}$ to $10^{2}$ ,"{'Hate Speech': 1, 'NSFW': 1, 'Content Warnings': 1, 'Images': 1, 'Harassment': 1, 'Illegal Content': 1, 'Incitement of Violence': 1, 'Mis/Disinformation/Conspiracy': 1, 'Advertising & Commercialization': 1, 'Spam': 1, 'Impersonation': 1}","{'Action': 0, 'Behavior': 2, 'Content': 7, 'Distribution': 2}",1.3092966682370037
405,cr8r.gg,$10^{4}$ to $10^{5}$,"{'Hate Speech': 1, 'Illegal Content': 1, 'Copyright/ Piracy': 1, 'Spam': 1, 'Impersonation': 1, 'Harassment': 1, 'Trolling': 1}","{'Action': 0, 'Behavior': 3, 'Content': 2, 'Distribution': 2}",1.5566567074628228
406,crab.garden,$10^{1}$ to $10^{2}$ ,"{'Harassment': 1, 'Doxxing/ Personal Info': 1, 'Content Warnings': 1}","{'Action': 0, 'Behavior': 2, 'Content': 1, 'Distribution': 0}",0.9182958340544896
407,craba.cab,$10^{2}$ to $10^{3}$,"{'Hate Speech': 1, 'Harassment': 1, 'Mis/Disinformation/Conspiracy': 1, 'Content Warnings': 1}","{'Action': 0, 'Behavior': 1, 'Content': 3, 'Distribution': 0}",0.8112781244591328
408,crag.social,$10^{1}$ to $10^{2}$ ,"{'NSFW': 1, 'Content Warnings': 1, 'Illegal Content': 1, 'Spam': 2, 'Advertising & Commercialization': 1}","{'Action': 0, 'Behavior': 0, 'Content': 3, 'Distribution': 3}",1.0
409,crazylab.online,$10^{2}$ to $10^{3}$,"{'Hate Speech': 1, 'Harassment': 1, 'NSFW': 1, 'Illegal Content': 2, 'Copyright/ Piracy': 1, 'Off-topic/topic specific': 1, 'Advertising & Commercialization': 1, 'Spam': 1}","{'Action': 0, 'Behavior': 1, 'Content': 5, 'Distribution': 3}",1.3516441151533924
410,creators.social,$10^{3}$ to $10^{4}$,"{'Illegal Content': 1, 'NSFW': 1, 'Spam': 1}","{'Action': 0, 'Behavior': 0, 'Content': 2, 'Distribution': 1}",0.9182958340544896
411,creature.garden,$10^{1}$ to $10^{2}$ ,"{'Harassment': 1, 'Dogpiling': 1, 'Content Warnings': 1, 'Illegal Content': 1}","{'Action': 0, 'Behavior': 2, 'Content': 2, 'Distribution': 0}",1.0
412,creature.social,$10^{1}$ to $10^{2}$ ,"{'Hate Speech': 1, 'Harassment': 2, 'NSFW': 1, 'Illegal Content': 1, 'Incitement of Violence': 1, 'Spam': 1, 'Content Warnings': 1, 'Impersonation': 1, 'Doxxing/ Personal Info': 1}","{'Action': 0, 'Behavior': 4, 'Content': 5, 'Distribution': 1}",1.3609640474436813
413,crosstalk.tech,$10^{3}$ to $10^{4}$,"{'Hate Speech': 1, 'Harassment': 1, 'Spam': 1, 'Reposting/Crossposting': 1}","{'Action': 0, 'Behavior': 1, 'Content': 1, 'Distribution': 2}",1.5
414,crowsnest.social,$10^{2}$ to $10^{3}$,"{'Content Warnings': 1, 'Images': 1, 'Hate Speech': 1, 'Incitement of Violence': 1, 'Harassment': 1, 'Doxxing/ Personal Info': 1, 'Illegal Content': 1, 'Mis/Disinformation/Conspiracy': 1}","{'Action': 0, 'Behavior': 2, 'Content': 6, 'Distribution': 0}",0.8112781244591328
415,cruisers.social,$10^{1}$ to $10^{2}$ ,"{'NSFW': 1, 'Images': 1, 'Advertising & Commercialization': 1, 'Spam': 1, 'Hate Speech': 1, 'Incitement of Violence': 1, 'Harassment': 1, 'Doxxing/ Personal Info': 1, 'Illegal Content': 1}","{'Action': 0, 'Behavior': 2, 'Content': 5, 'Distribution': 2}",1.4355205042826666
416,crystallake.camp,$10^{1}$ to $10^{2}$ ,{'Hate Speech': 1},"{'Action': 0, 'Behavior': 0, 'Content': 1, 'Distribution': 0}",-0.0
417,csed.social,$10^{2}$ to $10^{3}$,"{'Content Warnings': 1, 'Images': 1, 'Hate Speech': 1, 'Incitement of Violence': 1, 'Harassment': 1, 'Doxxing/ Personal Info': 1, 'Mis/Disinformation/Conspiracy': 1}","{'Action': 0, 'Behavior': 2, 'Content': 5, 'Distribution': 0}",0.863120568566631
418,ctdl.co,$10^{1}$ to $10^{2}$ ,"{'Spam': 1, 'Hate Speech': 1}","{'Action': 0, 'Behavior': 0, 'Content': 1, 'Distribution': 1}",1.0
419,cubhub.social,$10^{4}$ to $10^{5}$,"{'NSFW': 3, 'Illegal Content': 2, 'Content Warnings': 4, 'Harassment': 1, 'Incitement of Violence': 1, 'Copyright/ Piracy': 2, 'Hate Speech': 1, 'Mis/Disinformation/Conspiracy': 1, 'Advertising & Commercialization': 1, 'Spam': 1, 'Impersonation': 1, 'Automated tools': 1, 'Images': 1}","{'Action': 1, 'Behavior': 2, 'Content': 13, 'Distribution': 4}",1.4166422780956525
420,cultofshiv.wtf,$10^{2}$ to $10^{3}$,"{'Harassment': 1, 'Doxxing/ Personal Info': 1, 'Hate Speech': 1, 'Incitement of Violence': 1, 'Mis/Disinformation/Conspiracy': 2, 'NSFW': 2, 'Content Warnings': 1, 'Illegal Content': 1, 'Spam': 1}","{'Action': 0, 'Behavior': 2, 'Content': 8, 'Distribution': 1}",1.0957952550009336
421,cultur.social,$10^{3}$ to $10^{4}$,"{'Content Warnings': 1, 'Images': 2, 'Hate Speech': 1, 'Mis/Disinformation/Conspiracy': 1, 'Harassment': 1, 'Spam': 1, 'Automated tools': 1, 'NSFW': 1}","{'Action': 1, 'Behavior': 1, 'Content': 6, 'Distribution': 1}",1.4466166676282082
422,cunnin.me,$10^{2}$ to $10^{3}$,"{'Incitement of Violence': 1, 'Hate Speech': 1, 'NSFW': 1, 'Illegal Content': 1, 'Harassment': 1}","{'Action': 0, 'Behavior': 1, 'Content': 4, 'Distribution': 0}",0.7219280948873623
423,cupoftea.social,$10^{4}$ to $10^{5}$,"{'Hate Speech': 1, 'Harassment': 1, 'Doxxing/ Personal Info': 1, 'Incitement of Violence': 1, 'Content Warnings': 1, 'Images': 1, 'NSFW': 1, 'Spam': 2, 'Off-topic/topic specific': 1, 'Advertising & Commercialization': 1}","{'Action': 0, 'Behavior': 2, 'Content': 6, 'Distribution': 3}",1.4353713907745331
424,curling.social,$10^{2}$ to $10^{3}$,{'Illegal Content': 1},"{'Action': 0, 'Behavior': 0, 'Content': 1, 'Distribution': 0}",-0.0
425,cursoryreview.org,$10^{2}$ to $10^{3}$,"{'Harassment': 1, 'Mis/Disinformation/Conspiracy': 1}","{'Action': 0, 'Behavior': 1, 'Content': 1, 'Distribution': 0}",1.0
426,cutie.city,$10^{2}$ to $10^{3}$,"{'Hate Speech': 2, 'Trolling': 1, 'Harassment': 1, 'Dogpiling': 1, 'Doxxing/ Personal Info': 1, 'NSFW': 1, 'Illegal Content': 2, 'Content Warnings': 2, 'Advertising & Commercialization': 1, 'Spam': 1, 'Impersonation': 1, 'Mis/Disinformation/Conspiracy': 2, 'Incitement of Violence': 1, 'Links & Outside Content': 1, 'Copyright/ Piracy': 1, 'Images': 1}","{'Action': 0, 'Behavior': 5, 'Content': 12, 'Distribution': 3}",1.3527241956246545
427,cuties.cloud,$10^{1}$ to $10^{2}$ ,"{'Harassment': 1, 'Illegal Content': 1}","{'Action': 0, 'Behavior': 1, 'Content': 1, 'Distribution': 0}",1.0
428,cwb.social,$10^{3}$ to $10^{4}$,"{'Hate Speech': 1, 'Harassment': 1, 'Illegal Content': 1, 'Advertising & Commercialization': 1, 'Spam': 1, 'Content Warnings': 1}","{'Action': 0, 'Behavior': 1, 'Content': 3, 'Distribution': 2}",1.4591479170272446
429,cybercuties.net,$10^{1}$ to $10^{2}$ ,"{'NSFW': 2, 'Content Warnings': 1}","{'Action': 0, 'Behavior': 0, 'Content': 3, 'Distribution': 0}",-0.0
430,cyberfurz.social,$10^{3}$ to $10^{4}$,"{'Illegal Content': 1, 'Hate Speech': 2, 'Harassment': 1, 'Impersonation': 1, 'Reposting/Crossposting': 1, 'Not Applicable': 1, 'Automated tools': 1, 'NSFW': 2, 'Images': 1, 'Content Warnings': 4}","{'Action': 1, 'Behavior': 2, 'Content': 10, 'Distribution': 1}",1.2916919971380596
431,cybermage.sh,$10^{1}$ to $10^{2}$ ,{'Hate Speech': 1},"{'Action': 0, 'Behavior': 0, 'Content': 1, 'Distribution': 0}",-0.0
432,cyberplace.social,$10^{4}$ to $10^{5}$,"{'Hate Speech': 1, 'Incitement of Violence': 2, 'Impersonation': 2, 'Spam': 1, 'Mis/Disinformation/Conspiracy': 1, 'NSFW': 1, 'Doxxing/ Personal Info': 1}","{'Action': 0, 'Behavior': 3, 'Content': 5, 'Distribution': 1}",1.3516441151533922
433,cybersecurity.masto.host,$10^{2}$ to $10^{3}$,"{'Incitement of Violence': 1, 'Doxxing/ Personal Info': 1, 'NSFW': 1, 'Illegal Content': 1, 'Hate Speech': 1}","{'Action': 0, 'Behavior': 1, 'Content': 4, 'Distribution': 0}",0.7219280948873623
434,cybersecurity.theater,$10^{2}$ to $10^{3}$,"{'Mis/Disinformation/Conspiracy': 1, 'Content Warnings': 1, 'Hate Speech': 2, 'Harassment': 1, 'Doxxing/ Personal Info': 1, 'NSFW': 1, 'Illegal Content': 1, 'Advertising & Commercialization': 1, 'Spam': 2, 'Automated tools': 1}","{'Action': 1, 'Behavior': 2, 'Content': 6, 'Distribution': 3}",1.7295739585136223
435,cyberspace.rodeo,$10^{1}$ to $10^{2}$ ,"{'Hate Speech': 2, 'Illegal Content': 2, 'NSFW': 1, 'Content Warnings': 1, 'Harassment': 1}","{'Action': 0, 'Behavior': 1, 'Content': 6, 'Distribution': 0}",0.5916727785823275
436,cybervillains.com,$10^{3}$ to $10^{4}$,"{'Hate Speech': 1, 'Harassment': 2}","{'Action': 0, 'Behavior': 2, 'Content': 1, 'Distribution': 0}",0.9182958340544896
437,cysec.social,$10^{2}$ to $10^{3}$,"{'Automated tools': 1, 'Off-topic/topic specific': 1, 'Trolling': 1, 'Illegal Content': 1}","{'Action': 1, 'Behavior': 1, 'Content': 2, 'Distribution': 0}",1.5
438,cytag.nl,$10^{1}$ to $10^{2}$ ,"{'Content Warnings': 1, 'Images': 1, 'Advertising & Commercialization': 1, 'Spam': 1, 'Incitement of Violence': 1, 'Harassment': 1, 'Doxxing/ Personal Info': 1, 'Illegal Content': 1, 'Hate Speech': 1}","{'Action': 0, 'Behavior': 2, 'Content': 5, 'Distribution': 2}",1.4355205042826666
439,cztwitter.cz,$10^{3}$ to $10^{4}$,"{'NSFW': 2, 'Content Warnings': 1, 'Images': 1, 'Incitement of Violence': 4, 'Harassment': 2, 'Hate Speech': 3, 'Mis/Disinformation/Conspiracy': 2, 'Illegal Content': 1, 'Advertising & Commercialization': 1, 'Spam': 1}","{'Action': 0, 'Behavior': 2, 'Content': 14, 'Distribution': 2}",0.9864267287308424
440,d-64.social,$10^{3}$ to $10^{4}$,"{'Hate Speech': 3, 'Doxxing/ Personal Info': 1, 'Harassment': 1, 'Illegal Content': 1, 'Mis/Disinformation/Conspiracy': 1}","{'Action': 0, 'Behavior': 2, 'Content': 5, 'Distribution': 0}",0.863120568566631
441,d3f4ult.space,$10^{2}$ to $10^{3}$,"{'NSFW': 1, 'Images': 1, 'Advertising & Commercialization': 1, 'Spam': 1, 'Hate Speech': 1, 'Incitement of Violence': 1, 'Harassment': 1, 'Doxxing/ Personal Info': 1, 'Illegal Content': 1}","{'Action': 0, 'Behavior': 2, 'Content': 5, 'Distribution': 2}",1.4355205042826666
442,dabzyum.masto.host,$10^{1}$ to $10^{2}$ ,"{'Harassment': 1, 'Trolling': 1}","{'Action': 0, 'Behavior': 2, 'Content': 0, 'Distribution': 0}",-0.0
443,daedal.io,$10^{1}$ to $10^{2}$ ,"{'Advertising & Commercialization': 1, 'Spam': 1, 'NSFW': 1, 'Content Warnings': 1, 'Hate Speech': 4, 'Incitement of Violence': 2, 'Harassment': 1, 'Illegal Content': 1, 'Mis/Disinformation/Conspiracy': 1}","{'Action': 0, 'Behavior': 1, 'Content': 10, 'Distribution': 2}",0.9912642605354287
444,dagegenbewegen.social,$10^{1}$ to $10^{2}$ ,"{'Hate Speech': 2, 'Harassment': 1, 'Doxxing/ Personal Info': 1, 'Advertising & Commercialization': 1, 'Spam': 1, 'Reposting/Crossposting': 1, 'Illegal Content': 1}","{'Action': 0, 'Behavior': 2, 'Content': 3, 'Distribution': 3}",1.561278124459133
445,dao.chinese.org,$10^{2}$ to $10^{3}$,"{'Off-topic/topic specific': 1, 'Hate Speech': 1, 'Harassment': 1}","{'Action': 0, 'Behavior': 1, 'Content': 2, 'Distribution': 0}",0.9182958340544896
446,dariox.club,$10^{3}$ to $10^{4}$,"{'Illegal Content': 3, 'Mis/Disinformation/Conspiracy': 1, 'Harassment': 1, 'Doxxing/ Personal Info': 1, 'Incitement of Violence': 1, 'Hate Speech': 1, 'NSFW': 3, 'Content Warnings': 1, 'Images': 2}","{'Action': 0, 'Behavior': 2, 'Content': 12, 'Distribution': 0}",0.5916727785823275
447,darkmoon.social,$10^{1}$ to $10^{2}$ ,"{'Harassment': 1, 'Advertising & Commercialization': 1, 'Spam': 1, 'Links & Outside Content': 1, 'Copyright/ Piracy': 1}","{'Action': 0, 'Behavior': 1, 'Content': 1, 'Distribution': 3}",1.3709505944546687
448,darksky.social,$10^{1}$ to $10^{2}$ ,"{'Not Applicable': 1, 'Mis/Disinformation/Conspiracy': 2, 'Hate Speech': 1, 'Illegal Content': 1}","{'Action': 0, 'Behavior': 0, 'Content': 4, 'Distribution': 0}",-0.0
449,darktundra.xyz,$10^{1}$ to $10^{2}$ ,"{'Hate Speech': 1, 'Harassment': 1, 'Doxxing/ Personal Info': 1, 'Illegal Content': 1, 'Mis/Disinformation/Conspiracy': 1, 'Advertising & Commercialization': 1, 'Spam': 1, 'NSFW': 1, 'Content Warnings': 1, 'Images': 1}","{'Action': 0, 'Behavior': 2, 'Content': 6, 'Distribution': 2}",1.3709505944546687
450,darnell.ooo,$10^{1}$ to $10^{2}$ ,{'Hate Speech': 1},"{'Action': 0, 'Behavior': 0, 'Content': 1, 'Distribution': 0}",-0.0
451,darticulate.com,$10^{2}$ to $10^{3}$,"{'Images': 2, 'Doxxing/ Personal Info': 1, 'Incitement of Violence': 2, 'Hate Speech': 1}","{'Action': 0, 'Behavior': 1, 'Content': 5, 'Distribution': 0}",0.6500224216483541
452,data-folks.masto.host,$10^{4}$ to $10^{5}$,"{'Harassment': 1, 'Links & Outside Content': 1}","{'Action': 0, 'Behavior': 1, 'Content': 1, 'Distribution': 0}",1.0
453,dataare.cool,$10^{2}$ to $10^{3}$,{'Hate Speech': 1},"{'Action': 0, 'Behavior': 0, 'Content': 1, 'Distribution': 0}",-0.0
454,dataplatform.social,$10^{3}$ to $10^{4}$,"{'Hate Speech': 1, 'Harassment': 1, 'Advertising & Commercialization': 1, 'Spam': 1, 'Illegal Content': 1, 'Impersonation': 1, 'Mis/Disinformation/Conspiracy': 1}","{'Action': 0, 'Behavior': 2, 'Content': 3, 'Distribution': 2}",1.5566567074628228
455,datasci.social,$10^{3}$ to $10^{4}$,"{'Hate Speech': 2, 'Harassment': 2, 'Incitement of Violence': 1, 'Impersonation': 1, 'Dogpiling': 1, 'Doxxing/ Personal Info': 1, 'Illegal Content': 1, 'Mis/Disinformation/Conspiracy': 1, 'Advertising & Commercialization': 1, 'Spam': 1, 'NSFW': 1}","{'Action': 0, 'Behavior': 5, 'Content': 6, 'Distribution': 2}",1.4604846813131116
456,datavis.social,$10^{1}$ to $10^{2}$ ,"{'Hate Speech': 1, 'Off-topic/topic specific': 1, 'Harassment': 1, 'Not Applicable': 1, 'Images': 1}","{'Action': 0, 'Behavior': 1, 'Content': 3, 'Distribution': 0}",0.8112781244591328
457,davidclarke.social,$10^{1}$ to $10^{2}$ ,"{'Content Warnings': 1, 'Images': 1, 'Hate Speech': 1, 'Incitement of Violence': 1, 'Harassment': 1, 'Illegal Content': 1, 'Mis/Disinformation/Conspiracy': 1}","{'Action': 0, 'Behavior': 1, 'Content': 6, 'Distribution': 0}",0.5916727785823275
458,daydream.ink,$10^{2}$ to $10^{3}$,"{'Hate Speech': 3, 'Harassment': 3, 'Doxxing/ Personal Info': 1, 'Incitement of Violence': 1, 'Illegal Content': 2, 'Spam': 1, 'Advertising & Commercialization': 1, 'Copyright/ Piracy': 1}","{'Action': 0, 'Behavior': 4, 'Content': 6, 'Distribution': 3}",1.5262349099495227
459,dbg.social,$10^{2}$ to $10^{3}$,"{'Illegal Content': 1, 'Mis/Disinformation/Conspiracy': 1}","{'Action': 0, 'Behavior': 0, 'Content': 2, 'Distribution': 0}",-0.0
460,dcae.fyi,$10^{1}$ to $10^{2}$ ,"{'Hate Speech': 1, 'NSFW': 1, 'Content Warnings': 1, 'Images': 1, 'Harassment': 1, 'Incitement of Violence': 1, 'Mis/Disinformation/Conspiracy': 1, 'Advertising & Commercialization': 1, 'Spam': 1, 'Impersonation': 1, 'Illegal Content': 1}","{'Action': 0, 'Behavior': 2, 'Content': 7, 'Distribution': 2}",1.3092966682370037
461,dcerberus.com,$10^{2}$ to $10^{3}$,"{'Hate Speech': 2, 'Off-topic/topic specific': 1, 'Mis/Disinformation/Conspiracy': 1, 'Illegal Content': 1}","{'Action': 0, 'Behavior': 0, 'Content': 5, 'Distribution': 0}",-0.0
462,dctr.uk,$10^{1}$ to $10^{2}$ ,"{'Illegal Content': 2, 'Doxxing/ Personal Info': 1}","{'Action': 0, 'Behavior': 1, 'Content': 2, 'Distribution': 0}",0.9182958340544896
463,deacon.social,$10^{3}$ to $10^{4}$,"{'NSFW': 1, 'Illegal Content': 1, 'Hate Speech': 2, 'Harassment': 2, 'Doxxing/ Personal Info': 1, 'Incitement of Violence': 1, 'Mis/Disinformation/Conspiracy': 1, 'Advertising & Commercialization': 1, 'Spam': 1}","{'Action': 0, 'Behavior': 3, 'Content': 6, 'Distribution': 2}",1.4353713907745331
464,deadinsi.de,$10^{3}$ to $10^{4}$,"{'Hate Speech': 3, 'Content Warnings': 1, 'Off-topic/topic specific': 1}","{'Action': 0, 'Behavior': 0, 'Content': 5, 'Distribution': 0}",-0.0
465,deadrobots.social,$10^{1}$ to $10^{2}$ ,"{'Illegal Content': 1, 'NSFW': 1, 'Images': 1, 'Incitement of Violence': 1, 'Hate Speech': 1, 'Impersonation': 1}","{'Action': 0, 'Behavior': 1, 'Content': 5, 'Distribution': 0}",0.6500224216483541
466,deaf.group,$10^{1}$ to $10^{2}$ ,"{'Content Warnings': 1, 'Images': 1, 'Hate Speech': 1, 'Harassment': 1, 'Doxxing/ Personal Info': 1, 'Mis/Disinformation/Conspiracy': 1}","{'Action': 0, 'Behavior': 2, 'Content': 4, 'Distribution': 0}",0.9182958340544896
467,decayable.ink,$10^{2}$ to $10^{3}$,"{'Not Applicable': 2, 'Doxxing/ Personal Info': 1, 'Trolling': 1}","{'Action': 0, 'Behavior': 2, 'Content': 0, 'Distribution': 0}",-0.0
468,decentralis.social,$10^{1}$ to $10^{2}$ ,"{'Hate Speech': 2, 'Harassment': 1, 'Dogpiling': 1, 'Doxxing/ Personal Info': 1, 'Illegal Content': 1, 'Links & Outside Content': 1, 'Automated tools': 1}","{'Action': 1, 'Behavior': 3, 'Content': 4, 'Distribution': 0}",1.4056390622295665
469,deepalenight.com,$10^{2}$ to $10^{3}$,{'Links & Outside Content': 1},"{'Action': 0, 'Behavior': 0, 'Content': 1, 'Distribution': 0}",-0.0
470,deepspace.social,$10^{2}$ to $10^{3}$,{'Images': 1},"{'Action': 0, 'Behavior': 0, 'Content': 1, 'Distribution': 0}",-0.0
471,deepwoodsocial.net,$10^{2}$ to $10^{3}$,"{'Hate Speech': 1, 'Harassment': 1, 'Illegal Content': 1, 'Content Warnings': 1, 'Images': 1}","{'Action': 0, 'Behavior': 1, 'Content': 4, 'Distribution': 0}",0.7219280948873623
472,defcon.social,$10^{5}$ to $10^{6}$ ,"{'Hate Speech': 1, 'Harassment': 2, 'Illegal Content': 1, 'NSFW': 1, 'Spam': 1, 'Links & Outside Content': 1, 'Advertising & Commercialization': 1, 'Content Warnings': 1, 'Impersonation': 1, 'Automated tools': 1}","{'Action': 1, 'Behavior': 3, 'Content': 5, 'Distribution': 2}",1.789929075309999
473,definitely.social,$10^{2}$ to $10^{3}$,"{'Incitement of Violence': 1, 'Hate Speech': 5, 'Spam': 1}","{'Action': 0, 'Behavior': 0, 'Content': 6, 'Distribution': 1}",0.5916727785823275
474,degrowth.social,$10^{2}$ to $10^{3}$,"{'Hate Speech': 1, 'Harassment': 1, 'Advertising & Commercialization': 1, 'Spam': 1, 'Doxxing/ Personal Info': 1}","{'Action': 0, 'Behavior': 2, 'Content': 1, 'Distribution': 2}",1.5219280948873621
475,dekadensverket.se,$10^{1}$ to $10^{2}$ ,"{'Hate Speech': 1, 'Incitement of Violence': 1, 'Harassment': 1, 'Mis/Disinformation/Conspiracy': 1, 'Illegal Content': 1, 'Content Warnings': 1, 'Images': 1}","{'Action': 0, 'Behavior': 1, 'Content': 6, 'Distribution': 0}",0.5916727785823275
476,delaylama.de,$10^{1}$ to $10^{2}$ ,"{'Hate Speech': 2, 'Harassment': 3, 'Mis/Disinformation/Conspiracy': 1, 'Doxxing/ Personal Info': 3, 'Incitement of Violence': 2, 'Copyright/ Piracy': 1, 'Advertising & Commercialization': 1, 'Illegal Content': 1, 'Spam': 1, 'NSFW': 1, 'Automated tools': 1}","{'Action': 1, 'Behavior': 6, 'Content': 7, 'Distribution': 3}",1.7394541964918901
477,deliverabilit.ie,$10^{2}$ to $10^{3}$,"{'Hate Speech': 1, 'Spam': 1}","{'Action': 0, 'Behavior': 0, 'Content': 1, 'Distribution': 1}",1.0
478,dembowski.social,$10^{1}$ to $10^{2}$ ,"{'Images': 1, 'Hate Speech': 1, 'Incitement of Violence': 1, 'Harassment': 1, 'Doxxing/ Personal Info': 1, 'Mis/Disinformation/Conspiracy': 1}","{'Action': 0, 'Behavior': 2, 'Content': 4, 'Distribution': 0}",0.9182958340544896
479,demtech.global,$10^{1}$ to $10^{2}$ ,"{'Impersonation': 1, 'Illegal Content': 1}","{'Action': 0, 'Behavior': 1, 'Content': 1, 'Distribution': 0}",1.0
480,denton.social,$10^{2}$ to $10^{3}$,"{'Hate Speech': 3, 'Harassment': 2, 'NSFW': 1, 'Content Warnings': 1, 'Mis/Disinformation/Conspiracy': 1}","{'Action': 0, 'Behavior': 2, 'Content': 6, 'Distribution': 0}",0.8112781244591328
481,deppenkessel.de,$10^{2}$ to $10^{3}$,"{'Harassment': 1, 'Doxxing/ Personal Info': 1, 'Mis/Disinformation/Conspiracy': 1, 'Hate Speech': 2, 'Advertising & Commercialization': 1, 'Spam': 1, 'Content Warnings': 1, 'NSFW': 1, 'Illegal Content': 1}","{'Action': 0, 'Behavior': 2, 'Content': 6, 'Distribution': 2}",1.3709505944546687
482,det.social,$10^{5}$ to $10^{6}$ ,"{'Incitement of Violence': 2, 'Harassment': 1, 'Hate Speech': 1, 'NSFW': 1, 'Copyright/ Piracy': 1, 'Doxxing/ Personal Info': 1, 'Advertising & Commercialization': 1, 'Spam': 1}","{'Action': 0, 'Behavior': 2, 'Content': 4, 'Distribution': 3}",1.5304930567574826
483,dev.handon.club,$10^{2}$ to $10^{3}$,"{'Illegal Content': 1, 'Content Warnings': 1, 'Images': 1}","{'Action': 0, 'Behavior': 0, 'Content': 3, 'Distribution': 0}",-0.0
484,developers.live,$10^{1}$ to $10^{2}$ ,{'Illegal Content': 1},"{'Action': 0, 'Behavior': 0, 'Content': 1, 'Distribution': 0}",-0.0
485,devianze.city,$10^{2}$ to $10^{3}$,"{'Illegal Content': 1, 'Incitement of Violence': 1, 'Harassment': 1, 'Hate Speech': 3, 'Advertising & Commercialization': 1, 'Content Warnings': 1, 'Trolling': 1}","{'Action': 0, 'Behavior': 2, 'Content': 6, 'Distribution': 1}",1.224394445405986
486,devolver.social,$10^{1}$ to $10^{2}$ ,"{'NSFW': 1, 'Hate Speech': 1, 'Images': 1, 'Spam': 1, 'Trolling': 1}","{'Action': 0, 'Behavior': 1, 'Content': 3, 'Distribution': 1}",1.3709505944546687
487,devschile.social,$10^{2}$ to $10^{3}$,{'Links & Outside Content': 1},"{'Action': 0, 'Behavior': 0, 'Content': 1, 'Distribution': 0}",-0.0
488,devtools.social,$10^{1}$ to $10^{2}$ ,"{'Hate Speech': 1, 'Trolling': 1, 'NSFW': 1}","{'Action': 0, 'Behavior': 1, 'Content': 2, 'Distribution': 0}",0.9182958340544896
489,dewp.space,$10^{2}$ to $10^{3}$,"{'Hate Speech': 1, 'Harassment': 1}","{'Action': 0, 'Behavior': 1, 'Content': 1, 'Distribution': 0}",1.0
490,dfir.social,$10^{2}$ to $10^{3}$,"{'NSFW': 1, 'Incitement of Violence': 2, 'Hate Speech': 1, 'Harassment': 1, 'Doxxing/ Personal Info': 1, 'Illegal Content': 1, 'Mis/Disinformation/Conspiracy': 1, 'Advertising & Commercialization': 1, 'Spam': 1}","{'Action': 0, 'Behavior': 2, 'Content': 6, 'Distribution': 2}",1.3709505944546687
491,dhbenihana.jp,$10^{1}$ to $10^{2}$ ,"{'Hate Speech': 1, 'Harassment': 1}","{'Action': 0, 'Behavior': 1, 'Content': 1, 'Distribution': 0}",1.0
492,dialup.cafe,$10^{2}$ to $10^{3}$,{'Illegal Content': 1},"{'Action': 0, 'Behavior': 0, 'Content': 1, 'Distribution': 0}",-0.0
493,diaspodon.fr,$10^{3}$ to $10^{4}$,{'Doxxing/ Personal Info': 1},"{'Action': 0, 'Behavior': 1, 'Content': 0, 'Distribution': 0}",-0.0
494,diblasio.social,$10^{1}$ to $10^{2}$ ,"{'Content Warnings': 1, 'Images': 1, 'Hate Speech': 1, 'Incitement of Violence': 1, 'Harassment': 1, 'Doxxing/ Personal Info': 1, 'Mis/Disinformation/Conspiracy': 1}","{'Action': 0, 'Behavior': 2, 'Content': 5, 'Distribution': 0}",0.863120568566631
495,dice.camp,$10^{4}$ to $10^{5}$,"{'Hate Speech': 1, 'Harassment': 1, 'Dogpiling': 1, 'Mis/Disinformation/Conspiracy': 1, 'NSFW': 1, 'Images': 1, 'Doxxing/ Personal Info': 1, 'Advertising & Commercialization': 1, 'Spam': 1}","{'Action': 0, 'Behavior': 3, 'Content': 4, 'Distribution': 2}",1.5304930567574824
496,diddlyfx.space,$10^{1}$ to $10^{2}$ ,"{'NSFW': 1, 'Content Warnings': 1, 'Advertising & Commercialization': 3, 'Spam': 1, 'Hate Speech': 1, 'Illegal Content': 1, 'Incitement of Violence': 1, 'Harassment': 1, 'Doxxing/ Personal Info': 1, 'Mis/Disinformation/Conspiracy': 1, 'Copyright/ Piracy': 1}","{'Action': 0, 'Behavior': 2, 'Content': 6, 'Distribution': 5}",1.4604846813131114
497,digisociety.social,$10^{2}$ to $10^{3}$,"{'Harassment': 1, 'Trolling': 1, 'Mis/Disinformation/Conspiracy': 1, 'Doxxing/ Personal Info': 1, 'Hate Speech': 1}","{'Action': 0, 'Behavior': 3, 'Content': 2, 'Distribution': 0}",0.9709505944546686
498,digitaal66.social,$10^{2}$ to $10^{3}$,"{'Hate Speech': 1, 'Links & Outside Content': 1, 'Illegal Content': 1, 'Advertising & Commercialization': 1, 'Spam': 1}","{'Action': 0, 'Behavior': 0, 'Content': 3, 'Distribution': 2}",0.9709505944546686
499,digitalcourage.social,$10^{4}$ to $10^{5}$,"{'Mis/Disinformation/Conspiracy': 1, 'Content Warnings': 1, 'NSFW': 1, 'Images': 1, 'Trolling': 1, 'Doxxing/ Personal Info': 1, 'Harassment': 2, 'Dogpiling': 1}","{'Action': 0, 'Behavior': 5, 'Content': 4, 'Distribution': 0}",0.9910760598382222
500,digitalnomads.social,$10^{2}$ to $10^{3}$,"{'NSFW': 1, 'Images': 1, 'Hate Speech': 1, 'Incitement of Violence': 1, 'Harassment': 1, 'Dogpiling': 1, 'Doxxing/ Personal Info': 1, 'Mis/Disinformation/Conspiracy': 1, 'Automated tools': 1}","{'Action': 1, 'Behavior': 3, 'Content': 5, 'Distribution': 0}",1.3516441151533924
501,digitalpioneers.social,$10^{2}$ to $10^{3}$,"{'Links & Outside Content': 1, 'Doxxing/ Personal Info': 1, 'Hate Speech': 1, 'Harassment': 1}","{'Action': 0, 'Behavior': 2, 'Content': 2, 'Distribution': 0}",1.0
502,digitalsektor.se,$10^{1}$ to $10^{2}$ ,"{'Illegal Content': 1, 'Advertising & Commercialization': 1, 'Impersonation': 1, 'Harassment': 1, 'Doxxing/ Personal Info': 1, 'Hate Speech': 1, 'Incitement of Violence': 1}","{'Action': 0, 'Behavior': 3, 'Content': 3, 'Distribution': 1}",1.4488156357251847
503,digitalstuntfactory.com,$10^{1}$ to $10^{2}$ ,"{'Incitement of Violence': 1, 'Hate Speech': 3}","{'Action': 0, 'Behavior': 0, 'Content': 4, 'Distribution': 0}",-0.0
504,digressive.me,$10^{1}$ to $10^{2}$ ,"{'Hate Speech': 1, 'Harassment': 1, 'Trolling': 1}","{'Action': 0, 'Behavior': 2, 'Content': 1, 'Distribution': 0}",0.9182958340544896
505,dimension.host,$10^{1}$ to $10^{2}$ ,"{'Impersonation': 1, 'Harassment': 1, 'Hate Speech': 1, 'NSFW': 1, 'Content Warnings': 1, 'Images': 2, 'Copyright/ Piracy': 1, 'Illegal Content': 1, 'Mis/Disinformation/Conspiracy': 1}","{'Action': 0, 'Behavior': 2, 'Content': 7, 'Distribution': 1}",1.1567796494470395
506,dimick.social,$10^{1}$ to $10^{2}$ ,{'Harassment': 1},"{'Action': 0, 'Behavior': 1, 'Content': 0, 'Distribution': 0}",-0.0
507,disabled.social,$10^{4}$ to $10^{5}$,"{'Hate Speech': 3, 'Harassment': 3, 'Doxxing/ Personal Info': 1, 'Dogpiling': 1, 'Incitement of Violence': 1, 'Mis/Disinformation/Conspiracy': 2, 'Images': 1, 'Spam': 1, 'Illegal Content': 1, 'Advertising & Commercialization': 1, 'Content Warnings': 1}","{'Action': 0, 'Behavior': 5, 'Content': 9, 'Distribution': 2}",1.3663146570363986
508,discordian.social,$10^{2}$ to $10^{3}$,{'Hate Speech': 1},"{'Action': 0, 'Behavior': 0, 'Content': 1, 'Distribution': 0}",-0.0
509,discourse.helenprejean.org,$10^{2}$ to $10^{3}$,"{'Hate Speech': 1, 'Incitement of Violence': 1, 'Harassment': 2, 'Doxxing/ Personal Info': 1, 'Mis/Disinformation/Conspiracy': 1, 'Illegal Content': 1}","{'Action': 0, 'Behavior': 3, 'Content': 4, 'Distribution': 0}",0.9852281360342515
510,discuss.systems,$10^{4}$ to $10^{5}$,"{'Hate Speech': 1, 'Harassment': 1, 'Incitement of Violence': 1, 'Trolling': 1, 'Off-topic/topic specific': 1, 'Illegal Content': 1}","{'Action': 0, 'Behavior': 2, 'Content': 4, 'Distribution': 0}",0.9182958340544896
511,disobey.net,$10^{1}$ to $10^{2}$ ,"{'Hate Speech': 2, 'Harassment': 2, 'NSFW': 1, 'Content Warnings': 1, 'Spam': 1, 'Automated tools': 1, 'Illegal Content': 1, 'Doxxing/ Personal Info': 2, 'Mis/Disinformation/Conspiracy': 1}","{'Action': 1, 'Behavior': 4, 'Content': 6, 'Distribution': 1}",1.6258145836939115
512,displayeurope.social,$10^{2}$ to $10^{3}$,"{'Hate Speech': 1, 'Incitement of Violence': 1, 'Harassment': 1, 'Doxxing/ Personal Info': 1, 'Mis/Disinformation/Conspiracy': 1, 'Content Warnings': 1, 'Images': 1}","{'Action': 0, 'Behavior': 2, 'Content': 5, 'Distribution': 0}",0.863120568566631
513,distant.social,$10^{1}$ to $10^{2}$ ,"{'NSFW': 1, 'Spam': 1, 'Hate Speech': 1}","{'Action': 0, 'Behavior': 0, 'Content': 2, 'Distribution': 1}",0.9182958340544896
514,divas.joburg,$10^{1}$ to $10^{2}$ ,"{'Hate Speech': 2, 'NSFW': 3, 'Content Warnings': 1, 'Images': 1, 'Illegal Content': 1, 'Spam': 2, 'Automated tools': 1, 'Doxxing/ Personal Info': 1, 'Copyright/ Piracy': 1}","{'Action': 1, 'Behavior': 1, 'Content': 8, 'Distribution': 3}",1.4885252948977485
515,diversity.kitchen,$10^{1}$ to $10^{2}$ ,"{'Hate Speech': 1, 'Content Warnings': 1, 'Images': 1, 'Advertising & Commercialization': 1, 'Automated tools': 1, 'Spam': 1, 'Reposting/Crossposting': 1}","{'Action': 1, 'Behavior': 0, 'Content': 3, 'Distribution': 3}",1.4488156357251847
516,djs.social,$10^{2}$ to $10^{3}$,"{'Hate Speech': 3, 'Doxxing/ Personal Info': 2, 'Harassment': 2, 'Dogpiling': 1, 'Mis/Disinformation/Conspiracy': 1, 'Advertising & Commercialization': 1, 'Spam': 1, 'Automated tools': 1, 'NSFW': 1, 'Content Warnings': 1, 'Illegal Content': 1}","{'Action': 1, 'Behavior': 5, 'Content': 7, 'Distribution': 2}",1.6894822670191825
517,dju.social,$10^{4}$ to $10^{5}$,"{'Illegal Content': 1, 'Content Warnings': 1, 'Images': 1, 'Hate Speech': 1}","{'Action': 0, 'Behavior': 0, 'Content': 4, 'Distribution': 0}",-0.0
518,dkm.cloud,$10^{1}$ to $10^{2}$ ,{'Illegal Content': 1},"{'Action': 0, 'Behavior': 0, 'Content': 1, 'Distribution': 0}",-0.0
519,dm824.fedicity.net,$10^{2}$ to $10^{3}$,"{'Links & Outside Content': 1, 'Images': 1, 'NSFW': 1, 'Not Applicable': 1}","{'Action': 0, 'Behavior': 0, 'Content': 3, 'Distribution': 0}",-0.0
520,dmv.community,$10^{3}$ to $10^{4}$,"{'Content Warnings': 1, 'Images': 1, 'Hate Speech': 1, 'Incitement of Violence': 1, 'Harassment': 1, 'Doxxing/ Personal Info': 1, 'Illegal Content': 1, 'Mis/Disinformation/Conspiracy': 1, 'Advertising & Commercialization': 2, 'Spam': 1, 'Copyright/ Piracy': 1}","{'Action': 0, 'Behavior': 2, 'Content': 6, 'Distribution': 4}",1.4591479170272446
521,dnsimple.social,$10^{2}$ to $10^{3}$,{'Doxxing/ Personal Info': 1},"{'Action': 0, 'Behavior': 1, 'Content': 0, 'Distribution': 0}",-0.0
522,doesstuff.social,$10^{1}$ to $10^{2}$ ,"{'Content Warnings': 1, 'Images': 1, 'Hate Speech': 1, 'Incitement of Violence': 1, 'Harassment': 1, 'Dogpiling': 1, 'Doxxing/ Personal Info': 1, 'Mis/Disinformation/Conspiracy': 1, 'Copyright/ Piracy': 1}","{'Action': 0, 'Behavior': 3, 'Content': 5, 'Distribution': 1}",1.3516441151533922
523,dogno.se,$10^{2}$ to $10^{3}$,"{'Hate Speech': 1, 'Impersonation': 1, 'Harassment': 1, 'NSFW': 1, 'Content Warnings': 1}","{'Action': 0, 'Behavior': 2, 'Content': 3, 'Distribution': 0}",0.9709505944546686
524,dogs.chat,$10^{1}$ to $10^{2}$ ,"{'Hate Speech': 3, 'Harassment': 2, 'Illegal Content': 2, 'Incitement of Violence': 1, 'Mis/Disinformation/Conspiracy': 1, 'NSFW': 1, 'Content Warnings': 1, 'Images': 1, 'Spam': 2, 'Links & Outside Content': 1, 'Advertising & Commercialization': 1, 'Impersonation': 1}","{'Action': 0, 'Behavior': 3, 'Content': 11, 'Distribution': 3}",1.2896085583481507
525,dogsports.social,$10^{2}$ to $10^{3}$,"{'Hate Speech': 2, 'Mis/Disinformation/Conspiracy': 2, 'Incitement of Violence': 1, 'Harassment': 1, 'Doxxing/ Personal Info': 1, 'Illegal Content': 1, 'NSFW': 1, 'Images': 1}","{'Action': 0, 'Behavior': 2, 'Content': 8, 'Distribution': 0}",0.7219280948873623
526,dolphinhome.net,$10^{1}$ to $10^{2}$ ,"{'Incitement of Violence': 1, 'Hate Speech': 1, 'Content Warnings': 2, 'NSFW': 3, 'Illegal Content': 5, 'Doxxing/ Personal Info': 1, 'Impersonation': 2, 'Copyright/ Piracy': 1, 'Mis/Disinformation/Conspiracy': 2, 'Images': 1, 'Spam': 1, 'Links & Outside Content': 1, 'Harassment': 1, 'Dogpiling': 1}","{'Action': 0, 'Behavior': 5, 'Content': 16, 'Distribution': 2}",1.1492297615162819
527,dommes.supremegoddesses.com,$10^{2}$ to $10^{3}$,"{'Illegal Content': 2, 'Images': 1, 'Copyright/ Piracy': 1, 'NSFW': 2, 'Incitement of Violence': 1, 'Hate Speech': 1, 'Harassment': 1, 'Links & Outside Content': 1}","{'Action': 0, 'Behavior': 1, 'Content': 8, 'Distribution': 1}",0.9219280948873623
528,don.academist.jp,$10^{1}$ to $10^{2}$ ,"{'Copyright/ Piracy': 1, 'Spam': 1, 'Hate Speech': 1, 'Harassment': 1, 'Mis/Disinformation/Conspiracy': 1}","{'Action': 0, 'Behavior': 1, 'Content': 2, 'Distribution': 2}",1.5219280948873621
529,don.haru3.me,$10^{1}$ to $10^{2}$ ,"{'Illegal Content': 1, 'Hate Speech': 1}","{'Action': 0, 'Behavior': 0, 'Content': 2, 'Distribution': 0}",-0.0
530,don.kofuk.org,$10^{1}$ to $10^{2}$ ,"{'Illegal Content': 1, 'Harassment': 1}","{'Action': 0, 'Behavior': 1, 'Content': 1, 'Distribution': 0}",1.0
531,don.nzws.me,$10^{2}$ to $10^{3}$,{'Illegal Content': 1},"{'Action': 0, 'Behavior': 0, 'Content': 1, 'Distribution': 0}",-0.0
532,don.zr23.aomori.jp,$10^{1}$ to $10^{2}$ ,"{'Illegal Content': 1, 'Hate Speech': 1, 'Harassment': 1, 'Spam': 1, 'Off-topic/topic specific': 1}","{'Action': 0, 'Behavior': 1, 'Content': 3, 'Distribution': 1}",1.3709505944546687
533,donadvr.de,$10^{1}$ to $10^{2}$ ,"{'Illegal Content': 1, 'Spam': 1, 'Automated tools': 1}","{'Action': 1, 'Behavior': 0, 'Content': 1, 'Distribution': 1}",1.584962500721156
534,donley.io,$10^{1}$ to $10^{2}$ ,{'Trolling': 1},"{'Action': 0, 'Behavior': 1, 'Content': 0, 'Distribution': 0}",-0.0
535,donphan.social,$10^{4}$ to $10^{5}$,"{'NSFW': 1, 'Content Warnings': 2, 'Copyright/ Piracy': 1, 'Advertising & Commercialization': 1, 'Spam': 1, 'Illegal Content': 1, 'Hate Speech': 1, 'Mis/Disinformation/Conspiracy': 1}","{'Action': 0, 'Behavior': 0, 'Content': 6, 'Distribution': 3}",0.9182958340544896
536,dorset.social,$10^{1}$ to $10^{2}$ ,"{'Content Warnings': 1, 'Images': 1, 'Hate Speech': 1, 'Incitement of Violence': 1, 'Harassment': 1, 'Doxxing/ Personal Info': 1, 'Illegal Content': 1, 'Mis/Disinformation/Conspiracy': 1}","{'Action': 0, 'Behavior': 2, 'Content': 6, 'Distribution': 0}",0.8112781244591328
537,dotnet.social,$10^{4}$ to $10^{5}$,"{'Hate Speech': 2, 'Harassment': 1, 'Incitement of Violence': 1, 'Off-topic/topic specific': 1, 'Impersonation': 1}","{'Action': 0, 'Behavior': 2, 'Content': 4, 'Distribution': 0}",0.9182958340544896
538,douban.city,$10^{3}$ to $10^{4}$,"{'NSFW': 4, 'Images': 2, 'Harassment': 1, 'Illegal Content': 1, 'Spam': 1, 'Content Warnings': 1}","{'Action': 0, 'Behavior': 1, 'Content': 8, 'Distribution': 1}",0.9219280948873623
539,dragons.social,$10^{1}$ to $10^{2}$ ,"{'Harassment': 3, 'Dogpiling': 2, 'Illegal Content': 3, 'Impersonation': 2, 'Advertising & Commercialization': 1, 'Spam': 1, 'Doxxing/ Personal Info': 1, 'NSFW': 1, 'Copyright/ Piracy': 2, 'Trolling': 1}","{'Action': 0, 'Behavior': 9, 'Content': 4, 'Distribution': 4}",1.468090781663233
540,dragonscave.space,$10^{3}$ to $10^{4}$,"{'Harassment': 1, 'Mis/Disinformation/Conspiracy': 1, 'Doxxing/ Personal Info': 1, 'Impersonation': 1, 'Automated tools': 1, 'Not Applicable': 1, 'Reposting/Crossposting': 1, 'NSFW': 1, 'Illegal Content': 1, 'Content Warnings': 2, 'Images': 1}","{'Action': 1, 'Behavior': 3, 'Content': 6, 'Distribution': 1}",1.6171895725927152
541,dragontavern.social,$10^{1}$ to $10^{2}$ ,"{'Illegal Content': 1, 'Hate Speech': 1, 'Harassment': 1, 'Doxxing/ Personal Info': 1}","{'Action': 0, 'Behavior': 2, 'Content': 2, 'Distribution': 0}",1.0
542,dram.group,$10^{1}$ to $10^{2}$ ,"{'Mis/Disinformation/Conspiracy': 1, 'Hate Speech': 2}","{'Action': 0, 'Behavior': 0, 'Content': 3, 'Distribution': 0}",-0.0
543,drcit.social,$10^{1}$ to $10^{2}$ ,"{'NSFW': 1, 'Images': 1, 'Hate Speech': 1, 'Incitement of Violence': 1, 'Harassment': 1, 'Dogpiling': 1, 'Doxxing/ Personal Info': 1, 'Mis/Disinformation/Conspiracy': 2, 'Copyright/ Piracy': 1}","{'Action': 0, 'Behavior': 3, 'Content': 6, 'Distribution': 1}",1.295461844238322
544,dreamers-guild.net,$10^{1}$ to $10^{2}$ ,"{'Content Warnings': 1, 'Images': 1}","{'Action': 0, 'Behavior': 0, 'Content': 2, 'Distribution': 0}",-0.0
545,dreamersreality.dev,$10^{1}$ to $10^{2}$ ,"{'Hate Speech': 2, 'Spam': 2, 'Not Applicable': 1, 'Automated tools': 2, 'Harassment': 1, 'Advertising & Commercialization': 1}","{'Action': 2, 'Behavior': 1, 'Content': 2, 'Distribution': 3}",1.9056390622295665
546,dresden.network,$10^{4}$ to $10^{5}$,"{'Harassment': 2, 'Doxxing/ Personal Info': 1, 'Mis/Disinformation/Conspiracy': 1, 'Hate Speech': 3, 'Incitement of Violence': 2, 'Dogpiling': 1, 'Advertising & Commercialization': 2, 'Spam': 2, 'NSFW': 1, 'Automated tools': 1}","{'Action': 1, 'Behavior': 4, 'Content': 7, 'Distribution': 4}",1.771782221599798
547,dresserfamily.social,$10^{1}$ to $10^{2}$ ,"{'NSFW': 1, 'Images': 1, 'Hate Speech': 1, 'Incitement of Violence': 1, 'Harassment': 1, 'Doxxing/ Personal Info': 1, 'Mis/Disinformation/Conspiracy': 1}","{'Action': 0, 'Behavior': 2, 'Content': 5, 'Distribution': 0}",0.863120568566631
548,driveinsaturday.org,$10^{1}$ to $10^{2}$ ,"{'Hate Speech': 3, 'Off-topic/topic specific': 1, 'Content Warnings': 1}","{'Action': 0, 'Behavior': 0, 'Content': 5, 'Distribution': 0}",-0.0
549,drk.network,$10^{2}$ to $10^{3}$,"{'Harassment': 1, 'Doxxing/ Personal Info': 1, 'Illegal Content': 2, 'Hate Speech': 3, 'NSFW': 2, 'Advertising & Commercialization': 1, 'Spam': 1, 'Mis/Disinformation/Conspiracy': 2, 'Incitement of Violence': 1, 'Content Warnings': 1}","{'Action': 0, 'Behavior': 2, 'Content': 11, 'Distribution': 2}",1.103307408607834
550,drk.st,$10^{1}$ to $10^{2}$ ,"{'Hate Speech': 1, 'Harassment': 1, 'Doxxing/ Personal Info': 1, 'Content Warnings': 1, 'Illegal Content': 1}","{'Action': 0, 'Behavior': 2, 'Content': 3, 'Distribution': 0}",0.9709505944546686
551,drumcorps.social,$10^{1}$ to $10^{2}$ ,"{'Harassment': 1, 'Copyright/ Piracy': 1, 'Links & Outside Content': 1, 'Images': 1}","{'Action': 0, 'Behavior': 1, 'Content': 2, 'Distribution': 1}",1.5
552,drumstodon.net,$10^{3}$ to $10^{4}$,"{'Content Warnings': 1, 'Images': 1, 'Hate Speech': 1, 'Incitement of Violence': 1, 'Harassment': 1, 'Doxxing/ Personal Info': 1, 'Mis/Disinformation/Conspiracy': 1, 'Copyright/ Piracy': 1, 'Advertising & Commercialization': 1}","{'Action': 0, 'Behavior': 2, 'Content': 5, 'Distribution': 2}",1.4355205042826666
553,drupal.community,$10^{3}$ to $10^{4}$,"{'Illegal Content': 1, 'Incitement of Violence': 1, 'Hate Speech': 8}","{'Action': 0, 'Behavior': 0, 'Content': 10, 'Distribution': 0}",-0.0
554,dsj-toot.com,$10^{2}$ to $10^{3}$,"{'Harassment': 1, 'Hate Speech': 1}","{'Action': 0, 'Behavior': 1, 'Content': 1, 'Distribution': 0}",1.0
555,du.capricom.info,$10^{3}$ to $10^{4}$,"{'Incitement of Violence': 1, 'Reposting/Crossposting': 1, 'Doxxing/ Personal Info': 1, 'Harassment': 1, 'Hate Speech': 1, 'NSFW': 2, 'Content Warnings': 1, 'Images': 2}","{'Action': 0, 'Behavior': 2, 'Content': 7, 'Distribution': 1}",1.1567796494470395
556,duisburg.social,$10^{1}$ to $10^{2}$ ,"{'Content Warnings': 1, 'Images': 1, 'Hate Speech': 1, 'Incitement of Violence': 1, 'Harassment': 1, 'Doxxing/ Personal Info': 1, 'Mis/Disinformation/Conspiracy': 1}","{'Action': 0, 'Behavior': 2, 'Content': 5, 'Distribution': 0}",0.863120568566631
557,dumbfuckingweb.site,$10^{1}$ to $10^{2}$ ,"{'Illegal Content': 1, 'Hate Speech': 1}","{'Action': 0, 'Behavior': 0, 'Content': 2, 'Distribution': 0}",-0.0
558,dungeons.social,$10^{1}$ to $10^{2}$ ,"{'Content Warnings': 1, 'Images': 1, 'Hate Speech': 1, 'Incitement of Violence': 1, 'Harassment': 1, 'Doxxing/ Personal Info': 1, 'Illegal Content': 1, 'Mis/Disinformation/Conspiracy': 1}","{'Action': 0, 'Behavior': 2, 'Content': 6, 'Distribution': 0}",0.8112781244591328
559,durdle.social,$10^{1}$ to $10^{2}$ ,"{'Content Warnings': 1, 'Images': 1, 'Hate Speech': 1, 'Incitement of Violence': 1, 'Harassment': 1, 'Doxxing/ Personal Info': 1, 'Mis/Disinformation/Conspiracy': 1}","{'Action': 0, 'Behavior': 2, 'Content': 5, 'Distribution': 0}",0.863120568566631
560,dustbuster.club,$10^{2}$ to $10^{3}$,"{'Hate Speech': 1, 'Advertising & Commercialization': 1, 'Spam': 1, 'Harassment': 1, 'Not Applicable': 1, 'Links & Outside Content': 1}","{'Action': 0, 'Behavior': 1, 'Content': 2, 'Distribution': 2}",1.5219280948873621
561,dz.social,$10^{2}$ to $10^{3}$,"{'Hate Speech': 2, 'Harassment': 1, 'Dogpiling': 1, 'Illegal Content': 1, 'Automated tools': 1, 'Mis/Disinformation/Conspiracy': 1, 'Content Warnings': 1, 'Incitement of Violence': 1, 'Images': 1, 'Links & Outside Content': 1}","{'Action': 1, 'Behavior': 2, 'Content': 8, 'Distribution': 0}",1.0957952550009336
562,e.fo,$10^{3}$ to $10^{4}$,{'Illegal Content': 1},"{'Action': 0, 'Behavior': 0, 'Content': 1, 'Distribution': 0}",-0.0
563,earthstream.social,$10^{4}$ to $10^{5}$,"{'NSFW': 1, 'Images': 1, 'Hate Speech': 1, 'Incitement of Violence': 1, 'Harassment': 1, 'Doxxing/ Personal Info': 1, 'Illegal Content': 1, 'Mis/Disinformation/Conspiracy': 1}","{'Action': 0, 'Behavior': 2, 'Content': 6, 'Distribution': 0}",0.8112781244591328
564,easttexas.social,$10^{1}$ to $10^{2}$ ,"{'NSFW': 1, 'Content Warnings': 1}","{'Action': 0, 'Behavior': 0, 'Content': 2, 'Distribution': 0}",-0.0
565,eattra.sh,$10^{1}$ to $10^{2}$ ,"{'Hate Speech': 2, 'Illegal Content': 1, 'Incitement of Violence': 1}","{'Action': 0, 'Behavior': 0, 'Content': 4, 'Distribution': 0}",-0.0
566,echoes.stolen.day,$10^{1}$ to $10^{2}$ ,{'Spam': 1},"{'Action': 0, 'Behavior': 0, 'Content': 0, 'Distribution': 1}",-0.0
567,ecoevo.social,$10^{4}$ to $10^{5}$,"{'NSFW': 1, 'Images': 1, 'Hate Speech': 1, 'Incitement of Violence': 1, 'Harassment': 1, 'Doxxing/ Personal Info': 1, 'Illegal Content': 1, 'Mis/Disinformation/Conspiracy': 1}","{'Action': 0, 'Behavior': 2, 'Content': 6, 'Distribution': 0}",0.8112781244591328
568,ecologie.social,$10^{3}$ to $10^{4}$,"{'Illegal Content': 1, 'NSFW': 1, 'Images': 2, 'Advertising & Commercialization': 1, 'Spam': 1, 'Harassment': 3, 'Off-topic/topic specific': 1, 'Hate Speech': 3, 'Doxxing/ Personal Info': 2, 'Mis/Disinformation/Conspiracy': 1}","{'Action': 0, 'Behavior': 5, 'Content': 9, 'Distribution': 2}",1.3663146570363986
569,econtwitter.net,$10^{4}$ to $10^{5}$,"{'Content Warnings': 1, 'Images': 1, 'Hate Speech': 1, 'Incitement of Violence': 1, 'Harassment': 1, 'Doxxing/ Personal Info': 1, 'Mis/Disinformation/Conspiracy': 1}","{'Action': 0, 'Behavior': 2, 'Content': 5, 'Distribution': 0}",0.863120568566631
570,edafe.social,$10^{1}$ to $10^{2}$ ,"{'Hate Speech': 1, 'Incitement of Violence': 1, 'Harassment': 1, 'Doxxing/ Personal Info': 1, 'Mis/Disinformation/Conspiracy': 1, 'Content Warnings': 1, 'Images': 1}","{'Action': 0, 'Behavior': 2, 'Content': 5, 'Distribution': 0}",0.863120568566631
571,edumasto.org,$10^{3}$ to $10^{4}$,{'Off-topic/topic specific': 1},"{'Action': 0, 'Behavior': 0, 'Content': 1, 'Distribution': 0}",-0.0
572,eduresearch.social,$10^{2}$ to $10^{3}$,"{'Harassment': 2, 'Doxxing/ Personal Info': 1, 'Hate Speech': 1}","{'Action': 0, 'Behavior': 3, 'Content': 1, 'Distribution': 0}",0.8112781244591328
573,eepy.life,$10^{1}$ to $10^{2}$ ,{'Hate Speech': 1},"{'Action': 0, 'Behavior': 0, 'Content': 1, 'Distribution': 0}",-0.0
574,eggplant.social,$10^{3}$ to $10^{4}$,"{'Content Warnings': 1, 'Images': 1, 'Hate Speech': 1, 'Incitement of Violence': 1, 'Harassment': 1, 'Doxxing/ Personal Info': 1, 'Illegal Content': 1, 'Not Applicable': 1, 'Reposting/Crossposting': 1}","{'Action': 0, 'Behavior': 2, 'Content': 5, 'Distribution': 1}",1.2987949406953985
575,egirl.social,$10^{1}$ to $10^{2}$ ,"{'Hate Speech': 1, 'Harassment': 1, 'Mis/Disinformation/Conspiracy': 1, 'Advertising & Commercialization': 1, 'Reposting/Crossposting': 1, 'Links & Outside Content': 1}","{'Action': 0, 'Behavior': 1, 'Content': 3, 'Distribution': 2}",1.4591479170272446
576,ehr.scot,$10^{2}$ to $10^{3}$,"{'NSFW': 1, 'Links & Outside Content': 2, 'Doxxing/ Personal Info': 1, 'Mis/Disinformation/Conspiracy': 1, 'Copyright/ Piracy': 1, 'Advertising & Commercialization': 1, 'Spam': 1, 'Hate Speech': 2, 'Harassment': 1, 'Content Warnings': 1}","{'Action': 0, 'Behavior': 2, 'Content': 7, 'Distribution': 3}",1.384431504340598
577,eightpoint.app,$10^{3}$ to $10^{4}$,"{'Hate Speech': 2, 'Trolling': 1, 'Off-topic/topic specific': 1, 'NSFW': 2, 'Content Warnings': 1, 'Illegal Content': 1}","{'Action': 0, 'Behavior': 1, 'Content': 7, 'Distribution': 0}",0.5435644431995964
578,einbeck.social,$10^{2}$ to $10^{3}$,"{'Hate Speech': 1, 'Illegal Content': 1, 'Harassment': 1}","{'Action': 0, 'Behavior': 1, 'Content': 2, 'Distribution': 0}",0.9182958340544896
579,eita.club,$10^{2}$ to $10^{3}$,"{'Trolling': 1, 'Hate Speech': 2, 'Mis/Disinformation/Conspiracy': 1, 'Harassment': 1, 'Doxxing/ Personal Info': 1, 'Spam': 1, 'Advertising & Commercialization': 1, 'Incitement of Violence': 1, 'Images': 2, 'Copyright/ Piracy': 1}","{'Action': 0, 'Behavior': 3, 'Content': 6, 'Distribution': 3}",1.5
580,el5.net,$10^{2}$ to $10^{3}$,"{'Hate Speech': 3, 'Trolling': 1, 'Harassment': 1, 'NSFW': 2, 'Content Warnings': 1, 'Illegal Content': 2, 'Not Applicable': 1, 'Automated tools': 2, 'Impersonation': 1, 'Advertising & Commercialization': 3, 'Mis/Disinformation/Conspiracy': 1, 'Spam': 1, 'Copyright/ Piracy': 2}","{'Action': 2, 'Behavior': 3, 'Content': 9, 'Distribution': 6}",1.7822287189138017
581,elb.cloud,$10^{1}$ to $10^{2}$ ,"{'Hate Speech': 2, 'Mis/Disinformation/Conspiracy': 1}","{'Action': 0, 'Behavior': 0, 'Content': 3, 'Distribution': 0}",-0.0
582,elbereth.xyz,$10^{1}$ to $10^{2}$ ,{'Hate Speech': 1},"{'Action': 0, 'Behavior': 0, 'Content': 1, 'Distribution': 0}",-0.0
583,elcofre.social,$10^{2}$ to $10^{3}$,"{'Incitement of Violence': 1, 'Hate Speech': 1, 'Harassment': 1}","{'Action': 0, 'Behavior': 1, 'Content': 2, 'Distribution': 0}",0.9182958340544896
584,electron.ninja,$10^{1}$ to $10^{2}$ ,"{'NSFW': 1, 'Illegal Content': 1}","{'Action': 0, 'Behavior': 0, 'Content': 2, 'Distribution': 0}",-0.0
585,electroverse.tech,$10^{3}$ to $10^{4}$,"{'Hate Speech': 1, 'NSFW': 1, 'Harassment': 1, 'Illegal Content': 1}","{'Action': 0, 'Behavior': 1, 'Content': 3, 'Distribution': 0}",0.8112781244591328
586,elefanti.co,$10^{1}$ to $10^{2}$ ,"{'Content Warnings': 1, 'Images': 1, 'Hate Speech': 1, 'Incitement of Violence': 1, 'Harassment': 1, 'Doxxing/ Personal Info': 1, 'Mis/Disinformation/Conspiracy': 1}","{'Action': 0, 'Behavior': 2, 'Content': 5, 'Distribution': 0}",0.863120568566631
587,elephant.crime.group,$10^{1}$ to $10^{2}$ ,{'Hate Speech': 2},"{'Action': 0, 'Behavior': 0, 'Content': 2, 'Distribution': 0}",-0.0
588,eletusk.club,$10^{4}$ to $10^{5}$,{'Spam': 1},"{'Action': 0, 'Behavior': 0, 'Content': 0, 'Distribution': 1}",-0.0
589,elevenjpnxi.hostdon.ne.jp,$10^{1}$ to $10^{2}$ ,"{'Hate Speech': 2, 'NSFW': 1, 'Off-topic/topic specific': 1}","{'Action': 0, 'Behavior': 0, 'Content': 4, 'Distribution': 0}",-0.0
590,eliitin-some.fi,$10^{3}$ to $10^{4}$,{'Hate Speech': 2},"{'Action': 0, 'Behavior': 0, 'Content': 2, 'Distribution': 0}",-0.0
591,ellis.social,$10^{2}$ to $10^{3}$,"{'Hate Speech': 1, 'NSFW': 1, 'Images': 1, 'Harassment': 1, 'Doxxing/ Personal Info': 1, 'Mis/Disinformation/Conspiracy': 1, 'Advertising & Commercialization': 1, 'Spam': 1}","{'Action': 0, 'Behavior': 2, 'Content': 4, 'Distribution': 2}",1.5
592,elonsucks.org,$10^{3}$ to $10^{4}$,"{'Content Warnings': 1, 'Images': 1, 'Hate Speech': 1, 'Incitement of Violence': 1, 'Harassment': 1, 'Doxxing/ Personal Info': 1, 'Illegal Content': 1, 'Mis/Disinformation/Conspiracy': 1}","{'Action': 0, 'Behavior': 2, 'Content': 6, 'Distribution': 0}",0.8112781244591328
593,emacs.ch,$10^{4}$ to $10^{5}$,"{'Off-topic/topic specific': 2, 'Incitement of Violence': 1, 'Hate Speech': 1, 'Content Warnings': 3, 'NSFW': 1, 'Illegal Content': 1, 'Automated tools': 1, 'Links & Outside Content': 1, 'Advertising & Commercialization': 1}","{'Action': 1, 'Behavior': 0, 'Content': 10, 'Distribution': 1}",0.8166890883150209
594,emeraldsocial.org,$10^{2}$ to $10^{3}$,"{'Hate Speech': 1, 'Mis/Disinformation/Conspiracy': 1, 'Images': 2, 'Doxxing/ Personal Info': 1, 'Off-topic/topic specific': 1, 'Spam': 1, 'NSFW': 1, 'Content Warnings': 1}","{'Action': 0, 'Behavior': 1, 'Content': 7, 'Distribution': 1}",0.9864267287308424
595,emergencyalerts.app,$10^{1}$ to $10^{2}$ ,"{'Harassment': 2, 'Off-topic/topic specific': 1}","{'Action': 0, 'Behavior': 2, 'Content': 1, 'Distribution': 0}",0.9182958340544896
596,emsdetten.mastodon.info,$10^{1}$ to $10^{2}$ ,"{'Harassment': 1, 'Doxxing/ Personal Info': 1, 'Hate Speech': 3, 'Illegal Content': 2, 'Incitement of Violence': 2, 'NSFW': 2, 'Images': 1, 'Automated tools': 1, 'Advertising & Commercialization': 1, 'Spam': 1}","{'Action': 1, 'Behavior': 2, 'Content': 10, 'Distribution': 2}",1.4256051990169436
597,emu.social,$10^{1}$ to $10^{2}$ ,{'Hate Speech': 2},"{'Action': 0, 'Behavior': 0, 'Content': 2, 'Distribution': 0}",-0.0
598,end0.ru,$10^{1}$ to $10^{2}$ ,{'Illegal Content': 1},"{'Action': 0, 'Behavior': 0, 'Content': 1, 'Distribution': 0}",-0.0
599,endtimebelievers.com,$10^{1}$ to $10^{2}$ ,"{'Advertising & Commercialization': 1, 'Spam': 1}","{'Action': 0, 'Behavior': 0, 'Content': 0, 'Distribution': 2}",-0.0
600,endurance.racing,$10^{1}$ to $10^{2}$ ,"{'NSFW': 1, 'Images': 1, 'Hate Speech': 1, 'Incitement of Violence': 1, 'Harassment': 1, 'Dogpiling': 1, 'Doxxing/ Personal Info': 1, 'Mis/Disinformation/Conspiracy': 1, 'Automated tools': 1, 'Illegal Content': 1}","{'Action': 1, 'Behavior': 3, 'Content': 6, 'Distribution': 0}",1.295461844238322
601,entrepreneurlibre.org,$10^{2}$ to $10^{3}$,"{'Harassment': 2, 'Doxxing/ Personal Info': 1, 'Hate Speech': 3, 'Mis/Disinformation/Conspiracy': 1, 'Advertising & Commercialization': 3, 'Not Applicable': 1, 'Spam': 2, 'Links & Outside Content': 1, 'Impersonation': 1, 'Automated tools': 1, 'Reposting/Crossposting': 1, 'NSFW': 2, 'Content Warnings': 3, 'Images': 1, 'Illegal Content': 1, 'Incitement of Violence': 1}","{'Action': 1, 'Behavior': 4, 'Content': 13, 'Distribution': 6}",1.600983694881109
602,environmentalists.social,$10^{1}$ to $10^{2}$ ,"{'Spam': 1, 'Hate Speech': 1, 'Mis/Disinformation/Conspiracy': 1, 'Harassment': 2, 'Copyright/ Piracy': 1, 'Images': 1, 'Off-topic/topic specific': 2, 'Illegal Content': 1, 'Doxxing/ Personal Info': 2, 'Impersonation': 1, 'Not Applicable': 1}","{'Action': 0, 'Behavior': 5, 'Content': 6, 'Distribution': 2}",1.4604846813131116
603,eozygodon.com,$10^{1}$ to $10^{2}$ ,"{'Content Warnings': 2, 'Hate Speech': 2, 'Images': 2, 'Illegal Content': 1, 'NSFW': 1, 'Automated tools': 1, 'Reposting/Crossposting': 1, 'Off-topic/topic specific': 2, 'Impersonation': 1, 'Not Applicable': 1, 'Spam': 2}","{'Action': 1, 'Behavior': 1, 'Content': 10, 'Distribution': 3}",1.3752793655393791
604,epicure.social,$10^{3}$ to $10^{4}$,"{'Hate Speech': 1, 'Harassment': 1, 'Advertising & Commercialization': 1, 'Impersonation': 1, 'Spam': 1, 'Illegal Content': 1}","{'Action': 0, 'Behavior': 2, 'Content': 2, 'Distribution': 2}",1.584962500721156
605,episcodon.net,$10^{3}$ to $10^{4}$,"{'Hate Speech': 1, 'Advertising & Commercialization': 1, 'Spam': 1, 'Mis/Disinformation/Conspiracy': 2, 'Harassment': 1, 'NSFW': 1, 'Illegal Content': 2, 'Incitement of Violence': 1, 'Not Applicable': 1, 'Automated tools': 1}","{'Action': 1, 'Behavior': 1, 'Content': 7, 'Distribution': 2}",1.4911148500551854
606,eponaauthor.social,$10^{2}$ to $10^{3}$,"{'Hate Speech': 1, 'Harassment': 1, 'Spam': 1, 'Off-topic/topic specific': 1, 'Content Warnings': 1, 'Links & Outside Content': 1, 'Advertising & Commercialization': 1}","{'Action': 0, 'Behavior': 1, 'Content': 4, 'Distribution': 2}",1.3787834934861753
607,equel.social,$10^{3}$ to $10^{4}$,"{'NSFW': 1, 'Spam': 1, 'Off-topic/topic specific': 1, 'Incitement of Violence': 1, 'Mis/Disinformation/Conspiracy': 1, 'Illegal Content': 1, 'Hate Speech': 1, 'Harassment': 1}","{'Action': 0, 'Behavior': 1, 'Content': 6, 'Distribution': 1}",1.061278124459133
608,equestria.social,$10^{4}$ to $10^{5}$,"{'Illegal Content': 1, 'Links & Outside Content': 1, 'Hate Speech': 2, 'Harassment': 2, 'Spam': 1, 'Trolling': 1, 'Advertising & Commercialization': 1, 'Not Applicable': 1, 'Automated tools': 1, 'NSFW': 1, 'Content Warnings': 1, 'Impersonation': 1, 'Copyright/ Piracy': 1, 'Images': 1, 'Incitement of Violence': 1, 'Mis/Disinformation/Conspiracy': 1}","{'Action': 1, 'Behavior': 4, 'Content': 9, 'Distribution': 3}",1.6589797521242051
609,erotica.social,$10^{2}$ to $10^{3}$,"{'NSFW': 3, 'Illegal Content': 1, 'Links & Outside Content': 1, 'Content Warnings': 1, 'Images': 1, 'Doxxing/ Personal Info': 1, 'Hate Speech': 1, 'Spam': 1}","{'Action': 0, 'Behavior': 1, 'Content': 8, 'Distribution': 1}",0.9219280948873623
610,ertona.net,$10^{1}$ to $10^{2}$ ,{'Illegal Content': 1},"{'Action': 0, 'Behavior': 0, 'Content': 1, 'Distribution': 0}",-0.0
611,esoteric.party,$10^{2}$ to $10^{3}$,"{'Hate Speech': 1, 'Harassment': 1, 'Doxxing/ Personal Info': 1, 'Incitement of Violence': 1, 'Content Warnings': 1, 'Images': 1, 'Illegal Content': 1, 'Advertising & Commercialization': 1, 'Spam': 1, 'Mis/Disinformation/Conspiracy': 1}","{'Action': 0, 'Behavior': 2, 'Content': 6, 'Distribution': 2}",1.3709505944546687
612,esper.lol,$10^{2}$ to $10^{3}$,"{'Illegal Content': 4, 'NSFW': 3, 'Content Warnings': 1, 'Harassment': 1, 'Doxxing/ Personal Info': 1, 'Advertising & Commercialization': 1, 'Spam': 2, 'Hate Speech': 1, 'Links & Outside Content': 1, 'Copyright/ Piracy': 1, 'Automated tools': 1}","{'Action': 1, 'Behavior': 2, 'Content': 10, 'Distribution': 4}",1.5451521971989497
613,esq.social,$10^{3}$ to $10^{4}$,"{'Hate Speech': 2, 'Harassment': 1}","{'Action': 0, 'Behavior': 1, 'Content': 2, 'Distribution': 0}",0.9182958340544896
614,est.social,$10^{4}$ to $10^{5}$,"{'Advertising & Commercialization': 1, 'Spam': 1, 'Harassment': 1, 'Doxxing/ Personal Info': 1, 'Hate Speech': 3, 'Incitement of Violence': 2, 'NSFW': 1, 'Content Warnings': 1, 'Copyright/ Piracy': 1, 'Mis/Disinformation/Conspiracy': 1, 'Illegal Content': 1}","{'Action': 0, 'Behavior': 2, 'Content': 9, 'Distribution': 3}",1.287054028118727
615,estrogen.cat,$10^{1}$ to $10^{2}$ ,{'Hate Speech': 1},"{'Action': 0, 'Behavior': 0, 'Content': 1, 'Distribution': 0}",-0.0
616,estrogen.gg,$10^{2}$ to $10^{3}$,"{'Hate Speech': 1, 'Off-topic/topic specific': 1, 'Doxxing/ Personal Info': 1, 'Advertising & Commercialization': 1, 'Spam': 1, 'Links & Outside Content': 1, 'NSFW': 1, 'Content Warnings': 1}","{'Action': 0, 'Behavior': 1, 'Content': 5, 'Distribution': 2}",1.2987949406953985
617,etc.passwd.org,$10^{1}$ to $10^{2}$ ,"{'NSFW': 1, 'Incitement of Violence': 2, 'Advertising & Commercialization': 1, 'Spam': 1, 'Hate Speech': 1, 'Harassment': 1, 'Doxxing/ Personal Info': 1, 'Illegal Content': 1}","{'Action': 0, 'Behavior': 2, 'Content': 5, 'Distribution': 2}",1.4355205042826666
618,etw.uk,$10^{2}$ to $10^{3}$,"{'Content Warnings': 1, 'Images': 1, 'Hate Speech': 1, 'Incitement of Violence': 1, 'Harassment': 1, 'Doxxing/ Personal Info': 1, 'Illegal Content': 1}","{'Action': 0, 'Behavior': 2, 'Content': 5, 'Distribution': 0}",0.863120568566631
619,eu.mastodon.green,$10^{2}$ to $10^{3}$,"{'Advertising & Commercialization': 1, 'NSFW': 1, 'Images': 1, 'Incitement of Violence': 1, 'Mis/Disinformation/Conspiracy': 1, 'Hate Speech': 1, 'Harassment': 1, 'Doxxing/ Personal Info': 1, 'Illegal Content': 1}","{'Action': 0, 'Behavior': 2, 'Content': 6, 'Distribution': 1}",1.224394445405986
620,euproject.info,$10^{1}$ to $10^{2}$ ,"{'Hate Speech': 1, 'Harassment': 1, 'Doxxing/ Personal Info': 1, 'Mis/Disinformation/Conspiracy': 1, 'NSFW': 1, 'Images': 1, 'Incitement of Violence': 1}","{'Action': 0, 'Behavior': 2, 'Content': 5, 'Distribution': 0}",0.863120568566631
621,evilmeow.com,$10^{1}$ to $10^{2}$ ,"{'Images': 1, 'Hate Speech': 1, 'Incitement of Violence': 1, 'Harassment': 1, 'Doxxing/ Personal Info': 1, 'Illegal Content': 1}","{'Action': 0, 'Behavior': 2, 'Content': 4, 'Distribution': 0}",0.9182958340544896
622,eworld.social,$10^{1}$ to $10^{2}$ ,{'Harassment': 1},"{'Action': 0, 'Behavior': 1, 'Content': 0, 'Distribution': 0}",-0.0
623,exile.social,$10^{1}$ to $10^{2}$ ,"{'Content Warnings': 1, 'Images': 1, 'Advertising & Commercialization': 1, 'Spam': 1, 'Hate Speech': 1, 'Incitement of Violence': 1, 'Harassment': 1, 'Doxxing/ Personal Info': 1, 'Illegal Content': 1}","{'Action': 0, 'Behavior': 2, 'Content': 5, 'Distribution': 2}",1.4355205042826666
624,exito.social,$10^{1}$ to $10^{2}$ ,"{'Illegal Content': 1, 'Incitement of Violence': 1, 'Harassment': 1, 'Hate Speech': 1, 'Content Warnings': 1}","{'Action': 0, 'Behavior': 1, 'Content': 4, 'Distribution': 0}",0.7219280948873623
625,exoticsatlarge.apes.org.uk,$10^{1}$ to $10^{2}$ ,"{'Doxxing/ Personal Info': 1, 'Images': 1, 'Spam': 1, 'Links & Outside Content': 1, 'Off-topic/topic specific': 1}","{'Action': 0, 'Behavior': 1, 'Content': 3, 'Distribution': 1}",1.3709505944546687
626,expressional.social,$10^{4}$ to $10^{5}$,"{'Incitement of Violence': 1, 'Hate Speech': 7, 'Illegal Content': 1, 'Advertising & Commercialization': 2, 'Spam': 2}","{'Action': 0, 'Behavior': 0, 'Content': 9, 'Distribution': 4}",0.8904916402194913
627,exquisite.social,$10^{2}$ to $10^{3}$,"{'Impersonation': 1, 'Not Applicable': 1, 'Images': 1, 'Doxxing/ Personal Info': 2, 'Content Warnings': 1, 'Incitement of Violence': 1, 'Hate Speech': 1, 'Dogpiling': 1, 'Illegal Content': 1, 'Spam': 1, 'Harassment': 1}","{'Action': 0, 'Behavior': 5, 'Content': 5, 'Distribution': 1}",1.3485878960124222
628,extraordinarygeeks.social,$10^{1}$ to $10^{2}$ ,"{'Content Warnings': 1, 'Images': 1, 'Hate Speech': 1, 'Incitement of Violence': 1, 'Harassment': 1, 'Doxxing/ Personal Info': 1, 'Illegal Content': 1, 'Advertising & Commercialization': 1, 'Spam': 1}","{'Action': 0, 'Behavior': 2, 'Content': 5, 'Distribution': 2}",1.4355205042826666
629,ezdog.org,$10^{1}$ to $10^{2}$ ,"{'Harassment': 1, 'Trolling': 1}","{'Action': 0, 'Behavior': 2, 'Content': 0, 'Distribution': 0}",-0.0
630,ezone.fun,$10^{1}$ to $10^{2}$ ,"{'NSFW': 1, 'Hate Speech': 1}","{'Action': 0, 'Behavior': 0, 'Content': 2, 'Distribution': 0}",-0.0
631,f-ckendehoelle.de,$10^{2}$ to $10^{3}$,{'Off-topic/topic specific': 1},"{'Action': 0, 'Behavior': 0, 'Content': 1, 'Distribution': 0}",-0.0
632,f.freinetz.ch,$10^{2}$ to $10^{3}$,"{'Illegal Content': 2, 'Not Applicable': 1, 'Advertising & Commercialization': 2, 'Spam': 2, 'Hate Speech': 1, 'Mis/Disinformation/Conspiracy': 1, 'Copyright/ Piracy': 4}","{'Action': 0, 'Behavior': 0, 'Content': 4, 'Distribution': 8}",0.9182958340544896
633,fairpoints.social,$10^{2}$ to $10^{3}$,{'Links & Outside Content': 1},"{'Action': 0, 'Behavior': 0, 'Content': 1, 'Distribution': 0}",-0.0
634,faith.2pp.uk,$10^{1}$ to $10^{2}$ ,"{'Advertising & Commercialization': 1, 'Spam': 1, 'Hate Speech': 1}","{'Action': 0, 'Behavior': 0, 'Content': 1, 'Distribution': 2}",0.9182958340544896
635,faithcollapsing.com,$10^{1}$ to $10^{2}$ ,{'Hate Speech': 1},"{'Action': 0, 'Behavior': 0, 'Content': 1, 'Distribution': 0}",-0.0
636,falk.cafe,$10^{1}$ to $10^{2}$ ,"{'Harassment': 1, 'NSFW': 1, 'Illegal Content': 1, 'Hate Speech': 1}","{'Action': 0, 'Behavior': 1, 'Content': 3, 'Distribution': 0}",0.8112781244591328
637,famichiki.jp,$10^{4}$ to $10^{5}$,"{'Hate Speech': 1, 'Trolling': 1, 'NSFW': 2, 'Content Warnings': 1, 'Incitement of Violence': 1, 'Images': 1, 'Advertising & Commercialization': 1, 'Spam': 1, 'Automated tools': 1, 'Illegal Content': 2}","{'Action': 1, 'Behavior': 1, 'Content': 8, 'Distribution': 2}",1.4182958340544896
638,famline.ru,$10^{1}$ to $10^{2}$ ,"{'NSFW': 1, 'Content Warnings': 1, 'Images': 1, 'Hate Speech': 1, 'Incitement of Violence': 1, 'Harassment': 1, 'Doxxing/ Personal Info': 1, 'Illegal Content': 1, 'Mis/Disinformation/Conspiracy': 1}","{'Action': 0, 'Behavior': 2, 'Content': 7, 'Distribution': 0}",0.7642045065086203
639,fandom.garden,$10^{3}$ to $10^{4}$,"{'Hate Speech': 1, 'Harassment': 1, 'Content Warnings': 2, 'NSFW': 1, 'Illegal Content': 1, 'Doxxing/ Personal Info': 1, 'Reposting/Crossposting': 2, 'Copyright/ Piracy': 1, 'Advertising & Commercialization': 1, 'Automated tools': 1}","{'Action': 1, 'Behavior': 2, 'Content': 5, 'Distribution': 4}",1.7841591278514217
640,fandom.ink,$10^{4}$ to $10^{5}$,"{'Illegal Content': 1, 'Hate Speech': 1, 'Harassment': 1, 'Automated tools': 1, 'Not Applicable': 1, 'Reposting/Crossposting': 2, 'NSFW': 1, 'Trolling': 1, 'Off-topic/topic specific': 1, 'Links & Outside Content': 1}","{'Action': 1, 'Behavior': 2, 'Content': 5, 'Distribution': 2}",1.7609640474436812
641,fandomonium.space,$10^{2}$ to $10^{3}$,"{'Hate Speech': 1, 'Harassment': 1, 'NSFW': 2, 'Images': 2, 'Content Warnings': 1}","{'Action': 0, 'Behavior': 1, 'Content': 6, 'Distribution': 0}",0.5916727785823275
642,fanfare.horse,$10^{3}$ to $10^{4}$,{'Off-topic/topic specific': 1},"{'Action': 0, 'Behavior': 0, 'Content': 1, 'Distribution': 0}",-0.0
643,fanscannabis.club,$10^{1}$ to $10^{2}$ ,"{'Incitement of Violence': 1, 'Hate Speech': 1, 'Harassment': 1, 'Spam': 1, 'Automated tools': 1, 'NSFW': 1, 'Illegal Content': 2, 'Mis/Disinformation/Conspiracy': 1}","{'Action': 1, 'Behavior': 1, 'Content': 6, 'Distribution': 1}",1.4466166676282082
644,fantastic.earth,$10^{2}$ to $10^{3}$,"{'Hate Speech': 1, 'Harassment': 1, 'Illegal Content': 1}","{'Action': 0, 'Behavior': 1, 'Content': 2, 'Distribution': 0}",0.9182958340544896
645,fantasyhockey.social,$10^{1}$ to $10^{2}$ ,"{'Content Warnings': 1, 'Images': 1, 'Hate Speech': 1, 'Incitement of Violence': 1, 'Harassment': 1, 'Doxxing/ Personal Info': 1, 'Illegal Content': 1}","{'Action': 0, 'Behavior': 2, 'Content': 5, 'Distribution': 0}",0.863120568566631
646,farmgarden.nora.social,$10^{2}$ to $10^{3}$,"{'Off-topic/topic specific': 1, 'Illegal Content': 1, 'Hate Speech': 1, 'Harassment': 1, 'Spam': 1}","{'Action': 0, 'Behavior': 1, 'Content': 3, 'Distribution': 1}",1.3709505944546687
647,fashionsocial.host,$10^{3}$ to $10^{4}$,{'Hate Speech': 1},"{'Action': 0, 'Behavior': 0, 'Content': 1, 'Distribution': 0}",-0.0
648,fashionviz.xyz,$10^{1}$ to $10^{2}$ ,{'Hate Speech': 1},"{'Action': 0, 'Behavior': 0, 'Content': 1, 'Distribution': 0}",-0.0
649,fasol.org,$10^{1}$ to $10^{2}$ ,"{'Mis/Disinformation/Conspiracy': 1, 'Hate Speech': 2, 'Harassment': 1, 'Illegal Content': 1}","{'Action': 0, 'Behavior': 1, 'Content': 4, 'Distribution': 0}",0.7219280948873623
650,fastly.social,$10^{1}$ to $10^{2}$ ,"{'Harassment': 1, 'Copyright/ Piracy': 1}","{'Action': 0, 'Behavior': 1, 'Content': 0, 'Distribution': 1}",1.0
651,fatlads.lol,$10^{1}$ to $10^{2}$ ,"{'Illegal Content': 1, 'Hate Speech': 1, 'Content Warnings': 1, 'Incitement of Violence': 1}","{'Action': 0, 'Behavior': 0, 'Content': 4, 'Distribution': 0}",-0.0
652,fault.stsecurity.moe,$10^{3}$ to $10^{4}$,"{'Hate Speech': 1, 'Harassment': 1, 'Content Warnings': 1, 'Copyright/ Piracy': 1, 'Doxxing/ Personal Info': 1}","{'Action': 0, 'Behavior': 2, 'Content': 2, 'Distribution': 1}",1.5219280948873621
653,fax.social,$10^{1}$ to $10^{2}$ ,"{'Images': 1, 'Hate Speech': 1, 'Incitement of Violence': 1, 'Harassment': 1, 'Doxxing/ Personal Info': 1, 'Illegal Content': 1, 'Mis/Disinformation/Conspiracy': 1}","{'Action': 0, 'Behavior': 2, 'Content': 5, 'Distribution': 0}",0.863120568566631
654,fb.paulgeanta.com,$10^{1}$ to $10^{2}$ ,{'Illegal Content': 1},"{'Action': 0, 'Behavior': 0, 'Content': 1, 'Distribution': 0}",-0.0
655,fckmsk.social,$10^{1}$ to $10^{2}$ ,"{'Hate Speech': 2, 'Harassment': 2, 'Off-topic/topic specific': 1, 'Advertising & Commercialization': 1, 'Spam': 1, 'Content Warnings': 1, 'Doxxing/ Personal Info': 1, 'Mis/Disinformation/Conspiracy': 1}","{'Action': 0, 'Behavior': 3, 'Content': 5, 'Distribution': 2}",1.4854752972273344
656,fed.graycyg.net,$10^{1}$ to $10^{2}$ ,{'Copyright/ Piracy': 1},"{'Action': 0, 'Behavior': 0, 'Content': 0, 'Distribution': 1}",-0.0
657,fed.jpegs.forsale,$10^{1}$ to $10^{2}$ ,{'Hate Speech': 1},"{'Action': 0, 'Behavior': 0, 'Content': 1, 'Distribution': 0}",-0.0
658,fed.sfl.pro.br,$10^{1}$ to $10^{2}$ ,"{'Illegal Content': 1, 'Content Warnings': 1, 'Hate Speech': 1}","{'Action': 0, 'Behavior': 0, 'Content': 3, 'Distribution': 0}",-0.0
659,federate.blogpocket.com,$10^{1}$ to $10^{2}$ ,"{'Hate Speech': 2, 'Harassment': 2}","{'Action': 0, 'Behavior': 2, 'Content': 2, 'Distribution': 0}",1.0
660,federated.glacier.dog,$10^{2}$ to $10^{3}$,"{'NSFW': 1, 'Content Warnings': 1, 'Spam': 1, 'Off-topic/topic specific': 1, 'Illegal Content': 1}","{'Action': 0, 'Behavior': 0, 'Content': 4, 'Distribution': 1}",0.7219280948873623
661,federated.press,$10^{4}$ to $10^{5}$,"{'Content Warnings': 1, 'Images': 1, 'Hate Speech': 1, 'Incitement of Violence': 1, 'Harassment': 1, 'Doxxing/ Personal Info': 1, 'Illegal Content': 1, 'Mis/Disinformation/Conspiracy': 1, 'Advertising & Commercialization': 1, 'Spam': 1}","{'Action': 0, 'Behavior': 2, 'Content': 6, 'Distribution': 2}",1.3709505944546687
662,federatedfandom.net,$10^{3}$ to $10^{4}$,"{'Hate Speech': 3, 'Advertising & Commercialization': 1, 'Spam': 1, 'NSFW': 2, 'Illegal Content': 1, 'Harassment': 1, 'Content Warnings': 1}","{'Action': 0, 'Behavior': 1, 'Content': 7, 'Distribution': 2}",1.1567796494470395
663,federation.p1k3.com,$10^{1}$ to $10^{2}$ ,"{'Incitement of Violence': 1, 'Hate Speech': 1}","{'Action': 0, 'Behavior': 0, 'Content': 2, 'Distribution': 0}",-0.0
664,fedi.at,$10^{3}$ to $10^{4}$,"{'Hate Speech': 2, 'Illegal Content': 1, 'Incitement of Violence': 1, 'Trolling': 1, 'NSFW': 1, 'Spam': 1, 'Harassment': 1, 'Automated tools': 1, 'Reposting/Crossposting': 1, 'Mis/Disinformation/Conspiracy': 1, 'Advertising & Commercialization': 1, 'Links & Outside Content': 1}","{'Action': 1, 'Behavior': 2, 'Content': 7, 'Distribution': 3}",1.6691803368667308
665,fedi.awoo.pet,$10^{1}$ to $10^{2}$ ,"{'NSFW': 1, 'Content Warnings': 1, 'Hate Speech': 1, 'Illegal Content': 1, 'Spam': 1, 'Automated tools': 1}","{'Action': 1, 'Behavior': 0, 'Content': 4, 'Distribution': 1}",1.2516291673878228
666,fedi.charlie2alpha.org,$10^{1}$ to $10^{2}$ ,"{'Spam': 1, 'Harassment': 1, 'Mis/Disinformation/Conspiracy': 1, 'Incitement of Violence': 1, 'Content Warnings': 1, 'Images': 1, 'Hate Speech': 1}","{'Action': 0, 'Behavior': 1, 'Content': 5, 'Distribution': 1}",1.1488348542809166
667,fedi.computernewb.com,$10^{2}$ to $10^{3}$,"{'Hate Speech': 1, 'Spam': 1}","{'Action': 0, 'Behavior': 0, 'Content': 1, 'Distribution': 1}",1.0
668,fedi.ee,$10^{1}$ to $10^{2}$ ,{'Spam': 1},"{'Action': 0, 'Behavior': 0, 'Content': 0, 'Distribution': 1}",-0.0
669,fedi.erin.lgbt,$10^{1}$ to $10^{2}$ ,{'Harassment': 1},"{'Action': 0, 'Behavior': 1, 'Content': 0, 'Distribution': 0}",-0.0
670,fedi.halcyon-is.land,$10^{2}$ to $10^{3}$,"{'Hate Speech': 1, 'Harassment': 1, 'Off-topic/topic specific': 1, 'NSFW': 1, 'Content Warnings': 1}","{'Action': 0, 'Behavior': 1, 'Content': 4, 'Distribution': 0}",0.7219280948873623
671,fedi.j1nk4l.com,$10^{1}$ to $10^{2}$ ,{'Hate Speech': 1},"{'Action': 0, 'Behavior': 0, 'Content': 1, 'Distribution': 0}",-0.0
672,fedi.katze.sh,$10^{1}$ to $10^{2}$ ,"{'Hate Speech': 1, 'Illegal Content': 1}","{'Action': 0, 'Behavior': 0, 'Content': 2, 'Distribution': 0}",-0.0
673,fedi.keinpfusch.net,$10^{2}$ to $10^{3}$,"{'Illegal Content': 1, 'Hate Speech': 1, 'Off-topic/topic specific': 1}","{'Action': 0, 'Behavior': 0, 'Content': 3, 'Distribution': 0}",-0.0
674,fedi.lat,$10^{2}$ to $10^{3}$,"{'Illegal Content': 1, 'Hate Speech': 3, 'Doxxing/ Personal Info': 1, 'Advertising & Commercialization': 1, 'Spam': 1, 'Automated tools': 1, 'NSFW': 1, 'Content Warnings': 1, 'Images': 1}","{'Action': 1, 'Behavior': 1, 'Content': 7, 'Distribution': 2}",1.4911148500551854
675,fedi.mvpgame.dev,$10^{1}$ to $10^{2}$ ,"{'Hate Speech': 1, 'NSFW': 1, 'Content Warnings': 2, 'Harassment': 1, 'Off-topic/topic specific': 1, 'Images': 1, 'Links & Outside Content': 1}","{'Action': 0, 'Behavior': 1, 'Content': 7, 'Distribution': 0}",0.5435644431995964
676,fedi.omada.cafe,$10^{2}$ to $10^{3}$,"{'Harassment': 1, 'Hate Speech': 1, 'Incitement of Violence': 1, 'Automated tools': 1}","{'Action': 1, 'Behavior': 1, 'Content': 2, 'Distribution': 0}",1.5
677,fedi.opensourcestories.org,$10^{1}$ to $10^{2}$ ,"{'Harassment': 1, 'Hate Speech': 1, 'Trolling': 1}","{'Action': 0, 'Behavior': 2, 'Content': 1, 'Distribution': 0}",0.9182958340544896
678,fedi.rrr.sh,$10^{1}$ to $10^{2}$ ,"{'Harassment': 1, 'Trolling': 1}","{'Action': 0, 'Behavior': 2, 'Content': 0, 'Distribution': 0}",-0.0
679,fedi.science,$10^{2}$ to $10^{3}$,"{'NSFW': 1, 'Incitement of Violence': 2, 'Hate Speech': 1, 'Harassment': 1, 'Doxxing/ Personal Info': 1, 'Illegal Content': 1}","{'Action': 0, 'Behavior': 2, 'Content': 5, 'Distribution': 0}",0.863120568566631
680,fedi.stuvel.eu,$10^{1}$ to $10^{2}$ ,"{'Content Warnings': 1, 'Images': 1, 'Hate Speech': 1, 'Incitement of Violence': 1, 'Illegal Content': 1}","{'Action': 0, 'Behavior': 0, 'Content': 5, 'Distribution': 0}",-0.0
681,fedi.transgendershitposting.com,$10^{1}$ to $10^{2}$ ,"{'Content Warnings': 1, 'Images': 1}","{'Action': 0, 'Behavior': 0, 'Content': 2, 'Distribution': 0}",-0.0
682,fedi.truth-sandwich.com,$10^{1}$ to $10^{2}$ ,{'Harassment': 1},"{'Action': 0, 'Behavior': 1, 'Content': 0, 'Distribution': 0}",-0.0
683,fedi.turbofish.cc,$10^{1}$ to $10^{2}$ ,"{'Illegal Content': 1, 'Hate Speech': 1, 'Advertising & Commercialization': 1, 'Spam': 1}","{'Action': 0, 'Behavior': 0, 'Content': 2, 'Distribution': 2}",1.0
684,fedi.xamk.fi,$10^{2}$ to $10^{3}$,"{'Content Warnings': 2, 'Images': 2, 'Hate Speech': 2, 'Incitement of Violence': 2, 'Harassment': 2, 'Doxxing/ Personal Info': 2, 'Mis/Disinformation/Conspiracy': 2, 'Illegal Content': 2, 'Dogpiling': 1}","{'Action': 0, 'Behavior': 5, 'Content': 12, 'Distribution': 0}",0.8739810481273578
685,fedi.yaf.ai,$10^{1}$ to $10^{2}$ ,"{'Hate Speech': 1, 'Harassment': 1, 'Trolling': 1, 'Mis/Disinformation/Conspiracy': 1}","{'Action': 0, 'Behavior': 2, 'Content': 2, 'Distribution': 0}",1.0
686,fedibird.com,$10^{5}$ to $10^{6}$ ,"{'Hate Speech': 1, 'Harassment': 1, 'Content Warnings': 1}","{'Action': 0, 'Behavior': 1, 'Content': 2, 'Distribution': 0}",0.9182958340544896
687,fedihum.org,$10^{3}$ to $10^{4}$,"{'Hate Speech': 3, 'Incitement of Violence': 1, 'Harassment': 1, 'Doxxing/ Personal Info': 1, 'NSFW': 1, 'Images': 1, 'Mis/Disinformation/Conspiracy': 1, 'Impersonation': 2, 'Illegal Content': 1, 'Spam': 1, 'Advertising & Commercialization': 1}","{'Action': 0, 'Behavior': 4, 'Content': 8, 'Distribution': 2}",1.3787834934861753
688,fedimon.uk,$10^{1}$ to $10^{2}$ ,"{'Harassment': 2, 'Trolling': 1, 'Dogpiling': 1, 'Mis/Disinformation/Conspiracy': 1}","{'Action': 0, 'Behavior': 4, 'Content': 1, 'Distribution': 0}",0.7219280948873623
689,fedinerds.net,$10^{1}$ to $10^{2}$ ,"{'Hate Speech': 1, 'Content Warnings': 1}","{'Action': 0, 'Behavior': 0, 'Content': 2, 'Distribution': 0}",-0.0
690,fedinerds.social,$10^{2}$ to $10^{3}$,"{'Illegal Content': 2, 'NSFW': 2, 'Incitement of Violence': 1, 'Hate Speech': 2, 'Doxxing/ Personal Info': 1, 'Harassment': 1, 'Content Warnings': 1, 'Advertising & Commercialization': 1, 'Automated tools': 1}","{'Action': 1, 'Behavior': 2, 'Content': 8, 'Distribution': 1}",1.4182958340544896
691,fediphilosophy.org,$10^{3}$ to $10^{4}$,"{'Hate Speech': 1, 'Harassment': 1, 'Illegal Content': 1, 'Content Warnings': 1, 'Images': 1, 'Impersonation': 1, 'Links & Outside Content': 1}","{'Action': 0, 'Behavior': 2, 'Content': 5, 'Distribution': 0}",0.863120568566631
692,fedipix.de,$10^{3}$ to $10^{4}$,"{'NSFW': 1, 'Illegal Content': 2, 'Hate Speech': 3, 'Advertising & Commercialization': 1, 'Spam': 1, 'Mis/Disinformation/Conspiracy': 2, 'Incitement of Violence': 1}","{'Action': 0, 'Behavior': 0, 'Content': 9, 'Distribution': 2}",0.6840384356390417
693,fedisabled.social,$10^{3}$ to $10^{4}$,"{'Hate Speech': 1, 'Content Warnings': 1, 'Images': 1, 'Incitement of Violence': 1, 'Illegal Content': 1, 'Mis/Disinformation/Conspiracy': 1, 'Harassment': 2, 'Dogpiling': 1, 'Doxxing/ Personal Info': 1, 'Advertising & Commercialization': 1, 'Spam': 1}","{'Action': 0, 'Behavior': 4, 'Content': 6, 'Distribution': 2}",1.4591479170272448
694,fediscience.org,$10^{4}$ to $10^{5}$,"{'Not Applicable': 1, 'Links & Outside Content': 1, 'Hate Speech': 1, 'Harassment': 1, 'Doxxing/ Personal Info': 1, 'Illegal Content': 1, 'Mis/Disinformation/Conspiracy': 2, 'NSFW': 1, 'Incitement of Violence': 2, 'Content Warnings': 1, 'Images': 1}","{'Action': 0, 'Behavior': 2, 'Content': 10, 'Distribution': 0}",0.6500224216483541
695,fedist.me,$10^{1}$ to $10^{2}$ ,"{'Incitement of Violence': 1, 'Harassment': 2, 'Doxxing/ Personal Info': 1, 'NSFW': 1, 'Content Warnings': 1}","{'Action': 0, 'Behavior': 3, 'Content': 3, 'Distribution': 0}",1.0
696,fediver.de,$10^{2}$ to $10^{3}$,"{'Hate Speech': 3, 'Harassment': 3, 'Doxxing/ Personal Info': 1, 'Dogpiling': 1, 'Incitement of Violence': 1, 'Mis/Disinformation/Conspiracy': 1, 'Illegal Content': 1}","{'Action': 0, 'Behavior': 5, 'Content': 6, 'Distribution': 0}",0.9940302114769565
697,fediverse.krohsnest.com,$10^{2}$ to $10^{3}$,"{'Hate Speech': 2, 'NSFW': 1, 'Spam': 1, 'Not Applicable': 1, 'Automated tools': 1, 'Content Warnings': 1, 'Images': 1, 'Illegal Content': 1, 'Mis/Disinformation/Conspiracy': 1, 'Harassment': 1, 'Doxxing/ Personal Info': 1}","{'Action': 1, 'Behavior': 2, 'Content': 7, 'Distribution': 1}",1.4911148500551858
698,fediverse.repc.co,$10^{1}$ to $10^{2}$ ,"{'Illegal Content': 1, 'Hate Speech': 2, 'Harassment': 1, 'NSFW': 1, 'Content Warnings': 1, 'Advertising & Commercialization': 1, 'Spam': 1}","{'Action': 0, 'Behavior': 1, 'Content': 5, 'Distribution': 2}",1.2987949406953985
699,fediverse.xavin.net,$10^{1}$ to $10^{2}$ ,"{'Hate Speech': 1, 'Off-topic/topic specific': 1}","{'Action': 0, 'Behavior': 0, 'Content': 2, 'Distribution': 0}",-0.0
700,feed.yopp.me,$10^{1}$ to $10^{2}$ ,{'Spam': 1},"{'Action': 0, 'Behavior': 0, 'Content': 0, 'Distribution': 1}",-0.0
701,feenix.community,$10^{1}$ to $10^{2}$ ,"{'Hate Speech': 1, 'Trolling': 1}","{'Action': 0, 'Behavior': 1, 'Content': 1, 'Distribution': 0}",1.0
702,fellies.social,$10^{2}$ to $10^{3}$,"{'Hate Speech': 4, 'Harassment': 1, 'Illegal Content': 1}","{'Action': 0, 'Behavior': 1, 'Content': 5, 'Distribution': 0}",0.6500224216483541
703,fendek.net,$10^{1}$ to $10^{2}$ ,{'Hate Speech': 1},"{'Action': 0, 'Behavior': 0, 'Content': 1, 'Distribution': 0}",-0.0
704,feral.cafe,$10^{3}$ to $10^{4}$,"{'Doxxing/ Personal Info': 1, 'Hate Speech': 3, 'Harassment': 1, 'Illegal Content': 2, 'NSFW': 3, 'Content Warnings': 1, 'Images': 1, 'Not Applicable': 1, 'Mis/Disinformation/Conspiracy': 1}","{'Action': 0, 'Behavior': 2, 'Content': 11, 'Distribution': 0}",0.6193821946787638
705,ferrovipath.es,$10^{1}$ to $10^{2}$ ,{'Harassment': 1},"{'Action': 0, 'Behavior': 1, 'Content': 0, 'Distribution': 0}",-0.0
706,fetistodon.com,$10^{3}$ to $10^{4}$,"{'Illegal Content': 1, 'Copyright/ Piracy': 1, 'NSFW': 1}","{'Action': 0, 'Behavior': 0, 'Content': 2, 'Distribution': 1}",0.9182958340544896
707,feuerwehr.social,$10^{4}$ to $10^{5}$,{'Hate Speech': 1},"{'Action': 0, 'Behavior': 0, 'Content': 1, 'Distribution': 0}",-0.0
708,ffxiv-mastodon.com,$10^{4}$ to $10^{5}$,"{'Illegal Content': 1, 'NSFW': 1, 'Content Warnings': 1}","{'Action': 0, 'Behavior': 0, 'Content': 3, 'Distribution': 0}",-0.0
709,fidelis.social,$10^{2}$ to $10^{3}$,"{'Hate Speech': 1, 'NSFW': 1, 'Illegal Content': 1}","{'Action': 0, 'Behavior': 0, 'Content': 3, 'Distribution': 0}",-0.0
710,fidget.place,$10^{1}$ to $10^{2}$ ,"{'Hate Speech': 1, 'NSFW': 1}","{'Action': 0, 'Behavior': 0, 'Content': 2, 'Distribution': 0}",-0.0
711,fioredon.ysizuku.com,$10^{1}$ to $10^{2}$ ,"{'Hate Speech': 2, 'Content Warnings': 1, 'Images': 1, 'Illegal Content': 1}","{'Action': 0, 'Behavior': 0, 'Content': 5, 'Distribution': 0}",-0.0
712,firekitten.social,$10^{2}$ to $10^{3}$,"{'Illegal Content': 1, 'NSFW': 1, 'Hate Speech': 1, 'Content Warnings': 1}","{'Action': 0, 'Behavior': 0, 'Content': 4, 'Distribution': 0}",-0.0
713,fireplace.cafe,$10^{2}$ to $10^{3}$,"{'Hate Speech': 2, 'Content Warnings': 1, 'Images': 1, 'Incitement of Violence': 1, 'Harassment': 1}","{'Action': 0, 'Behavior': 1, 'Content': 5, 'Distribution': 0}",0.6500224216483541
714,fishsci.com,$10^{2}$ to $10^{3}$,"{'Hate Speech': 1, 'NSFW': 2, 'Images': 2, 'Illegal Content': 1, 'Links & Outside Content': 1, 'Incitement of Violence': 1, 'Harassment': 1, 'Doxxing/ Personal Info': 1, 'Spam': 2, 'Trolling': 1}","{'Action': 0, 'Behavior': 3, 'Content': 8, 'Distribution': 2}",1.3346791410515946
715,fisting.social,$10^{3}$ to $10^{4}$,"{'NSFW': 3, 'Illegal Content': 1, 'Content Warnings': 1, 'Images': 1, 'Copyright/ Piracy': 1, 'Advertising & Commercialization': 1, 'Not Applicable': 1, 'Spam': 2, 'Hate Speech': 1, 'Harassment': 1, 'Reposting/Crossposting': 1}","{'Action': 0, 'Behavior': 1, 'Content': 7, 'Distribution': 5}",1.2957378005380122
716,fivem.social,$10^{4}$ to $10^{5}$,"{'Content Warnings': 1, 'Images': 1, 'Hate Speech': 1, 'Incitement of Violence': 1, 'Harassment': 1, 'Doxxing/ Personal Info': 1, 'Mis/Disinformation/Conspiracy': 1}","{'Action': 0, 'Behavior': 2, 'Content': 5, 'Distribution': 0}",0.863120568566631
717,flinta.social,$10^{2}$ to $10^{3}$,"{'Illegal Content': 1, 'Hate Speech': 1, 'Mis/Disinformation/Conspiracy': 2, 'Spam': 1, 'Harassment': 1, 'Links & Outside Content': 1, 'Trolling': 1}","{'Action': 0, 'Behavior': 2, 'Content': 5, 'Distribution': 1}",1.2987949406953985
718,floe.earth,$10^{3}$ to $10^{4}$,"{'Advertising & Commercialization': 1, 'Spam': 1, 'Automated tools': 1, 'Incitement of Violence': 1, 'Mis/Disinformation/Conspiracy': 2, 'Hate Speech': 1, 'Illegal Content': 1, 'NSFW': 1, 'Content Warnings': 1, 'Harassment': 1}","{'Action': 1, 'Behavior': 1, 'Content': 7, 'Distribution': 2}",1.4911148500551854
719,flokinet.social,$10^{2}$ to $10^{3}$,"{'NSFW': 1, 'Incitement of Violence': 2, 'Harassment': 2, 'Doxxing/ Personal Info': 1, 'Dogpiling': 1, 'Hate Speech': 1, 'Mis/Disinformation/Conspiracy': 1, 'Illegal Content': 1}","{'Action': 0, 'Behavior': 4, 'Content': 6, 'Distribution': 0}",0.9709505944546686
720,floofy.tech,$10^{3}$ to $10^{4}$,"{'NSFW': 1, 'Content Warnings': 1, 'Images': 1, 'Illegal Content': 1}","{'Action': 0, 'Behavior': 0, 'Content': 4, 'Distribution': 0}",-0.0
721,floss.social,$10^{4}$ to $10^{5}$,"{'NSFW': 1, 'Harassment': 3, 'Trolling': 1, 'Doxxing/ Personal Info': 1, 'Images': 1}","{'Action': 0, 'Behavior': 5, 'Content': 2, 'Distribution': 0}",0.863120568566631
722,flowerpot.fyi,$10^{1}$ to $10^{2}$ ,{'Hate Speech': 1},"{'Action': 0, 'Behavior': 0, 'Content': 1, 'Distribution': 0}",-0.0
723,fluffs.au,$10^{3}$ to $10^{4}$,"{'NSFW': 1, 'Content Warnings': 1, 'Harassment': 1, 'Off-topic/topic specific': 1}","{'Action': 0, 'Behavior': 1, 'Content': 3, 'Distribution': 0}",0.8112781244591328
724,fluffy.family,$10^{2}$ to $10^{3}$,{'Hate Speech': 1},"{'Action': 0, 'Behavior': 0, 'Content': 1, 'Distribution': 0}",-0.0
725,fluttercommunity.social,$10^{3}$ to $10^{4}$,"{'NSFW': 1, 'Hate Speech': 1, 'Spam': 1, 'Harassment': 1}","{'Action': 0, 'Behavior': 1, 'Content': 2, 'Distribution': 1}",1.5
726,flyovercountry.social,$10^{2}$ to $10^{3}$,"{'Harassment': 3, 'Trolling': 1, 'Doxxing/ Personal Info': 1, 'NSFW': 1, 'Content Warnings': 1, 'Spam': 2, 'Reposting/Crossposting': 1, 'Illegal Content': 2, 'Hate Speech': 3, 'Incitement of Violence': 2, 'Advertising & Commercialization': 1, 'Automated tools': 1, 'Mis/Disinformation/Conspiracy': 1}","{'Action': 1, 'Behavior': 5, 'Content': 10, 'Distribution': 4}",1.6804820237218405
727,fm619.club,$10^{1}$ to $10^{2}$ ,"{'Illegal Content': 2, 'NSFW': 1, 'Incitement of Violence': 1, 'Images': 1}","{'Action': 0, 'Behavior': 0, 'Content': 5, 'Distribution': 0}",-0.0
728,fnordon.de,$10^{3}$ to $10^{4}$,"{'Illegal Content': 1, 'Hate Speech': 2, 'Harassment': 1}","{'Action': 0, 'Behavior': 1, 'Content': 3, 'Distribution': 0}",0.8112781244591328
729,focal.love,$10^{1}$ to $10^{2}$ ,"{'Illegal Content': 2, 'Hate Speech': 1, 'Harassment': 1, 'Not Applicable': 1, 'Automated tools': 1}","{'Action': 1, 'Behavior': 1, 'Content': 3, 'Distribution': 0}",1.3709505944546687
730,focal.social,$10^{2}$ to $10^{3}$,"{'Incitement of Violence': 1, 'Hate Speech': 2, 'NSFW': 2, 'Illegal Content': 1, 'Harassment': 1, 'Doxxing/ Personal Info': 1, 'Images': 1}","{'Action': 0, 'Behavior': 2, 'Content': 7, 'Distribution': 0}",0.7642045065086203
731,foggymtndrifter.social,$10^{1}$ to $10^{2}$ ,"{'Hate Speech': 1, 'Harassment': 1, 'NSFW': 1, 'Content Warnings': 1, 'Spam': 1, 'Automated tools': 1}","{'Action': 1, 'Behavior': 1, 'Content': 3, 'Distribution': 1}",1.7924812503605778
732,folksocial.org,$10^{3}$ to $10^{4}$,"{'Illegal Content': 1, 'Incitement of Violence': 1, 'Hate Speech': 1, 'Content Warnings': 1, 'Images': 1}","{'Action': 0, 'Behavior': 0, 'Content': 5, 'Distribution': 0}",-0.0
733,folky.me,$10^{1}$ to $10^{2}$ ,"{'Off-topic/topic specific': 2, 'Hate Speech': 1, 'Illegal Content': 1}","{'Action': 0, 'Behavior': 0, 'Content': 4, 'Distribution': 0}",-0.0
734,foojay.social,$10^{3}$ to $10^{4}$,"{'Harassment': 1, 'Doxxing/ Personal Info': 1, 'Impersonation': 1, 'Hate Speech': 1, 'Incitement of Violence': 1, 'NSFW': 1, 'Images': 1, 'Mis/Disinformation/Conspiracy': 1, 'Advertising & Commercialization': 1, 'Spam': 1, 'Links & Outside Content': 1, 'Off-topic/topic specific': 1}","{'Action': 0, 'Behavior': 3, 'Content': 7, 'Distribution': 2}",1.384431504340598
735,forensicpsychiatry.social,$10^{1}$ to $10^{2}$ ,"{'Harassment': 1, 'Doxxing/ Personal Info': 1}","{'Action': 0, 'Behavior': 2, 'Content': 0, 'Distribution': 0}",-0.0
736,foresdon.jp,$10^{3}$ to $10^{4}$,"{'Off-topic/topic specific': 1, 'NSFW': 1, 'Links & Outside Content': 1, 'Advertising & Commercialization': 1, 'Spam': 1}","{'Action': 0, 'Behavior': 0, 'Content': 3, 'Distribution': 2}",0.9709505944546686
737,forgi.social,$10^{2}$ to $10^{3}$,"{'Illegal Content': 1, 'NSFW': 1, 'Content Warnings': 1}","{'Action': 0, 'Behavior': 0, 'Content': 3, 'Distribution': 0}",-0.0
738,formu1a.social,$10^{2}$ to $10^{3}$,"{'NSFW': 1, 'Hate Speech': 2, 'Doxxing/ Personal Info': 1}","{'Action': 0, 'Behavior': 1, 'Content': 3, 'Distribution': 0}",0.8112781244591328
739,forum-lucifer.com,$10^{3}$ to $10^{4}$,"{'Copyright/ Piracy': 1, 'Harassment': 1}","{'Action': 0, 'Behavior': 1, 'Content': 0, 'Distribution': 1}",1.0
740,forum.virctuary.com,$10^{1}$ to $10^{2}$ ,"{'Harassment': 1, 'Incitement of Violence': 1, 'Illegal Content': 1, 'Hate Speech': 2, 'NSFW': 1, 'Images': 1, 'Copyright/ Piracy': 1, 'Content Warnings': 1}","{'Action': 0, 'Behavior': 1, 'Content': 7, 'Distribution': 1}",0.9864267287308424
741,fossdev.fr,$10^{1}$ to $10^{2}$ ,"{'Hate Speech': 1, 'Incitement of Violence': 1, 'Harassment': 1, 'Doxxing/ Personal Info': 1, 'Illegal Content': 1, 'Mis/Disinformation/Conspiracy': 1}","{'Action': 0, 'Behavior': 2, 'Content': 4, 'Distribution': 0}",0.9182958340544896
742,fosspri.de,$10^{1}$ to $10^{2}$ ,{'Illegal Content': 1},"{'Action': 0, 'Behavior': 0, 'Content': 1, 'Distribution': 0}",-0.0
743,fosstodon.org,$10^{5}$ to $10^{6}$ ,"{'Hate Speech': 1, 'Harassment': 2, 'Dogpiling': 1, 'Doxxing/ Personal Info': 1, 'Trolling': 1, 'NSFW': 1, 'Images': 1, 'Advertising & Commercialization': 1, 'Spam': 1, 'Not Applicable': 1, 'Automated tools': 1, 'Content Warnings': 1}","{'Action': 1, 'Behavior': 5, 'Content': 4, 'Distribution': 2}",1.7841591278514217
744,foto.libre.bzh,$10^{1}$ to $10^{2}$ ,"{'Advertising & Commercialization': 4, 'Spam': 2, 'Hate Speech': 1, 'Copyright/ Piracy': 1}","{'Action': 0, 'Behavior': 0, 'Content': 1, 'Distribution': 7}",0.5435644431995964
745,fotofed.nl,$10^{4}$ to $10^{5}$,"{'Illegal Content': 3, 'Copyright/ Piracy': 1, 'Incitement of Violence': 1, 'Hate Speech': 4, 'Mis/Disinformation/Conspiracy': 1, 'NSFW': 3, 'Content Warnings': 3, 'Images': 2, 'Spam': 2, 'Links & Outside Content': 1, 'Harassment': 1, 'Impersonation': 1}","{'Action': 0, 'Behavior': 2, 'Content': 18, 'Distribution': 3}",0.9664516287472262
746,fountainpen.social,$10^{2}$ to $10^{3}$,"{'Advertising & Commercialization': 1, 'Spam': 2, 'Not Applicable': 1, 'Automated tools': 2, 'NSFW': 3, 'Images': 1, 'Content Warnings': 1, 'Hate Speech': 5, 'Illegal Content': 2, 'Harassment': 1, 'Impersonation': 1}","{'Action': 2, 'Behavior': 2, 'Content': 12, 'Distribution': 3}",1.5229571181374095
747,four-nine.club,$10^{2}$ to $10^{3}$,"{'NSFW': 1, 'Content Warnings': 1}","{'Action': 0, 'Behavior': 0, 'Content': 2, 'Distribution': 0}",-0.0
748,fouroclockfarms.club,$10^{2}$ to $10^{3}$,"{'Hate Speech': 1, 'NSFW': 1, 'Content Warnings': 1, 'Images': 1, 'Spam': 2, 'Reposting/Crossposting': 1, 'Illegal Content': 1, 'Advertising & Commercialization': 1, 'Not Applicable': 1}","{'Action': 0, 'Behavior': 0, 'Content': 5, 'Distribution': 4}",0.9910760598382222
749,fox.nexus,$10^{1}$ to $10^{2}$ ,"{'Spam': 1, 'Hate Speech': 1, 'Mis/Disinformation/Conspiracy': 1, 'Illegal Content': 2, 'NSFW': 2, 'Images': 1, 'Content Warnings': 1, 'Automated tools': 1}","{'Action': 1, 'Behavior': 0, 'Content': 8, 'Distribution': 1}",0.9219280948873623
750,foxi.sh,$10^{1}$ to $10^{2}$ ,"{'Hate Speech': 1, 'NSFW': 1, 'Content Warnings': 1, 'Spam': 1}","{'Action': 0, 'Behavior': 0, 'Content': 3, 'Distribution': 1}",0.8112781244591328
751,foxsay.southfox.me,$10^{2}$ to $10^{3}$,"{'NSFW': 1, 'Content Warnings': 1}","{'Action': 0, 'Behavior': 0, 'Content': 2, 'Distribution': 0}",-0.0
752,fpl.social,$10^{3}$ to $10^{4}$,"{'Illegal Content': 2, 'Incitement of Violence': 1, 'Hate Speech': 1, 'Harassment': 1, 'Impersonation': 1, 'Doxxing/ Personal Info': 1, 'Content Warnings': 1, 'Spam': 1, 'Copyright/ Piracy': 1, 'Trolling': 1, 'Mis/Disinformation/Conspiracy': 1}","{'Action': 0, 'Behavior': 4, 'Content': 6, 'Distribution': 2}",1.4591479170272448
753,fpv.social,$10^{1}$ to $10^{2}$ ,"{'Hate Speech': 1, 'Harassment': 1, 'Trolling': 1, 'Mis/Disinformation/Conspiracy': 1}","{'Action': 0, 'Behavior': 2, 'Content': 2, 'Distribution': 0}",1.0
754,fractalthreads.net,$10^{1}$ to $10^{2}$ ,"{'Hate Speech': 1, 'Harassment': 1, 'Content Warnings': 1}","{'Action': 0, 'Behavior': 1, 'Content': 2, 'Distribution': 0}",0.9182958340544896
755,frameperfect.space,$10^{2}$ to $10^{3}$,{'NSFW': 1},"{'Action': 0, 'Behavior': 0, 'Content': 1, 'Distribution': 0}",-0.0
756,franken.social,$10^{2}$ to $10^{3}$,"{'Illegal Content': 1, 'Automated tools': 1, 'Advertising & Commercialization': 1, 'Spam': 1, 'Copyright/ Piracy': 1, 'Content Warnings': 1, 'Mis/Disinformation/Conspiracy': 1}","{'Action': 1, 'Behavior': 0, 'Content': 3, 'Distribution': 3}",1.4488156357251847
757,frankfurt.social,$10^{3}$ to $10^{4}$,"{'Hate Speech': 1, 'Harassment': 1, 'Dogpiling': 1, 'Doxxing/ Personal Info': 1, 'Advertising & Commercialization': 1, 'Spam': 1}","{'Action': 0, 'Behavior': 3, 'Content': 1, 'Distribution': 2}",1.4591479170272446
758,frawas.de,$10^{1}$ to $10^{2}$ ,"{'Illegal Content': 3, 'Harassment': 1, 'Hate Speech': 2, 'NSFW': 1, 'Not Applicable': 1, 'Doxxing/ Personal Info': 1, 'Automated tools': 1}","{'Action': 1, 'Behavior': 2, 'Content': 6, 'Distribution': 0}",1.224394445405986
759,free.gluten.space,$10^{2}$ to $10^{3}$,"{'Harassment': 2, 'Doxxing/ Personal Info': 1, 'Hate Speech': 1, 'NSFW': 1, 'Content Warnings': 1, 'Spam': 1, 'Automated tools': 2, 'Advertising & Commercialization': 1, 'Reposting/Crossposting': 1}","{'Action': 2, 'Behavior': 3, 'Content': 3, 'Distribution': 3}",1.9808259362290785
760,freeatlantis.com,$10^{4}$ to $10^{5}$,"{'Harassment': 1, 'NSFW': 1, 'Illegal Content': 1, 'Incitement of Violence': 1, 'Doxxing/ Personal Info': 1, 'Spam': 1, 'Images': 1}","{'Action': 0, 'Behavior': 2, 'Content': 4, 'Distribution': 1}",1.3787834934861753
761,freefortnitegift.cards,$10^{1}$ to $10^{2}$ ,"{'Images': 1, 'Illegal Content': 1, 'Hate Speech': 1, 'Incitement of Violence': 2, 'Harassment': 1, 'Doxxing/ Personal Info': 1, 'Mis/Disinformation/Conspiracy': 1, 'Advertising & Commercialization': 1, 'Spam': 1, 'Automated tools': 1}","{'Action': 1, 'Behavior': 2, 'Content': 6, 'Distribution': 2}",1.6858157091530304
762,freemasonry.social,$10^{5}$ to $10^{6}$ ,"{'Doxxing/ Personal Info': 1, 'Spam': 1}","{'Action': 0, 'Behavior': 1, 'Content': 0, 'Distribution': 1}",1.0
763,freeradical.zone,$10^{4}$ to $10^{5}$,"{'Advertising & Commercialization': 1, 'Spam': 1, 'Not Applicable': 1, 'Automated tools': 1, 'NSFW': 1, 'Content Warnings': 1, 'Hate Speech': 6, 'Illegal Content': 1, 'Harassment': 1, 'Impersonation': 1, 'Off-topic/topic specific': 1, 'Mis/Disinformation/Conspiracy': 1}","{'Action': 1, 'Behavior': 2, 'Content': 11, 'Distribution': 2}",1.3716407621868583
764,freesewing.social,$10^{2}$ to $10^{3}$,{'Spam': 1},"{'Action': 0, 'Behavior': 0, 'Content': 0, 'Distribution': 1}",-0.0
765,freethought.online,$10^{2}$ to $10^{3}$,"{'Hate Speech': 2, 'Spam': 2, 'Trolling': 1, 'Harassment': 2, 'Dogpiling': 1, 'Advertising & Commercialization': 1, 'Links & Outside Content': 1, 'Incitement of Violence': 1, 'Not Applicable': 1, 'Content Warnings': 1}","{'Action': 0, 'Behavior': 4, 'Content': 5, 'Distribution': 3}",1.5545851693377994
766,freiburg.social,$10^{4}$ to $10^{5}$,"{'Hate Speech': 1, 'Harassment': 1, 'Doxxing/ Personal Info': 1, 'Illegal Content': 1, 'Mis/Disinformation/Conspiracy': 1, 'Advertising & Commercialization': 1, 'Spam': 1, 'Not Applicable': 2, 'Automated tools': 2, 'Impersonation': 1}","{'Action': 2, 'Behavior': 3, 'Content': 3, 'Distribution': 2}",1.9709505944546686
767,freie-re.de,$10^{2}$ to $10^{3}$,"{'Hate Speech': 2, 'Harassment': 1}","{'Action': 0, 'Behavior': 1, 'Content': 2, 'Distribution': 0}",0.9182958340544896
768,freiewaehler.social,$10^{2}$ to $10^{3}$,"{'Hate Speech': 1, 'Harassment': 1, 'Illegal Content': 1, 'Mis/Disinformation/Conspiracy': 1}","{'Action': 0, 'Behavior': 1, 'Content': 3, 'Distribution': 0}",0.8112781244591328
769,freifunk.social,$10^{2}$ to $10^{3}$,"{'Harassment': 1, 'Doxxing/ Personal Info': 1, 'Mis/Disinformation/Conspiracy': 1, 'Hate Speech': 2, 'Advertising & Commercialization': 1, 'Spam': 1, 'Content Warnings': 1, 'NSFW': 1, 'Illegal Content': 1}","{'Action': 0, 'Behavior': 2, 'Content': 6, 'Distribution': 2}",1.3709505944546687
770,frenfiverse.net,$10^{3}$ to $10^{4}$,"{'Incitement of Violence': 1, 'Harassment': 1}","{'Action': 0, 'Behavior': 1, 'Content': 1, 'Distribution': 0}",1.0
771,frequency.app,$10^{2}$ to $10^{3}$,"{'Hate Speech': 1, 'Harassment': 1, 'Mis/Disinformation/Conspiracy': 1, 'Doxxing/ Personal Info': 1, 'NSFW': 1, 'Illegal Content': 1, 'Incitement of Violence': 1, 'Copyright/ Piracy': 1}","{'Action': 0, 'Behavior': 2, 'Content': 5, 'Distribution': 1}",1.2987949406953985
772,freundliches.de,$10^{1}$ to $10^{2}$ ,"{'Harassment': 1, 'Dogpiling': 1, 'Doxxing/ Personal Info': 1, 'Hate Speech': 1, 'Illegal Content': 1}","{'Action': 0, 'Behavior': 3, 'Content': 2, 'Distribution': 0}",0.9709505944546686
773,friendica.erabo.de,$10^{1}$ to $10^{2}$ ,{'Off-topic/topic specific': 1},"{'Action': 0, 'Behavior': 0, 'Content': 1, 'Distribution': 0}",-0.0
774,friendica.gidikroon.eu,$10^{1}$ to $10^{2}$ ,"{'Hate Speech': 3, 'Harassment': 1, 'NSFW': 2, 'Content Warnings': 1, 'Images': 1, 'Illegal Content': 2, 'Reposting/Crossposting': 1, 'Links & Outside Content': 1}","{'Action': 0, 'Behavior': 1, 'Content': 10, 'Distribution': 1}",0.8166890883150209
775,friendica.namestaci.cz,$10^{2}$ to $10^{3}$,"{'Illegal Content': 2, 'Content Warnings': 1}","{'Action': 0, 'Behavior': 0, 'Content': 3, 'Distribution': 0}",-0.0
776,friends.deko.cloud,$10^{2}$ to $10^{3}$,{'NSFW': 2},"{'Action': 0, 'Behavior': 0, 'Content': 2, 'Distribution': 0}",-0.0
777,friends.librescrum.org,$10^{2}$ to $10^{3}$,"{'Hate Speech': 1, 'Harassment': 1, 'Doxxing/ Personal Info': 1, 'Illegal Content': 1, 'Mis/Disinformation/Conspiracy': 1, 'Advertising & Commercialization': 1, 'Spam': 1, 'Impersonation': 1}","{'Action': 0, 'Behavior': 3, 'Content': 3, 'Distribution': 2}",1.561278124459133
778,friends.polli.social,$10^{1}$ to $10^{2}$ ,"{'Illegal Content': 2, 'Doxxing/ Personal Info': 3, 'Copyright/ Piracy': 2, 'Images': 2, 'NSFW': 1, 'Not Applicable': 1, 'Links & Outside Content': 1}","{'Action': 0, 'Behavior': 3, 'Content': 6, 'Distribution': 2}",1.4353713907745331
779,friendsend.org,$10^{1}$ to $10^{2}$ ,"{'Hate Speech': 1, 'Illegal Content': 1}","{'Action': 0, 'Behavior': 0, 'Content': 2, 'Distribution': 0}",-0.0
780,friendsofdesoto.social,$10^{3}$ to $10^{4}$,"{'Hate Speech': 1, 'NSFW': 1, 'Content Warnings': 1, 'Mis/Disinformation/Conspiracy': 1, 'Doxxing/ Personal Info': 1, 'Incitement of Violence': 1, 'Harassment': 1, 'Advertising & Commercialization': 1, 'Spam': 1}","{'Action': 0, 'Behavior': 2, 'Content': 5, 'Distribution': 2}",1.4355205042826666
781,friendzone.social,$10^{1}$ to $10^{2}$ ,{'Illegal Content': 1},"{'Action': 0, 'Behavior': 0, 'Content': 1, 'Distribution': 0}",-0.0
782,frikiverse.zone,$10^{3}$ to $10^{4}$,"{'Hate Speech': 2, 'Harassment': 2, 'Content Warnings': 2, 'Off-topic/topic specific': 1, 'Advertising & Commercialization': 1, 'Illegal Content': 3, 'Spam': 2, 'Mis/Disinformation/Conspiracy': 1, 'NSFW': 1, 'Not Applicable': 1, 'Automated tools': 1}","{'Action': 1, 'Behavior': 2, 'Content': 10, 'Distribution': 3}",1.5016144718101816
783,frinx.online,$10^{1}$ to $10^{2}$ ,"{'NSFW': 1, 'Images': 1, 'Hate Speech': 1, 'Incitement of Violence': 1, 'Harassment': 1, 'Dogpiling': 1, 'Doxxing/ Personal Info': 1, 'Mis/Disinformation/Conspiracy': 1}","{'Action': 0, 'Behavior': 3, 'Content': 5, 'Distribution': 0}",0.954434002924965
784,frmsn.network,$10^{1}$ to $10^{2}$ ,"{'Advertising & Commercialization': 1, 'Spam': 1, 'Trolling': 1, 'Hate Speech': 1, 'NSFW': 1, 'Harassment': 1, 'Doxxing/ Personal Info': 1}","{'Action': 0, 'Behavior': 3, 'Content': 2, 'Distribution': 2}",1.5566567074628228
785,frogs.lgbt,$10^{2}$ to $10^{3}$,"{'Harassment': 1, 'Trolling': 1, 'Hate Speech': 1, 'Spam': 1}","{'Action': 0, 'Behavior': 2, 'Content': 1, 'Distribution': 1}",1.5
786,front-end.social,$10^{3}$ to $10^{4}$,"{'Hate Speech': 5, 'Incitement of Violence': 1, 'Harassment': 1, 'Spam': 1}","{'Action': 0, 'Behavior': 1, 'Content': 6, 'Distribution': 1}",1.061278124459133
787,ftp.crysp.org,$10^{2}$ to $10^{3}$,"{'NSFW': 1, 'Content Warnings': 1}","{'Action': 0, 'Behavior': 0, 'Content': 2, 'Distribution': 0}",-0.0
788,fuerth.social,$10^{2}$ to $10^{3}$,"{'Hate Speech': 1, 'Advertising & Commercialization': 1, 'Content Warnings': 2, 'Images': 1, 'Spam': 1, 'Mis/Disinformation/Conspiracy': 1}","{'Action': 0, 'Behavior': 0, 'Content': 5, 'Distribution': 2}",0.863120568566631
789,fujun-bungaku.com,$10^{2}$ to $10^{3}$,"{'Hate Speech': 1, 'Harassment': 1, 'Illegal Content': 1, 'Spam': 2, 'Reposting/Crossposting': 1, 'Off-topic/topic specific': 1}","{'Action': 0, 'Behavior': 1, 'Content': 3, 'Distribution': 3}",1.4488156357251847
790,fulda.social,$10^{4}$ to $10^{5}$,"{'Hate Speech': 7, 'Harassment': 4, 'Doxxing/ Personal Info': 2, 'Dogpiling': 1, 'Incitement of Violence': 5, 'NSFW': 4, 'Illegal Content': 2, 'Images': 2, 'Mis/Disinformation/Conspiracy': 1, 'Advertising & Commercialization': 2, 'Automated tools': 2, 'Content Warnings': 2}","{'Action': 2, 'Behavior': 7, 'Content': 23, 'Distribution': 2}",1.331774328199912
791,functional.cafe,$10^{3}$ to $10^{4}$,"{'Off-topic/topic specific': 2, 'Content Warnings': 2, 'Images': 1, 'Advertising & Commercialization': 1, 'Spam': 1, 'Hate Speech': 1, 'Incitement of Violence': 1, 'Harassment': 1, 'Dogpiling': 1, 'Doxxing/ Personal Info': 1, 'Illegal Content': 1, 'Mis/Disinformation/Conspiracy': 1}","{'Action': 0, 'Behavior': 3, 'Content': 9, 'Distribution': 2}",1.2870540281187268
792,fundraising.social,$10^{2}$ to $10^{3}$,"{'Trolling': 1, 'NSFW': 1, 'Illegal Content': 1, 'Links & Outside Content': 1, 'Content Warnings': 1, 'Hate Speech': 1}","{'Action': 0, 'Behavior': 1, 'Content': 5, 'Distribution': 0}",0.6500224216483541
793,furdon.com,$10^{2}$ to $10^{3}$,"{'Harassment': 1, 'NSFW': 1, 'Content Warnings': 1, 'Illegal Content': 1, 'Impersonation': 1, 'Spam': 1, 'Hate Speech': 1}","{'Action': 0, 'Behavior': 2, 'Content': 4, 'Distribution': 1}",1.3787834934861753
794,furnu.org,$10^{2}$ to $10^{3}$,"{'Not Applicable': 1, 'Spam': 1}","{'Action': 0, 'Behavior': 0, 'Content': 0, 'Distribution': 1}",-0.0
795,furpark.kr,$10^{2}$ to $10^{3}$,"{'Content Warnings': 1, 'Harassment': 1, 'Hate Speech': 1, 'NSFW': 1, 'Illegal Content': 1}","{'Action': 0, 'Behavior': 1, 'Content': 4, 'Distribution': 0}",0.7219280948873623
796,furries.club,$10^{3}$ to $10^{4}$,"{'Hate Speech': 1, 'Copyright/ Piracy': 1, 'Spam': 1, 'Automated tools': 1, 'Content Warnings': 2, 'NSFW': 2, 'Images': 1}","{'Action': 1, 'Behavior': 0, 'Content': 6, 'Distribution': 2}",1.224394445405986
797,furry.energy,$10^{3}$ to $10^{4}$,"{'Content Warnings': 1, 'Images': 1, 'Hate Speech': 2, 'Incitement of Violence': 1, 'Spam': 1, 'Harassment': 1, 'Dogpiling': 1, 'Doxxing/ Personal Info': 1, 'Illegal Content': 2, 'Mis/Disinformation/Conspiracy': 1, 'Impersonation': 1}","{'Action': 0, 'Behavior': 4, 'Content': 8, 'Distribution': 1}",1.2389012566026305
798,furry.engineer,$10^{4}$ to $10^{5}$,"{'Illegal Content': 1, 'Hate Speech': 1, 'Harassment': 1, 'Mis/Disinformation/Conspiracy': 1, 'NSFW': 1, 'Content Warnings': 3, 'Advertising & Commercialization': 2, 'Spam': 1, 'Automated tools': 2, 'Impersonation': 1, 'Not Applicable': 2, 'Images': 1, 'Links & Outside Content': 1}","{'Action': 2, 'Behavior': 2, 'Content': 9, 'Distribution': 3}",1.6697367178034823
799,furry.horse,$10^{2}$ to $10^{3}$,"{'Automated tools': 1, 'Advertising & Commercialization': 1, 'Spam': 1, 'NSFW': 1, 'Images': 1, 'Illegal Content': 1}","{'Action': 1, 'Behavior': 0, 'Content': 3, 'Distribution': 2}",1.4591479170272446
800,furry.pet,$10^{1}$ to $10^{2}$ ,"{'Content Warnings': 2, 'Images': 1, 'Hate Speech': 1, 'Incitement of Violence': 1, 'Harassment': 1, 'Doxxing/ Personal Info': 1, 'Illegal Content': 1, 'Mis/Disinformation/Conspiracy': 1, 'NSFW': 1, 'Reposting/Crossposting': 1, 'Copyright/ Piracy': 1}","{'Action': 0, 'Behavior': 2, 'Content': 8, 'Distribution': 2}",1.2516291673878228
801,futuregadgetlab.cc,$10^{2}$ to $10^{3}$,"{'Hate Speech': 1, 'Harassment': 1, 'Illegal Content': 3, 'Copyright/ Piracy': 2, 'NSFW': 2}","{'Action': 0, 'Behavior': 1, 'Content': 6, 'Distribution': 2}",1.224394445405986
802,fv.technogothic.net,$10^{1}$ to $10^{2}$ ,"{'Hate Speech': 1, 'Harassment': 1}","{'Action': 0, 'Behavior': 1, 'Content': 1, 'Distribution': 0}",1.0
803,fwoof.space,$10^{2}$ to $10^{3}$,"{'Spam': 1, 'Illegal Content': 1, 'Content Warnings': 1}","{'Action': 0, 'Behavior': 0, 'Content': 2, 'Distribution': 1}",0.9182958340544896
804,g0v.social,$10^{4}$ to $10^{5}$,{'Links & Outside Content': 3},"{'Action': 0, 'Behavior': 0, 'Content': 3, 'Distribution': 0}",-0.0
805,gadget.inpocket.net,$10^{1}$ to $10^{2}$ ,"{'NSFW': 1, 'Incitement of Violence': 2, 'Hate Speech': 1, 'Mis/Disinformation/Conspiracy': 1, 'Harassment': 1}","{'Action': 0, 'Behavior': 1, 'Content': 5, 'Distribution': 0}",0.6500224216483541
806,gainer.cloud,$10^{3}$ to $10^{4}$,"{'Hate Speech': 1, 'Illegal Content': 1, 'Automated tools': 1, 'Advertising & Commercialization': 1, 'Spam': 1, 'NSFW': 2, 'Content Warnings': 1, 'Copyright/ Piracy': 1, 'Images': 2}","{'Action': 1, 'Behavior': 0, 'Content': 7, 'Distribution': 3}",1.2406705316766884
807,galaxy.quest,$10^{1}$ to $10^{2}$ ,"{'Hate Speech': 1, 'NSFW': 1, 'Content Warnings': 1, 'Images': 1, 'Harassment': 1, 'Illegal Content': 1, 'Incitement of Violence': 1, 'Mis/Disinformation/Conspiracy': 1, 'Advertising & Commercialization': 1, 'Spam': 1, 'Impersonation': 1}","{'Action': 0, 'Behavior': 2, 'Content': 7, 'Distribution': 2}",1.3092966682370037
808,galaxypaws.page,$10^{1}$ to $10^{2}$ ,"{'Doxxing/ Personal Info': 1, 'Hate Speech': 1, 'Harassment': 1, 'NSFW': 1, 'Content Warnings': 1, 'Incitement of Violence': 1, 'Spam': 2, 'Off-topic/topic specific': 1, 'Copyright/ Piracy': 2, 'Illegal Content': 1, 'Impersonation': 1, 'Mis/Disinformation/Conspiracy': 1}","{'Action': 0, 'Behavior': 3, 'Content': 7, 'Distribution': 4}",1.4926140680171258
809,galaxyrailway.link,$10^{2}$ to $10^{3}$,"{'Illegal Content': 1, 'Copyright/ Piracy': 1, 'Links & Outside Content': 1, 'Off-topic/topic specific': 1}","{'Action': 0, 'Behavior': 0, 'Content': 3, 'Distribution': 1}",0.8112781244591328
810,galbo.io,$10^{1}$ to $10^{2}$ ,"{'Content Warnings': 1, 'Illegal Content': 1, 'Advertising & Commercialization': 1, 'Spam': 1, 'Hate Speech': 1, 'Harassment': 1, 'Impersonation': 1}","{'Action': 0, 'Behavior': 2, 'Content': 3, 'Distribution': 2}",1.5566567074628228
811,gamedev.berlin,$10^{1}$ to $10^{2}$ ,"{'NSFW': 1, 'Images': 1, 'Illegal Content': 1, 'Copyright/ Piracy': 1, 'Mis/Disinformation/Conspiracy': 1, 'Spam': 1, 'Automated tools': 1}","{'Action': 1, 'Behavior': 0, 'Content': 4, 'Distribution': 2}",1.3787834934861753
812,gamedev.lgbt,$10^{3}$ to $10^{4}$,"{'Harassment': 1, 'Hate Speech': 1}","{'Action': 0, 'Behavior': 1, 'Content': 1, 'Distribution': 0}",1.0
813,gamelinks007.net,$10^{3}$ to $10^{4}$,{'Illegal Content': 1},"{'Action': 0, 'Behavior': 0, 'Content': 1, 'Distribution': 0}",-0.0
814,gamemaking.social,$10^{3}$ to $10^{4}$,"{'Hate Speech': 2, 'Harassment': 1, 'Off-topic/topic specific': 1, 'Content Warnings': 1, 'Images': 1}","{'Action': 0, 'Behavior': 1, 'Content': 5, 'Distribution': 0}",0.6500224216483541
815,gamepad.club,$10^{3}$ to $10^{4}$,"{'Hate Speech': 1, 'NSFW': 1, 'Harassment': 1, 'Dogpiling': 1, 'Advertising & Commercialization': 1, 'Spam': 1, 'Automated tools': 1, 'Illegal Content': 1}","{'Action': 1, 'Behavior': 2, 'Content': 3, 'Distribution': 2}",1.9056390622295665
816,gamerplus.org,$10^{1}$ to $10^{2}$ ,{'Spam': 1},"{'Action': 0, 'Behavior': 0, 'Content': 0, 'Distribution': 1}",-0.0
817,gamerr.cyou,$10^{3}$ to $10^{4}$,"{'Harassment': 1, 'Content Warnings': 1, 'Images': 1}","{'Action': 0, 'Behavior': 1, 'Content': 2, 'Distribution': 0}",0.9182958340544896
818,gamerstavern.online,$10^{2}$ to $10^{3}$,"{'Hate Speech': 1, 'Harassment': 2, 'Trolling': 1}","{'Action': 0, 'Behavior': 3, 'Content': 1, 'Distribution': 0}",0.8112781244591328
819,gaminginthe.cloud,$10^{3}$ to $10^{4}$,"{'NSFW': 1, 'Hate Speech': 1, 'Incitement of Violence': 2, 'Harassment': 1, 'Doxxing/ Personal Info': 1, 'Illegal Content': 1, 'Mis/Disinformation/Conspiracy': 1, 'Reposting/Crossposting': 1, 'Off-topic/topic specific': 1, 'Links & Outside Content': 1}","{'Action': 0, 'Behavior': 2, 'Content': 8, 'Distribution': 1}",1.0957952550009336
820,gardenstate.social,$10^{3}$ to $10^{4}$,"{'Hate Speech': 1, 'Advertising & Commercialization': 1, 'Spam': 1, 'Content Warnings': 1, 'Images': 1, 'Impersonation': 1}","{'Action': 0, 'Behavior': 1, 'Content': 3, 'Distribution': 2}",1.4591479170272446
821,gay.camera,$10^{2}$ to $10^{3}$,"{'Illegal Content': 1, 'Copyright/ Piracy': 1, 'Images': 2, 'NSFW': 1, 'Content Warnings': 1}","{'Action': 0, 'Behavior': 0, 'Content': 5, 'Distribution': 1}",0.6500224216483541
822,gaydadon.jp,$10^{3}$ to $10^{4}$,"{'Illegal Content': 1, 'Hate Speech': 1, 'Content Warnings': 1, 'Images': 2, 'NSFW': 1, 'Off-topic/topic specific': 1}","{'Action': 0, 'Behavior': 0, 'Content': 7, 'Distribution': 0}",-0.0
823,gayfr.social,$10^{3}$ to $10^{4}$,"{'NSFW': 3, 'Images': 1, 'Hate Speech': 2, 'Illegal Content': 1, 'Incitement of Violence': 2, 'Doxxing/ Personal Info': 1, 'Harassment': 1, 'Copyright/ Piracy': 1, 'Advertising & Commercialization': 1, 'Spam': 1, 'Mis/Disinformation/Conspiracy': 1}","{'Action': 0, 'Behavior': 2, 'Content': 10, 'Distribution': 3}",1.2419460322060458
824,gaygeek.social,$10^{4}$ to $10^{5}$,"{'Illegal Content': 1, 'Hate Speech': 1, 'Harassment': 1, 'NSFW': 1, 'Content Warnings': 1, 'Spam': 1, 'Impersonation': 1}","{'Action': 0, 'Behavior': 2, 'Content': 4, 'Distribution': 1}",1.3787834934861753
825,gaypirates.club,$10^{3}$ to $10^{4}$,"{'Content Warnings': 2, 'Off-topic/topic specific': 2, 'Hate Speech': 1, 'NSFW': 2}","{'Action': 0, 'Behavior': 0, 'Content': 7, 'Distribution': 0}",-0.0
826,gayweeb.vip,$10^{1}$ to $10^{2}$ ,"{'Hate Speech': 4, 'Dogpiling': 1, 'Harassment': 2, 'Advertising & Commercialization': 1, 'Spam': 1, 'Not Applicable': 2, 'Automated tools': 1, 'NSFW': 1, 'Illegal Content': 2, 'Content Warnings': 2}","{'Action': 1, 'Behavior': 3, 'Content': 9, 'Distribution': 2}",1.5546097612655665
827,gearpaws.com,$10^{1}$ to $10^{2}$ ,"{'Hate Speech': 1, 'Harassment': 1, 'Illegal Content': 1, 'NSFW': 3, 'Content Warnings': 1}","{'Action': 0, 'Behavior': 1, 'Content': 6, 'Distribution': 0}",0.5916727785823275
828,geekdom.social,$10^{4}$ to $10^{5}$,"{'Hate Speech': 1, 'Mis/Disinformation/Conspiracy': 1, 'Content Warnings': 1, 'Images': 1, 'Incitement of Violence': 1, 'Trolling': 1, 'Advertising & Commercialization': 1, 'Spam': 1}","{'Action': 0, 'Behavior': 1, 'Content': 5, 'Distribution': 2}",1.2987949406953985
829,geeknews.chat,$10^{2}$ to $10^{3}$,"{'NSFW': 1, 'Hate Speech': 1}","{'Action': 0, 'Behavior': 0, 'Content': 2, 'Distribution': 0}",-0.0
830,geekstodon.com,$10^{2}$ to $10^{3}$,"{'Incitement of Violence': 1, 'Hate Speech': 2}","{'Action': 0, 'Behavior': 0, 'Content': 3, 'Distribution': 0}",-0.0
831,gefahrengebiet.org,$10^{1}$ to $10^{2}$ ,"{'Content Warnings': 1, 'Images': 1, 'Hate Speech': 1, 'Incitement of Violence': 1, 'Harassment': 1, 'Doxxing/ Personal Info': 1, 'Illegal Content': 1, 'Mis/Disinformation/Conspiracy': 1}","{'Action': 0, 'Behavior': 2, 'Content': 6, 'Distribution': 0}",0.8112781244591328
832,genart.social,$10^{3}$ to $10^{4}$,"{'Content Warnings': 2, 'Images': 2, 'NSFW': 1, 'Illegal Content': 2, 'Hate Speech': 1, 'Incitement of Violence': 1, 'Harassment': 1, 'Doxxing/ Personal Info': 1, 'Mis/Disinformation/Conspiracy': 1}","{'Action': 0, 'Behavior': 2, 'Content': 10, 'Distribution': 0}",0.6500224216483541
833,geneadon.social,$10^{1}$ to $10^{2}$ ,"{'NSFW': 1, 'Images': 1, 'Hate Speech': 1, 'Incitement of Violence': 1, 'Harassment': 1, 'Dogpiling': 1, 'Mis/Disinformation/Conspiracy': 1}","{'Action': 0, 'Behavior': 2, 'Content': 5, 'Distribution': 0}",0.863120568566631
834,genealogie.social,$10^{3}$ to $10^{4}$,"{'Hate Speech': 2, 'Doxxing/ Personal Info': 1, 'Incitement of Violence': 1, 'Illegal Content': 1, 'Harassment': 1, 'Trolling': 1}","{'Action': 0, 'Behavior': 3, 'Content': 4, 'Distribution': 0}",0.9852281360342515
835,genealysis.social,$10^{3}$ to $10^{4}$,"{'Hate Speech': 1, 'Incitement of Violence': 1, 'Advertising & Commercialization': 1, 'Spam': 1, 'Impersonation': 1, 'Illegal Content': 1, 'NSFW': 1, 'Images': 1}","{'Action': 0, 'Behavior': 1, 'Content': 5, 'Distribution': 2}",1.2987949406953985
836,genericsocialmediapage.com,$10^{1}$ to $10^{2}$ ,"{'Hate Speech': 1, 'Trolling': 1, 'Harassment': 2, 'Dogpiling': 1, 'Incitement of Violence': 1, 'Doxxing/ Personal Info': 1, 'NSFW': 2, 'Content Warnings': 1, 'Illegal Content': 1, 'Impersonation': 1, 'Mis/Disinformation/Conspiracy': 1, 'Spam': 1, 'Automated tools': 1}","{'Action': 1, 'Behavior': 6, 'Content': 7, 'Distribution': 1}",1.5628066316931741
837,genomic.social,$10^{4}$ to $10^{5}$,"{'NSFW': 1, 'Images': 1, 'Incitement of Violence': 1, 'Mis/Disinformation/Conspiracy': 1, 'Hate Speech': 1, 'Harassment': 1, 'Dogpiling': 1, 'Doxxing/ Personal Info': 1, 'Illegal Content': 2, 'Spam': 1, 'Links & Outside Content': 1, 'Copyright/ Piracy': 1}","{'Action': 0, 'Behavior': 3, 'Content': 8, 'Distribution': 2}",1.3346791410515946
838,gensokyo.social,$10^{4}$ to $10^{5}$,"{'NSFW': 1, 'Harassment': 1, 'Trolling': 1, 'Hate Speech': 1}","{'Action': 0, 'Behavior': 2, 'Content': 2, 'Distribution': 0}",1.0
839,genxer.nz,$10^{1}$ to $10^{2}$ ,"{'Harassment': 2, 'NSFW': 1}","{'Action': 0, 'Behavior': 2, 'Content': 1, 'Distribution': 0}",0.9182958340544896
840,gervtuber.de,$10^{2}$ to $10^{3}$,"{'Illegal Content': 3, 'Not Applicable': 1, 'Harassment': 3, 'Hate Speech': 2, 'Incitement of Violence': 1, 'Doxxing/ Personal Info': 2, 'Impersonation': 2, 'Spam': 1, 'NSFW': 1, 'Content Warnings': 1}","{'Action': 0, 'Behavior': 7, 'Content': 8, 'Distribution': 1}",1.271782221599798
841,gesichtsbu.ch,$10^{2}$ to $10^{3}$,"{'Content Warnings': 1, 'Images': 1, 'Hate Speech': 1, 'Incitement of Violence': 2, 'Harassment': 1, 'Doxxing/ Personal Info': 1, 'Illegal Content': 1, 'Mis/Disinformation/Conspiracy': 1}","{'Action': 0, 'Behavior': 2, 'Content': 7, 'Distribution': 0}",0.7642045065086203
842,getoote.de,$10^{1}$ to $10^{2}$ ,"{'Advertising & Commercialization': 1, 'Hate Speech': 1}","{'Action': 0, 'Behavior': 0, 'Content': 1, 'Distribution': 1}",1.0
843,giersig.net,$10^{1}$ to $10^{2}$ ,"{'Harassment': 1, 'Trolling': 1, 'Mis/Disinformation/Conspiracy': 1, 'Doxxing/ Personal Info': 1, 'Hate Speech': 1}","{'Action': 0, 'Behavior': 3, 'Content': 2, 'Distribution': 0}",0.9709505944546686
844,girlcock.club,$10^{4}$ to $10^{5}$,"{'Illegal Content': 1, 'Hate Speech': 2, 'NSFW': 1, 'Content Warnings': 1}","{'Action': 0, 'Behavior': 0, 'Content': 5, 'Distribution': 0}",-0.0
845,girldick.party,$10^{1}$ to $10^{2}$ ,"{'Illegal Content': 1, 'Hate Speech': 2, 'NSFW': 1, 'Content Warnings': 1}","{'Action': 0, 'Behavior': 0, 'Content': 5, 'Distribution': 0}",-0.0
846,glaceon.social,$10^{3}$ to $10^{4}$,{'Links & Outside Content': 1},"{'Action': 0, 'Behavior': 0, 'Content': 1, 'Distribution': 0}",-0.0
847,glauca.space,$10^{2}$ to $10^{3}$,{'Hate Speech': 1},"{'Action': 0, 'Behavior': 0, 'Content': 1, 'Distribution': 0}",-0.0
848,gleasonator.com,$10^{3}$ to $10^{4}$,"{'Illegal Content': 1, 'NSFW': 1, 'Images': 1, 'Impersonation': 1, 'Spam': 2, 'Advertising & Commercialization': 1}","{'Action': 0, 'Behavior': 1, 'Content': 3, 'Distribution': 3}",1.4488156357251847
849,glitch.braydmedia.de,$10^{1}$ to $10^{2}$ ,"{'Advertising & Commercialization': 1, 'Spam': 3, 'Mis/Disinformation/Conspiracy': 1, 'Illegal Content': 1, 'Hate Speech': 3, 'Reposting/Crossposting': 1, 'NSFW': 1, 'Content Warnings': 1}","{'Action': 0, 'Behavior': 0, 'Content': 7, 'Distribution': 5}",0.9798687566511528
850,glitch.lgbt,$10^{2}$ to $10^{3}$,"{'Incitement of Violence': 1, 'Hate Speech': 1, 'Illegal Content': 1, 'Not Applicable': 1, 'NSFW': 1, 'Content Warnings': 1, 'Advertising & Commercialization': 1}","{'Action': 0, 'Behavior': 0, 'Content': 5, 'Distribution': 1}",0.6500224216483541
851,glitch.taks.garden,$10^{1}$ to $10^{2}$ ,"{'Images': 1, 'Hate Speech': 1, 'Incitement of Violence': 1, 'Harassment': 1, 'Doxxing/ Personal Info': 1, 'Illegal Content': 1, 'Mis/Disinformation/Conspiracy': 1}","{'Action': 0, 'Behavior': 2, 'Content': 5, 'Distribution': 0}",0.863120568566631
852,glod.org,$10^{2}$ to $10^{3}$,"{'Illegal Content': 1, 'Spam': 1}","{'Action': 0, 'Behavior': 0, 'Content': 1, 'Distribution': 1}",1.0
853,gluck.cc,$10^{1}$ to $10^{2}$ ,"{'Not Applicable': 1, 'Doxxing/ Personal Info': 1, 'Content Warnings': 1, 'Copyright/ Piracy': 1, 'Links & Outside Content': 2, 'Images': 1, 'Reposting/Crossposting': 1}","{'Action': 0, 'Behavior': 1, 'Content': 4, 'Distribution': 2}",1.3787834934861753
854,gm-cloud.org.uk,$10^{1}$ to $10^{2}$ ,{'Hate Speech': 1},"{'Action': 0, 'Behavior': 0, 'Content': 1, 'Distribution': 0}",-0.0
855,gnurfl.de,$10^{1}$ to $10^{2}$ ,"{'Hate Speech': 3, 'Harassment': 2, 'Incitement of Violence': 2, 'Copyright/ Piracy': 1, 'Illegal Content': 2, 'Doxxing/ Personal Info': 1, 'Spam': 1, 'Automated tools': 1}","{'Action': 1, 'Behavior': 3, 'Content': 7, 'Distribution': 2}",1.6691803368667308
856,go5.dev,$10^{4}$ to $10^{5}$,"{'Doxxing/ Personal Info': 1, 'Copyright/ Piracy': 1, 'NSFW': 1, 'Content Warnings': 1, 'Incitement of Violence': 1, 'Hate Speech': 1, 'Harassment': 1}","{'Action': 0, 'Behavior': 2, 'Content': 4, 'Distribution': 1}",1.3787834934861753
857,goblin.camp,$10^{3}$ to $10^{4}$,"{'Harassment': 1, 'Doxxing/ Personal Info': 1, 'Hate Speech': 1, 'NSFW': 2, 'Content Warnings': 2, 'Not Applicable': 2, 'Illegal Content': 1, 'Advertising & Commercialization': 1, 'Spam': 1}","{'Action': 0, 'Behavior': 2, 'Content': 6, 'Distribution': 2}",1.3709505944546687
858,goblin.technology,$10^{2}$ to $10^{3}$,"{'Hate Speech': 1, 'Automated tools': 1}","{'Action': 1, 'Behavior': 0, 'Content': 1, 'Distribution': 0}",1.0
859,godforsaken.website,$10^{2}$ to $10^{3}$,"{'Content Warnings': 1, 'Images': 1, 'Advertising & Commercialization': 1, 'Spam': 1, 'Hate Speech': 2, 'Off-topic/topic specific': 1}","{'Action': 0, 'Behavior': 0, 'Content': 5, 'Distribution': 2}",0.863120568566631
860,goeppingen.social,$10^{1}$ to $10^{2}$ ,"{'Hate Speech': 1, 'NSFW': 1, 'Content Warnings': 1, 'Incitement of Violence': 1, 'Harassment': 1, 'Doxxing/ Personal Info': 1, 'Mis/Disinformation/Conspiracy': 1, 'Spam': 1, 'Links & Outside Content': 1}","{'Action': 0, 'Behavior': 2, 'Content': 6, 'Distribution': 1}",1.224394445405986
861,goettingen.social,$10^{1}$ to $10^{2}$ ,"{'Hate Speech': 2, 'Harassment': 1, 'Doxxing/ Personal Info': 1, 'Illegal Content': 1, 'Mis/Disinformation/Conspiracy': 1, 'Images': 1}","{'Action': 0, 'Behavior': 2, 'Content': 5, 'Distribution': 0}",0.863120568566631
862,gomastodon.cz,$10^{3}$ to $10^{4}$,{'Illegal Content': 1},"{'Action': 0, 'Behavior': 0, 'Content': 1, 'Distribution': 0}",-0.0
863,gore.pet,$10^{1}$ to $10^{2}$ ,{'NSFW': 1},"{'Action': 0, 'Behavior': 0, 'Content': 1, 'Distribution': 0}",-0.0
864,gorone.xyz,$10^{2}$ to $10^{3}$,"{'Images': 2, 'NSFW': 1}","{'Action': 0, 'Behavior': 0, 'Content': 3, 'Distribution': 0}",-0.0
865,gotgoat.com,$10^{2}$ to $10^{3}$,{'Hate Speech': 2},"{'Action': 0, 'Behavior': 0, 'Content': 2, 'Distribution': 0}",-0.0
866,goto.77nn.it,$10^{1}$ to $10^{2}$ ,{'Hate Speech': 1},"{'Action': 0, 'Behavior': 0, 'Content': 1, 'Distribution': 0}",-0.0
867,gotosocial.stripittoride.club,$10^{1}$ to $10^{2}$ ,"{'Hate Speech': 1, 'Incitement of Violence': 1, 'Harassment': 1, 'Doxxing/ Personal Info': 1, 'Mis/Disinformation/Conspiracy': 1}","{'Action': 0, 'Behavior': 2, 'Content': 3, 'Distribution': 0}",0.9709505944546686
868,graeber.social,$10^{3}$ to $10^{4}$,"{'Links & Outside Content': 1, 'Off-topic/topic specific': 1}","{'Action': 0, 'Behavior': 0, 'Content': 2, 'Distribution': 0}",-0.0
869,gram.social,$10^{4}$ to $10^{5}$,"{'Content Warnings': 1, 'Images': 1, 'Hate Speech': 1, 'Incitement of Violence': 1, 'Illegal Content': 1, 'Copyright/ Piracy': 1, 'Mis/Disinformation/Conspiracy': 1}","{'Action': 0, 'Behavior': 0, 'Content': 6, 'Distribution': 1}",0.5916727785823275
870,grandma.space,$10^{2}$ to $10^{3}$,"{'Harassment': 2, 'Hate Speech': 1, 'NSFW': 1, 'Content Warnings': 2, 'Off-topic/topic specific': 1}","{'Action': 0, 'Behavior': 2, 'Content': 5, 'Distribution': 0}",0.863120568566631
871,grants.cafe,$10^{2}$ to $10^{3}$,"{'Content Warnings': 1, 'Images': 1, 'Hate Speech': 1, 'Incitement of Violence': 1, 'Harassment': 1, 'Doxxing/ Personal Info': 1, 'Illegal Content': 1, 'Mis/Disinformation/Conspiracy': 1}","{'Action': 0, 'Behavior': 2, 'Content': 6, 'Distribution': 0}",0.8112781244591328
872,graz.social,$10^{4}$ to $10^{5}$,"{'Content Warnings': 1, 'Hate Speech': 1, 'Harassment': 1, 'Doxxing/ Personal Info': 1, 'Illegal Content': 1, 'Mis/Disinformation/Conspiracy': 1, 'Advertising & Commercialization': 1, 'Spam': 1, 'Automated tools': 2, 'Reposting/Crossposting': 1, 'Not Applicable': 1, 'Impersonation': 1}","{'Action': 2, 'Behavior': 3, 'Content': 4, 'Distribution': 3}",1.9591479170272446
873,greenfield.masto.host,$10^{2}$ to $10^{3}$,"{'NSFW': 1, 'Illegal Content': 1, 'Content Warnings': 1}","{'Action': 0, 'Behavior': 0, 'Content': 3, 'Distribution': 0}",-0.0
874,greenfield.social,$10^{1}$ to $10^{2}$ ,"{'Harassment': 1, 'Trolling': 1}","{'Action': 0, 'Behavior': 2, 'Content': 0, 'Distribution': 0}",-0.0
875,greengame.dev,$10^{1}$ to $10^{2}$ ,"{'Content Warnings': 1, 'Images': 1, 'Hate Speech': 1, 'Incitement of Violence': 1, 'Harassment': 1, 'Doxxing/ Personal Info': 1, 'Mis/Disinformation/Conspiracy': 1}","{'Action': 0, 'Behavior': 2, 'Content': 5, 'Distribution': 0}",0.863120568566631
876,greenhill.zone,$10^{2}$ to $10^{3}$,{'Links & Outside Content': 1},"{'Action': 0, 'Behavior': 0, 'Content': 1, 'Distribution': 0}",-0.0
877,greennet.social,$10^{2}$ to $10^{3}$,"{'NSFW': 1, 'Content Warnings': 1, 'Images': 1, 'Hate Speech': 1, 'Incitement of Violence': 1, 'Harassment': 1, 'Doxxing/ Personal Info': 1, 'Mis/Disinformation/Conspiracy': 1}","{'Action': 0, 'Behavior': 2, 'Content': 6, 'Distribution': 0}",0.8112781244591328
878,greifswald.lgbt,$10^{1}$ to $10^{2}$ ,"{'Doxxing/ Personal Info': 1, 'Hate Speech': 1, 'Harassment': 1, 'Spam': 2, 'NSFW': 1, 'Advertising & Commercialization': 1, 'Illegal Content': 1}","{'Action': 0, 'Behavior': 2, 'Content': 3, 'Distribution': 3}",1.561278124459133
879,gronp.masto.host,$10^{2}$ to $10^{3}$,"{'Doxxing/ Personal Info': 1, 'Hate Speech': 1, 'Harassment': 1, 'Off-topic/topic specific': 1}","{'Action': 0, 'Behavior': 2, 'Content': 2, 'Distribution': 0}",1.0
880,groovytoot.com,$10^{2}$ to $10^{3}$,"{'Hate Speech': 2, 'Harassment': 1}","{'Action': 0, 'Behavior': 1, 'Content': 2, 'Distribution': 0}",0.9182958340544896
881,groupthink.fun,$10^{1}$ to $10^{2}$ ,{'Hate Speech': 1},"{'Action': 0, 'Behavior': 0, 'Content': 1, 'Distribution': 0}",-0.0
882,growers.social,$10^{3}$ to $10^{4}$,"{'NSFW': 1, 'Images': 1, 'Advertising & Commercialization': 1, 'Spam': 1, 'Hate Speech': 1, 'Incitement of Violence': 1, 'Harassment': 1, 'Doxxing/ Personal Info': 1, 'Illegal Content': 1, 'Content Warnings': 1, 'Off-topic/topic specific': 1}","{'Action': 0, 'Behavior': 2, 'Content': 7, 'Distribution': 2}",1.3092966682370037
883,grumble.social,$10^{2}$ to $10^{3}$,"{'Hate Speech': 2, 'Dogpiling': 1, 'Mis/Disinformation/Conspiracy': 1, 'Illegal Content': 1}","{'Action': 0, 'Behavior': 1, 'Content': 4, 'Distribution': 0}",0.7219280948873623
884,gs.leftic.club,$10^{2}$ to $10^{3}$,{'Illegal Content': 1},"{'Action': 0, 'Behavior': 0, 'Content': 1, 'Distribution': 0}",-0.0
885,gts.dtth.ch,$10^{2}$ to $10^{3}$,"{'NSFW': 1, 'Illegal Content': 1, 'Content Warnings': 1, 'Harassment': 1}","{'Action': 0, 'Behavior': 1, 'Content': 3, 'Distribution': 0}",0.8112781244591328
886,gts.fsociety.social,$10^{1}$ to $10^{2}$ ,"{'NSFW': 2, 'Content Warnings': 1, 'Images': 1, 'Hate Speech': 1, 'Incitement of Violence': 1, 'Harassment': 1, 'Dogpiling': 1, 'Doxxing/ Personal Info': 1, 'Mis/Disinformation/Conspiracy': 1, 'Copyright/ Piracy': 1}","{'Action': 0, 'Behavior': 3, 'Content': 7, 'Distribution': 1}",1.2406705316766884
887,gts.fyrfli.social,$10^{1}$ to $10^{2}$ ,{'Hate Speech': 1},"{'Action': 0, 'Behavior': 0, 'Content': 1, 'Distribution': 0}",-0.0
888,gts.kelbie.scot,$10^{1}$ to $10^{2}$ ,"{'NSFW': 1, 'Harassment': 3, 'Trolling': 1, 'Doxxing/ Personal Info': 1, 'Hate Speech': 1, 'Content Warnings': 1, 'Images': 1}","{'Action': 0, 'Behavior': 5, 'Content': 4, 'Distribution': 0}",0.9910760598382222
889,gts.liberated.press,$10^{1}$ to $10^{2}$ ,"{'Hate Speech': 2, 'Illegal Content': 1, 'Harassment': 1, 'Doxxing/ Personal Info': 2, 'Images': 1}","{'Action': 0, 'Behavior': 3, 'Content': 4, 'Distribution': 0}",0.9852281360342515
890,gts.nogoo.me,$10^{1}$ to $10^{2}$ ,"{'Links & Outside Content': 1, 'Off-topic/topic specific': 1}","{'Action': 0, 'Behavior': 0, 'Content': 2, 'Distribution': 0}",-0.0
891,gts.run0.ing,$10^{1}$ to $10^{2}$ ,"{'Hate Speech': 1, 'Harassment': 1}","{'Action': 0, 'Behavior': 1, 'Content': 1, 'Distribution': 0}",1.0
892,gts.snoot.tube,$10^{1}$ to $10^{2}$ ,"{'Hate Speech': 1, 'Content Warnings': 1, 'Illegal Content': 1}","{'Action': 0, 'Behavior': 0, 'Content': 3, 'Distribution': 0}",-0.0
893,gts1.entities.org.uk,$10^{1}$ to $10^{2}$ ,"{'Advertising & Commercialization': 1, 'Content Warnings': 1, 'Hate Speech': 1, 'Harassment': 1}","{'Action': 0, 'Behavior': 1, 'Content': 2, 'Distribution': 1}",1.5
894,guerrill.art,$10^{1}$ to $10^{2}$ ,"{'Mis/Disinformation/Conspiracy': 2, 'Hate Speech': 3, 'Doxxing/ Personal Info': 1, 'Harassment': 1, 'Incitement of Violence': 1}","{'Action': 0, 'Behavior': 2, 'Content': 6, 'Distribution': 0}",0.8112781244591328
895,guglhupf.social,$10^{1}$ to $10^{2}$ ,"{'Mis/Disinformation/Conspiracy': 1, 'Illegal Content': 1, 'Incitement of Violence': 1}","{'Action': 0, 'Behavior': 0, 'Content': 3, 'Distribution': 0}",-0.0
896,guild.pmdcollab.org,$10^{3}$ to $10^{4}$,"{'Impersonation': 1, 'Harassment': 1, 'NSFW': 1, 'Content Warnings': 1, 'Illegal Content': 1}","{'Action': 0, 'Behavior': 2, 'Content': 3, 'Distribution': 0}",0.9709505944546686
897,guitar.rodeo,$10^{4}$ to $10^{5}$,"{'Hate Speech': 1, 'NSFW': 1}","{'Action': 0, 'Behavior': 0, 'Content': 2, 'Distribution': 0}",-0.0
898,gulp.cafe,$10^{4}$ to $10^{5}$,"{'Content Warnings': 1, 'Images': 1}","{'Action': 0, 'Behavior': 0, 'Content': 2, 'Distribution': 0}",-0.0
899,guzmer.social,$10^{1}$ to $10^{2}$ ,{'Hate Speech': 1},"{'Action': 0, 'Behavior': 0, 'Content': 1, 'Distribution': 0}",-0.0
900,gweep.cat,$10^{2}$ to $10^{3}$,"{'Hate Speech': 2, 'Harassment': 1, 'Not Applicable': 1}","{'Action': 0, 'Behavior': 1, 'Content': 2, 'Distribution': 0}",0.9182958340544896
901,gxtech.social,$10^{1}$ to $10^{2}$ ,"{'Illegal Content': 1, 'Incitement of Violence': 1}","{'Action': 0, 'Behavior': 0, 'Content': 2, 'Distribution': 0}",-0.0
902,h-i.social,$10^{2}$ to $10^{3}$,"{'Hate Speech': 2, 'Harassment': 2, 'NSFW': 1, 'Content Warnings': 1, 'Copyright/ Piracy': 1, 'Illegal Content': 1}","{'Action': 0, 'Behavior': 2, 'Content': 5, 'Distribution': 1}",1.2987949406953985
903,h-net.social,$10^{4}$ to $10^{5}$,"{'Hate Speech': 3, 'Incitement of Violence': 1, 'Harassment': 2, 'Spam': 1, 'Mis/Disinformation/Conspiracy': 1, 'Illegal Content': 1}","{'Action': 0, 'Behavior': 2, 'Content': 6, 'Distribution': 1}",1.224394445405986
904,h4.io,$10^{4}$ to $10^{5}$,"{'Reposting/Crossposting': 1, 'Advertising & Commercialization': 1, 'Spam': 1, 'Mis/Disinformation/Conspiracy': 1, 'Illegal Content': 3, 'Hate Speech': 3, 'Incitement of Violence': 1, 'Harassment': 1, 'NSFW': 2, 'Content Warnings': 1}","{'Action': 0, 'Behavior': 1, 'Content': 11, 'Distribution': 3}",1.0529815751302694
905,hachyderm.io,$10^{5}$ to $10^{6}$ ,"{'Illegal Content': 1, 'Incitement of Violence': 1, 'Hate Speech': 7}","{'Action': 0, 'Behavior': 0, 'Content': 9, 'Distribution': 0}",-0.0
906,hackaday.social,$10^{2}$ to $10^{3}$,"{'Harassment': 1, 'NSFW': 1, 'Images': 1, 'Illegal Content': 1, 'Off-topic/topic specific': 1, 'Spam': 1, 'Advertising & Commercialization': 1, 'Links & Outside Content': 1}","{'Action': 0, 'Behavior': 1, 'Content': 5, 'Distribution': 2}",1.2987949406953985
907,hackademiker.se,$10^{1}$ to $10^{2}$ ,"{'Hate Speech': 1, 'Incitement of Violence': 1, 'Harassment': 1, 'Mis/Disinformation/Conspiracy': 1, 'Illegal Content': 1, 'NSFW': 1}","{'Action': 0, 'Behavior': 1, 'Content': 5, 'Distribution': 0}",0.6500224216483541
908,hackers.town,$10^{3}$ to $10^{4}$,"{'Advertising & Commercialization': 1, 'Spam': 1, 'Not Applicable': 2, 'Automated tools': 1, 'NSFW': 2, 'Content Warnings': 2, 'Hate Speech': 6, 'Incitement of Violence': 1, 'Illegal Content': 1, 'Harassment': 2, 'Impersonation': 1}","{'Action': 1, 'Behavior': 3, 'Content': 12, 'Distribution': 2}",1.404678473063571
909,hackerspace.au,$10^{2}$ to $10^{3}$,"{'Advertising & Commercialization': 1, 'Spam': 1, 'Automated tools': 1, 'Hate Speech': 2, 'Harassment': 1}","{'Action': 1, 'Behavior': 1, 'Content': 2, 'Distribution': 2}",1.9182958340544896
910,hacks.fi,$10^{2}$ to $10^{3}$,"{'Illegal Content': 1, 'Spam': 1, 'NSFW': 1, 'Content Warnings': 1, 'Harassment': 1}","{'Action': 0, 'Behavior': 1, 'Content': 3, 'Distribution': 1}",1.3709505944546687
911,hades.town,$10^{1}$ to $10^{2}$ ,"{'Hate Speech': 1, 'Incitement of Violence': 1}","{'Action': 0, 'Behavior': 0, 'Content': 2, 'Distribution': 0}",-0.0
912,hameln.social,$10^{2}$ to $10^{3}$,"{'Hate Speech': 2, 'Mis/Disinformation/Conspiracy': 1, 'NSFW': 1, 'Illegal Content': 1}","{'Action': 0, 'Behavior': 0, 'Content': 5, 'Distribution': 0}",-0.0
913,haminoa.net,$10^{1}$ to $10^{2}$ ,"{'Illegal Content': 1, 'Hate Speech': 5, 'NSFW': 1, 'Content Warnings': 1}","{'Action': 0, 'Behavior': 0, 'Content': 8, 'Distribution': 0}",-0.0
914,hamont.social,$10^{2}$ to $10^{3}$,"{'Hate Speech': 1, 'NSFW': 1, 'Content Warnings': 1, 'Images': 1, 'Harassment': 1, 'Illegal Content': 1, 'Incitement of Violence': 1, 'Mis/Disinformation/Conspiracy': 1}","{'Action': 0, 'Behavior': 1, 'Content': 7, 'Distribution': 0}",0.5435644431995964
915,hamradio.tel,$10^{2}$ to $10^{3}$,"{'Hate Speech': 1, 'Harassment': 1, 'NSFW': 1}","{'Action': 0, 'Behavior': 1, 'Content': 2, 'Distribution': 0}",0.9182958340544896
916,handlewalks.masto.host,$10^{1}$ to $10^{2}$ ,"{'Hate Speech': 1, 'Harassment': 2, 'NSFW': 1, 'Content Warnings': 1}","{'Action': 0, 'Behavior': 2, 'Content': 3, 'Distribution': 0}",0.9709505944546686
917,handmade.social,$10^{2}$ to $10^{3}$,{'Advertising & Commercialization': 1},"{'Action': 0, 'Behavior': 0, 'Content': 0, 'Distribution': 1}",-0.0
918,hannover.town,$10^{2}$ to $10^{3}$,"{'Hate Speech': 1, 'Mis/Disinformation/Conspiracy': 1, 'NSFW': 1, 'Incitement of Violence': 1}","{'Action': 0, 'Behavior': 0, 'Content': 4, 'Distribution': 0}",-0.0
919,hard.blue,$10^{1}$ to $10^{2}$ ,{'Illegal Content': 1},"{'Action': 0, 'Behavior': 0, 'Content': 1, 'Distribution': 0}",-0.0
920,harrystyl.es,$10^{2}$ to $10^{3}$,"{'Doxxing/ Personal Info': 1, 'Hate Speech': 1, 'Illegal Content': 1}","{'Action': 0, 'Behavior': 1, 'Content': 2, 'Distribution': 0}",0.9182958340544896
921,harz.social,$10^{2}$ to $10^{3}$,"{'Content Warnings': 1, 'Images': 1, 'Hate Speech': 1, 'Incitement of Violence': 1, 'Harassment': 1, 'Doxxing/ Personal Info': 1, 'Illegal Content': 1, 'Mis/Disinformation/Conspiracy': 1}","{'Action': 0, 'Behavior': 2, 'Content': 6, 'Distribution': 0}",0.8112781244591328
922,hasacow.com,$10^{1}$ to $10^{2}$ ,"{'Hate Speech': 1, 'Harassment': 1}","{'Action': 0, 'Behavior': 1, 'Content': 1, 'Distribution': 0}",1.0
923,hatchee.bz,$10^{2}$ to $10^{3}$,"{'Doxxing/ Personal Info': 1, 'Hate Speech': 1, 'Harassment': 1, 'Spam': 1, 'Illegal Content': 1, 'Links & Outside Content': 1}","{'Action': 0, 'Behavior': 2, 'Content': 3, 'Distribution': 1}",1.4591479170272448
924,hatedon.1984.cz,$10^{1}$ to $10^{2}$ ,{'Illegal Content': 1},"{'Action': 0, 'Behavior': 0, 'Content': 1, 'Distribution': 0}",-0.0
925,haunted.computer,$10^{2}$ to $10^{3}$,"{'Hate Speech': 1, 'Harassment': 1, 'Content Warnings': 1, 'Illegal Content': 1}","{'Action': 0, 'Behavior': 1, 'Content': 3, 'Distribution': 0}",0.8112781244591328
926,hax0rbana.social,$10^{2}$ to $10^{3}$,"{'Harassment': 1, 'Links & Outside Content': 1}","{'Action': 0, 'Behavior': 1, 'Content': 1, 'Distribution': 0}",1.0
927,hci.social,$10^{4}$ to $10^{5}$,"{'Hate Speech': 1, 'Harassment': 4, 'Incitement of Violence': 1, 'Trolling': 1, 'Off-topic/topic specific': 1, 'Illegal Content': 1}","{'Action': 0, 'Behavior': 5, 'Content': 4, 'Distribution': 0}",0.9910760598382222
928,hcommons.social,$10^{4}$ to $10^{5}$,"{'Hate Speech': 2, 'Incitement of Violence': 1, 'Harassment': 1, 'Doxxing/ Personal Info': 1, 'NSFW': 1, 'Images': 1, 'Mis/Disinformation/Conspiracy': 1, 'Spam': 1}","{'Action': 0, 'Behavior': 2, 'Content': 6, 'Distribution': 1}",1.224394445405986
929,heads.social,$10^{3}$ to $10^{4}$,"{'Advertising & Commercialization': 1, 'Spam': 1, 'Not Applicable': 1, 'Automated tools': 1, 'NSFW': 3, 'Images': 1, 'Content Warnings': 1, 'Hate Speech': 5, 'Illegal Content': 2, 'Harassment': 1, 'Impersonation': 1}","{'Action': 1, 'Behavior': 2, 'Content': 12, 'Distribution': 2}",1.321606958388347
930,hear-me.social,$10^{3}$ to $10^{4}$,"{'Doxxing/ Personal Info': 1, 'Hate Speech': 2, 'Trolling': 1, 'Harassment': 2, 'Mis/Disinformation/Conspiracy': 1, 'Spam': 2, 'Impersonation': 1, 'Copyright/ Piracy': 2, 'Advertising & Commercialization': 1, 'Illegal Content': 1, 'NSFW': 1, 'Content Warnings': 1, 'Images': 1, 'Automated tools': 1}","{'Action': 1, 'Behavior': 5, 'Content': 7, 'Distribution': 5}",1.788215812371376
931,heartystarty.net,$10^{1}$ to $10^{2}$ ,{'Hate Speech': 1},"{'Action': 0, 'Behavior': 0, 'Content': 1, 'Distribution': 0}",-0.0
932,hed.im,$10^{3}$ to $10^{4}$,"{'Incitement of Violence': 1, 'Harassment': 2, 'NSFW': 1, 'Images': 1, 'Hate Speech': 1}","{'Action': 0, 'Behavior': 2, 'Content': 4, 'Distribution': 0}",0.9182958340544896
933,heimat.drensteinfurt.net,$10^{1}$ to $10^{2}$ ,"{'Illegal Content': 1, 'Copyright/ Piracy': 1, 'Doxxing/ Personal Info': 1, 'Incitement of Violence': 1, 'Images': 1}","{'Action': 0, 'Behavior': 1, 'Content': 3, 'Distribution': 1}",1.3709505944546687
934,hellinger.wtf,$10^{1}$ to $10^{2}$ ,"{'Hate Speech': 3, 'Harassment': 1, 'Not Applicable': 1}","{'Action': 0, 'Behavior': 1, 'Content': 3, 'Distribution': 0}",0.8112781244591328
935,hello.2heng.xin,$10^{4}$ to $10^{5}$,"{'Illegal Content': 1, 'Advertising & Commercialization': 1, 'Impersonation': 1}","{'Action': 0, 'Behavior': 1, 'Content': 1, 'Distribution': 1}",1.584962500721156
936,hellowelcome.club,$10^{1}$ to $10^{2}$ ,"{'Hate Speech': 1, 'Mis/Disinformation/Conspiracy': 1, 'Harassment': 1}","{'Action': 0, 'Behavior': 1, 'Content': 2, 'Distribution': 0}",0.9182958340544896
937,helvede.net,$10^{3}$ to $10^{4}$,"{'Hate Speech': 2, 'Incitement of Violence': 2, 'Harassment': 2, 'Doxxing/ Personal Info': 1, 'Dogpiling': 1, 'Illegal Content': 1, 'Spam': 1, 'Reposting/Crossposting': 1}","{'Action': 0, 'Behavior': 4, 'Content': 5, 'Distribution': 2}",1.4949188482339508
938,henshaw.social,$10^{1}$ to $10^{2}$ ,"{'Hate Speech': 1, 'NSFW': 1, 'Content Warnings': 1, 'Images': 1, 'Harassment': 1, 'Illegal Content': 1, 'Incitement of Violence': 1, 'Mis/Disinformation/Conspiracy': 1, 'Advertising & Commercialization': 1, 'Spam': 1, 'Impersonation': 1}","{'Action': 0, 'Behavior': 2, 'Content': 7, 'Distribution': 2}",1.3092966682370037
939,herd.bovid.space,$10^{1}$ to $10^{2}$ ,{'Hate Speech': 1},"{'Action': 0, 'Behavior': 0, 'Content': 1, 'Distribution': 0}",-0.0
940,hessen.social,$10^{4}$ to $10^{5}$,"{'Harassment': 2, 'Doxxing/ Personal Info': 1, 'Hate Speech': 3, 'Illegal Content': 2, 'NSFW': 2, 'Incitement of Violence': 1, 'Advertising & Commercialization': 1, 'Spam': 1, 'Content Warnings': 1, 'Mis/Disinformation/Conspiracy': 2}","{'Action': 0, 'Behavior': 3, 'Content': 11, 'Distribution': 2}",1.1994602933016414
941,hhsocial.de,$10^{2}$ to $10^{3}$,"{'Hate Speech': 1, 'Harassment': 3, 'Off-topic/topic specific': 1, 'Doxxing/ Personal Info': 1, 'Illegal Content': 1, 'Copyright/ Piracy': 1}","{'Action': 0, 'Behavior': 4, 'Content': 3, 'Distribution': 1}",1.4056390622295665
942,hifish.social,$10^{1}$ to $10^{2}$ ,"{'NSFW': 1, 'Hate Speech': 1, 'Illegal Content': 2, 'Incitement of Violence': 1, 'Harassment': 1, 'Dogpiling': 1, 'Doxxing/ Personal Info': 1, 'Mis/Disinformation/Conspiracy': 1}","{'Action': 0, 'Behavior': 3, 'Content': 6, 'Distribution': 0}",0.9182958340544896
943,higheredweb.social,$10^{2}$ to $10^{3}$,"{'Hate Speech': 4, 'Not Applicable': 1, 'Spam': 1, 'Harassment': 1, 'Automated tools': 1}","{'Action': 1, 'Behavior': 1, 'Content': 4, 'Distribution': 1}",1.6644977792004614
944,hips.social,$10^{1}$ to $10^{2}$ ,"{'Hate Speech': 1, 'Mis/Disinformation/Conspiracy': 1, 'NSFW': 2, 'Content Warnings': 1}","{'Action': 0, 'Behavior': 0, 'Content': 5, 'Distribution': 0}",-0.0
945,hispagatos.space,$10^{4}$ to $10^{5}$,"{'Hate Speech': 2, 'Links & Outside Content': 3, 'Reposting/Crossposting': 2}","{'Action': 0, 'Behavior': 0, 'Content': 5, 'Distribution': 2}",0.863120568566631
946,historians.social,$10^{4}$ to $10^{5}$,"{'Hate Speech': 7, 'Harassment': 1, 'Illegal Content': 2, 'Mis/Disinformation/Conspiracy': 2, 'Incitement of Violence': 1, 'Spam': 1, 'NSFW': 1, 'Impersonation': 1}","{'Action': 0, 'Behavior': 2, 'Content': 13, 'Distribution': 1}",0.8683927290103626
947,history.lol,$10^{2}$ to $10^{3}$,"{'Hate Speech': 1, 'NSFW': 1, 'Content Warnings': 1}","{'Action': 0, 'Behavior': 0, 'Content': 3, 'Distribution': 0}",-0.0
948,hole.ucas.icu,$10^{3}$ to $10^{4}$,"{'NSFW': 1, 'Harassment': 1, 'Off-topic/topic specific': 2}","{'Action': 0, 'Behavior': 1, 'Content': 3, 'Distribution': 0}",0.8112781244591328
949,holopics.imperialba.se,$10^{2}$ to $10^{3}$,"{'Spam': 1, 'Illegal Content': 1}","{'Action': 0, 'Behavior': 0, 'Content': 1, 'Distribution': 1}",1.0
950,holycarp.org,$10^{1}$ to $10^{2}$ ,"{'Harassment': 1, 'Dogpiling': 1, 'Doxxing/ Personal Info': 1, 'Hate Speech': 2, 'NSFW': 1, 'Content Warnings': 1, 'Incitement of Violence': 1}","{'Action': 0, 'Behavior': 3, 'Content': 5, 'Distribution': 0}",0.954434002924965
951,home.speakfree.social,$10^{3}$ to $10^{4}$,"{'Content Warnings': 1, 'Images': 1, 'Hate Speech': 1, 'Incitement of Violence': 1, 'Harassment': 1, 'Doxxing/ Personal Info': 1, 'Mis/Disinformation/Conspiracy': 1}","{'Action': 0, 'Behavior': 2, 'Content': 5, 'Distribution': 0}",0.863120568566631
952,homestead.social,$10^{1}$ to $10^{2}$ ,"{'Hate Speech': 10, 'Incitement of Violence': 1}","{'Action': 0, 'Behavior': 0, 'Content': 11, 'Distribution': 0}",-0.0
953,hometech.social,$10^{4}$ to $10^{5}$,"{'Hate Speech': 1, 'Incitement of Violence': 1, 'Harassment': 1, 'Doxxing/ Personal Info': 1, 'Content Warnings': 1, 'Images': 1, 'Advertising & Commercialization': 1, 'Spam': 1}","{'Action': 0, 'Behavior': 2, 'Content': 4, 'Distribution': 2}",1.5
954,homo.dev,$10^{1}$ to $10^{2}$ ,"{'Hate Speech': 1, 'NSFW': 1, 'Illegal Content': 1, 'Content Warnings': 1}","{'Action': 0, 'Behavior': 0, 'Content': 4, 'Distribution': 0}",-0.0
955,homo.promo,$10^{1}$ to $10^{2}$ ,{'Hate Speech': 1},"{'Action': 0, 'Behavior': 0, 'Content': 1, 'Distribution': 0}",-0.0
956,homoo.social,$10^{3}$ to $10^{4}$,"{'Not Applicable': 1, 'Spam': 1}","{'Action': 0, 'Behavior': 0, 'Content': 0, 'Distribution': 1}",-0.0
957,honeycomb.engineer,$10^{1}$ to $10^{2}$ ,"{'Hate Speech': 3, 'NSFW': 1, 'Content Warnings': 1, 'Illegal Content': 1, 'Doxxing/ Personal Info': 2, 'Harassment': 1, 'Mis/Disinformation/Conspiracy': 1}","{'Action': 0, 'Behavior': 3, 'Content': 7, 'Distribution': 0}",0.8812908992306927
958,honks.io,$10^{1}$ to $10^{2}$ ,"{'Illegal Content': 1, 'Spam': 1, 'Hate Speech': 1}","{'Action': 0, 'Behavior': 0, 'Content': 2, 'Distribution': 1}",0.9182958340544896
959,hoosier.social,$10^{3}$ to $10^{4}$,"{'Hate Speech': 1, 'Spam': 1, 'Harassment': 2, 'Dogpiling': 1}","{'Action': 0, 'Behavior': 3, 'Content': 1, 'Distribution': 1}",1.3709505944546687
960,hotdok.dk,$10^{1}$ to $10^{2}$ ,"{'Hate Speech': 1, 'Incitement of Violence': 1, 'Harassment': 1, 'Doxxing/ Personal Info': 1, 'Illegal Content': 1, 'Links & Outside Content': 1}","{'Action': 0, 'Behavior': 2, 'Content': 4, 'Distribution': 0}",0.9182958340544896
961,houseofcreativeweirdos.com,$10^{1}$ to $10^{2}$ ,"{'Hate Speech': 2, 'Harassment': 1, 'Illegal Content': 1}","{'Action': 0, 'Behavior': 1, 'Content': 3, 'Distribution': 0}",0.8112781244591328
962,howdee.social,$10^{1}$ to $10^{2}$ ,"{'Images': 1, 'Illegal Content': 1, 'Incitement of Violence': 1, 'Hate Speech': 2, 'Spam': 1, 'Harassment': 1, 'Dogpiling': 1, 'Doxxing/ Personal Info': 1, 'Impersonation': 1, 'Mis/Disinformation/Conspiracy': 1, 'NSFW': 1, 'Content Warnings': 1}","{'Action': 0, 'Behavior': 4, 'Content': 8, 'Distribution': 1}",1.2389012566026305
963,howdidthisgethere.masto.host,$10^{1}$ to $10^{2}$ ,"{'Harassment': 1, 'Hate Speech': 1, 'Mis/Disinformation/Conspiracy': 1}","{'Action': 0, 'Behavior': 1, 'Content': 2, 'Distribution': 0}",0.9182958340544896
964,howse.social,$10^{2}$ to $10^{3}$,{'Hate Speech': 1},"{'Action': 0, 'Behavior': 0, 'Content': 1, 'Distribution': 0}",-0.0
965,htt.social,$10^{1}$ to $10^{2}$ ,"{'Illegal Content': 1, 'NSFW': 1}","{'Action': 0, 'Behavior': 0, 'Content': 2, 'Distribution': 0}",-0.0
966,hub.azkware.net,$10^{1}$ to $10^{2}$ ,"{'Hate Speech': 1, 'Harassment': 1, 'Copyright/ Piracy': 1, 'Incitement of Violence': 1, 'NSFW': 1, 'Illegal Content': 1, 'Automated tools': 1, 'Doxxing/ Personal Info': 1}","{'Action': 1, 'Behavior': 2, 'Content': 4, 'Distribution': 1}",1.75
967,hub.mtf.party,$10^{3}$ to $10^{4}$,"{'Hate Speech': 2, 'Harassment': 1, 'Not Applicable': 1}","{'Action': 0, 'Behavior': 1, 'Content': 2, 'Distribution': 0}",0.9182958340544896
968,hub.raf.rs,$10^{2}$ to $10^{3}$,{'Illegal Content': 1},"{'Action': 0, 'Behavior': 0, 'Content': 1, 'Distribution': 0}",-0.0
969,hub.uckermark.social,$10^{2}$ to $10^{3}$,"{'Hate Speech': 1, 'Illegal Content': 1, 'Links & Outside Content': 1, 'Off-topic/topic specific': 1}","{'Action': 0, 'Behavior': 0, 'Content': 4, 'Distribution': 0}",-0.0
970,hub.winslow.cloud,$10^{2}$ to $10^{3}$,{'Illegal Content': 2},"{'Action': 0, 'Behavior': 0, 'Content': 2, 'Distribution': 0}",-0.0
971,hugs.lgbt,$10^{1}$ to $10^{2}$ ,"{'Hate Speech': 2, 'NSFW': 1, 'Illegal Content': 1, 'Harassment': 1, 'Incitement of Violence': 1, 'Advertising & Commercialization': 1, 'Spam': 1, 'Impersonation': 1}","{'Action': 0, 'Behavior': 2, 'Content': 5, 'Distribution': 2}",1.4355205042826666
972,humber.news,$10^{2}$ to $10^{3}$,"{'NSFW': 1, 'Images': 1, 'Hate Speech': 1, 'Incitement of Violence': 1, 'Harassment': 1, 'Doxxing/ Personal Info': 1, 'Advertising & Commercialization': 1, 'Spam': 1, 'Illegal Content': 1}","{'Action': 0, 'Behavior': 2, 'Content': 5, 'Distribution': 2}",1.4355205042826666
973,hunterlife.net,$10^{2}$ to $10^{3}$,"{'Illegal Content': 1, 'Automated tools': 1, 'Harassment': 1, 'NSFW': 1, 'Images': 1}","{'Action': 1, 'Behavior': 1, 'Content': 3, 'Distribution': 0}",1.3709505944546687
974,hutte.macskatze.art,$10^{1}$ to $10^{2}$ ,{'Copyright/ Piracy': 1},"{'Action': 0, 'Behavior': 0, 'Content': 0, 'Distribution': 1}",-0.0
975,hydrate.space,$10^{3}$ to $10^{4}$,"{'Hate Speech': 1, 'Mis/Disinformation/Conspiracy': 1, 'NSFW': 3, 'Harassment': 1, 'Not Applicable': 1, 'Content Warnings': 3}","{'Action': 0, 'Behavior': 1, 'Content': 8, 'Distribution': 0}",0.5032583347756457
976,hydrocube.space,$10^{2}$ to $10^{3}$,"{'Illegal Content': 1, 'Hate Speech': 1, 'Harassment': 1, 'Incitement of Violence': 1, 'Doxxing/ Personal Info': 1, 'NSFW': 1, 'Content Warnings': 1, 'Images': 1, 'Mis/Disinformation/Conspiracy': 1}","{'Action': 0, 'Behavior': 2, 'Content': 7, 'Distribution': 0}",0.7642045065086203
977,hygge.bar,$10^{1}$ to $10^{2}$ ,"{'Harassment': 2, 'Off-topic/topic specific': 1}","{'Action': 0, 'Behavior': 2, 'Content': 1, 'Distribution': 0}",0.9182958340544896
978,hypno.social,$10^{3}$ to $10^{4}$,"{'NSFW': 1, 'Copyright/ Piracy': 1, 'Doxxing/ Personal Info': 1, 'Incitement of Violence': 1, 'Harassment': 1, 'Spam': 1}","{'Action': 0, 'Behavior': 2, 'Content': 2, 'Distribution': 2}",1.584962500721156
979,i1.no,$10^{2}$ to $10^{3}$,"{'Hate Speech': 1, 'Illegal Content': 1, 'Mis/Disinformation/Conspiracy': 1, 'Incitement of Violence': 1, 'Spam': 1}","{'Action': 0, 'Behavior': 0, 'Content': 4, 'Distribution': 1}",0.7219280948873623
980,iaccessibility.social,$10^{2}$ to $10^{3}$,{'Off-topic/topic specific': 1},"{'Action': 0, 'Behavior': 0, 'Content': 1, 'Distribution': 0}",-0.0
981,iam.reasonably.social,$10^{1}$ to $10^{2}$ ,"{'Trolling': 1, 'Off-topic/topic specific': 1}","{'Action': 0, 'Behavior': 1, 'Content': 1, 'Distribution': 0}",1.0
982,ibite.lol,$10^{3}$ to $10^{4}$,"{'NSFW': 3, 'Hate Speech': 1, 'Harassment': 1, 'Images': 1, 'Content Warnings': 1}","{'Action': 0, 'Behavior': 1, 'Content': 6, 'Distribution': 0}",0.5916727785823275
983,ice-lolly.social,$10^{2}$ to $10^{3}$,{'Hate Speech': 1},"{'Action': 0, 'Behavior': 0, 'Content': 1, 'Distribution': 0}",-0.0
984,icosahedron.website,$10^{3}$ to $10^{4}$,"{'Illegal Content': 1, 'Spam': 1, 'Hate Speech': 1}","{'Action': 0, 'Behavior': 0, 'Content': 2, 'Distribution': 1}",0.9182958340544896
985,idar.us,$10^{1}$ to $10^{2}$ ,{'Copyright/ Piracy': 5},"{'Action': 0, 'Behavior': 0, 'Content': 0, 'Distribution': 5}",-0.0
986,idic.social,$10^{2}$ to $10^{3}$,"{'Content Warnings': 1, 'Images': 1, 'Hate Speech': 1, 'Incitement of Violence': 1, 'Harassment': 1, 'Doxxing/ Personal Info': 1, 'Illegal Content': 1, 'Mis/Disinformation/Conspiracy': 1}","{'Action': 0, 'Behavior': 2, 'Content': 6, 'Distribution': 0}",0.8112781244591328
987,ieji.de,$10^{5}$ to $10^{6}$ ,"{'NSFW': 2, 'Content Warnings': 1, 'Harassment': 1, 'Spam': 1, 'Illegal Content': 1}","{'Action': 0, 'Behavior': 1, 'Content': 4, 'Distribution': 1}",1.2516291673878228
988,ignifi.social,$10^{1}$ to $10^{2}$ ,{'Spam': 1},"{'Action': 0, 'Behavior': 0, 'Content': 0, 'Distribution': 1}",-0.0
989,ijaron.life,$10^{1}$ to $10^{2}$ ,"{'Spam': 1, 'Hate Speech': 1, 'Illegal Content': 1, 'NSFW': 1, 'Content Warnings': 1}","{'Action': 0, 'Behavior': 0, 'Content': 4, 'Distribution': 1}",0.7219280948873623
990,ijug.social,$10^{2}$ to $10^{3}$,"{'Copyright/ Piracy': 1, 'Doxxing/ Personal Info': 1, 'Hate Speech': 1, 'Harassment': 1}","{'Action': 0, 'Behavior': 2, 'Content': 1, 'Distribution': 1}",1.5
991,ika.queloud.net,$10^{4}$ to $10^{5}$,"{'Illegal Content': 1, 'Content Warnings': 1}","{'Action': 0, 'Behavior': 0, 'Content': 2, 'Distribution': 0}",-0.0
992,ilinx.masto.host,$10^{2}$ to $10^{3}$,"{'NSFW': 1, 'Content Warnings': 1}","{'Action': 0, 'Behavior': 0, 'Content': 2, 'Distribution': 0}",-0.0
993,ilys.fm,$10^{2}$ to $10^{3}$,"{'Hate Speech': 1, 'Incitement of Violence': 1, 'Harassment': 1, 'Doxxing/ Personal Info': 1, 'Mis/Disinformation/Conspiracy': 1}","{'Action': 0, 'Behavior': 2, 'Content': 3, 'Distribution': 0}",0.9709505944546686
994,im-in.space,$10^{4}$ to $10^{5}$,"{'Hate Speech': 1, 'Off-topic/topic specific': 2, 'NSFW': 1, 'Illegal Content': 2, 'Content Warnings': 2, 'Impersonation': 1, 'Advertising & Commercialization': 1, 'Spam': 1}","{'Action': 0, 'Behavior': 1, 'Content': 8, 'Distribution': 2}",1.0957952550009336
995,im.mibo.live,$10^{1}$ to $10^{2}$ ,"{'Hate Speech': 2, 'Harassment': 1, 'Trolling': 1, 'NSFW': 2, 'Content Warnings': 1, 'Illegal Content': 2, 'Not Applicable': 1, 'Automated tools': 2, 'Impersonation': 1, 'Advertising & Commercialization': 3, 'Mis/Disinformation/Conspiracy': 1, 'Spam': 1, 'Copyright/ Piracy': 2}","{'Action': 2, 'Behavior': 3, 'Content': 8, 'Distribution': 6}",1.81294527625988
996,ima.cm,$10^{1}$ to $10^{2}$ ,{'NSFW': 1},"{'Action': 0, 'Behavior': 0, 'Content': 1, 'Distribution': 0}",-0.0
997,image.medienzentrum.rocks,$10^{1}$ to $10^{2}$ ,"{'Harassment': 1, 'Doxxing/ Personal Info': 1, 'Hate Speech': 3, 'Illegal Content': 1, 'NSFW': 2, 'Content Warnings': 1, 'Advertising & Commercialization': 1, 'Spam': 1, 'Mis/Disinformation/Conspiracy': 1}","{'Action': 0, 'Behavior': 2, 'Content': 8, 'Distribution': 2}",1.2516291673878228
998,imaginair.es,$10^{3}$ to $10^{4}$,{'Links & Outside Content': 1},"{'Action': 0, 'Behavior': 0, 'Content': 1, 'Distribution': 0}",-0.0
999,imastodon.net,$10^{4}$ to $10^{5}$,"{'Advertising & Commercialization': 1, 'Spam': 1}","{'Action': 0, 'Behavior': 0, 'Content': 0, 'Distribution': 2}",-0.0
1000,imker.social,$10^{1}$ to $10^{2}$ ,"{'Hate Speech': 1, 'Harassment': 1, 'Doxxing/ Personal Info': 1, 'Illegal Content': 1, 'Mis/Disinformation/Conspiracy': 1, 'Automated tools': 1, 'NSFW': 1, 'Content Warnings': 1, 'Images': 1, 'Links & Outside Content': 1}","{'Action': 1, 'Behavior': 2, 'Content': 7, 'Distribution': 0}",1.1567796494470395
1001,imkerei.social,$10^{1}$ to $10^{2}$ ,"{'Spam': 1, 'Harassment': 2, 'Trolling': 1, 'Incitement of Violence': 1, 'Mis/Disinformation/Conspiracy': 1, 'Hate Speech': 2}","{'Action': 0, 'Behavior': 3, 'Content': 4, 'Distribution': 1}",1.4056390622295665
1002,implausiblyaverage.online,$10^{1}$ to $10^{2}$ ,"{'Hate Speech': 1, 'Harassment': 1}","{'Action': 0, 'Behavior': 1, 'Content': 1, 'Distribution': 0}",1.0
1003,inaccessible.ac,$10^{2}$ to $10^{3}$,"{'Hate Speech': 7, 'Illegal Content': 1}","{'Action': 0, 'Behavior': 0, 'Content': 8, 'Distribution': 0}",-0.0
1004,inane.chat,$10^{2}$ to $10^{3}$,{'Links & Outside Content': 1},"{'Action': 0, 'Behavior': 0, 'Content': 1, 'Distribution': 0}",-0.0
1005,inari.click,$10^{1}$ to $10^{2}$ ,"{'Spam': 2, 'Illegal Content': 2, 'NSFW': 3, 'Content Warnings': 2, 'Incitement of Violence': 1, 'Automated tools': 2, 'Reposting/Crossposting': 1, 'Harassment': 1, 'Dogpiling': 1, 'Hate Speech': 1, 'Off-topic/topic specific': 1}","{'Action': 2, 'Behavior': 2, 'Content': 10, 'Distribution': 3}",1.6183941088363927
1006,inari.opencocon.org,$10^{3}$ to $10^{4}$,"{'Harassment': 1, 'Trolling': 1}","{'Action': 0, 'Behavior': 2, 'Content': 0, 'Distribution': 0}",-0.0
1007,inclusion.click,$10^{1}$ to $10^{2}$ ,{'Off-topic/topic specific': 1},"{'Action': 0, 'Behavior': 0, 'Content': 1, 'Distribution': 0}",-0.0
1008,indg.club,$10^{3}$ to $10^{4}$,{'Hate Speech': 1},"{'Action': 0, 'Behavior': 0, 'Content': 1, 'Distribution': 0}",-0.0
1009,india.goonj.xyz,$10^{3}$ to $10^{4}$,"{'Harassment': 1, 'Trolling': 1, 'NSFW': 2, 'Content Warnings': 1, 'Illegal Content': 1, 'Hate Speech': 1, 'Copyright/ Piracy': 1, 'Impersonation': 1, 'Spam': 1}","{'Action': 0, 'Behavior': 3, 'Content': 5, 'Distribution': 2}",1.4854752972273344
1010,indieapps.space,$10^{3}$ to $10^{4}$,"{'Not Applicable': 1, 'Doxxing/ Personal Info': 1, 'Links & Outside Content': 1, 'Off-topic/topic specific': 1}","{'Action': 0, 'Behavior': 1, 'Content': 2, 'Distribution': 0}",0.9182958340544896
1011,indieweb.social,$10^{5}$ to $10^{6}$ ,"{'Advertising & Commercialization': 1, 'Spam': 1, 'Automated tools': 1, 'Hate Speech': 1, 'NSFW': 1, 'Images': 1, 'Incitement of Violence': 1, 'Illegal Content': 1}","{'Action': 1, 'Behavior': 0, 'Content': 5, 'Distribution': 2}",1.2987949406953985
1012,indigenousgulf.online,$10^{2}$ to $10^{3}$,"{'Off-topic/topic specific': 1, 'Hate Speech': 2, 'Harassment': 1, 'Images': 1, 'NSFW': 1, 'Content Warnings': 1}","{'Action': 0, 'Behavior': 1, 'Content': 6, 'Distribution': 0}",0.5916727785823275
1013,inductive.space,$10^{2}$ to $10^{3}$,"{'NSFW': 1, 'Illegal Content': 1, 'Spam': 2, 'Content Warnings': 1, 'Images': 1, 'Advertising & Commercialization': 1, 'Automated tools': 1, 'Reposting/Crossposting': 1, 'Links & Outside Content': 1, 'Off-topic/topic specific': 1}","{'Action': 1, 'Behavior': 0, 'Content': 6, 'Distribution': 4}",1.3221793455166666
1014,infosec.exchange,$10^{5}$ to $10^{6}$ ,"{'Content Warnings': 1, 'NSFW': 1, 'Illegal Content': 2, 'Advertising & Commercialization': 1, 'Spam': 1, 'Hate Speech': 1, 'Harassment': 4, 'Impersonation': 1, 'Doxxing/ Personal Info': 2, 'Automated tools': 1}","{'Action': 1, 'Behavior': 7, 'Content': 5, 'Distribution': 2}",1.6894822670191825
1015,infosec.space,$10^{3}$ to $10^{4}$,"{'Content Warnings': 1, 'NSFW': 1, 'Illegal Content': 1, 'Advertising & Commercialization': 1, 'Spam': 1, 'Hate Speech': 1, 'Harassment': 3, 'Impersonation': 1, 'Doxxing/ Personal Info': 1, 'Automated tools': 1}","{'Action': 1, 'Behavior': 5, 'Content': 4, 'Distribution': 2}",1.7841591278514217
1016,ingwine.social,$10^{2}$ to $10^{3}$,"{'Hate Speech': 1, 'Harassment': 1}","{'Action': 0, 'Behavior': 1, 'Content': 1, 'Distribution': 0}",1.0
1017,inkspill.co,$10^{1}$ to $10^{2}$ ,"{'Hate Speech': 1, 'Mis/Disinformation/Conspiracy': 1, 'NSFW': 2, 'Illegal Content': 1, 'Content Warnings': 1, 'Impersonation': 1}","{'Action': 0, 'Behavior': 1, 'Content': 6, 'Distribution': 0}",0.5916727785823275
1018,inne.city,$10^{2}$ to $10^{3}$,"{'Illegal Content': 1, 'Hate Speech': 1}","{'Action': 0, 'Behavior': 0, 'Content': 2, 'Distribution': 0}",-0.0
1019,innocent.yukimochi.io,$10^{2}$ to $10^{3}$,"{'Harassment': 1, 'Trolling': 1, 'Spam': 1, 'Automated tools': 1, 'NSFW': 1, 'Illegal Content': 2}","{'Action': 1, 'Behavior': 2, 'Content': 3, 'Distribution': 1}",1.8423709931771084
1020,inscribe.social,$10^{1}$ to $10^{2}$ ,"{'Images': 1, 'Hate Speech': 1, 'Incitement of Violence': 1, 'Harassment': 1, 'Doxxing/ Personal Info': 1, 'Mis/Disinformation/Conspiracy': 1}","{'Action': 0, 'Behavior': 2, 'Content': 4, 'Distribution': 0}",0.9182958340544896
1021,insta.landofkittens.social,$10^{2}$ to $10^{3}$,"{'Illegal Content': 2, 'Incitement of Violence': 1, 'Hate Speech': 1, 'NSFW': 1, 'Content Warnings': 1, 'Advertising & Commercialization': 1, 'Spam': 1}","{'Action': 0, 'Behavior': 0, 'Content': 6, 'Distribution': 2}",0.8112781244591328
1022,interledger.social,$10^{2}$ to $10^{3}$,"{'Hate Speech': 1, 'Harassment': 1, 'Dogpiling': 1, 'Doxxing/ Personal Info': 1, 'Incitement of Violence': 1, 'Images': 1, 'NSFW': 1, 'Mis/Disinformation/Conspiracy': 1}","{'Action': 0, 'Behavior': 3, 'Content': 5, 'Distribution': 0}",0.954434002924965
1023,io.mwl.io,$10^{1}$ to $10^{2}$ ,{'Hate Speech': 1},"{'Action': 0, 'Behavior': 0, 'Content': 1, 'Distribution': 0}",-0.0
1024,ioc.exchange,$10^{5}$ to $10^{6}$ ,"{'Content Warnings': 1, 'Advertising & Commercialization': 1, 'Spam': 1, 'Hate Speech': 1}","{'Action': 0, 'Behavior': 0, 'Content': 2, 'Distribution': 2}",1.0
1025,iosdev.space,$10^{4}$ to $10^{5}$,"{'Harassment': 1, 'Hate Speech': 1, 'Content Warnings': 1, 'NSFW': 1, 'Images': 1}","{'Action': 0, 'Behavior': 1, 'Content': 4, 'Distribution': 0}",0.7219280948873623
1026,irrsinn.life,$10^{1}$ to $10^{2}$ ,"{'Hate Speech': 2, 'NSFW': 1, 'Content Warnings': 1, 'Images': 1, 'Harassment': 1, 'Dogpiling': 1, 'Doxxing/ Personal Info': 1}","{'Action': 0, 'Behavior': 3, 'Content': 5, 'Distribution': 0}",0.954434002924965
1027,irsoluciones.social,$10^{4}$ to $10^{5}$,"{'Spam': 1, 'Hate Speech': 2, 'Harassment': 1, 'Content Warnings': 1}","{'Action': 0, 'Behavior': 1, 'Content': 3, 'Distribution': 1}",1.3709505944546687
1028,is-a.cat,$10^{2}$ to $10^{3}$,"{'Hate Speech': 2, 'Mis/Disinformation/Conspiracy': 1, 'Advertising & Commercialization': 1, 'Spam': 1}","{'Action': 0, 'Behavior': 0, 'Content': 3, 'Distribution': 2}",0.9709505944546686
1029,is.nota.live,$10^{4}$ to $10^{5}$,"{'NSFW': 1, 'Content Warnings': 1, 'Illegal Content': 1, 'Hate Speech': 2, 'Advertising & Commercialization': 1, 'Spam': 1, 'Harassment': 1}","{'Action': 0, 'Behavior': 1, 'Content': 5, 'Distribution': 2}",1.2987949406953985
1030,isocial.cloud,$10^{2}$ to $10^{3}$,"{'Automated tools': 3, 'Not Applicable': 1, 'Harassment': 4, 'Copyright/ Piracy': 2, 'Incitement of Violence': 2, 'Hate Speech': 1, 'NSFW': 1, 'Illegal Content': 1, 'Images': 1, 'Doxxing/ Personal Info': 1, 'Impersonation': 2, 'Spam': 1}","{'Action': 3, 'Behavior': 7, 'Content': 6, 'Distribution': 3}",1.89682043644058
1031,ist-ur.org,$10^{2}$ to $10^{3}$,{'Hate Speech': 1},"{'Action': 0, 'Behavior': 0, 'Content': 1, 'Distribution': 0}",-0.0
1032,istheguy.com,$10^{2}$ to $10^{3}$,"{'Hate Speech': 1, 'Harassment': 1}","{'Action': 0, 'Behavior': 1, 'Content': 1, 'Distribution': 0}",1.0
1033,istoleyour.pw,$10^{1}$ to $10^{2}$ ,"{'Content Warnings': 1, 'Images': 1, 'Hate Speech': 1, 'Incitement of Violence': 2, 'Harassment': 1, 'Doxxing/ Personal Info': 1, 'Illegal Content': 1, 'Mis/Disinformation/Conspiracy': 1}","{'Action': 0, 'Behavior': 2, 'Content': 7, 'Distribution': 0}",0.7642045065086203
1034,italkedtostrangers.com,$10^{1}$ to $10^{2}$ ,"{'Hate Speech': 1, 'Harassment': 3, 'Illegal Content': 1, 'Advertising & Commercialization': 1, 'Spam': 1, 'Impersonation': 1, 'Incitement of Violence': 1, 'Doxxing/ Personal Info': 1, 'Copyright/ Piracy': 1}","{'Action': 0, 'Behavior': 5, 'Content': 3, 'Distribution': 3}",1.5394847569315018
1035,itdev.social,$10^{2}$ to $10^{3}$,"{'Content Warnings': 1, 'Images': 1, 'Hate Speech': 1, 'Incitement of Violence': 1, 'Harassment': 1, 'Doxxing/ Personal Info': 1, 'Illegal Content': 1, 'Mis/Disinformation/Conspiracy': 1}","{'Action': 0, 'Behavior': 2, 'Content': 6, 'Distribution': 0}",0.8112781244591328
1036,iu.social,$10^{3}$ to $10^{4}$,"{'Hate Speech': 1, 'Harassment': 1}","{'Action': 0, 'Behavior': 1, 'Content': 1, 'Distribution': 0}",1.0
1037,iyasaretai.pw,$10^{2}$ to $10^{3}$,"{'Illegal Content': 1, 'Not Applicable': 1, 'Mis/Disinformation/Conspiracy': 1}","{'Action': 0, 'Behavior': 0, 'Content': 2, 'Distribution': 0}",-0.0
1038,jade.moe,$10^{2}$ to $10^{3}$,"{'Hate Speech': 1, 'Content Warnings': 3, 'NSFW': 2, 'Images': 1, 'Off-topic/topic specific': 1}","{'Action': 0, 'Behavior': 0, 'Content': 8, 'Distribution': 0}",-0.0
1039,jako.social,$10^{2}$ to $10^{3}$,"{'Illegal Content': 1, 'Advertising & Commercialization': 1, 'Spam': 1, 'Incitement of Violence': 2, 'Hate Speech': 1, 'NSFW': 1, 'Harassment': 1}","{'Action': 0, 'Behavior': 1, 'Content': 5, 'Distribution': 2}",1.2987949406953985
1040,jamesgallagher.social,$10^{1}$ to $10^{2}$ ,"{'Hate Speech': 1, 'NSFW': 1, 'Content Warnings': 1, 'Images': 1, 'Harassment': 1, 'Illegal Content': 1, 'Incitement of Violence': 1, 'Mis/Disinformation/Conspiracy': 1, 'Advertising & Commercialization': 1, 'Spam': 1}","{'Action': 0, 'Behavior': 1, 'Content': 7, 'Distribution': 2}",1.1567796494470395
1041,jasette.facil.services,$10^{3}$ to $10^{4}$,"{'Incitement of Violence': 2, 'Hate Speech': 2, 'NSFW': 1, 'Illegal Content': 3, 'Harassment': 3, 'Copyright/ Piracy': 1, 'Doxxing/ Personal Info': 1, 'Links & Outside Content': 1, 'Advertising & Commercialization': 1, 'Spam': 1}","{'Action': 0, 'Behavior': 4, 'Content': 9, 'Distribution': 3}",1.4197367178034825
1042,jauntygoat.net,$10^{2}$ to $10^{3}$,"{'Impersonation': 1, 'Advertising & Commercialization': 2, 'Spam': 2}","{'Action': 0, 'Behavior': 1, 'Content': 0, 'Distribution': 4}",0.7219280948873623
1043,jawns.club,$10^{3}$ to $10^{4}$,"{'Hate Speech': 2, 'Harassment': 1, 'Trolling': 1, 'Mis/Disinformation/Conspiracy': 1, 'Advertising & Commercialization': 1, 'Spam': 1}","{'Action': 0, 'Behavior': 2, 'Content': 3, 'Distribution': 2}",1.5566567074628228
1044,jbo.social,$10^{2}$ to $10^{3}$,"{'Hate Speech': 3, 'Harassment': 3, 'Not Applicable': 1, 'Doxxing/ Personal Info': 1, 'NSFW': 1, 'Dogpiling': 1, 'Incitement of Violence': 1, 'Illegal Content': 1, 'Trolling': 1, 'Automated tools': 1, 'Reposting/Crossposting': 1}","{'Action': 1, 'Behavior': 6, 'Content': 6, 'Distribution': 1}",1.5916727785823275
1045,jeremy.org,$10^{1}$ to $10^{2}$ ,"{'Hate Speech': 2, 'Harassment': 1, 'Advertising & Commercialization': 1}","{'Action': 0, 'Behavior': 1, 'Content': 2, 'Distribution': 1}",1.5
1046,jiaojiao.org,$10^{2}$ to $10^{3}$,"{'Hate Speech': 2, 'Harassment': 1, 'Illegal Content': 1, 'Copyright/ Piracy': 1, 'Doxxing/ Personal Info': 1}","{'Action': 0, 'Behavior': 2, 'Content': 3, 'Distribution': 1}",1.4591479170272448
1047,jinxd.tech,$10^{1}$ to $10^{2}$ ,{'Trolling': 1},"{'Action': 0, 'Behavior': 1, 'Content': 0, 'Distribution': 0}",-0.0
1048,joomla.social,$10^{2}$ to $10^{3}$,"{'Content Warnings': 1, 'Images': 1, 'Hate Speech': 1, 'Incitement of Violence': 1, 'Harassment': 1, 'Doxxing/ Personal Info': 1, 'Illegal Content': 1, 'Mis/Disinformation/Conspiracy': 1}","{'Action': 0, 'Behavior': 2, 'Content': 6, 'Distribution': 0}",0.8112781244591328
1049,jorts.horse,$10^{4}$ to $10^{5}$,"{'Harassment': 1, 'Dogpiling': 1}","{'Action': 0, 'Behavior': 2, 'Content': 0, 'Distribution': 0}",-0.0
1050,josh.tel,$10^{1}$ to $10^{2}$ ,"{'Hate Speech': 8, 'Harassment': 1, 'Incitement of Violence': 1, 'Mis/Disinformation/Conspiracy': 1, 'Illegal Content': 1}","{'Action': 0, 'Behavior': 1, 'Content': 11, 'Distribution': 0}",0.41381685030363374
1051,journa.host,$10^{4}$ to $10^{5}$,"{'Content Warnings': 1, 'Images': 1, 'Hate Speech': 4, 'Incitement of Violence': 2, 'Harassment': 3, 'Dogpiling': 1, 'Mis/Disinformation/Conspiracy': 2, 'Off-topic/topic specific': 1}","{'Action': 0, 'Behavior': 4, 'Content': 11, 'Distribution': 0}",0.8366407419411672
1052,journodon.com,$10^{2}$ to $10^{3}$,"{'Content Warnings': 1, 'Images': 1, 'Incitement of Violence': 1, 'Dogpiling': 1, 'Doxxing/ Personal Info': 1, 'Harassment': 1, 'Hate Speech': 1, 'Illegal Content': 1, 'Mis/Disinformation/Conspiracy': 1}","{'Action': 0, 'Behavior': 3, 'Content': 6, 'Distribution': 0}",0.9182958340544896
1053,jugendtrier.de,$10^{2}$ to $10^{3}$,"{'Not Applicable': 1, 'Links & Outside Content': 1, 'Illegal Content': 2, 'Hate Speech': 1, 'Doxxing/ Personal Info': 1, 'Spam': 1, 'Advertising & Commercialization': 1}","{'Action': 0, 'Behavior': 1, 'Content': 4, 'Distribution': 2}",1.3787834934861753
1054,julialang.social,$10^{3}$ to $10^{4}$,"{'NSFW': 2, 'Images': 1, 'Hate Speech': 3, 'Harassment': 1, 'Copyright/ Piracy': 2, 'Illegal Content': 1}","{'Action': 0, 'Behavior': 1, 'Content': 7, 'Distribution': 2}",1.1567796494470395
1055,justsome.photos,$10^{2}$ to $10^{3}$,"{'Doxxing/ Personal Info': 1, 'Hate Speech': 1, 'Harassment': 1, 'NSFW': 1, 'Content Warnings': 1, 'Incitement of Violence': 1, 'Spam': 2, 'Copyright/ Piracy': 2, 'Illegal Content': 1, 'Impersonation': 1, 'Mis/Disinformation/Conspiracy': 1}","{'Action': 0, 'Behavior': 3, 'Content': 6, 'Distribution': 4}",1.5262349099495225
1056,jvm.social,$10^{3}$ to $10^{4}$,"{'NSFW': 1, 'Harassment': 1, 'Off-topic/topic specific': 2, 'Advertising & Commercialization': 1}","{'Action': 0, 'Behavior': 1, 'Content': 3, 'Distribution': 1}",1.3709505944546687
1057,jxmsocial.xyz,$10^{1}$ to $10^{2}$ ,"{'Content Warnings': 1, 'Harassment': 1, 'NSFW': 2, 'Illegal Content': 2, 'Copyright/ Piracy': 1, 'Impersonation': 1, 'Hate Speech': 2}","{'Action': 0, 'Behavior': 2, 'Content': 7, 'Distribution': 1}",1.1567796494470395
1058,k8s.social,$10^{3}$ to $10^{4}$,"{'NSFW': 1, 'Images': 1, 'Harassment': 3, 'Trolling': 1, 'Doxxing/ Personal Info': 1, 'Automated tools': 1, 'Advertising & Commercialization': 1, 'Spam': 1}","{'Action': 1, 'Behavior': 5, 'Content': 2, 'Distribution': 2}",1.7609640474436812
1059,kafeneio.social,$10^{3}$ to $10^{4}$,"{'Content Warnings': 1, 'Images': 1, 'Hate Speech': 1, 'Harassment': 1, 'Doxxing/ Personal Info': 1, 'Mis/Disinformation/Conspiracy': 1, 'Incitement of Violence': 1}","{'Action': 0, 'Behavior': 2, 'Content': 5, 'Distribution': 0}",0.863120568566631
1060,kalakukko.social,$10^{2}$ to $10^{3}$,"{'Hate Speech': 1, 'Harassment': 1, 'Mis/Disinformation/Conspiracy': 1, 'Doxxing/ Personal Info': 1, 'Spam': 1, 'Advertising & Commercialization': 1, 'NSFW': 1, 'Illegal Content': 1}","{'Action': 0, 'Behavior': 2, 'Content': 4, 'Distribution': 2}",1.5
1061,kalmar.social,$10^{2}$ to $10^{3}$,"{'Hate Speech': 1, 'Spam': 1}","{'Action': 0, 'Behavior': 0, 'Content': 1, 'Distribution': 1}",1.0
1062,kampftoast.de,$10^{1}$ to $10^{2}$ ,"{'Hate Speech': 2, 'Harassment': 3, 'Doxxing/ Personal Info': 1, 'Dogpiling': 1, 'Mis/Disinformation/Conspiracy': 1, 'Incitement of Violence': 1}","{'Action': 0, 'Behavior': 5, 'Content': 4, 'Distribution': 0}",0.9910760598382222
1063,kamu.social,$10^{2}$ to $10^{3}$,"{'Images': 1, 'Hate Speech': 3, 'Incitement of Violence': 1, 'Harassment': 1, 'Doxxing/ Personal Info': 1, 'Illegal Content': 1, 'Mis/Disinformation/Conspiracy': 1}","{'Action': 0, 'Behavior': 2, 'Content': 7, 'Distribution': 0}",0.7642045065086203
1064,kanoa.de,$10^{4}$ to $10^{5}$,"{'Harassment': 2, 'Doxxing/ Personal Info': 1, 'Hate Speech': 2, 'Incitement of Violence': 1, 'Dogpiling': 1, 'NSFW': 1, 'Images': 1, 'Advertising & Commercialization': 1, 'Automated tools': 1}","{'Action': 1, 'Behavior': 4, 'Content': 5, 'Distribution': 1}",1.6767370300521325
1065,kaputtendorf.de,$10^{1}$ to $10^{2}$ ,{'Illegal Content': 1},"{'Action': 0, 'Behavior': 0, 'Content': 1, 'Distribution': 0}",-0.0
1066,karakun.social,$10^{1}$ to $10^{2}$ ,"{'Hate Speech': 1, 'Harassment': 1}","{'Action': 0, 'Behavior': 1, 'Content': 1, 'Distribution': 0}",1.0
1067,kassel.social,$10^{1}$ to $10^{2}$ ,"{'Hate Speech': 1, 'Harassment': 2, 'Doxxing/ Personal Info': 1, 'Advertising & Commercialization': 1, 'Spam': 1, 'Mis/Disinformation/Conspiracy': 1, 'Illegal Content': 1}","{'Action': 0, 'Behavior': 3, 'Content': 3, 'Distribution': 2}",1.561278124459133
1068,katholisch.social,$10^{2}$ to $10^{3}$,"{'Illegal Content': 1, 'Hate Speech': 2, 'Advertising & Commercialization': 1}","{'Action': 0, 'Behavior': 0, 'Content': 3, 'Distribution': 1}",0.8112781244591328
1069,katsuru.live,$10^{1}$ to $10^{2}$ ,"{'Hate Speech': 1, 'Harassment': 1}","{'Action': 0, 'Behavior': 1, 'Content': 1, 'Distribution': 0}",1.0
1070,katzebot.space,$10^{2}$ to $10^{3}$,"{'Hate Speech': 1, 'Harassment': 1, 'Doxxing/ Personal Info': 1, 'NSFW': 1, 'Content Warnings': 1}","{'Action': 0, 'Behavior': 2, 'Content': 3, 'Distribution': 0}",0.9709505944546686
1071,kauaku.us,$10^{1}$ to $10^{2}$ ,"{'Hate Speech': 1, 'Off-topic/topic specific': 1}","{'Action': 0, 'Behavior': 0, 'Content': 2, 'Distribution': 0}",-0.0
1072,kave.kibbutz.gay,$10^{2}$ to $10^{3}$,"{'Hate Speech': 1, 'Harassment': 1, 'Doxxing/ Personal Info': 1, 'Content Warnings': 1, 'Images': 1}","{'Action': 0, 'Behavior': 2, 'Content': 3, 'Distribution': 0}",0.9709505944546686
1073,kcmo.social,$10^{3}$ to $10^{4}$,{'Spam': 1},"{'Action': 0, 'Behavior': 0, 'Content': 0, 'Distribution': 1}",-0.0
1074,kei.fashion,$10^{2}$ to $10^{3}$,"{'Hate Speech': 1, 'Harassment': 3, 'Reposting/Crossposting': 1, 'Copyright/ Piracy': 1, 'Images': 2, 'NSFW': 2, 'Illegal Content': 1, 'Content Warnings': 1, 'Spam': 1, 'Not Applicable': 1}","{'Action': 0, 'Behavior': 3, 'Content': 7, 'Distribution': 3}",1.4572659136233872
1075,kemoner-don.tokyo,$10^{1}$ to $10^{2}$ ,"{'Illegal Content': 2, 'Hate Speech': 1, 'Automated tools': 1, 'NSFW': 1, 'Images': 1}","{'Action': 1, 'Behavior': 0, 'Content': 5, 'Distribution': 0}",0.6500224216483541
1076,kemonodon.club,$10^{4}$ to $10^{5}$,"{'Harassment': 1, 'NSFW': 1, 'Content Warnings': 1, 'Illegal Content': 1}","{'Action': 0, 'Behavior': 1, 'Content': 3, 'Distribution': 0}",0.8112781244591328
1077,khiar.net,$10^{3}$ to $10^{4}$,"{'NSFW': 1, 'Incitement of Violence': 1, 'Hate Speech': 2, 'Harassment': 1, 'Illegal Content': 1}","{'Action': 0, 'Behavior': 1, 'Content': 5, 'Distribution': 0}",0.6500224216483541
1078,kho.dev,$10^{1}$ to $10^{2}$ ,"{'Spam': 1, 'Copyright/ Piracy': 1}","{'Action': 0, 'Behavior': 0, 'Content': 0, 'Distribution': 2}",-0.0
1079,khw-pixelfed.archeron.eu,$10^{2}$ to $10^{3}$,"{'Harassment': 1, 'Doxxing/ Personal Info': 1, 'Hate Speech': 4, 'Advertising & Commercialization': 1, 'Illegal Content': 2, 'Mis/Disinformation/Conspiracy': 1}","{'Action': 0, 'Behavior': 2, 'Content': 7, 'Distribution': 1}",1.1567796494470395
1080,kind.social,$10^{4}$ to $10^{5}$,"{'Illegal Content': 1, 'Trolling': 1, 'Hate Speech': 1, 'Mis/Disinformation/Conspiracy': 1, 'Harassment': 1, 'NSFW': 1, 'Content Warnings': 1, 'Advertising & Commercialization': 1, 'Spam': 1, 'Automated tools': 1}","{'Action': 1, 'Behavior': 2, 'Content': 5, 'Distribution': 2}",1.7609640474436812
1081,kinkpic.site,$10^{2}$ to $10^{3}$,"{'NSFW': 1, 'Illegal Content': 1, 'Incitement of Violence': 1, 'Hate Speech': 1, 'Images': 1}","{'Action': 0, 'Behavior': 0, 'Content': 5, 'Distribution': 0}",-0.0
1082,kinktroet.social,$10^{3}$ to $10^{4}$,"{'Hate Speech': 1, 'Illegal Content': 1, 'NSFW': 1, 'Content Warnings': 1}","{'Action': 0, 'Behavior': 0, 'Content': 4, 'Distribution': 0}",-0.0
1083,kinky.business,$10^{5}$ to $10^{6}$ ,"{'NSFW': 3, 'Illegal Content': 1, 'Spam': 2, 'Images': 3, 'Copyright/ Piracy': 1, 'Content Warnings': 1, 'Hate Speech': 1, 'Advertising & Commercialization': 1}","{'Action': 0, 'Behavior': 0, 'Content': 9, 'Distribution': 4}",0.8904916402194913
1084,kinkycats.org,$10^{2}$ to $10^{3}$,"{'NSFW': 1, 'Illegal Content': 1, 'Images': 1, 'Hate Speech': 1, 'Harassment': 1, 'Doxxing/ Personal Info': 1, 'Mis/Disinformation/Conspiracy': 1, 'Incitement of Violence': 1, 'Spam': 1, 'Automated tools': 1}","{'Action': 1, 'Behavior': 2, 'Content': 6, 'Distribution': 1}",1.5709505944546687
1085,kinkyelephant.com,$10^{4}$ to $10^{5}$,"{'Copyright/ Piracy': 1, 'Illegal Content': 1, 'NSFW': 1, 'Content Warnings': 1, 'Images': 1}","{'Action': 0, 'Behavior': 0, 'Content': 4, 'Distribution': 1}",0.7219280948873623
1086,kirche.social,$10^{3}$ to $10^{4}$,"{'Incitement of Violence': 1, 'Hate Speech': 2, 'Illegal Content': 1, 'Advertising & Commercialization': 1}","{'Action': 0, 'Behavior': 0, 'Content': 4, 'Distribution': 1}",0.7219280948873623
1087,kiri.to,$10^{1}$ to $10^{2}$ ,"{'Hate Speech': 1, 'Content Warnings': 1, 'Images': 1}","{'Action': 0, 'Behavior': 0, 'Content': 3, 'Distribution': 0}",-0.0
1088,kittyshards.net,$10^{1}$ to $10^{2}$ ,{'Illegal Content': 1},"{'Action': 0, 'Behavior': 0, 'Content': 1, 'Distribution': 0}",-0.0
1089,kitzmiller.social,$10^{1}$ to $10^{2}$ ,{'Hate Speech': 1},"{'Action': 0, 'Behavior': 0, 'Content': 1, 'Distribution': 0}",-0.0
1090,kjas.no,$10^{2}$ to $10^{3}$,"{'Harassment': 1, 'Off-topic/topic specific': 1, 'NSFW': 1, 'Illegal Content': 1, 'Hate Speech': 1}","{'Action': 0, 'Behavior': 1, 'Content': 4, 'Distribution': 0}",0.7219280948873623
1091,klezmor.im,$10^{1}$ to $10^{2}$ ,"{'Hate Speech': 1, 'Harassment': 1, 'Dogpiling': 1, 'Doxxing/ Personal Info': 1, 'Advertising & Commercialization': 1, 'Spam': 1, 'Content Warnings': 1, 'Copyright/ Piracy': 1}","{'Action': 0, 'Behavior': 3, 'Content': 2, 'Distribution': 3}",1.561278124459133
1092,klog.tw,$10^{3}$ to $10^{4}$,"{'Advertising & Commercialization': 1, 'Illegal Content': 1, 'Hate Speech': 1, 'NSFW': 1, 'Content Warnings': 1}","{'Action': 0, 'Behavior': 0, 'Content': 4, 'Distribution': 1}",0.7219280948873623
1093,klunscher.social,$10^{1}$ to $10^{2}$ ,"{'Hate Speech': 1, 'Incitement of Violence': 1, 'Harassment': 1, 'Doxxing/ Personal Info': 1, 'Mis/Disinformation/Conspiracy': 1, 'Content Warnings': 1, 'Images': 1, 'Illegal Content': 1}","{'Action': 0, 'Behavior': 2, 'Content': 6, 'Distribution': 0}",0.8112781244591328
1094,kmy.blue,$10^{4}$ to $10^{5}$,"{'Illegal Content': 1, 'Incitement of Violence': 1, 'Hate Speech': 2, 'Content Warnings': 1, 'Images': 1}","{'Action': 0, 'Behavior': 0, 'Content': 6, 'Distribution': 0}",-0.0
1095,kokoro.shugetsu.space,$10^{1}$ to $10^{2}$ ,"{'Hate Speech': 1, 'Harassment': 3, 'Off-topic/topic specific': 1, 'Doxxing/ Personal Info': 3, 'Reposting/Crossposting': 1, 'Links & Outside Content': 1, 'Copyright/ Piracy': 1, 'Spam': 2, 'NSFW': 1, 'Incitement of Violence': 1, 'Illegal Content': 1}","{'Action': 0, 'Behavior': 6, 'Content': 6, 'Distribution': 4}",1.561278124459133
1096,kolektiva.social,$10^{5}$ to $10^{6}$ ,"{'Hate Speech': 2, 'Mis/Disinformation/Conspiracy': 3, 'Harassment': 1, 'Advertising & Commercialization': 1, 'Spam': 1, 'NSFW': 1, 'Images': 1}","{'Action': 0, 'Behavior': 1, 'Content': 7, 'Distribution': 2}",1.1567796494470395
1097,kommentakerfid.is,$10^{2}$ to $10^{3}$,"{'Hate Speech': 1, 'NSFW': 1, 'Content Warnings': 2, 'Not Applicable': 1, 'Mis/Disinformation/Conspiracy': 2, 'Images': 1, 'Links & Outside Content': 1}","{'Action': 0, 'Behavior': 0, 'Content': 8, 'Distribution': 0}",-0.0
1098,komuna.minadoraserver.art,$10^{2}$ to $10^{3}$,"{'Hate Speech': 2, 'Trolling': 2, 'Harassment': 3, 'Content Warnings': 1, 'Doxxing/ Personal Info': 1, 'NSFW': 1, 'Advertising & Commercialization': 1, 'Spam': 1}","{'Action': 0, 'Behavior': 6, 'Content': 4, 'Distribution': 2}",1.4591479170272448
1099,kono.pub,$10^{2}$ to $10^{3}$,"{'Hate Speech': 1, 'Incitement of Violence': 1, 'Harassment': 1, 'NSFW': 1, 'Content Warnings': 1}","{'Action': 0, 'Behavior': 1, 'Content': 4, 'Distribution': 0}",0.7219280948873623
1100,kopiti.am,$10^{4}$ to $10^{5}$,"{'Content Warnings': 2, 'Images': 1, 'Hate Speech': 1, 'Incitement of Violence': 1, 'Harassment': 1, 'Doxxing/ Personal Info': 1, 'Mis/Disinformation/Conspiracy': 1, 'Illegal Content': 1}","{'Action': 0, 'Behavior': 2, 'Content': 7, 'Distribution': 0}",0.7642045065086203
1101,kosmos.social,$10^{2}$ to $10^{3}$,{'Links & Outside Content': 1},"{'Action': 0, 'Behavior': 0, 'Content': 1, 'Distribution': 0}",-0.0
1102,kotatsu.cafe,$10^{1}$ to $10^{2}$ ,"{'Illegal Content': 1, 'Off-topic/topic specific': 1}","{'Action': 0, 'Behavior': 0, 'Content': 2, 'Distribution': 0}",-0.0
1103,kpop.social,$10^{3}$ to $10^{4}$,"{'Spam': 1, 'Illegal Content': 1, 'NSFW': 1, 'Content Warnings': 2, 'Advertising & Commercialization': 1, 'Automated tools': 1, 'Hate Speech': 1, 'Impersonation': 1}","{'Action': 1, 'Behavior': 1, 'Content': 5, 'Distribution': 2}",1.6577427265048887
1104,kraut.social,$10^{1}$ to $10^{2}$ ,"{'Hate Speech': 3, 'Harassment': 3, 'Doxxing/ Personal Info': 1, 'Dogpiling': 1, 'Incitement of Violence': 1, 'Mis/Disinformation/Conspiracy': 1, 'Illegal Content': 2, 'Automated tools': 1}","{'Action': 1, 'Behavior': 5, 'Content': 7, 'Distribution': 0}",1.2957378005380122
1105,krigskunst.social,$10^{3}$ to $10^{4}$,"{'Spam': 1, 'NSFW': 1, 'Illegal Content': 1, 'Incitement of Violence': 1, 'Harassment': 1, 'Copyright/ Piracy': 1}","{'Action': 0, 'Behavior': 1, 'Content': 3, 'Distribution': 2}",1.4591479170272446
1106,krpgpub.net,$10^{2}$ to $10^{3}$,"{'Off-topic/topic specific': 1, 'Hate Speech': 3, 'Not Applicable': 2, 'Harassment': 2, 'Content Warnings': 1, 'Dogpiling': 1, 'Spam': 1}","{'Action': 0, 'Behavior': 3, 'Content': 5, 'Distribution': 1}",1.3516441151533922
1107,ku-kan-ya.hostdon.ne.jp,$10^{1}$ to $10^{2}$ ,{'NSFW': 1},"{'Action': 0, 'Behavior': 0, 'Content': 1, 'Distribution': 0}",-0.0
1108,kulturfront.org,$10^{1}$ to $10^{2}$ ,"{'Advertising & Commercialization': 2, 'Spam': 3, 'Not Applicable': 1, 'Automated tools': 2, 'NSFW': 3, 'Images': 2, 'Content Warnings': 1, 'Hate Speech': 5, 'Incitement of Violence': 1, 'Illegal Content': 2, 'Harassment': 1, 'Impersonation': 1}","{'Action': 2, 'Behavior': 2, 'Content': 14, 'Distribution': 5}",1.527361548089914
1109,kurry.social,$10^{4}$ to $10^{5}$,"{'Impersonation': 1, 'Harassment': 1, 'NSFW': 2, 'Content Warnings': 1, 'Advertising & Commercialization': 1, 'Spam': 1, 'Hate Speech': 1, 'Trolling': 1, 'Off-topic/topic specific': 1, 'Illegal Content': 1}","{'Action': 0, 'Behavior': 3, 'Content': 6, 'Distribution': 2}",1.4353713907745331
1110,kvasir.lanofthedead.xyz,$10^{1}$ to $10^{2}$ ,"{'Hate Speech': 2, 'Harassment': 1, 'Doxxing/ Personal Info': 1, 'Impersonation': 1, 'NSFW': 1, 'Advertising & Commercialization': 1, 'Spam': 1}","{'Action': 0, 'Behavior': 3, 'Content': 3, 'Distribution': 2}",1.561278124459133
1111,kwick.rip,$10^{2}$ to $10^{3}$,"{'Advertising & Commercialization': 1, 'Spam': 1, 'Mis/Disinformation/Conspiracy': 2, 'Illegal Content': 2, 'Hate Speech': 2}","{'Action': 0, 'Behavior': 0, 'Content': 6, 'Distribution': 2}",0.8112781244591328
1112,labo.nora.social,$10^{1}$ to $10^{2}$ ,"{'Illegal Content': 1, 'Hate Speech': 1, 'Harassment': 1, 'Spam': 1}","{'Action': 0, 'Behavior': 1, 'Content': 2, 'Distribution': 1}",1.5
1113,labyrinth.social,$10^{2}$ to $10^{3}$,"{'Harassment': 1, 'Doxxing/ Personal Info': 1, 'NSFW': 1, 'Content Warnings': 1, 'Incitement of Violence': 1, 'Images': 1, 'Illegal Content': 1}","{'Action': 0, 'Behavior': 2, 'Content': 5, 'Distribution': 0}",0.863120568566631
1114,lackthereof.info,$10^{1}$ to $10^{2}$ ,"{'Illegal Content': 1, 'Hate Speech': 1}","{'Action': 0, 'Behavior': 0, 'Content': 2, 'Distribution': 0}",-0.0
1115,laconic.social,$10^{1}$ to $10^{2}$ ,{'Hate Speech': 3},"{'Action': 0, 'Behavior': 0, 'Content': 3, 'Distribution': 0}",-0.0
1116,lagopine.lgbt,$10^{1}$ to $10^{2}$ ,"{'Content Warnings': 2, 'Hate Speech': 2, 'Harassment': 1, 'NSFW': 1, 'Spam': 1, 'Mis/Disinformation/Conspiracy': 1}","{'Action': 0, 'Behavior': 1, 'Content': 6, 'Distribution': 1}",1.061278124459133
1117,lakedistrict.social,$10^{1}$ to $10^{2}$ ,"{'Hate Speech': 1, 'NSFW': 1, 'Images': 1, 'Harassment': 1, 'Illegal Content': 1, 'Incitement of Violence': 1, 'Mis/Disinformation/Conspiracy': 1, 'Advertising & Commercialization': 1, 'Impersonation': 1}","{'Action': 0, 'Behavior': 2, 'Content': 6, 'Distribution': 1}",1.224394445405986
1118,lawfedi.blue,$10^{1}$ to $10^{2}$ ,"{'Hate Speech': 2, 'Incitement of Violence': 1, 'Spam': 1, 'Illegal Content': 1, 'Mis/Disinformation/Conspiracy': 1, 'NSFW': 1, 'Content Warnings': 1, 'Images': 1}","{'Action': 0, 'Behavior': 0, 'Content': 8, 'Distribution': 1}",0.5032583347756457
1119,lawsocial.org,$10^{2}$ to $10^{3}$,"{'Hate Speech': 5, 'Content Warnings': 1, 'Harassment': 1, 'Dogpiling': 1, 'Incitement of Violence': 2, 'Doxxing/ Personal Info': 1, 'Advertising & Commercialization': 1, 'Spam': 2, 'Links & Outside Content': 1, 'NSFW': 1, 'Illegal Content': 3, 'Mis/Disinformation/Conspiracy': 2, 'Impersonation': 1, 'Copyright/ Piracy': 1}","{'Action': 0, 'Behavior': 4, 'Content': 15, 'Distribution': 4}",1.2799376545731964
1120,layer8.space,$10^{4}$ to $10^{5}$,"{'Content Warnings': 1, 'Images': 1, 'Incitement of Violence': 2, 'Harassment': 1, 'Doxxing/ Personal Info': 1, 'Illegal Content': 1, 'Mis/Disinformation/Conspiracy': 1, 'Hate Speech': 1}","{'Action': 0, 'Behavior': 2, 'Content': 7, 'Distribution': 0}",0.7642045065086203
1121,lea.lgbt,$10^{1}$ to $10^{2}$ ,"{'Hate Speech': 4, 'Harassment': 2, 'Doxxing/ Personal Info': 1, 'Illegal Content': 1, 'Mis/Disinformation/Conspiracy': 1, 'Images': 1}","{'Action': 0, 'Behavior': 3, 'Content': 7, 'Distribution': 0}",0.8812908992306927
1122,learningdisability.social,$10^{3}$ to $10^{4}$,"{'Impersonation': 1, 'Hate Speech': 1, 'Illegal Content': 1, 'Reposting/Crossposting': 1, 'Off-topic/topic specific': 1, 'Harassment': 1, 'Trolling': 1}","{'Action': 0, 'Behavior': 3, 'Content': 3, 'Distribution': 1}",1.4488156357251847
1123,leds.social,$10^{2}$ to $10^{3}$,"{'Hate Speech': 2, 'Harassment': 2, 'NSFW': 1, 'Spam': 1}","{'Action': 0, 'Behavior': 2, 'Content': 3, 'Distribution': 1}",1.4591479170272448
1124,leftodon.social,$10^{3}$ to $10^{4}$,"{'Hate Speech': 1, 'Harassment': 1, 'Doxxing/ Personal Info': 1, 'Content Warnings': 1, 'Illegal Content': 1}","{'Action': 0, 'Behavior': 2, 'Content': 3, 'Distribution': 0}",0.9709505944546686
1125,legal.social,$10^{3}$ to $10^{4}$,"{'Hate Speech': 2, 'Harassment': 2}","{'Action': 0, 'Behavior': 2, 'Content': 2, 'Distribution': 0}",1.0
1126,legaltech.social,$10^{1}$ to $10^{2}$ ,"{'Hate Speech': 1, 'Harassment': 1, 'Advertising & Commercialization': 1, 'Spam': 1}","{'Action': 0, 'Behavior': 1, 'Content': 1, 'Distribution': 2}",1.5
1127,lehrerzimmer.social,$10^{3}$ to $10^{4}$,"{'Illegal Content': 1, 'Hate Speech': 1, 'Incitement of Violence': 1, 'Mis/Disinformation/Conspiracy': 1, 'NSFW': 1}","{'Action': 0, 'Behavior': 0, 'Content': 5, 'Distribution': 0}",-0.0
1128,leibniz.pub,$10^{1}$ to $10^{2}$ ,"{'Illegal Content': 1, 'Spam': 1, 'Mis/Disinformation/Conspiracy': 1}","{'Action': 0, 'Behavior': 0, 'Content': 2, 'Distribution': 1}",0.9182958340544896
1129,leipzig.town,$10^{3}$ to $10^{4}$,"{'Content Warnings': 1, 'Images': 1, 'Hate Speech': 1, 'Incitement of Violence': 1, 'Harassment': 1, 'Doxxing/ Personal Info': 1, 'Illegal Content': 1, 'Mis/Disinformation/Conspiracy': 1, 'Automated tools': 1, 'Reposting/Crossposting': 1}","{'Action': 1, 'Behavior': 2, 'Content': 6, 'Distribution': 1}",1.5709505944546687
1130,lepoulsdumonde.com,$10^{2}$ to $10^{3}$,"{'Illegal Content': 1, 'NSFW': 1, 'Images': 2, 'Advertising & Commercialization': 1, 'Spam': 1, 'Harassment': 3, 'Off-topic/topic specific': 1, 'Hate Speech': 2, 'Doxxing/ Personal Info': 2, 'Mis/Disinformation/Conspiracy': 1}","{'Action': 0, 'Behavior': 5, 'Content': 8, 'Distribution': 2}",1.3995812306460644
1131,lewacki.space,$10^{3}$ to $10^{4}$,"{'Hate Speech': 2, 'Not Applicable': 1, 'Content Warnings': 1, 'Images': 1}","{'Action': 0, 'Behavior': 0, 'Content': 4, 'Distribution': 0}",-0.0
1132,lgbtcz.social,$10^{2}$ to $10^{3}$,"{'Hate Speech': 1, 'Harassment': 1, 'Dogpiling': 1, 'Doxxing/ Personal Info': 2, 'Incitement of Violence': 1, 'Illegal Content': 1, 'Content Warnings': 2, 'Mis/Disinformation/Conspiracy': 1}","{'Action': 0, 'Behavior': 4, 'Content': 6, 'Distribution': 0}",0.9709505944546686
1133,lgbtqia.space,$10^{4}$ to $10^{5}$,"{'Illegal Content': 2, 'NSFW': 2, 'Content Warnings': 1, 'Hate Speech': 3, 'Harassment': 1}","{'Action': 0, 'Behavior': 1, 'Content': 8, 'Distribution': 0}",0.5032583347756457
1134,libera.tokyo,$10^{2}$ to $10^{3}$,"{'Automated tools': 1, 'Impersonation': 1, 'Incitement of Violence': 1, 'Harassment': 1}","{'Action': 1, 'Behavior': 2, 'Content': 1, 'Distribution': 0}",1.5
1135,liberal.lgbt,$10^{2}$ to $10^{3}$,"{'Hate Speech': 1, 'Illegal Content': 1, 'Harassment': 1, 'NSFW': 1, 'Content Warnings': 1, 'Incitement of Violence': 1}","{'Action': 0, 'Behavior': 1, 'Content': 5, 'Distribution': 0}",0.6500224216483541
1136,libori.social,$10^{2}$ to $10^{3}$,"{'Hate Speech': 1, 'Harassment': 2, 'Content Warnings': 1, 'Trolling': 1}","{'Action': 0, 'Behavior': 3, 'Content': 2, 'Distribution': 0}",0.9709505944546686
1137,libraryland.social,$10^{2}$ to $10^{3}$,"{'Off-topic/topic specific': 1, 'Hate Speech': 1, 'Harassment': 1}","{'Action': 0, 'Behavior': 1, 'Content': 2, 'Distribution': 0}",0.9182958340544896
1138,librarysocialism.social,$10^{2}$ to $10^{3}$,"{'Incitement of Violence': 1, 'Hate Speech': 1, 'Advertising & Commercialization': 1, 'Spam': 1}","{'Action': 0, 'Behavior': 0, 'Content': 2, 'Distribution': 2}",1.0
1139,libretooth.gr,$10^{4}$ to $10^{5}$,"{'Hate Speech': 1, 'Harassment': 1, 'Advertising & Commercialization': 1, 'Spam': 1}","{'Action': 0, 'Behavior': 1, 'Content': 1, 'Distribution': 2}",1.5
1140,lightcrystal.fedicity.net,$10^{2}$ to $10^{3}$,"{'NSFW': 2, 'Content Warnings': 2, 'Images': 1, 'Copyright/ Piracy': 1, 'Illegal Content': 1, 'Not Applicable': 1}","{'Action': 0, 'Behavior': 0, 'Content': 6, 'Distribution': 1}",0.5916727785823275
1141,ligma.pro,$10^{2}$ to $10^{3}$,"{'Hate Speech': 1, 'Harassment': 1}","{'Action': 0, 'Behavior': 1, 'Content': 1, 'Distribution': 0}",1.0
1142,lile.cl,$10^{4}$ to $10^{5}$,"{'NSFW': 1, 'Content Warnings': 1, 'Images': 1, 'Hate Speech': 1, 'Incitement of Violence': 1, 'Harassment': 1, 'Doxxing/ Personal Info': 1, 'Mis/Disinformation/Conspiracy': 1}","{'Action': 0, 'Behavior': 2, 'Content': 6, 'Distribution': 0}",0.8112781244591328
1143,lily.network,$10^{1}$ to $10^{2}$ ,{'Hate Speech': 1},"{'Action': 0, 'Behavior': 0, 'Content': 1, 'Distribution': 0}",-0.0
1144,liminalgici.spacc.eu.org,$10^{1}$ to $10^{2}$ ,"{'Advertising & Commercialization': 1, 'Off-topic/topic specific': 1, 'Images': 2, 'NSFW': 1, 'Incitement of Violence': 1, 'Hate Speech': 1, 'Harassment': 1, 'Illegal Content': 1}","{'Action': 0, 'Behavior': 1, 'Content': 7, 'Distribution': 1}",0.9864267287308424
1145,lincolnite.net,$10^{2}$ to $10^{3}$,"{'Hate Speech': 3, 'Incitement of Violence': 2, 'Harassment': 1, 'Dogpiling': 1, 'Doxxing/ Personal Info': 2, 'Images': 2, 'Content Warnings': 1, 'Mis/Disinformation/Conspiracy': 1, 'Advertising & Commercialization': 1, 'Spam': 1}","{'Action': 0, 'Behavior': 4, 'Content': 9, 'Distribution': 2}",1.3382689280764646
1146,linernotes.club,$10^{3}$ to $10^{4}$,{'Illegal Content': 1},"{'Action': 0, 'Behavior': 0, 'Content': 1, 'Distribution': 0}",-0.0
1147,link.baai.ac.cn,$10^{4}$ to $10^{5}$,{'Doxxing/ Personal Info': 1},"{'Action': 0, 'Behavior': 1, 'Content': 0, 'Distribution': 0}",-0.0
1148,linkedlist.social,$10^{1}$ to $10^{2}$ ,"{'NSFW': 1, 'Harassment': 1}","{'Action': 0, 'Behavior': 1, 'Content': 1, 'Distribution': 0}",1.0
1149,linux.social,$10^{3}$ to $10^{4}$,"{'NSFW': 1, 'Images': 1, 'Harassment': 2, 'Trolling': 1, 'Doxxing/ Personal Info': 1, 'Advertising & Commercialization': 1, 'Spam': 1, 'Reposting/Crossposting': 2, 'Automated tools': 1, 'Links & Outside Content': 1, 'Off-topic/topic specific': 2}","{'Action': 1, 'Behavior': 4, 'Content': 5, 'Distribution': 4}",1.8352377453121176
1150,linuxhotel.social,$10^{2}$ to $10^{3}$,"{'Hate Speech': 1, 'Harassment': 3, 'Doxxing/ Personal Info': 1, 'Illegal Content': 1, 'Mis/Disinformation/Conspiracy': 1, 'Automated tools': 1, 'Content Warnings': 1, 'Copyright/ Piracy': 1, 'Off-topic/topic specific': 1}","{'Action': 1, 'Behavior': 4, 'Content': 5, 'Distribution': 1}",1.6767370300521325
1151,linuxlab.sh,$10^{2}$ to $10^{3}$,"{'NSFW': 1, 'Content Warnings': 1, 'Not Applicable': 1, 'Automated tools': 1, 'Harassment': 1, 'Trolling': 1}","{'Action': 1, 'Behavior': 2, 'Content': 2, 'Distribution': 0}",1.5219280948873621
1152,linuxrocks.online,$10^{4}$ to $10^{5}$,"{'Illegal Content': 1, 'NSFW': 1}","{'Action': 0, 'Behavior': 0, 'Content': 2, 'Distribution': 0}",-0.0
1153,lipn.info,$10^{2}$ to $10^{3}$,"{'Illegal Content': 1, 'Content Warnings': 1, 'Incitement of Violence': 1, 'Advertising & Commercialization': 1, 'Spam': 1, 'Harassment': 3, 'Off-topic/topic specific': 1, 'Hate Speech': 3, 'Images': 1, 'Doxxing/ Personal Info': 2, 'Mis/Disinformation/Conspiracy': 1}","{'Action': 0, 'Behavior': 5, 'Content': 9, 'Distribution': 2}",1.3663146570363986
1154,literatur.social,$10^{3}$ to $10^{4}$,"{'Advertising & Commercialization': 1, 'Doxxing/ Personal Info': 1, 'Hate Speech': 3, 'Harassment': 2, 'Spam': 1}","{'Action': 0, 'Behavior': 3, 'Content': 3, 'Distribution': 2}",1.561278124459133
1155,livellosegreto.it,$10^{4}$ to $10^{5}$,"{'Hate Speech': 4, 'Harassment': 1, 'NSFW': 2, 'Content Warnings': 1, 'Advertising & Commercialization': 1}","{'Action': 0, 'Behavior': 1, 'Content': 7, 'Distribution': 1}",0.9864267287308424
1156,livester.net,$10^{3}$ to $10^{4}$,"{'Hate Speech': 1, 'Harassment': 1, 'Illegal Content': 1, 'Advertising & Commercialization': 1, 'Spam': 1}","{'Action': 0, 'Behavior': 1, 'Content': 2, 'Distribution': 2}",1.5219280948873621
1157,ljs.social,$10^{2}$ to $10^{3}$,"{'Hate Speech': 5, 'Doxxing/ Personal Info': 1, 'Harassment': 4, 'Dogpiling': 1, 'Mis/Disinformation/Conspiracy': 1, 'Content Warnings': 1, 'Images': 1, 'Automated tools': 1, 'Copyright/ Piracy': 2, 'Trolling': 1}","{'Action': 1, 'Behavior': 7, 'Content': 8, 'Distribution': 2}",1.6337314206421327
1158,localization.cafe,$10^{3}$ to $10^{4}$,"{'Hate Speech': 1, 'NSFW': 1, 'Content Warnings': 1, 'Off-topic/topic specific': 1, 'Advertising & Commercialization': 1, 'Spam': 1}","{'Action': 0, 'Behavior': 0, 'Content': 4, 'Distribution': 2}",0.9182958340544896
1159,loci.onl,$10^{2}$ to $10^{3}$,"{'NSFW': 1, 'Content Warnings': 2, 'Advertising & Commercialization': 1, 'Spam': 1, 'Not Applicable': 1, 'Automated tools': 1, 'Illegal Content': 1, 'Hate Speech': 2, 'Harassment': 2, 'Doxxing/ Personal Info': 1, 'Dogpiling': 1}","{'Action': 1, 'Behavior': 4, 'Content': 6, 'Distribution': 2}",1.7381493331928664
1160,locksport.space,$10^{2}$ to $10^{3}$,"{'NSFW': 1, 'Illegal Content': 1, 'Content Warnings': 1, 'Hate Speech': 1, 'Harassment': 1, 'Advertising & Commercialization': 1, 'Spam': 1}","{'Action': 0, 'Behavior': 1, 'Content': 4, 'Distribution': 2}",1.3787834934861753
1161,loma.ml,$10^{3}$ to $10^{4}$,"{'Hate Speech': 1, 'Illegal Content': 1, 'Mis/Disinformation/Conspiracy': 1, 'Harassment': 1, 'Incitement of Violence': 1, 'NSFW': 2, 'Advertising & Commercialization': 1, 'Spam': 1}","{'Action': 0, 'Behavior': 1, 'Content': 6, 'Distribution': 2}",1.224394445405986
1162,lonely.town,$10^{2}$ to $10^{3}$,"{'NSFW': 1, 'Content Warnings': 1, 'Illegal Content': 1, 'Off-topic/topic specific': 1, 'Automated tools': 1}","{'Action': 1, 'Behavior': 0, 'Content': 4, 'Distribution': 0}",0.7219280948873623
1163,longcovid.social,$10^{2}$ to $10^{3}$,"{'Reposting/Crossposting': 1, 'Copyright/ Piracy': 1, 'Hate Speech': 1, 'Mis/Disinformation/Conspiracy': 2}","{'Action': 0, 'Behavior': 0, 'Content': 3, 'Distribution': 2}",0.9709505944546686
1164,lou.lt,$10^{4}$ to $10^{5}$,"{'Illegal Content': 2, 'Hate Speech': 2, 'Harassment': 1, 'NSFW': 2, 'Content Warnings': 1, 'Images': 1, 'Mis/Disinformation/Conspiracy': 1, 'Advertising & Commercialization': 2, 'Links & Outside Content': 1, 'Copyright/ Piracy': 1}","{'Action': 0, 'Behavior': 1, 'Content': 10, 'Distribution': 3}",1.0949143184120975
1165,loud.computer,$10^{1}$ to $10^{2}$ ,"{'Hate Speech': 1, 'Harassment': 1, 'NSFW': 1, 'Images': 1}","{'Action': 0, 'Behavior': 1, 'Content': 3, 'Distribution': 0}",0.8112781244591328
1166,lounge.town,$10^{4}$ to $10^{5}$,"{'Hate Speech': 1, 'Images': 1, 'Harassment': 1, 'Dogpiling': 1, 'Doxxing/ Personal Info': 1, 'NSFW': 1, 'Content Warnings': 1, 'Illegal Content': 1, 'Advertising & Commercialization': 2, 'Spam': 1, 'Incitement of Violence': 1, 'Automated tools': 1}","{'Action': 1, 'Behavior': 3, 'Content': 6, 'Distribution': 3}",1.7758589482446405
1167,lovelace.social,$10^{1}$ to $10^{2}$ ,{'Hate Speech': 1},"{'Action': 0, 'Behavior': 0, 'Content': 1, 'Distribution': 0}",-0.0
1168,lsof.uk,$10^{1}$ to $10^{2}$ ,"{'Content Warnings': 1, 'Images': 1, 'Advertising & Commercialization': 1, 'Spam': 1, 'Incitement of Violence': 1, 'Harassment': 1, 'Illegal Content': 1}","{'Action': 0, 'Behavior': 1, 'Content': 4, 'Distribution': 2}",1.3787834934861753
1169,luc.cat,$10^{2}$ to $10^{3}$,{'NSFW': 1},"{'Action': 0, 'Behavior': 0, 'Content': 1, 'Distribution': 0}",-0.0
1170,lucha.nyc,$10^{1}$ to $10^{2}$ ,"{'Images': 1, 'Hate Speech': 1, 'NSFW': 2, 'Illegal Content': 1, 'Harassment': 2, 'Doxxing/ Personal Info': 1, 'Content Warnings': 3}","{'Action': 0, 'Behavior': 3, 'Content': 8, 'Distribution': 0}",0.8453509366224364
1171,ludosphere.fr,$10^{3}$ to $10^{4}$,"{'Illegal Content': 1, 'Hate Speech': 2, 'Mis/Disinformation/Conspiracy': 1, 'NSFW': 1, 'Reposting/Crossposting': 1, 'Off-topic/topic specific': 3, 'Content Warnings': 1, 'Harassment': 1}","{'Action': 0, 'Behavior': 1, 'Content': 9, 'Distribution': 1}",0.8658566174572235
1172,lumberjacks.social,$10^{1}$ to $10^{2}$ ,"{'Hate Speech': 1, 'Illegal Content': 1, 'Mis/Disinformation/Conspiracy': 1, 'NSFW': 1}","{'Action': 0, 'Behavior': 0, 'Content': 4, 'Distribution': 0}",-0.0
1173,lustigetiernamenbubble.de,$10^{2}$ to $10^{3}$,"{'Harassment': 2, 'Doxxing/ Personal Info': 1, 'Hate Speech': 3, 'Illegal Content': 1, 'Incitement of Violence': 1, 'NSFW': 1, 'Images': 1, 'Automated tools': 1, 'Advertising & Commercialization': 1, 'Spam': 1}","{'Action': 1, 'Behavior': 3, 'Content': 7, 'Distribution': 2}",1.6691803368667308
1174,luzeed.org,$10^{3}$ to $10^{4}$,"{'Incitement of Violence': 1, 'Illegal Content': 1, 'Harassment': 1, 'Doxxing/ Personal Info': 1, 'NSFW': 1, 'Content Warnings': 1, 'Images': 1, 'Advertising & Commercialization': 1, 'Spam': 1, 'Hate Speech': 1}","{'Action': 0, 'Behavior': 2, 'Content': 6, 'Distribution': 2}",1.3709505944546687
1175,lyingvoid.social,$10^{2}$ to $10^{3}$,"{'Hate Speech': 1, 'Content Warnings': 1}","{'Action': 0, 'Behavior': 0, 'Content': 2, 'Distribution': 0}",-0.0
1176,lyricalpalette.social,$10^{1}$ to $10^{2}$ ,"{'Harassment': 1, 'Hate Speech': 1, 'Illegal Content': 1, 'Incitement of Violence': 1, 'Mis/Disinformation/Conspiracy': 1, 'NSFW': 1, 'Content Warnings': 1}","{'Action': 0, 'Behavior': 1, 'Content': 6, 'Distribution': 0}",0.5916727785823275
1177,m-i.im,$10^{3}$ to $10^{4}$,"{'Hate Speech': 3, 'Mis/Disinformation/Conspiracy': 1, 'Illegal Content': 1, 'Incitement of Violence': 1, 'Not Applicable': 3, 'Automated tools': 2, 'Reposting/Crossposting': 1, 'Impersonation': 1, 'Spam': 3, 'Advertising & Commercialization': 1, 'Harassment': 2, 'Dogpiling': 1, 'Links & Outside Content': 1, 'Content Warnings': 1}","{'Action': 2, 'Behavior': 4, 'Content': 8, 'Distribution': 5}",1.8474201200521745
1178,m.adventurehound.io,$10^{1}$ to $10^{2}$ ,"{'Hate Speech': 1, 'Mis/Disinformation/Conspiracy': 1}","{'Action': 0, 'Behavior': 0, 'Content': 2, 'Distribution': 0}",-0.0
1179,m.ai6yr.org,$10^{3}$ to $10^{4}$,"{'Hate Speech': 1, 'NSFW': 1, 'Incitement of Violence': 1, 'Harassment': 1, 'Doxxing/ Personal Info': 1, 'Mis/Disinformation/Conspiracy': 1}","{'Action': 0, 'Behavior': 2, 'Content': 4, 'Distribution': 0}",0.9182958340544896
1180,m.banjo.camp,$10^{1}$ to $10^{2}$ ,"{'Spam': 1, 'Illegal Content': 1}","{'Action': 0, 'Behavior': 0, 'Content': 1, 'Distribution': 1}",1.0
1181,m.campfi.rs,$10^{1}$ to $10^{2}$ ,{'Harassment': 1},"{'Action': 0, 'Behavior': 1, 'Content': 0, 'Distribution': 0}",-0.0
1182,m.cmx.im,$10^{5}$ to $10^{6}$ ,"{'Hate Speech': 4, 'Harassment': 2, 'Trolling': 1, 'NSFW': 1, 'Content Warnings': 1, 'Not Applicable': 1, 'Automated tools': 2, 'Impersonation': 1, 'Illegal Content': 1, 'Advertising & Commercialization': 3, 'Mis/Disinformation/Conspiracy': 2, 'Spam': 1, 'Copyright/ Piracy': 2, 'Off-topic/topic specific': 1}","{'Action': 2, 'Behavior': 4, 'Content': 10, 'Distribution': 6}",1.789929075309999
1183,m.comfycamp.space,$10^{1}$ to $10^{2}$ ,"{'Incitement of Violence': 1, 'Hate Speech': 1, 'Advertising & Commercialization': 1, 'Spam': 1, 'Illegal Content': 1}","{'Action': 0, 'Behavior': 0, 'Content': 3, 'Distribution': 2}",0.9709505944546686
1184,m.corduba.tech,$10^{2}$ to $10^{3}$,"{'Content Warnings': 1, 'Images': 1, 'Hate Speech': 1, 'Incitement of Violence': 1, 'Harassment': 1, 'Dogpiling': 1, 'Doxxing/ Personal Info': 1, 'Illegal Content': 1, 'Mis/Disinformation/Conspiracy': 1}","{'Action': 0, 'Behavior': 3, 'Content': 6, 'Distribution': 0}",0.9182958340544896
1185,m.danq.me,$10^{1}$ to $10^{2}$ ,"{'Hate Speech': 3, 'Harassment': 1}","{'Action': 0, 'Behavior': 1, 'Content': 3, 'Distribution': 0}",0.8112781244591328
1186,m.dsnv.net,$10^{1}$ to $10^{2}$ ,"{'Illegal Content': 1, 'Advertising & Commercialization': 1, 'Spam': 1, 'Harassment': 2}","{'Action': 0, 'Behavior': 2, 'Content': 1, 'Distribution': 2}",1.5219280948873621
1187,m.ef.gg,$10^{1}$ to $10^{2}$ ,"{'Images': 1, 'Hate Speech': 1, 'Incitement of Violence': 1, 'Harassment': 1, 'Doxxing/ Personal Info': 1, 'Illegal Content': 1, 'Mis/Disinformation/Conspiracy': 1}","{'Action': 0, 'Behavior': 2, 'Content': 5, 'Distribution': 0}",0.863120568566631
1188,m.einverne.info,$10^{2}$ to $10^{3}$,"{'Hate Speech': 1, 'Harassment': 1, 'Spam': 1, 'Mis/Disinformation/Conspiracy': 1}","{'Action': 0, 'Behavior': 1, 'Content': 2, 'Distribution': 1}",1.5
1189,m.femboy.im,$10^{1}$ to $10^{2}$ ,"{'Hate Speech': 1, 'Incitement of Violence': 1, 'Spam': 1, 'Automated tools': 1}","{'Action': 1, 'Behavior': 0, 'Content': 2, 'Distribution': 1}",1.5
1190,m.flyemoji.moe,$10^{2}$ to $10^{3}$,"{'Hate Speech': 1, 'Harassment': 1, 'Trolling': 1, 'NSFW': 2, 'Content Warnings': 1, 'Illegal Content': 2, 'Not Applicable': 1, 'Automated tools': 2, 'Impersonation': 1, 'Advertising & Commercialization': 3, 'Mis/Disinformation/Conspiracy': 1, 'Spam': 1, 'Copyright/ Piracy': 1}","{'Action': 2, 'Behavior': 3, 'Content': 7, 'Distribution': 5}",1.851226815897192
1191,m.gctxl.com,$10^{1}$ to $10^{2}$ ,"{'Automated tools': 2, 'Reposting/Crossposting': 1, 'Advertising & Commercialization': 1, 'Spam': 1}","{'Action': 2, 'Behavior': 0, 'Content': 0, 'Distribution': 3}",0.9709505944546686
1192,m.heine.xyz,$10^{1}$ to $10^{2}$ ,"{'Hate Speech': 3, 'Harassment': 1, 'Doxxing/ Personal Info': 1, 'Advertising & Commercialization': 1}","{'Action': 0, 'Behavior': 2, 'Content': 3, 'Distribution': 1}",1.4591479170272448
1193,m.ipoac.nl,$10^{1}$ to $10^{2}$ ,"{'Harassment': 1, 'Trolling': 1, 'Hate Speech': 1, 'Incitement of Violence': 1}","{'Action': 0, 'Behavior': 2, 'Content': 2, 'Distribution': 0}",1.0
1194,m.kawaii.gg,$10^{1}$ to $10^{2}$ ,"{'Harassment': 2, 'Incitement of Violence': 1, 'Hate Speech': 1, 'Impersonation': 1, 'Spam': 1, 'Mis/Disinformation/Conspiracy': 1}","{'Action': 0, 'Behavior': 3, 'Content': 3, 'Distribution': 1}",1.4488156357251847
1195,m.lonet.org,$10^{1}$ to $10^{2}$ ,"{'Content Warnings': 1, 'Images': 1, 'Hate Speech': 1, 'Incitement of Violence': 1, 'Harassment': 1, 'Doxxing/ Personal Info': 1, 'Illegal Content': 1, 'Mis/Disinformation/Conspiracy': 1}","{'Action': 0, 'Behavior': 2, 'Content': 6, 'Distribution': 0}",0.8112781244591328
1196,m.mou.best,$10^{2}$ to $10^{3}$,"{'Advertising & Commercialization': 1, 'Spam': 1, 'Hate Speech': 1, 'Harassment': 1}","{'Action': 0, 'Behavior': 1, 'Content': 1, 'Distribution': 2}",1.5
1197,m.otter.homes,$10^{3}$ to $10^{4}$,"{'Advertising & Commercialization': 1, 'Illegal Content': 1, 'Hate Speech': 1, 'NSFW': 1, 'Content Warnings': 2, 'Off-topic/topic specific': 1, 'Harassment': 1}","{'Action': 0, 'Behavior': 1, 'Content': 6, 'Distribution': 1}",1.061278124459133
1198,m.posterdati.it,$10^{1}$ to $10^{2}$ ,"{'Spam': 1, 'Harassment': 2, 'Illegal Content': 1, 'Hate Speech': 1, 'Doxxing/ Personal Info': 1, 'Mis/Disinformation/Conspiracy': 1, 'Automated tools': 1}","{'Action': 1, 'Behavior': 3, 'Content': 3, 'Distribution': 1}",1.811278124459133
1199,m.prt.si,$10^{2}$ to $10^{3}$,"{'Incitement of Violence': 4, 'Illegal Content': 3, 'Harassment': 3, 'Hate Speech': 1, 'NSFW': 2, 'Content Warnings': 2, 'Images': 1, 'Doxxing/ Personal Info': 2, 'Spam': 1, 'Mis/Disinformation/Conspiracy': 4, 'Impersonation': 2, 'Copyright/ Piracy': 1, 'Not Applicable': 1}","{'Action': 0, 'Behavior': 7, 'Content': 17, 'Distribution': 2}",1.1951184583080539
1200,m.quaoar.xyz,$10^{3}$ to $10^{4}$,"{'Copyright/ Piracy': 1, 'Hate Speech': 2, 'Harassment': 1, 'Spam': 1, 'Mis/Disinformation/Conspiracy': 1, 'Illegal Content': 1, 'NSFW': 1, 'Content Warnings': 1}","{'Action': 0, 'Behavior': 1, 'Content': 6, 'Distribution': 2}",1.224394445405986
1201,m.santolin.eu,$10^{1}$ to $10^{2}$ ,"{'Content Warnings': 1, 'Images': 1, 'Hate Speech': 1, 'Incitement of Violence': 1, 'Harassment': 1, 'Doxxing/ Personal Info': 1, 'Illegal Content': 1, 'Mis/Disinformation/Conspiracy': 1}","{'Action': 0, 'Behavior': 2, 'Content': 6, 'Distribution': 0}",0.8112781244591328
1202,m.socialyeti.club,$10^{2}$ to $10^{3}$,{'Hate Speech': 1},"{'Action': 0, 'Behavior': 0, 'Content': 1, 'Distribution': 0}",-0.0
1203,m.takamoriai.co,$10^{2}$ to $10^{3}$,"{'Illegal Content': 1, 'Images': 2, 'Spam': 1}","{'Action': 0, 'Behavior': 0, 'Content': 3, 'Distribution': 1}",0.8112781244591328
1204,m.thebroom.us,$10^{2}$ to $10^{3}$,{'Links & Outside Content': 1},"{'Action': 0, 'Behavior': 0, 'Content': 1, 'Distribution': 0}",-0.0
1205,m.thibau.lt,$10^{1}$ to $10^{2}$ ,"{'Incitement of Violence': 1, 'Hate Speech': 2, 'NSFW': 1, 'Spam': 1}","{'Action': 0, 'Behavior': 0, 'Content': 4, 'Distribution': 1}",0.7219280948873623
1206,m.twi.wtf,$10^{1}$ to $10^{2}$ ,"{'Spam': 1, 'Hate Speech': 1}","{'Action': 0, 'Behavior': 0, 'Content': 1, 'Distribution': 1}",1.0
1207,m.webtoo.ls,$10^{2}$ to $10^{3}$,"{'Hate Speech': 5, 'Incitement of Violence': 1, 'Harassment': 1, 'Spam': 1}","{'Action': 0, 'Behavior': 1, 'Content': 6, 'Distribution': 1}",1.061278124459133
1208,m.yerp.io,$10^{1}$ to $10^{2}$ ,{'Hate Speech': 1},"{'Action': 0, 'Behavior': 0, 'Content': 1, 'Distribution': 0}",-0.0
1209,ma.akazia.eu,$10^{1}$ to $10^{2}$ ,"{'Hate Speech': 1, 'Harassment': 1, 'Doxxing/ Personal Info': 1, 'Illegal Content': 1}","{'Action': 0, 'Behavior': 2, 'Content': 2, 'Distribution': 0}",1.0
1210,ma.fellr.net,$10^{1}$ to $10^{2}$ ,{'Illegal Content': 1},"{'Action': 0, 'Behavior': 0, 'Content': 1, 'Distribution': 0}",-0.0
1211,ma.fono.jp,$10^{2}$ to $10^{3}$,"{'Illegal Content': 1, 'Copyright/ Piracy': 1, 'Not Applicable': 1, 'Automated tools': 1, 'Content Warnings': 2, 'Harassment': 1, 'Trolling': 1, 'NSFW': 1, 'Links & Outside Content': 1}","{'Action': 1, 'Behavior': 2, 'Content': 5, 'Distribution': 1}",1.6577427265048887
1212,ma.rokoucha.net,$10^{1}$ to $10^{2}$ ,{'Illegal Content': 1},"{'Action': 0, 'Behavior': 0, 'Content': 1, 'Distribution': 0}",-0.0
1213,ma.suldomi.net,$10^{2}$ to $10^{3}$,"{'Hate Speech': 1, 'NSFW': 1}","{'Action': 0, 'Behavior': 0, 'Content': 2, 'Distribution': 0}",-0.0
1214,maaw.social,$10^{2}$ to $10^{3}$,"{'Harassment': 3, 'Hate Speech': 1, 'Doxxing/ Personal Info': 1, 'NSFW': 1, 'Illegal Content': 1, 'Spam': 1, 'Content Warnings': 1, 'Images': 1, 'Impersonation': 2, 'Trolling': 1, 'Off-topic/topic specific': 1}","{'Action': 0, 'Behavior': 7, 'Content': 6, 'Distribution': 1}",1.2958363892911637
1215,macavity.cat,$10^{1}$ to $10^{2}$ ,{'Hate Speech': 1},"{'Action': 0, 'Behavior': 0, 'Content': 1, 'Distribution': 0}",-0.0
1216,macaw.social,$10^{4}$ to $10^{5}$,"{'Illegal Content': 1, 'Hate Speech': 1, 'Harassment': 1, 'NSFW': 1, 'Content Warnings': 1, 'Spam': 1, 'Mis/Disinformation/Conspiracy': 1}","{'Action': 0, 'Behavior': 1, 'Content': 5, 'Distribution': 1}",1.1488348542809166
1217,machteburch.social,$10^{3}$ to $10^{4}$,"{'Hate Speech': 3, 'Incitement of Violence': 1, 'Illegal Content': 1, 'Mis/Disinformation/Conspiracy': 1, 'Doxxing/ Personal Info': 1, 'Harassment': 1, 'Advertising & Commercialization': 1, 'Spam': 1, 'Automated tools': 3, 'Off-topic/topic specific': 1, 'Not Applicable': 1, 'Reposting/Crossposting': 1}","{'Action': 3, 'Behavior': 2, 'Content': 7, 'Distribution': 3}",1.8294732983598405
1218,macnemo.social,$10^{1}$ to $10^{2}$ ,"{'NSFW': 1, 'Illegal Content': 1, 'Incitement of Violence': 1, 'Hate Speech': 2, 'Harassment': 1}","{'Action': 0, 'Behavior': 1, 'Content': 5, 'Distribution': 0}",0.6500224216483541
1219,macrofurs.social,$10^{3}$ to $10^{4}$,"{'Illegal Content': 2, 'Hate Speech': 1, 'Harassment': 1, 'Off-topic/topic specific': 1, 'Content Warnings': 1, 'NSFW': 1, 'Images': 2, 'Copyright/ Piracy': 2, 'Not Applicable': 1, 'Impersonation': 1, 'Spam': 1, 'Automated tools': 1}","{'Action': 1, 'Behavior': 2, 'Content': 8, 'Distribution': 3}",1.610577243331642
1220,maddie.rocks,$10^{2}$ to $10^{3}$,{'Hate Speech': 1},"{'Action': 0, 'Behavior': 0, 'Content': 1, 'Distribution': 0}",-0.0
1221,madworld.social,$10^{2}$ to $10^{3}$,"{'Incitement of Violence': 1, 'Hate Speech': 1, 'Copyright/ Piracy': 1}","{'Action': 0, 'Behavior': 0, 'Content': 2, 'Distribution': 1}",0.9182958340544896
1222,mage.town,$10^{2}$ to $10^{3}$,"{'Hate Speech': 2, 'Harassment': 1, 'NSFW': 1, 'Content Warnings': 2, 'Images': 1}","{'Action': 0, 'Behavior': 1, 'Content': 6, 'Distribution': 0}",0.5916727785823275
1223,magical-ribbon.net,$10^{1}$ to $10^{2}$ ,"{'NSFW': 1, 'Illegal Content': 1}","{'Action': 0, 'Behavior': 0, 'Content': 2, 'Distribution': 0}",-0.0
1224,magpie.masto.host,$10^{2}$ to $10^{3}$,"{'Hate Speech': 1, 'Incitement of Violence': 1, 'Impersonation': 1, 'Automated tools': 2, 'Harassment': 1, 'Dogpiling': 1, 'Not Applicable': 1, 'Advertising & Commercialization': 1, 'NSFW': 1, 'Content Warnings': 1}","{'Action': 2, 'Behavior': 3, 'Content': 4, 'Distribution': 1}",1.8464393446710154
1225,maik.social,$10^{1}$ to $10^{2}$ ,"{'Hate Speech': 2, 'NSFW': 2, 'Content Warnings': 1, 'Images': 1, 'Harassment': 1, 'Dogpiling': 1, 'Doxxing/ Personal Info': 1, 'Illegal Content': 1, 'Incitement of Violence': 1, 'Mis/Disinformation/Conspiracy': 1, 'Advertising & Commercialization': 1, 'Spam': 1, 'Reposting/Crossposting': 1}","{'Action': 0, 'Behavior': 3, 'Content': 9, 'Distribution': 3}",1.3709505944546687
1226,mailcow.social,$10^{1}$ to $10^{2}$ ,"{'Hate Speech': 1, 'Harassment': 1, 'NSFW': 1, 'Content Warnings': 1}","{'Action': 0, 'Behavior': 1, 'Content': 3, 'Distribution': 0}",0.8112781244591328
1227,mainburg.hallertau.social,$10^{1}$ to $10^{2}$ ,"{'Incitement of Violence': 2, 'Hate Speech': 2, 'Mis/Disinformation/Conspiracy': 1, 'NSFW': 1}","{'Action': 0, 'Behavior': 0, 'Content': 6, 'Distribution': 0}",-0.0
1228,mainspitze.social,$10^{1}$ to $10^{2}$ ,"{'Hate Speech': 1, 'Harassment': 2, 'Doxxing/ Personal Info': 1, 'Advertising & Commercialization': 1, 'Spam': 1, 'Mis/Disinformation/Conspiracy': 1, 'Illegal Content': 1}","{'Action': 0, 'Behavior': 3, 'Content': 3, 'Distribution': 2}",1.561278124459133
1229,makegayfriends.com,$10^{3}$ to $10^{4}$,"{'Off-topic/topic specific': 1, 'NSFW': 1, 'Hate Speech': 1}","{'Action': 0, 'Behavior': 0, 'Content': 3, 'Distribution': 0}",-0.0
1230,makersocial.online,$10^{2}$ to $10^{3}$,"{'Spam': 1, 'Hate Speech': 1, 'Harassment': 1, 'Illegal Content': 1}","{'Action': 0, 'Behavior': 1, 'Content': 2, 'Distribution': 1}",1.5
1231,makerspace.au,$10^{1}$ to $10^{2}$ ,"{'Advertising & Commercialization': 1, 'Spam': 1, 'Automated tools': 1, 'Hate Speech': 2, 'Harassment': 1}","{'Action': 1, 'Behavior': 1, 'Content': 2, 'Distribution': 2}",1.9182958340544896
1232,malmo.chat,$10^{1}$ to $10^{2}$ ,{'Hate Speech': 1},"{'Action': 0, 'Behavior': 0, 'Content': 1, 'Distribution': 0}",-0.0
1233,maly.io,$10^{3}$ to $10^{4}$,"{'Hate Speech': 1, 'NSFW': 1, 'Content Warnings': 1, 'Illegal Content': 1, 'Automated tools': 1, 'Spam': 1}","{'Action': 1, 'Behavior': 0, 'Content': 4, 'Distribution': 1}",1.2516291673878228
1234,mammoth.nightcity.lu,$10^{1}$ to $10^{2}$ ,"{'Content Warnings': 1, 'Images': 1, 'Hate Speech': 1, 'Incitement of Violence': 1, 'Harassment': 1, 'Doxxing/ Personal Info': 1, 'Mis/Disinformation/Conspiracy': 1}","{'Action': 0, 'Behavior': 2, 'Content': 5, 'Distribution': 0}",0.863120568566631
1235,mammut.ericmitch.com,$10^{1}$ to $10^{2}$ ,"{'Harassment': 2, 'Trolling': 2, 'Not Applicable': 1, 'Mis/Disinformation/Conspiracy': 1}","{'Action': 0, 'Behavior': 4, 'Content': 1, 'Distribution': 0}",0.7219280948873623
1236,mammut.gogreenit.net,$10^{1}$ to $10^{2}$ ,"{'NSFW': 1, 'Content Warnings': 1}","{'Action': 0, 'Behavior': 0, 'Content': 2, 'Distribution': 0}",-0.0
1237,mamot.fr,$10^{5}$ to $10^{6}$ ,"{'Illegal Content': 1, 'NSFW': 1, 'Images': 2, 'Advertising & Commercialization': 1, 'Spam': 1, 'Harassment': 3, 'Off-topic/topic specific': 1, 'Hate Speech': 3, 'Doxxing/ Personal Info': 2, 'Mis/Disinformation/Conspiracy': 1}","{'Action': 0, 'Behavior': 5, 'Content': 9, 'Distribution': 2}",1.3663146570363986
1238,mamut.tic-ac.org,$10^{2}$ to $10^{3}$,{'Spam': 1},"{'Action': 0, 'Behavior': 0, 'Content': 0, 'Distribution': 1}",-0.0
1239,mamutovo.cz,$10^{2}$ to $10^{3}$,"{'Off-topic/topic specific': 1, 'Doxxing/ Personal Info': 1, 'Mis/Disinformation/Conspiracy': 4, 'Advertising & Commercialization': 1, 'Spam': 1, 'Copyright/ Piracy': 1, 'NSFW': 2, 'Content Warnings': 1, 'Images': 1, 'Incitement of Violence': 3, 'Harassment': 1, 'Hate Speech': 3, 'Illegal Content': 1}","{'Action': 0, 'Behavior': 2, 'Content': 16, 'Distribution': 3}",1.0230370655328809
1240,mamutut.space,$10^{1}$ to $10^{2}$ ,{'Illegal Content': 1},"{'Action': 0, 'Behavior': 0, 'Content': 1, 'Distribution': 0}",-0.0
1241,mandra.us,$10^{1}$ to $10^{2}$ ,"{'NSFW': 1, 'Harassment': 1}","{'Action': 0, 'Behavior': 1, 'Content': 1, 'Distribution': 0}",1.0
1242,mapstodon.space,$10^{4}$ to $10^{5}$,"{'Harassment': 1, 'Advertising & Commercialization': 1, 'Not Applicable': 1, 'Automated tools': 1}","{'Action': 1, 'Behavior': 1, 'Content': 0, 'Distribution': 1}",1.584962500721156
1243,mapsupport.de,$10^{3}$ to $10^{4}$,"{'Hate Speech': 8, 'Harassment': 8, 'NSFW': 6, 'Illegal Content': 4, 'Doxxing/ Personal Info': 2, 'Dogpiling': 2, 'Incitement of Violence': 2, 'Off-topic/topic specific': 2, 'Spam': 1, 'Not Applicable': 1}","{'Action': 0, 'Behavior': 12, 'Content': 22, 'Distribution': 1}",1.097081713554269
1244,maratang.life,$10^{3}$ to $10^{4}$,"{'Hate Speech': 1, 'Incitement of Violence': 1, 'Harassment': 1, 'NSFW': 1, 'Content Warnings': 1, 'Spam': 1, 'Not Applicable': 2, 'Automated tools': 1, 'Links & Outside Content': 1}","{'Action': 1, 'Behavior': 1, 'Content': 5, 'Distribution': 1}",1.5487949406953985
1245,marchingband.social,$10^{1}$ to $10^{2}$ ,{'Copyright/ Piracy': 1},"{'Action': 0, 'Behavior': 0, 'Content': 0, 'Distribution': 1}",-0.0
1246,marimoko.biz,$10^{1}$ to $10^{2}$ ,"{'Spam': 1, 'Doxxing/ Personal Info': 1}","{'Action': 0, 'Behavior': 1, 'Content': 0, 'Distribution': 1}",1.0
1247,martianbase.net,$10^{1}$ to $10^{2}$ ,{'Hate Speech': 1},"{'Action': 0, 'Behavior': 0, 'Content': 1, 'Distribution': 0}",-0.0
1248,mas.atmx.ca,$10^{2}$ to $10^{3}$,"{'Hate Speech': 1, 'Doxxing/ Personal Info': 1}","{'Action': 0, 'Behavior': 1, 'Content': 1, 'Distribution': 0}",1.0
1249,mas.greatlakes.club,$10^{1}$ to $10^{2}$ ,"{'Advertising & Commercialization': 1, 'Illegal Content': 2, 'NSFW': 1, 'Images': 1, 'Hate Speech': 2, 'Incitement of Violence': 1, 'Mis/Disinformation/Conspiracy': 2, 'Harassment': 3, 'Doxxing/ Personal Info': 2}","{'Action': 0, 'Behavior': 5, 'Content': 9, 'Distribution': 1}",1.2309595631140104
1250,mas.nzcow.com,$10^{2}$ to $10^{3}$,"{'Doxxing/ Personal Info': 1, 'Copyright/ Piracy': 1, 'NSFW': 1, 'Content Warnings': 1, 'Hate Speech': 1, 'Harassment': 1}","{'Action': 0, 'Behavior': 2, 'Content': 3, 'Distribution': 1}",1.4591479170272448
1251,mas.panix.com,$10^{1}$ to $10^{2}$ ,{'Illegal Content': 1},"{'Action': 0, 'Behavior': 0, 'Content': 1, 'Distribution': 0}",-0.0
1252,mas.to,$10^{6}$ to $10^{7}$,"{'Hate Speech': 1, 'NSFW': 1, 'Content Warnings': 1, 'Images': 1, 'Harassment': 1, 'Illegal Content': 1, 'Incitement of Violence': 1, 'Mis/Disinformation/Conspiracy': 1, 'Advertising & Commercialization': 1, 'Spam': 1, 'Impersonation': 1, 'Automated tools': 1}","{'Action': 1, 'Behavior': 2, 'Content': 7, 'Distribution': 2}",1.6140054628542202
1253,mas.toast.ws,$10^{1}$ to $10^{2}$ ,{'Links & Outside Content': 1},"{'Action': 0, 'Behavior': 0, 'Content': 1, 'Distribution': 0}",-0.0
1254,mascodon.jp,$10^{2}$ to $10^{3}$,"{'Illegal Content': 1, 'Hate Speech': 1, 'Harassment': 1, 'Spam': 1, 'NSFW': 1, 'Content Warnings': 1}","{'Action': 0, 'Behavior': 1, 'Content': 4, 'Distribution': 1}",1.2516291673878228
1255,masktodon.social,$10^{1}$ to $10^{2}$ ,"{'Content Warnings': 1, 'NSFW': 1, 'Illegal Content': 2, 'Spam': 1, 'Hate Speech': 1, 'Harassment': 4, 'Doxxing/ Personal Info': 2}","{'Action': 0, 'Behavior': 6, 'Content': 5, 'Distribution': 1}",1.3250112108241772
1256,mast.2enp.cc,$10^{1}$ to $10^{2}$ ,"{'Hate Speech': 1, 'Harassment': 1, 'Advertising & Commercialization': 1, 'Spam': 1, 'NSFW': 1, 'Content Warnings': 1, 'Images': 1}","{'Action': 0, 'Behavior': 1, 'Content': 4, 'Distribution': 2}",1.3787834934861753
1257,mast.dragon-fly.club,$10^{4}$ to $10^{5}$,"{'Hate Speech': 1, 'Harassment': 1, 'Copyright/ Piracy': 1, 'Content Warnings': 1}","{'Action': 0, 'Behavior': 1, 'Content': 2, 'Distribution': 1}",1.5
1258,mast.eu.org,$10^{3}$ to $10^{4}$,"{'Illegal Content': 1, 'Spam': 2, 'Automated tools': 1}","{'Action': 1, 'Behavior': 0, 'Content': 1, 'Distribution': 2}",1.5
1259,mast.fslurs.gay,$10^{2}$ to $10^{3}$,"{'Hate Speech': 1, 'Copyright/ Piracy': 1}","{'Action': 0, 'Behavior': 0, 'Content': 1, 'Distribution': 1}",1.0
1260,mast.giants-club.net,$10^{1}$ to $10^{2}$ ,"{'Hate Speech': 2, 'Incitement of Violence': 1, 'Harassment': 1, 'NSFW': 1, 'Content Warnings': 2, 'Images': 1}","{'Action': 0, 'Behavior': 1, 'Content': 7, 'Distribution': 0}",0.5435644431995964
1261,mast.lat,$10^{5}$ to $10^{6}$ ,"{'Illegal Content': 2, 'Incitement of Violence': 1, 'Spam': 2, 'Mis/Disinformation/Conspiracy': 2, 'Hate Speech': 1, 'NSFW': 1, 'Content Warnings': 1, 'Reposting/Crossposting': 1}","{'Action': 0, 'Behavior': 0, 'Content': 8, 'Distribution': 3}",0.8453509366224364
1262,mast.querie.net,$10^{1}$ to $10^{2}$ ,"{'NSFW': 1, 'Content Warnings': 1, 'Images': 1, 'Hate Speech': 1, 'Incitement of Violence': 1, 'Harassment': 1, 'Mis/Disinformation/Conspiracy': 1}","{'Action': 0, 'Behavior': 1, 'Content': 6, 'Distribution': 0}",0.5916727785823275
1263,mast.sabross.xyz,$10^{1}$ to $10^{2}$ ,"{'Illegal Content': 1, 'Hate Speech': 1}","{'Action': 0, 'Behavior': 0, 'Content': 2, 'Distribution': 0}",-0.0
1264,mast.shbbl.ru,$10^{1}$ to $10^{2}$ ,"{'Illegal Content': 1, 'Content Warnings': 1, 'Hate Speech': 1, 'Harassment': 1}","{'Action': 0, 'Behavior': 1, 'Content': 3, 'Distribution': 0}",0.8112781244591328
1265,mast.srweaver.com,$10^{1}$ to $10^{2}$ ,"{'Hate Speech': 1, 'NSFW': 1, 'Content Warnings': 1, 'Images': 1, 'Harassment': 1, 'Incitement of Violence': 1}","{'Action': 0, 'Behavior': 1, 'Content': 5, 'Distribution': 0}",0.6500224216483541
1266,mast.thomasdmn.net,$10^{1}$ to $10^{2}$ ,"{'Advertising & Commercialization': 1, 'NSFW': 1, 'Images': 1, 'Hate Speech': 2, 'Incitement of Violence': 1, 'Mis/Disinformation/Conspiracy': 2, 'Illegal Content': 1, 'Harassment': 4, 'Doxxing/ Personal Info': 2, 'Dogpiling': 1}","{'Action': 0, 'Behavior': 7, 'Content': 8, 'Distribution': 1}",1.271782221599798
1267,mast.wurmela.de,$10^{1}$ to $10^{2}$ ,"{'NSFW': 1, 'Hate Speech': 1}","{'Action': 0, 'Behavior': 0, 'Content': 2, 'Distribution': 0}",-0.0
1268,mastadano.com,$10^{2}$ to $10^{3}$,"{'Harassment': 1, 'NSFW': 1, 'Images': 1}","{'Action': 0, 'Behavior': 1, 'Content': 2, 'Distribution': 0}",0.9182958340544896
1269,mastd.dev,$10^{1}$ to $10^{2}$ ,"{'Content Warnings': 1, 'Images': 1, 'Hate Speech': 1, 'Incitement of Violence': 1, 'Harassment': 1, 'Doxxing/ Personal Info': 1, 'Mis/Disinformation/Conspiracy': 1}","{'Action': 0, 'Behavior': 2, 'Content': 5, 'Distribution': 0}",0.863120568566631
1270,mastdn.io,$10^{1}$ to $10^{2}$ ,"{'Hate Speech': 2, 'Harassment': 2, 'Advertising & Commercialization': 1, 'Spam': 1, 'NSFW': 1, 'Illegal Content': 2, 'Copyright/ Piracy': 1, 'Doxxing/ Personal Info': 2, 'Impersonation': 1}","{'Action': 0, 'Behavior': 5, 'Content': 5, 'Distribution': 3}",1.5485806065228545
1271,mastdn.social,$10^{3}$ to $10^{4}$,"{'NSFW': 1, 'Incitement of Violence': 2, 'Hate Speech': 1, 'Harassment': 1, 'Doxxing/ Personal Info': 1, 'Illegal Content': 1, 'Advertising & Commercialization': 1}","{'Action': 0, 'Behavior': 2, 'Content': 5, 'Distribution': 1}",1.2987949406953985
1272,mastinsaan.in,$10^{2}$ to $10^{3}$,"{'Hate Speech': 3, 'Harassment': 1, 'Content Warnings': 1, 'Images': 2, 'NSFW': 1, 'Advertising & Commercialization': 1, 'Spam': 1}","{'Action': 0, 'Behavior': 1, 'Content': 7, 'Distribution': 2}",1.1567796494470395
1273,masto.98degrees.co.uk,$10^{1}$ to $10^{2}$ ,"{'Hate Speech': 1, 'Illegal Content': 2, 'Links & Outside Content': 1, 'Harassment': 1, 'Incitement of Violence': 1, 'NSFW': 1, 'Spam': 1}","{'Action': 0, 'Behavior': 1, 'Content': 6, 'Distribution': 1}",1.061278124459133
1274,masto.ai,$10^{5}$ to $10^{6}$ ,"{'Content Warnings': 1, 'Images': 1, 'Advertising & Commercialization': 1, 'Spam': 1, 'Hate Speech': 1, 'Incitement of Violence': 1, 'Harassment': 1, 'Doxxing/ Personal Info': 1, 'Illegal Content': 1, 'Mis/Disinformation/Conspiracy': 2, 'Copyright/ Piracy': 1}","{'Action': 0, 'Behavior': 2, 'Content': 7, 'Distribution': 3}",1.384431504340598
1275,masto.allerlei.it,$10^{1}$ to $10^{2}$ ,{'Automated tools': 1},"{'Action': 1, 'Behavior': 0, 'Content': 0, 'Distribution': 0}",-0.0
1276,masto.astrra.space,$10^{2}$ to $10^{3}$,"{'Hate Speech': 1, 'Harassment': 1}","{'Action': 0, 'Behavior': 1, 'Content': 1, 'Distribution': 0}",1.0
1277,masto.bg,$10^{3}$ to $10^{4}$,"{'NSFW': 1, 'Images': 1, 'Hate Speech': 1, 'Incitement of Violence': 1, 'Harassment': 1, 'Doxxing/ Personal Info': 1, 'Illegal Content': 1, 'Mis/Disinformation/Conspiracy': 1}","{'Action': 0, 'Behavior': 2, 'Content': 6, 'Distribution': 0}",0.8112781244591328
1278,masto.bhsnw.com,$10^{1}$ to $10^{2}$ ,"{'Hate Speech': 1, 'Content Warnings': 1, 'Images': 1, 'Incitement of Violence': 1, 'Harassment': 1, 'Dogpiling': 1, 'Doxxing/ Personal Info': 1}","{'Action': 0, 'Behavior': 3, 'Content': 4, 'Distribution': 0}",0.9852281360342515
1279,masto.bike,$10^{3}$ to $10^{4}$,"{'Hate Speech': 1, 'Content Warnings': 1, 'Not Applicable': 1, 'Spam': 2, 'Advertising & Commercialization': 1}","{'Action': 0, 'Behavior': 0, 'Content': 2, 'Distribution': 3}",0.9709505944546686
1280,masto.ctms.me,$10^{1}$ to $10^{2}$ ,"{'Images': 1, 'Advertising & Commercialization': 1, 'Spam': 1, 'Hate Speech': 1, 'Incitement of Violence': 1, 'Harassment': 1, 'Doxxing/ Personal Info': 1, 'Illegal Content': 1, 'Mis/Disinformation/Conspiracy': 1}","{'Action': 0, 'Behavior': 2, 'Content': 5, 'Distribution': 2}",1.4355205042826666
1281,masto.deoan.org,$10^{2}$ to $10^{3}$,"{'Illegal Content': 1, 'Hate Speech': 2, 'Advertising & Commercialization': 1, 'Links & Outside Content': 1, 'Harassment': 1, 'Impersonation': 1, 'Content Warnings': 1, 'Spam': 1, 'Automated tools': 1}","{'Action': 1, 'Behavior': 2, 'Content': 5, 'Distribution': 2}",1.7609640474436812
1282,masto.dopiaza.org,$10^{2}$ to $10^{3}$,"{'NSFW': 1, 'Content Warnings': 1, 'Spam': 1, 'Links & Outside Content': 1}","{'Action': 0, 'Behavior': 0, 'Content': 3, 'Distribution': 1}",0.8112781244591328
1283,masto.efdnet.com,$10^{1}$ to $10^{2}$ ,"{'Illegal Content': 1, 'Hate Speech': 2, 'Harassment': 2, 'Content Warnings': 1, 'Spam': 1}","{'Action': 0, 'Behavior': 2, 'Content': 4, 'Distribution': 1}",1.3787834934861753
1284,masto.empresasenegocios.com.br,$10^{2}$ to $10^{3}$,{'Off-topic/topic specific': 1},"{'Action': 0, 'Behavior': 0, 'Content': 1, 'Distribution': 0}",-0.0
1285,masto.es,$10^{5}$ to $10^{6}$ ,"{'Hate Speech': 1, 'Illegal Content': 1, 'Spam': 1, 'Reposting/Crossposting': 1, 'Content Warnings': 1, 'Harassment': 1, 'NSFW': 1, 'Images': 1, 'Mis/Disinformation/Conspiracy': 1}","{'Action': 0, 'Behavior': 1, 'Content': 6, 'Distribution': 2}",1.224394445405986
1286,masto.esophiamedias.fr,$10^{1}$ to $10^{2}$ ,"{'Hate Speech': 1, 'Harassment': 1, 'Illegal Content': 2, 'Doxxing/ Personal Info': 1, 'Advertising & Commercialization': 1, 'Spam': 1, 'Trolling': 1, 'Images': 1}","{'Action': 0, 'Behavior': 3, 'Content': 4, 'Distribution': 2}",1.5304930567574824
1287,masto.fediverse.be,$10^{1}$ to $10^{2}$ ,"{'Hate Speech': 1, 'Links & Outside Content': 1}","{'Action': 0, 'Behavior': 0, 'Content': 2, 'Distribution': 0}",-0.0
1288,masto.fuzzy.systems,$10^{1}$ to $10^{2}$ ,"{'Harassment': 1, 'NSFW': 1, 'Content Warnings': 1, 'Hate Speech': 1, 'Illegal Content': 1}","{'Action': 0, 'Behavior': 1, 'Content': 4, 'Distribution': 0}",0.7219280948873623
1289,masto.globaleas.org,$10^{3}$ to $10^{4}$,"{'Hate Speech': 1, 'Trolling': 1, 'Harassment': 1, 'NSFW': 1, 'Off-topic/topic specific': 1, 'Mis/Disinformation/Conspiracy': 1, 'Illegal Content': 2, 'Doxxing/ Personal Info': 1, 'Spam': 1}","{'Action': 0, 'Behavior': 3, 'Content': 6, 'Distribution': 1}",1.295461844238322
1290,masto.glorious-space.eu,$10^{1}$ to $10^{2}$ ,{'NSFW': 1},"{'Action': 0, 'Behavior': 0, 'Content': 1, 'Distribution': 0}",-0.0
1291,masto.ink,$10^{2}$ to $10^{3}$,"{'NSFW': 1, 'Images': 1, 'Advertising & Commercialization': 1, 'Spam': 1, 'Hate Speech': 1, 'Incitement of Violence': 1, 'Illegal Content': 1, 'Mis/Disinformation/Conspiracy': 1}","{'Action': 0, 'Behavior': 0, 'Content': 6, 'Distribution': 2}",0.8112781244591328
1292,masto.krashboyz.org,$10^{2}$ to $10^{3}$,"{'Illegal Content': 1, 'NSFW': 1, 'Images': 2, 'Advertising & Commercialization': 1, 'Spam': 1, 'Harassment': 3, 'Off-topic/topic specific': 1, 'Hate Speech': 3, 'Doxxing/ Personal Info': 2, 'Mis/Disinformation/Conspiracy': 1}","{'Action': 0, 'Behavior': 5, 'Content': 9, 'Distribution': 2}",1.3663146570363986
1293,masto.kreks.nl,$10^{1}$ to $10^{2}$ ,"{'Spam': 1, 'Hate Speech': 1, 'Incitement of Violence': 1, 'Harassment': 1, 'Dogpiling': 1, 'Doxxing/ Personal Info': 1, 'Illegal Content': 1, 'Content Warnings': 1, 'Images': 1}","{'Action': 0, 'Behavior': 3, 'Content': 5, 'Distribution': 1}",1.3516441151533922
1294,masto.measure.chat,$10^{2}$ to $10^{3}$,"{'Hate Speech': 1, 'Incitement of Violence': 1, 'Harassment': 1, 'Doxxing/ Personal Info': 1, 'Mis/Disinformation/Conspiracy': 1, 'Spam': 1, 'Links & Outside Content': 1}","{'Action': 0, 'Behavior': 2, 'Content': 4, 'Distribution': 1}",1.3787834934861753
1295,masto.mkm.scot,$10^{1}$ to $10^{2}$ ,"{'Hate Speech': 1, 'NSFW': 1, 'Content Warnings': 1, 'Images': 1, 'Harassment': 1, 'Incitement of Violence': 1, 'Mis/Disinformation/Conspiracy': 1, 'Advertising & Commercialization': 1, 'Spam': 1, 'Impersonation': 1}","{'Action': 0, 'Behavior': 2, 'Content': 6, 'Distribution': 2}",1.3709505944546687
1296,masto.nd2.uk,$10^{1}$ to $10^{2}$ ,{'Hate Speech': 1},"{'Action': 0, 'Behavior': 0, 'Content': 1, 'Distribution': 0}",-0.0
1297,masto.nerdy-technician.social,$10^{1}$ to $10^{2}$ ,"{'Hate Speech': 1, 'Harassment': 1, 'NSFW': 1, 'Off-topic/topic specific': 1, 'Advertising & Commercialization': 1, 'Spam': 1, 'Doxxing/ Personal Info': 1, 'Content Warnings': 2, 'Trolling': 1, 'Copyright/ Piracy': 1, 'Impersonation': 1}","{'Action': 0, 'Behavior': 4, 'Content': 5, 'Distribution': 3}",1.5545851693377994
1298,masto.nox-rhea.org,$10^{1}$ to $10^{2}$ ,"{'Illegal Content': 1, 'Hate Speech': 2, 'Mis/Disinformation/Conspiracy': 1}","{'Action': 0, 'Behavior': 0, 'Content': 4, 'Distribution': 0}",-0.0
1299,masto.nuteburn.com,$10^{1}$ to $10^{2}$ ,"{'Spam': 1, 'Hate Speech': 1}","{'Action': 0, 'Behavior': 0, 'Content': 1, 'Distribution': 1}",1.0
1300,masto.nyc,$10^{4}$ to $10^{5}$,"{'Harassment': 2, 'Content Warnings': 1, 'Images': 1, 'Hate Speech': 1, 'Incitement of Violence': 1, 'Doxxing/ Personal Info': 1, 'Illegal Content': 1, 'Mis/Disinformation/Conspiracy': 1, 'Spam': 1}","{'Action': 0, 'Behavior': 3, 'Content': 6, 'Distribution': 1}",1.295461844238322
1301,masto.onemanandhisblog.com,$10^{1}$ to $10^{2}$ ,{'Harassment': 2},"{'Action': 0, 'Behavior': 2, 'Content': 0, 'Distribution': 0}",-0.0
1302,masto.onurb.net,$10^{1}$ to $10^{2}$ ,"{'NSFW': 1, 'Images': 1, 'Hate Speech': 1, 'Incitement of Violence': 1, 'Harassment': 1, 'Dogpiling': 1, 'Doxxing/ Personal Info': 1, 'Mis/Disinformation/Conspiracy': 1}","{'Action': 0, 'Behavior': 3, 'Content': 5, 'Distribution': 0}",0.954434002924965
1303,masto.phoenixlair.net,$10^{1}$ to $10^{2}$ ,{'Hate Speech': 1},"{'Action': 0, 'Behavior': 0, 'Content': 1, 'Distribution': 0}",-0.0
1304,masto.pogmom.me,$10^{1}$ to $10^{2}$ ,{'Illegal Content': 1},"{'Action': 0, 'Behavior': 0, 'Content': 1, 'Distribution': 0}",-0.0
1305,masto.popgeeks.com,$10^{2}$ to $10^{3}$,"{'Hate Speech': 1, 'Harassment': 2, 'NSFW': 1, 'Images': 1, 'Impersonation': 1, 'Incitement of Violence': 1, 'Illegal Content': 1, 'Copyright/ Piracy': 1, 'Mis/Disinformation/Conspiracy': 2, 'Links & Outside Content': 1}","{'Action': 0, 'Behavior': 3, 'Content': 8, 'Distribution': 1}",1.188721875540867
1306,masto.pt,$10^{4}$ to $10^{5}$,"{'Hate Speech': 1, 'Incitement of Violence': 1, 'Harassment': 1, 'Dogpiling': 1, 'Doxxing/ Personal Info': 1, 'Illegal Content': 1, 'NSFW': 1, 'Content Warnings': 1, 'Mis/Disinformation/Conspiracy': 1}","{'Action': 0, 'Behavior': 3, 'Content': 6, 'Distribution': 0}",0.9182958340544896
1307,masto.queerscience.net,$10^{1}$ to $10^{2}$ ,"{'Illegal Content': 1, 'Copyright/ Piracy': 1, 'NSFW': 1, 'Content Warnings': 1, 'Reposting/Crossposting': 1, 'Links & Outside Content': 1, 'Hate Speech': 1}","{'Action': 0, 'Behavior': 0, 'Content': 5, 'Distribution': 2}",0.863120568566631
1308,masto.sadrarin.com,$10^{1}$ to $10^{2}$ ,"{'Hate Speech': 2, 'Harassment': 2, 'NSFW': 1, 'Illegal Content': 2, 'Copyright/ Piracy': 1, 'Doxxing/ Personal Info': 1}","{'Action': 0, 'Behavior': 3, 'Content': 5, 'Distribution': 1}",1.3516441151533922
1309,masto.saturnforge.com,$10^{1}$ to $10^{2}$ ,"{'NSFW': 1, 'Illegal Content': 2, 'Content Warnings': 1, 'Spam': 1, 'Hate Speech': 2, 'Harassment': 1, 'Mis/Disinformation/Conspiracy': 1}","{'Action': 0, 'Behavior': 1, 'Content': 7, 'Distribution': 1}",0.9864267287308424
1310,masto.terabyte-computing.com,$10^{1}$ to $10^{2}$ ,"{'Hate Speech': 1, 'Incitement of Violence': 1, 'Harassment': 1, 'Mis/Disinformation/Conspiracy': 1}","{'Action': 0, 'Behavior': 1, 'Content': 3, 'Distribution': 0}",0.8112781244591328
1311,masto.theoks.net,$10^{1}$ to $10^{2}$ ,{'Spam': 1},"{'Action': 0, 'Behavior': 0, 'Content': 0, 'Distribution': 1}",-0.0
1312,masto.trtmn.io,$10^{1}$ to $10^{2}$ ,"{'Incitement of Violence': 1, 'Hate Speech': 1, 'Spam': 1, 'Illegal Content': 1, 'Links & Outside Content': 1}","{'Action': 0, 'Behavior': 0, 'Content': 4, 'Distribution': 1}",0.7219280948873623
1313,masto.twib.me,$10^{1}$ to $10^{2}$ ,"{'Harassment': 2, 'Trolling': 1}","{'Action': 0, 'Behavior': 3, 'Content': 0, 'Distribution': 0}",-0.0
1314,masto.uno,$10^{2}$ to $10^{3}$,"{'Illegal Content': 1, 'Content Warnings': 1}","{'Action': 0, 'Behavior': 0, 'Content': 2, 'Distribution': 0}",-0.0
1315,masto.wardenburg.social,$10^{1}$ to $10^{2}$ ,"{'Incitement of Violence': 2, 'Harassment': 1, 'Hate Speech': 1, 'NSFW': 1, 'Copyright/ Piracy': 1, 'Doxxing/ Personal Info': 1, 'Advertising & Commercialization': 1, 'Spam': 1}","{'Action': 0, 'Behavior': 2, 'Content': 4, 'Distribution': 3}",1.5304930567574826
1316,masto.yttrx.com,$10^{3}$ to $10^{4}$,"{'Hate Speech': 2, 'Harassment': 1, 'Content Warnings': 2, 'Illegal Content': 1}","{'Action': 0, 'Behavior': 1, 'Content': 5, 'Distribution': 0}",0.6500224216483541
1317,mastoart.social,$10^{2}$ to $10^{3}$,"{'Hate Speech': 1, 'Mis/Disinformation/Conspiracy': 1, 'Dogpiling': 1, 'Harassment': 1, 'Not Applicable': 2, 'Automated tools': 1, 'Copyright/ Piracy': 1, 'Advertising & Commercialization': 1, 'NSFW': 2, 'Content Warnings': 2, 'Images': 2}","{'Action': 1, 'Behavior': 2, 'Content': 8, 'Distribution': 2}",1.5465935642949382
1318,mastobate.social,$10^{3}$ to $10^{4}$,"{'NSFW': 3, 'Content Warnings': 2, 'Images': 2, 'Advertising & Commercialization': 1, 'Spam': 1, 'Doxxing/ Personal Info': 1, 'Hate Speech': 1, 'Harassment': 1}","{'Action': 0, 'Behavior': 2, 'Content': 8, 'Distribution': 2}",1.2516291673878228
1319,mastod1.ddns.net,$10^{1}$ to $10^{2}$ ,"{'Illegal Content': 1, 'Advertising & Commercialization': 1, 'Spam': 1}","{'Action': 0, 'Behavior': 0, 'Content': 1, 'Distribution': 2}",0.9182958340544896
1320,mastodaix.de,$10^{1}$ to $10^{2}$ ,"{'Content Warnings': 1, 'Images': 1, 'Hate Speech': 1, 'Incitement of Violence': 1, 'Harassment': 1, 'Dogpiling': 1, 'Doxxing/ Personal Info': 1, 'Illegal Content': 1, 'Mis/Disinformation/Conspiracy': 1}","{'Action': 0, 'Behavior': 3, 'Content': 6, 'Distribution': 0}",0.9182958340544896
1321,mastodns.net,$10^{2}$ to $10^{3}$,"{'Hate Speech': 1, 'Harassment': 3, 'Illegal Content': 1, 'Dogpiling': 1, 'Doxxing/ Personal Info': 1, 'NSFW': 1, 'Content Warnings': 1}","{'Action': 0, 'Behavior': 5, 'Content': 4, 'Distribution': 0}",0.9910760598382222
1322,mastodo.neoliber.al,$10^{3}$ to $10^{4}$,"{'Harassment': 1, 'Dogpiling': 1, 'Doxxing/ Personal Info': 1, 'NSFW': 1, 'Content Warnings': 1, 'Incitement of Violence': 1, 'Hate Speech': 1, 'Illegal Content': 1, 'Copyright/ Piracy': 1, 'Trolling': 1, 'Mis/Disinformation/Conspiracy': 1, 'Spam': 1}","{'Action': 0, 'Behavior': 4, 'Content': 6, 'Distribution': 2}",1.4591479170272448
1323,mastodom.social,$10^{2}$ to $10^{3}$,"{'NSFW': 3, 'Illegal Content': 1, 'Copyright/ Piracy': 1, 'Images': 2, 'Content Warnings': 1, 'Hate Speech': 1, 'Advertising & Commercialization': 1, 'Spam': 1}","{'Action': 0, 'Behavior': 0, 'Content': 8, 'Distribution': 3}",0.8453509366224364
1324,mastodon-ero.xyz,$10^{2}$ to $10^{3}$,"{'Illegal Content': 1, 'Images': 1, 'Advertising & Commercialization': 1, 'Links & Outside Content': 1, 'Mis/Disinformation/Conspiracy': 1, 'NSFW': 1}","{'Action': 0, 'Behavior': 0, 'Content': 5, 'Distribution': 1}",0.6500224216483541
1325,mastodon-japan.net,$10^{5}$ to $10^{6}$ ,"{'NSFW': 1, 'Incitement of Violence': 2, 'Hate Speech': 1, 'Harassment': 1}","{'Action': 0, 'Behavior': 1, 'Content': 4, 'Distribution': 0}",0.7219280948873623
1326,mastodon-projekt.uni-muenster.de,$10^{2}$ to $10^{3}$,"{'Incitement of Violence': 1, 'Hate Speech': 1, 'Mis/Disinformation/Conspiracy': 2, 'Harassment': 2, 'Dogpiling': 1, 'Doxxing/ Personal Info': 1, 'Content Warnings': 1, 'Images': 1}","{'Action': 0, 'Behavior': 4, 'Content': 6, 'Distribution': 0}",0.9709505944546686
1327,mastodon-swiss.org,$10^{3}$ to $10^{4}$,"{'Hate Speech': 1, 'Incitement of Violence': 1, 'Harassment': 1, 'Mis/Disinformation/Conspiracy': 1, 'Illegal Content': 1, 'Content Warnings': 1, 'Images': 1}","{'Action': 0, 'Behavior': 1, 'Content': 6, 'Distribution': 0}",0.5916727785823275
1328,mastodon.100terres.com,$10^{1}$ to $10^{2}$ ,"{'Hate Speech': 1, 'Incitement of Violence': 1, 'Harassment': 1, 'Doxxing/ Personal Info': 1, 'Mis/Disinformation/Conspiracy': 1, 'Illegal Content': 1, 'Content Warnings': 1, 'Images': 1, 'Automated tools': 1}","{'Action': 1, 'Behavior': 2, 'Content': 6, 'Distribution': 0}",1.224394445405986
1329,mastodon.1984.cz,$10^{2}$ to $10^{3}$,{'Illegal Content': 1},"{'Action': 0, 'Behavior': 0, 'Content': 1, 'Distribution': 0}",-0.0
1330,mastodon.1in1.net,$10^{1}$ to $10^{2}$ ,"{'Hate Speech': 1, 'NSFW': 2, 'Images': 1, 'Harassment': 1, 'Spam': 1, 'Automated tools': 1}","{'Action': 1, 'Behavior': 1, 'Content': 4, 'Distribution': 1}",1.6644977792004614
1331,mastodon.481516.xyz,$10^{2}$ to $10^{3}$,"{'Advertising & Commercialization': 1, 'Spam': 1, 'Hate Speech': 1}","{'Action': 0, 'Behavior': 0, 'Content': 1, 'Distribution': 2}",0.9182958340544896
1332,mastodon.acc.sunet.se,$10^{3}$ to $10^{4}$,"{'Advertising & Commercialization': 1, 'Illegal Content': 2, 'Copyright/ Piracy': 1, 'Content Warnings': 1, 'Images': 1, 'Harassment': 1, 'Doxxing/ Personal Info': 1, 'Incitement of Violence': 1, 'Hate Speech': 1, 'Mis/Disinformation/Conspiracy': 1}","{'Action': 0, 'Behavior': 2, 'Content': 7, 'Distribution': 2}",1.3092966682370037
1333,mastodon.acm.org,$10^{4}$ to $10^{5}$,{'Hate Speech': 1},"{'Action': 0, 'Behavior': 0, 'Content': 1, 'Distribution': 0}",-0.0
1334,mastodon.adsaminu.com,$10^{1}$ to $10^{2}$ ,{'Hate Speech': 1},"{'Action': 0, 'Behavior': 0, 'Content': 1, 'Distribution': 0}",-0.0
1335,mastodon.africa,$10^{3}$ to $10^{4}$,"{'Spam': 1, 'Trolling': 1, 'Harassment': 1, 'Doxxing/ Personal Info': 1, 'NSFW': 1, 'Automated tools': 1}","{'Action': 1, 'Behavior': 3, 'Content': 1, 'Distribution': 1}",1.7924812503605778
1336,mastodon.ai8w.ddns.net,$10^{1}$ to $10^{2}$ ,"{'Incitement of Violence': 1, 'Hate Speech': 2}","{'Action': 0, 'Behavior': 0, 'Content': 3, 'Distribution': 0}",-0.0
1337,mastodon.airi.tv,$10^{1}$ to $10^{2}$ ,"{'NSFW': 1, 'Illegal Content': 1, 'Hate Speech': 2, 'Off-topic/topic specific': 1, 'Copyright/ Piracy': 1, 'Images': 1}","{'Action': 0, 'Behavior': 0, 'Content': 6, 'Distribution': 1}",0.5916727785823275
1338,mastodon.akhepcat.com,$10^{2}$ to $10^{3}$,"{'Hate Speech': 1, 'Harassment': 2, 'NSFW': 3, 'Images': 1, 'Content Warnings': 1, 'Copyright/ Piracy': 1, 'Automated tools': 1, 'Doxxing/ Personal Info': 1}","{'Action': 1, 'Behavior': 3, 'Content': 6, 'Distribution': 1}",1.6171895725927152
1339,mastodon.alexnackenoff.com,$10^{1}$ to $10^{2}$ ,{'Hate Speech': 1},"{'Action': 0, 'Behavior': 0, 'Content': 1, 'Distribution': 0}",-0.0
1340,mastodon.altearn.xyz,$10^{1}$ to $10^{2}$ ,"{'Illegal Content': 1, 'Harassment': 1}","{'Action': 0, 'Behavior': 1, 'Content': 1, 'Distribution': 0}",1.0
1341,mastodon.altf4.fun,$10^{1}$ to $10^{2}$ ,"{'Not Applicable': 1, 'Off-topic/topic specific': 1}","{'Action': 0, 'Behavior': 0, 'Content': 1, 'Distribution': 0}",-0.0
1342,mastodon.ameth.org,$10^{2}$ to $10^{3}$,"{'Illegal Content': 1, 'Hate Speech': 2}","{'Action': 0, 'Behavior': 0, 'Content': 3, 'Distribution': 0}",-0.0
1343,mastodon.ap-msk.com,$10^{2}$ to $10^{3}$,"{'NSFW': 1, 'Content Warnings': 1, 'Images': 1, 'Hate Speech': 1, 'Incitement of Violence': 1, 'Mis/Disinformation/Conspiracy': 1}","{'Action': 0, 'Behavior': 0, 'Content': 6, 'Distribution': 0}",-0.0
1344,mastodon.arnos-vale.net,$10^{1}$ to $10^{2}$ ,"{'Content Warnings': 1, 'NSFW': 1, 'Illegal Content': 1, 'Advertising & Commercialization': 1, 'Spam': 1, 'Hate Speech': 2, 'Harassment': 4, 'Impersonation': 1, 'Doxxing/ Personal Info': 1, 'Automated tools': 1}","{'Action': 1, 'Behavior': 6, 'Content': 5, 'Distribution': 2}",1.7273966735744795
1345,mastodon.art,$10^{5}$ to $10^{6}$ ,"{'Copyright/ Piracy': 1, 'Content Warnings': 1, 'Images': 1, 'Harassment': 2, 'Trolling': 1, 'Advertising & Commercialization': 1, 'Spam': 2, 'Automated tools': 1, 'Hate Speech': 2, 'Illegal Content': 1, 'Incitement of Violence': 1}","{'Action': 1, 'Behavior': 3, 'Content': 6, 'Distribution': 4}",1.7884504573082896
1346,mastodon.attiplayz.dev,$10^{1}$ to $10^{2}$ ,"{'NSFW': 1, 'Content Warnings': 2, 'Incitement of Violence': 1, 'Copyright/ Piracy': 1}","{'Action': 0, 'Behavior': 0, 'Content': 4, 'Distribution': 1}",0.7219280948873623
1347,mastodon.au,$10^{5}$ to $10^{6}$ ,"{'Incitement of Violence': 1, 'Illegal Content': 2, 'Hate Speech': 2, 'Harassment': 2, 'Mis/Disinformation/Conspiracy': 1, 'NSFW': 1, 'Content Warnings': 1, 'Advertising & Commercialization': 1, 'Impersonation': 1, 'Spam': 1}","{'Action': 0, 'Behavior': 3, 'Content': 8, 'Distribution': 2}",1.3346791410515946
1348,mastodon.aventer.biz,$10^{1}$ to $10^{2}$ ,"{'Illegal Content': 1, 'Spam': 1, 'Copyright/ Piracy': 1}","{'Action': 0, 'Behavior': 0, 'Content': 1, 'Distribution': 2}",0.9182958340544896
1349,mastodon.b2b-marketing.pl,$10^{1}$ to $10^{2}$ ,"{'Off-topic/topic specific': 1, 'Copyright/ Piracy': 1, 'Advertising & Commercialization': 1, 'Spam': 1}","{'Action': 0, 'Behavior': 0, 'Content': 1, 'Distribution': 3}",0.8112781244591328
1350,mastodon.babb.be,$10^{3}$ to $10^{4}$,"{'NSFW': 1, 'Content Warnings': 1, 'Incitement of Violence': 1, 'Hate Speech': 5, 'Advertising & Commercialization': 1, 'Spam': 1}","{'Action': 0, 'Behavior': 0, 'Content': 8, 'Distribution': 2}",0.7219280948873623
1351,mastodon.babb.no,$10^{3}$ to $10^{4}$,"{'NSFW': 1, 'Content Warnings': 1, 'Incitement of Violence': 1, 'Hate Speech': 5, 'Advertising & Commercialization': 1, 'Spam': 1}","{'Action': 0, 'Behavior': 0, 'Content': 8, 'Distribution': 2}",0.7219280948873623
1352,mastodon.bachgau.social,$10^{3}$ to $10^{4}$,"{'Harassment': 4, 'Dogpiling': 1, 'Doxxing/ Personal Info': 2, 'Illegal Content': 3, 'Hate Speech': 4, 'NSFW': 2, 'Advertising & Commercialization': 2, 'Spam': 2, 'Mis/Disinformation/Conspiracy': 2}","{'Action': 0, 'Behavior': 7, 'Content': 11, 'Distribution': 4}",1.47283015230032
1353,mastodon.baie.me,$10^{1}$ to $10^{2}$ ,{'Illegal Content': 1},"{'Action': 0, 'Behavior': 0, 'Content': 1, 'Distribution': 0}",-0.0
1354,mastodon.bandshell.rocks,$10^{1}$ to $10^{2}$ ,"{'Hate Speech': 1, 'Harassment': 1, 'Mis/Disinformation/Conspiracy': 1}","{'Action': 0, 'Behavior': 1, 'Content': 2, 'Distribution': 0}",0.9182958340544896
1355,mastodon.bar,$10^{3}$ to $10^{4}$,"{'Hate Speech': 3, 'Mis/Disinformation/Conspiracy': 1, 'Illegal Content': 1, 'Incitement of Violence': 1, 'Not Applicable': 3, 'Automated tools': 1, 'Reposting/Crossposting': 1, 'Impersonation': 1, 'Spam': 3, 'Advertising & Commercialization': 1, 'Harassment': 2, 'Dogpiling': 1, 'Links & Outside Content': 1, 'Content Warnings': 1}","{'Action': 1, 'Behavior': 4, 'Content': 8, 'Distribution': 5}",1.747167197306934
1356,mastodon.benpettis.ninja,$10^{1}$ to $10^{2}$ ,"{'Hate Speech': 2, 'Incitement of Violence': 2, 'Content Warnings': 1, 'Images': 1, 'Illegal Content': 1}","{'Action': 0, 'Behavior': 0, 'Content': 7, 'Distribution': 0}",-0.0
1357,mastodon.bentasker.co.uk,$10^{1}$ to $10^{2}$ ,"{'Hate Speech': 1, 'Harassment': 1, 'Dogpiling': 1, 'Doxxing/ Personal Info': 1, 'Mis/Disinformation/Conspiracy': 1}","{'Action': 0, 'Behavior': 3, 'Content': 2, 'Distribution': 0}",0.9709505944546686
1358,mastodon.bentobin.com,$10^{1}$ to $10^{2}$ ,"{'Harassment': 1, 'Trolling': 1, 'Illegal Content': 1, 'NSFW': 1, 'Spam': 1, 'Hate Speech': 2, 'Mis/Disinformation/Conspiracy': 1}","{'Action': 0, 'Behavior': 2, 'Content': 5, 'Distribution': 1}",1.2987949406953985
1359,mastodon.berlin,$10^{4}$ to $10^{5}$,"{'Illegal Content': 2, 'Not Applicable': 2, 'Harassment': 1, 'Doxxing/ Personal Info': 1, 'Hate Speech': 2, 'Impersonation': 1, 'Mis/Disinformation/Conspiracy': 2, 'Advertising & Commercialization': 4, 'Spam': 4}","{'Action': 0, 'Behavior': 3, 'Content': 6, 'Distribution': 8}",1.4836591643979626
1360,mastodon.bhop.zone,$10^{1}$ to $10^{2}$ ,"{'Hate Speech': 1, 'Images': 1, 'Incitement of Violence': 1, 'Harassment': 1, 'Doxxing/ Personal Info': 1, 'Mis/Disinformation/Conspiracy': 1}","{'Action': 0, 'Behavior': 2, 'Content': 4, 'Distribution': 0}",0.9182958340544896
1361,mastodon.bit.nl,$10^{2}$ to $10^{3}$,"{'Hate Speech': 1, 'Spam': 1, 'Off-topic/topic specific': 1, 'Doxxing/ Personal Info': 1, 'Illegal Content': 1}","{'Action': 0, 'Behavior': 1, 'Content': 3, 'Distribution': 1}",1.3709505944546687
1362,mastodon.blackblock.rocks,$10^{2}$ to $10^{3}$,"{'Harassment': 2, 'Trolling': 1, 'Hate Speech': 2, 'NSFW': 1, 'Content Warnings': 1, 'Advertising & Commercialization': 1, 'Spam': 1, 'Incitement of Violence': 1, 'Illegal Content': 1}","{'Action': 0, 'Behavior': 3, 'Content': 6, 'Distribution': 2}",1.4353713907745331
1363,mastodon.blaede.family,$10^{1}$ to $10^{2}$ ,"{'Illegal Content': 1, 'NSFW': 1, 'Content Warnings': 1, 'Images': 1, 'Hate Speech': 1, 'Trolling': 1, 'Harassment': 1, 'Dogpiling': 1}","{'Action': 0, 'Behavior': 3, 'Content': 5, 'Distribution': 0}",0.954434002924965
1364,mastodon.bofhers.es,$10^{2}$ to $10^{3}$,"{'Incitement of Violence': 1, 'Hate Speech': 1, 'Mis/Disinformation/Conspiracy': 1, 'Reposting/Crossposting': 1, 'Links & Outside Content': 1}","{'Action': 0, 'Behavior': 0, 'Content': 4, 'Distribution': 1}",0.7219280948873623
1365,mastodon.boiler.social,$10^{2}$ to $10^{3}$,"{'Hate Speech': 1, 'Harassment': 1}","{'Action': 0, 'Behavior': 1, 'Content': 1, 'Distribution': 0}",1.0
1366,mastodon.bot,$10^{3}$ to $10^{4}$,"{'Hate Speech': 1, 'Mis/Disinformation/Conspiracy': 1, 'Advertising & Commercialization': 1, 'Spam': 1, 'Harassment': 2, 'Doxxing/ Personal Info': 1, 'Trolling': 1, 'Impersonation': 1, 'NSFW': 1, 'Images': 1}","{'Action': 0, 'Behavior': 5, 'Content': 4, 'Distribution': 2}",1.4949188482339508
1367,mastodon.boyfails.me,$10^{1}$ to $10^{2}$ ,"{'NSFW': 1, 'Copyright/ Piracy': 1, 'Doxxing/ Personal Info': 1}","{'Action': 0, 'Behavior': 1, 'Content': 1, 'Distribution': 1}",1.584962500721156
1368,mastodon.boyos.org,$10^{1}$ to $10^{2}$ ,"{'Spam': 1, 'Illegal Content': 1, 'Not Applicable': 1}","{'Action': 0, 'Behavior': 0, 'Content': 1, 'Distribution': 1}",1.0
1369,mastodon.breiteberg.de,$10^{1}$ to $10^{2}$ ,"{'NSFW': 1, 'Illegal Content': 1, 'Hate Speech': 1}","{'Action': 0, 'Behavior': 0, 'Content': 3, 'Distribution': 0}",-0.0
1370,mastodon.bsd.cafe,$10^{3}$ to $10^{4}$,"{'Hate Speech': 2, 'Harassment': 2, 'Doxxing/ Personal Info': 1, 'Copyright/ Piracy': 1, 'Trolling': 2, 'Illegal Content': 1, 'Incitement of Violence': 1}","{'Action': 0, 'Behavior': 5, 'Content': 4, 'Distribution': 1}",1.3609640474436813
1371,mastodon.buzhangjiuzhou.com,$10^{2}$ to $10^{3}$,"{'Incitement of Violence': 1, 'Hate Speech': 1, 'Harassment': 1, 'Illegal Content': 1, 'Off-topic/topic specific': 1}","{'Action': 0, 'Behavior': 1, 'Content': 4, 'Distribution': 0}",0.7219280948873623
1372,mastodon.byte23.net,$10^{1}$ to $10^{2}$ ,"{'Content Warnings': 1, 'Images': 1, 'Hate Speech': 1, 'Incitement of Violence': 1, 'Harassment': 1, 'Doxxing/ Personal Info': 1, 'Illegal Content': 1, 'Mis/Disinformation/Conspiracy': 1}","{'Action': 0, 'Behavior': 2, 'Content': 6, 'Distribution': 0}",0.8112781244591328
1373,mastodon.catgirl.cloud,$10^{2}$ to $10^{3}$,"{'Advertising & Commercialization': 1, 'Spam': 1, 'Illegal Content': 1, 'Hate Speech': 1}","{'Action': 0, 'Behavior': 0, 'Content': 2, 'Distribution': 2}",1.0
1374,mastodon.catwuschel.com,$10^{2}$ to $10^{3}$,"{'Mis/Disinformation/Conspiracy': 1, 'Dogpiling': 1, 'Harassment': 2, 'Incitement of Violence': 1, 'Doxxing/ Personal Info': 1, 'Hate Speech': 1, 'NSFW': 1, 'Images': 1}","{'Action': 0, 'Behavior': 4, 'Content': 5, 'Distribution': 0}",0.9910760598382222
1375,mastodon.caylee.de,$10^{1}$ to $10^{2}$ ,{'Harassment': 1},"{'Action': 0, 'Behavior': 1, 'Content': 0, 'Distribution': 0}",-0.0
1376,mastodon.cc,$10^{4}$ to $10^{5}$,"{'Content Warnings': 1, 'Images': 1, 'Hate Speech': 1, 'Incitement of Violence': 1, 'Harassment': 1, 'Doxxing/ Personal Info': 1, 'Mis/Disinformation/Conspiracy': 1}","{'Action': 0, 'Behavior': 2, 'Content': 5, 'Distribution': 0}",0.863120568566631
1377,mastodon.chasalin.nl,$10^{2}$ to $10^{3}$,"{'Not Applicable': 1, 'Hate Speech': 1, 'Impersonation': 1, 'Illegal Content': 1, 'Links & Outside Content': 1}","{'Action': 0, 'Behavior': 1, 'Content': 3, 'Distribution': 0}",0.8112781244591328
1378,mastodon.chotto.moe,$10^{3}$ to $10^{4}$,"{'Hate Speech': 1, 'Harassment': 1}","{'Action': 0, 'Behavior': 1, 'Content': 1, 'Distribution': 0}",1.0
1379,mastodon.chrisduffley.com,$10^{2}$ to $10^{3}$,{'Harassment': 1},"{'Action': 0, 'Behavior': 1, 'Content': 0, 'Distribution': 0}",-0.0
1380,mastodon.chrispelli.fun,$10^{1}$ to $10^{2}$ ,"{'Incitement of Violence': 2, 'Harassment': 1, 'Hate Speech': 1, 'NSFW': 1, 'Copyright/ Piracy': 1, 'Doxxing/ Personal Info': 1, 'Advertising & Commercialization': 1, 'Spam': 1}","{'Action': 0, 'Behavior': 2, 'Content': 4, 'Distribution': 3}",1.5304930567574826
1381,mastodon.chuggybumba.com,$10^{1}$ to $10^{2}$ ,"{'Illegal Content': 1, 'Incitement of Violence': 1, 'Hate Speech': 2, 'Harassment': 1, 'NSFW': 1, 'Content Warnings': 1, 'Images': 1, 'Advertising & Commercialization': 1, 'Spam': 1, 'Mis/Disinformation/Conspiracy': 1}","{'Action': 0, 'Behavior': 1, 'Content': 8, 'Distribution': 2}",1.0957952550009336
1382,mastodon.cipherbliss.com,$10^{4}$ to $10^{5}$,"{'Mis/Disinformation/Conspiracy': 1, 'NSFW': 1, 'Content Warnings': 1}","{'Action': 0, 'Behavior': 0, 'Content': 3, 'Distribution': 0}",-0.0
1383,mastodon.circle.lt,$10^{1}$ to $10^{2}$ ,"{'Illegal Content': 1, 'Hate Speech': 2, 'Harassment': 1, 'Trolling': 1, 'Doxxing/ Personal Info': 1, 'NSFW': 1, 'Content Warnings': 1}","{'Action': 0, 'Behavior': 3, 'Content': 5, 'Distribution': 0}",0.954434002924965
1384,mastodon.cisti.org,$10^{3}$ to $10^{4}$,"{'Advertising & Commercialization': 1, 'Spam': 1, 'Hate Speech': 1}","{'Action': 0, 'Behavior': 0, 'Content': 1, 'Distribution': 2}",0.9182958340544896
1385,mastodon.cl,$10^{2}$ to $10^{3}$,"{'NSFW': 1, 'Illegal Content': 2, 'Hate Speech': 1, 'Incitement of Violence': 1, 'Harassment': 1, 'Dogpiling': 1, 'Doxxing/ Personal Info': 1, 'Mis/Disinformation/Conspiracy': 1, 'Spam': 1}","{'Action': 0, 'Behavior': 3, 'Content': 6, 'Distribution': 1}",1.295461844238322
1386,mastodon.clinicians-exchange.org,$10^{2}$ to $10^{3}$,"{'Advertising & Commercialization': 1, 'Spam': 1, 'Off-topic/topic specific': 1, 'Content Warnings': 1, 'Not Applicable': 1, 'Mis/Disinformation/Conspiracy': 1}","{'Action': 0, 'Behavior': 0, 'Content': 3, 'Distribution': 2}",0.9709505944546686
1387,mastodon.cloudsecurityofficehours.com,$10^{2}$ to $10^{3}$,"{'Not Applicable': 1, 'Off-topic/topic specific': 1}","{'Action': 0, 'Behavior': 0, 'Content': 1, 'Distribution': 0}",-0.0
1388,mastodon.clusterfucks.nl,$10^{1}$ to $10^{2}$ ,"{'Advertising & Commercialization': 1, 'Spam': 1}","{'Action': 0, 'Behavior': 0, 'Content': 0, 'Distribution': 2}",-0.0
1389,mastodon.cocamserverguild.com,$10^{1}$ to $10^{2}$ ,{'Links & Outside Content': 1},"{'Action': 0, 'Behavior': 0, 'Content': 1, 'Distribution': 0}",-0.0
1390,mastodon.coffee,$10^{4}$ to $10^{5}$,"{'Content Warnings': 1, 'Images': 1, 'Advertising & Commercialization': 1, 'Spam': 1, 'Hate Speech': 1, 'Incitement of Violence': 1, 'Harassment': 1, 'Doxxing/ Personal Info': 1, 'Illegal Content': 1, 'Copyright/ Piracy': 1, 'Mis/Disinformation/Conspiracy': 1}","{'Action': 0, 'Behavior': 2, 'Content': 6, 'Distribution': 3}",1.4353713907745331
1391,mastodon.cogindo.net,$10^{1}$ to $10^{2}$ ,"{'Content Warnings': 1, 'Images': 1, 'Hate Speech': 1, 'Harassment': 1, 'Doxxing/ Personal Info': 1, 'Incitement of Violence': 1, 'Mis/Disinformation/Conspiracy': 1}","{'Action': 0, 'Behavior': 2, 'Content': 5, 'Distribution': 0}",0.863120568566631
1392,mastodon.colincogle.name,$10^{1}$ to $10^{2}$ ,"{'Content Warnings': 1, 'Images': 1, 'Hate Speech': 1, 'Harassment': 1, 'Doxxing/ Personal Info': 1, 'Mis/Disinformation/Conspiracy': 1, 'Spam': 1}","{'Action': 0, 'Behavior': 2, 'Content': 4, 'Distribution': 1}",1.3787834934861753
1393,mastodon.collectifdhun.ovh,$10^{1}$ to $10^{2}$ ,"{'Hate Speech': 1, 'Illegal Content': 1}","{'Action': 0, 'Behavior': 0, 'Content': 2, 'Distribution': 0}",-0.0
1394,mastodon.com.br,$10^{4}$ to $10^{5}$,"{'Harassment': 3, 'Trolling': 1, 'Off-topic/topic specific': 1, 'Hate Speech': 2, 'Incitement of Violence': 2, 'Illegal Content': 1, 'Images': 1, 'Mis/Disinformation/Conspiracy': 2, 'NSFW': 2, 'Content Warnings': 1, 'Doxxing/ Personal Info': 1, 'Reposting/Crossposting': 1, 'Spam': 1, 'Impersonation': 1}","{'Action': 0, 'Behavior': 6, 'Content': 12, 'Distribution': 2}",1.295461844238322
1395,mastodon.com.pl,$10^{3}$ to $10^{4}$,"{'Incitement of Violence': 2, 'Hate Speech': 4, 'Harassment': 2, 'Illegal Content': 2, 'Links & Outside Content': 1, 'NSFW': 1, 'Content Warnings': 1, 'Advertising & Commercialization': 1, 'Spam': 1, 'Off-topic/topic specific': 1, 'Doxxing/ Personal Info': 1}","{'Action': 0, 'Behavior': 3, 'Content': 12, 'Distribution': 2}",1.1595547523787308
1396,mastodon.com.py,$10^{4}$ to $10^{5}$,"{'Hate Speech': 2, 'NSFW': 1, 'Content Warnings': 1, 'Illegal Content': 1}","{'Action': 0, 'Behavior': 0, 'Content': 5, 'Distribution': 0}",-0.0
1397,mastodon.com.tr,$10^{5}$ to $10^{6}$ ,"{'Content Warnings': 1, 'Images': 2, 'Hate Speech': 1, 'Incitement of Violence': 1, 'Harassment': 1, 'Doxxing/ Personal Info': 1, 'Illegal Content': 1, 'Advertising & Commercialization': 1, 'Spam': 1}","{'Action': 0, 'Behavior': 2, 'Content': 6, 'Distribution': 2}",1.3709505944546687
1398,mastodon.computingcache.com,$10^{1}$ to $10^{2}$ ,"{'Harassment': 1, 'Illegal Content': 1}","{'Action': 0, 'Behavior': 1, 'Content': 1, 'Distribution': 0}",1.0
1399,mastodon.conquestuniverse.com,$10^{2}$ to $10^{3}$,"{'Hate Speech': 1, 'Incitement of Violence': 1, 'Harassment': 1, 'Doxxing/ Personal Info': 1, 'Mis/Disinformation/Conspiracy': 1, 'NSFW': 1, 'Content Warnings': 1}","{'Action': 0, 'Behavior': 2, 'Content': 5, 'Distribution': 0}",0.863120568566631
1400,mastodon.constant.social,$10^{1}$ to $10^{2}$ ,"{'Content Warnings': 1, 'Images': 1, 'Hate Speech': 1, 'Incitement of Violence': 1, 'Harassment': 1, 'Doxxing/ Personal Info': 1, 'Illegal Content': 1, 'Mis/Disinformation/Conspiracy': 1}","{'Action': 0, 'Behavior': 2, 'Content': 6, 'Distribution': 0}",0.8112781244591328
1401,mastodon.content.town,$10^{3}$ to $10^{4}$,"{'Content Warnings': 1, 'Images': 1}","{'Action': 0, 'Behavior': 0, 'Content': 2, 'Distribution': 0}",-0.0
1402,mastodon.cooleysekula.net,$10^{1}$ to $10^{2}$ ,"{'Hate Speech': 1, 'Incitement of Violence': 1, 'Mis/Disinformation/Conspiracy': 1, 'Harassment': 1, 'Dogpiling': 1, 'Doxxing/ Personal Info': 1, 'Illegal Content': 1, 'Copyright/ Piracy': 1, 'NSFW': 1, 'Content Warnings': 1, 'Images': 1, 'Advertising & Commercialization': 1, 'Spam': 1, 'Impersonation': 1}","{'Action': 0, 'Behavior': 4, 'Content': 7, 'Distribution': 3}",1.4926140680171256
1403,mastodon.cosmicnation.co,$10^{1}$ to $10^{2}$ ,"{'Content Warnings': 1, 'Images': 1, 'Advertising & Commercialization': 1, 'Spam': 1, 'Hate Speech': 1, 'Incitement of Violence': 1, 'Harassment': 1, 'Doxxing/ Personal Info': 1, 'Illegal Content': 1}","{'Action': 0, 'Behavior': 2, 'Content': 5, 'Distribution': 2}",1.4355205042826666
1404,mastodon.cr,$10^{3}$ to $10^{4}$,"{'Hate Speech': 1, 'Content Warnings': 1, 'Doxxing/ Personal Info': 1, 'Advertising & Commercialization': 1, 'Spam': 1, 'Mis/Disinformation/Conspiracy': 1, 'Illegal Content': 1, 'Impersonation': 1}","{'Action': 0, 'Behavior': 2, 'Content': 4, 'Distribution': 2}",1.5
1405,mastodon.craftingcomrades.net,$10^{1}$ to $10^{2}$ ,"{'Hate Speech': 1, 'NSFW': 1, 'Content Warnings': 1, 'Images': 1, 'Harassment': 1, 'Incitement of Violence': 1, 'Mis/Disinformation/Conspiracy': 1, 'Advertising & Commercialization': 1, 'Spam': 1, 'Impersonation': 1}","{'Action': 0, 'Behavior': 2, 'Content': 6, 'Distribution': 2}",1.3709505944546687
1406,mastodon.creation.md,$10^{2}$ to $10^{3}$,{'Impersonation': 1},"{'Action': 0, 'Behavior': 1, 'Content': 0, 'Distribution': 0}",-0.0
1407,mastodon.cross-solution.de,$10^{1}$ to $10^{2}$ ,"{'Illegal Content': 1, 'NSFW': 1, 'Doxxing/ Personal Info': 1, 'Spam': 1, 'Hate Speech': 1, 'Harassment': 1}","{'Action': 0, 'Behavior': 2, 'Content': 3, 'Distribution': 1}",1.4591479170272448
1408,mastodon.cryobyte.net,$10^{1}$ to $10^{2}$ ,{'Harassment': 1},"{'Action': 0, 'Behavior': 1, 'Content': 0, 'Distribution': 0}",-0.0
1409,mastodon.cthos.dev,$10^{1}$ to $10^{2}$ ,{'Hate Speech': 1},"{'Action': 0, 'Behavior': 0, 'Content': 1, 'Distribution': 0}",-0.0
1410,mastodon.cubsex.lol,$10^{2}$ to $10^{3}$,"{'NSFW': 1, 'Illegal Content': 1}","{'Action': 0, 'Behavior': 0, 'Content': 2, 'Distribution': 0}",-0.0
1411,mastodon.cultuurpers.nl,$10^{1}$ to $10^{2}$ ,"{'Mis/Disinformation/Conspiracy': 4, 'Hate Speech': 2, 'Copyright/ Piracy': 1, 'Trolling': 1}","{'Action': 0, 'Behavior': 1, 'Content': 6, 'Distribution': 1}",1.061278124459133
1412,mastodon.cyborgcentral.net,$10^{1}$ to $10^{2}$ ,"{'Harassment': 3, 'Doxxing/ Personal Info': 1, 'Spam': 2, 'Illegal Content': 1, 'Copyright/ Piracy': 1, 'Impersonation': 1}","{'Action': 0, 'Behavior': 5, 'Content': 1, 'Distribution': 3}",1.3516441151533924
1413,mastodon.darkou.fr,$10^{1}$ to $10^{2}$ ,"{'Illegal Content': 1, 'NSFW': 1, 'Images': 2, 'Advertising & Commercialization': 1, 'Spam': 1, 'Harassment': 3, 'Off-topic/topic specific': 1, 'Hate Speech': 3, 'Doxxing/ Personal Info': 2, 'Mis/Disinformation/Conspiracy': 1}","{'Action': 0, 'Behavior': 5, 'Content': 9, 'Distribution': 2}",1.3663146570363986
1414,mastodon.darksheep.social,$10^{2}$ to $10^{3}$,"{'Illegal Content': 1, 'Incitement of Violence': 1, 'Hate Speech': 1, 'Harassment': 1, 'Dogpiling': 1, 'Doxxing/ Personal Info': 1, 'NSFW': 1, 'Content Warnings': 1, 'Images': 1, 'Impersonation': 1, 'Mis/Disinformation/Conspiracy': 1, 'Advertising & Commercialization': 1, 'Not Applicable': 1, 'Spam': 1, 'Links & Outside Content': 1}","{'Action': 0, 'Behavior': 4, 'Content': 8, 'Distribution': 2}",1.3787834934861753
1415,mastodon.dataden.gay,$10^{1}$ to $10^{2}$ ,"{'Hate Speech': 1, 'Doxxing/ Personal Info': 1, 'Content Warnings': 1}","{'Action': 0, 'Behavior': 1, 'Content': 2, 'Distribution': 0}",0.9182958340544896
1416,mastodon.dduel.dev,$10^{1}$ to $10^{2}$ ,{'NSFW': 1},"{'Action': 0, 'Behavior': 0, 'Content': 1, 'Distribution': 0}",-0.0
1417,mastodon.de,$10^{3}$ to $10^{4}$,"{'Content Warnings': 1, 'Images': 1, 'Hate Speech': 2, 'Incitement of Violence': 1, 'Harassment': 2, 'Doxxing/ Personal Info': 1, 'Mis/Disinformation/Conspiracy': 1}","{'Action': 0, 'Behavior': 3, 'Content': 6, 'Distribution': 0}",0.9182958340544896
1418,mastodon.decentralised.chat,$10^{1}$ to $10^{2}$ ,{'Illegal Content': 1},"{'Action': 0, 'Behavior': 0, 'Content': 1, 'Distribution': 0}",-0.0
1419,mastodon.demortes.com,$10^{1}$ to $10^{2}$ ,"{'Trolling': 1, 'Off-topic/topic specific': 1}","{'Action': 0, 'Behavior': 1, 'Content': 1, 'Distribution': 0}",1.0
1420,mastodon.derpstra.nl,$10^{1}$ to $10^{2}$ ,"{'NSFW': 1, 'Images': 2, 'Illegal Content': 1, 'Hate Speech': 1, 'Content Warnings': 1, 'Incitement of Violence': 1, 'Mis/Disinformation/Conspiracy': 1, 'Advertising & Commercialization': 1, 'Spam': 1}","{'Action': 0, 'Behavior': 0, 'Content': 8, 'Distribution': 2}",0.7219280948873623
1421,mastodon.desord.re,$10^{1}$ to $10^{2}$ ,"{'Illegal Content': 1, 'NSFW': 2, 'Images': 2, 'Advertising & Commercialization': 1, 'Spam': 1, 'Harassment': 3, 'Hate Speech': 4, 'Doxxing/ Personal Info': 2, 'Mis/Disinformation/Conspiracy': 1}","{'Action': 0, 'Behavior': 5, 'Content': 10, 'Distribution': 2}",1.3328204045850196
1422,mastodon.despise.computer,$10^{1}$ to $10^{2}$ ,"{'Harassment': 2, 'Illegal Content': 1, 'Automated tools': 1}","{'Action': 1, 'Behavior': 2, 'Content': 1, 'Distribution': 0}",1.5
1423,mastodon.digi.rodeo,$10^{1}$ to $10^{2}$ ,{'Illegal Content': 1},"{'Action': 0, 'Behavior': 0, 'Content': 1, 'Distribution': 0}",-0.0
1424,mastodon.digital-science.com,$10^{1}$ to $10^{2}$ ,"{'Hate Speech': 2, 'Mis/Disinformation/Conspiracy': 2, 'NSFW': 2, 'Illegal Content': 5, 'Harassment': 2, 'Images': 1, 'Doxxing/ Personal Info': 1, 'Impersonation': 2, 'Automated tools': 1, 'Spam': 1, 'Copyright/ Piracy': 1}","{'Action': 1, 'Behavior': 5, 'Content': 12, 'Distribution': 2}",1.4904685707328282
1425,mastodon.discourse-research.net,$10^{2}$ to $10^{3}$,"{'Illegal Content': 1, 'Harassment': 1, 'Doxxing/ Personal Info': 1, 'Incitement of Violence': 1, 'Content Warnings': 1, 'Images': 1, 'Spam': 1, 'Hate Speech': 1}","{'Action': 0, 'Behavior': 2, 'Content': 5, 'Distribution': 1}",1.2987949406953985
1426,mastodon.dkl.jp,$10^{1}$ to $10^{2}$ ,{'Illegal Content': 1},"{'Action': 0, 'Behavior': 0, 'Content': 1, 'Distribution': 0}",-0.0
1427,mastodon.draeh.org,$10^{1}$ to $10^{2}$ ,"{'Illegal Content': 1, 'Hate Speech': 1, 'Incitement of Violence': 1, 'Harassment': 1, 'Trolling': 1, 'NSFW': 1, 'Content Warnings': 1, 'Images': 1, 'Advertising & Commercialization': 1, 'Spam': 1}","{'Action': 0, 'Behavior': 2, 'Content': 6, 'Distribution': 2}",1.3709505944546687
1428,mastodon.dragonbox.de,$10^{2}$ to $10^{3}$,"{'Harassment': 1, 'Illegal Content': 1}","{'Action': 0, 'Behavior': 1, 'Content': 1, 'Distribution': 0}",1.0
1429,mastodon.dragoncave.dev,$10^{2}$ to $10^{3}$,"{'Content Warnings': 1, 'Images': 1, 'Hate Speech': 1, 'Incitement of Violence': 1, 'Harassment': 1, 'Doxxing/ Personal Info': 1, 'Illegal Content': 1, 'Mis/Disinformation/Conspiracy': 1}","{'Action': 0, 'Behavior': 2, 'Content': 6, 'Distribution': 0}",0.8112781244591328
1430,mastodon.dredgelords.com,$10^{1}$ to $10^{2}$ ,"{'Hate Speech': 1, 'Content Warnings': 1, 'Illegal Content': 1, 'Copyright/ Piracy': 1}","{'Action': 0, 'Behavior': 0, 'Content': 3, 'Distribution': 1}",0.8112781244591328
1431,mastodon.drjpdns.com,$10^{1}$ to $10^{2}$ ,"{'Hate Speech': 1, 'Doxxing/ Personal Info': 1, 'Harassment': 1, 'Illegal Content': 1, 'Mis/Disinformation/Conspiracy': 1}","{'Action': 0, 'Behavior': 2, 'Content': 3, 'Distribution': 0}",0.9709505944546686
1432,mastodon.dtalens.com,$10^{1}$ to $10^{2}$ ,"{'Hate Speech': 1, 'Incitement of Violence': 1, 'Harassment': 2, 'Doxxing/ Personal Info': 1, 'Advertising & Commercialization': 1, 'Spam': 1, 'Illegal Content': 2, 'Automated tools': 1, 'NSFW': 1, 'Content Warnings': 1}","{'Action': 1, 'Behavior': 3, 'Content': 6, 'Distribution': 2}",1.7295739585136223
1433,mastodon.economiasocial.org,$10^{2}$ to $10^{3}$,"{'Advertising & Commercialization': 1, 'Spam': 1, 'Hate Speech': 1}","{'Action': 0, 'Behavior': 0, 'Content': 1, 'Distribution': 2}",0.9182958340544896
1434,mastodon.education,$10^{3}$ to $10^{4}$,"{'Not Applicable': 1, 'Links & Outside Content': 1, 'NSFW': 2, 'Hate Speech': 2, 'Impersonation': 2, 'Spam': 1, 'Automated tools': 1}","{'Action': 1, 'Behavior': 2, 'Content': 5, 'Distribution': 1}",1.6577427265048887
1435,mastodon.ehlo.world,$10^{1}$ to $10^{2}$ ,"{'Hate Speech': 1, 'Harassment': 2, 'Dogpiling': 1, 'Doxxing/ Personal Info': 1, 'Trolling': 1, 'NSFW': 1, 'Images': 1, 'Advertising & Commercialization': 1, 'Spam': 1, 'Not Applicable': 1, 'Automated tools': 1, 'Content Warnings': 1}","{'Action': 1, 'Behavior': 5, 'Content': 4, 'Distribution': 2}",1.7841591278514217
1436,mastodon.einfachmc.de,$10^{1}$ to $10^{2}$ ,"{'Illegal Content': 3, 'Hate Speech': 1, 'Harassment': 1, 'Spam': 1, 'Doxxing/ Personal Info': 1, 'Links & Outside Content': 1, 'Copyright/ Piracy': 1}","{'Action': 0, 'Behavior': 2, 'Content': 5, 'Distribution': 2}",1.4355205042826666
1437,mastodon.electric-goat.net,$10^{2}$ to $10^{3}$,"{'Hate Speech': 1, 'NSFW': 1, 'Content Warnings': 1}","{'Action': 0, 'Behavior': 0, 'Content': 3, 'Distribution': 0}",-0.0
1438,mastodon.elte.hu,$10^{4}$ to $10^{5}$,"{'Advertising & Commercialization': 1, 'Spam': 1, 'Mis/Disinformation/Conspiracy': 1}","{'Action': 0, 'Behavior': 0, 'Content': 1, 'Distribution': 2}",0.9182958340544896
1439,mastodon.enitin.xyz,$10^{1}$ to $10^{2}$ ,"{'Illegal Content': 1, 'Not Applicable': 1}","{'Action': 0, 'Behavior': 0, 'Content': 1, 'Distribution': 0}",-0.0
1440,mastodon.eternalaugust.com,$10^{2}$ to $10^{3}$,"{'Hate Speech': 1, 'Advertising & Commercialization': 1, 'Spam': 1, 'NSFW': 1, 'Content Warnings': 1}","{'Action': 0, 'Behavior': 0, 'Content': 3, 'Distribution': 2}",0.9709505944546686
1441,mastodon.eticadigital.eu,$10^{1}$ to $10^{2}$ ,"{'NSFW': 1, 'Illegal Content': 1, 'Hate Speech': 1, 'Incitement of Violence': 1}","{'Action': 0, 'Behavior': 0, 'Content': 4, 'Distribution': 0}",-0.0
1442,mastodon.evl.fi,$10^{1}$ to $10^{2}$ ,"{'Hate Speech': 2, 'Harassment': 2}","{'Action': 0, 'Behavior': 2, 'Content': 2, 'Distribution': 0}",1.0
1443,mastodon.experienceadvisors.io,$10^{2}$ to $10^{3}$,"{'Harassment': 1, 'NSFW': 1, 'Images': 1, 'Hate Speech': 1}","{'Action': 0, 'Behavior': 1, 'Content': 3, 'Distribution': 0}",0.8112781244591328
1444,mastodon.ezytech.fr,$10^{1}$ to $10^{2}$ ,{'Hate Speech': 1},"{'Action': 0, 'Behavior': 0, 'Content': 1, 'Distribution': 0}",-0.0
1445,mastodon.f2a.io,$10^{1}$ to $10^{2}$ ,"{'Harassment': 1, 'Trolling': 1}","{'Action': 0, 'Behavior': 2, 'Content': 0, 'Distribution': 0}",-0.0
1446,mastodon.f4n.de,$10^{1}$ to $10^{2}$ ,"{'NSFW': 1, 'Images': 1, 'Hate Speech': 1, 'Advertising & Commercialization': 1, 'Spam': 1, 'Illegal Content': 1}","{'Action': 0, 'Behavior': 0, 'Content': 4, 'Distribution': 2}",0.9182958340544896
1447,mastodon.faithtree.social,$10^{2}$ to $10^{3}$,"{'Incitement of Violence': 1, 'Hate Speech': 1, 'Doxxing/ Personal Info': 1}","{'Action': 0, 'Behavior': 1, 'Content': 2, 'Distribution': 0}",0.9182958340544896
1448,mastodon.fajne.eu,$10^{1}$ to $10^{2}$ ,"{'NSFW': 1, 'Content Warnings': 1, 'Hate Speech': 1, 'Harassment': 1, 'Doxxing/ Personal Info': 1, 'Mis/Disinformation/Conspiracy': 1, 'Illegal Content': 1}","{'Action': 0, 'Behavior': 2, 'Content': 5, 'Distribution': 0}",0.863120568566631
1449,mastodon.fediversity.eu,$10^{1}$ to $10^{2}$ ,"{'Hate Speech': 3, 'Harassment': 1, 'Links & Outside Content': 1, 'Off-topic/topic specific': 2, 'Mis/Disinformation/Conspiracy': 2, 'Doxxing/ Personal Info': 1, 'Advertising & Commercialization': 1, 'Spam': 1}","{'Action': 0, 'Behavior': 2, 'Content': 8, 'Distribution': 2}",1.2516291673878228
1450,mastodon.fedivienne.org,$10^{2}$ to $10^{3}$,"{'Illegal Content': 1, 'NSFW': 2, 'Images': 2, 'Advertising & Commercialization': 1, 'Spam': 1, 'Harassment': 3, 'Off-topic/topic specific': 1, 'Hate Speech': 4, 'Doxxing/ Personal Info': 2, 'Mis/Disinformation/Conspiracy': 1}","{'Action': 0, 'Behavior': 5, 'Content': 11, 'Distribution': 2}",1.2997367636952522
1451,mastodon.flaircheck.ca,$10^{1}$ to $10^{2}$ ,"{'Illegal Content': 1, 'Spam': 1, 'Automated tools': 1}","{'Action': 1, 'Behavior': 0, 'Content': 1, 'Distribution': 1}",1.584962500721156
1452,mastodon.flifloo.fr,$10^{1}$ to $10^{2}$ ,"{'Hate Speech': 1, 'Impersonation': 1, 'Copyright/ Piracy': 1, 'Illegal Content': 1}","{'Action': 0, 'Behavior': 1, 'Content': 2, 'Distribution': 1}",1.5
1453,mastodon.floyd.dk,$10^{1}$ to $10^{2}$ ,"{'NSFW': 1, 'Images': 1, 'Hate Speech': 1, 'Incitement of Violence': 1, 'Harassment': 1, 'Doxxing/ Personal Info': 1, 'Mis/Disinformation/Conspiracy': 1}","{'Action': 0, 'Behavior': 2, 'Content': 5, 'Distribution': 0}",0.863120568566631
1454,mastodon.fooddrinklife.com,$10^{2}$ to $10^{3}$,{'Off-topic/topic specific': 1},"{'Action': 0, 'Behavior': 0, 'Content': 1, 'Distribution': 0}",-0.0
1455,mastodon.fredprod.com,$10^{1}$ to $10^{2}$ ,"{'Content Warnings': 1, 'Images': 1, 'Hate Speech': 1, 'Incitement of Violence': 1, 'Harassment': 1, 'Doxxing/ Personal Info': 1, 'Illegal Content': 1, 'Mis/Disinformation/Conspiracy': 1}","{'Action': 0, 'Behavior': 2, 'Content': 6, 'Distribution': 0}",0.8112781244591328
1456,mastodon.free-solutions.org,$10^{3}$ to $10^{4}$,"{'Off-topic/topic specific': 1, 'Illegal Content': 1, 'Not Applicable': 1, 'Incitement of Violence': 1, 'Hate Speech': 1, 'Harassment': 1}","{'Action': 0, 'Behavior': 1, 'Content': 4, 'Distribution': 0}",0.7219280948873623
1457,mastodon.frl,$10^{2}$ to $10^{3}$,"{'Illegal Content': 2, 'Incitement of Violence': 2, 'Hate Speech': 3, 'Mis/Disinformation/Conspiracy': 1, 'Images': 2, 'NSFW': 1, 'Content Warnings': 2, 'Spam': 1, 'Links & Outside Content': 1, 'Harassment': 1, 'Impersonation': 2, 'Not Applicable': 1, 'Automated tools': 1}","{'Action': 1, 'Behavior': 3, 'Content': 14, 'Distribution': 1}",1.192250860234642
1458,mastodon.fsinf.at,$10^{2}$ to $10^{3}$,"{'Content Warnings': 1, 'Images': 1, 'Hate Speech': 1, 'Incitement of Violence': 1, 'Harassment': 1, 'Doxxing/ Personal Info': 1, 'Mis/Disinformation/Conspiracy': 1, 'Impersonation': 1}","{'Action': 0, 'Behavior': 3, 'Content': 5, 'Distribution': 0}",0.954434002924965
1459,mastodon.fsu-snuipp.fr,$10^{2}$ to $10^{3}$,"{'Incitement of Violence': 1, 'Trolling': 1, 'NSFW': 1, 'Hate Speech': 1, 'Harassment': 1}","{'Action': 0, 'Behavior': 2, 'Content': 3, 'Distribution': 0}",0.9709505944546686
1460,mastodon.fuckoff.top,$10^{1}$ to $10^{2}$ ,"{'Hate Speech': 1, 'NSFW': 1}","{'Action': 0, 'Behavior': 0, 'Content': 2, 'Distribution': 0}",-0.0
1461,mastodon.fun,$10^{4}$ to $10^{5}$,"{'Advertising & Commercialization': 1, 'Illegal Content': 1, 'Harassment': 1, 'Hate Speech': 1}","{'Action': 0, 'Behavior': 1, 'Content': 2, 'Distribution': 1}",1.5
1462,mastodon.furrycon.social,$10^{2}$ to $10^{3}$,"{'NSFW': 1, 'Content Warnings': 1, 'Images': 2, 'Hate Speech': 1, 'Incitement of Violence': 2, 'Harassment': 1, 'Dogpiling': 1, 'Doxxing/ Personal Info': 1, 'Illegal Content': 1, 'Mis/Disinformation/Conspiracy': 1}","{'Action': 0, 'Behavior': 3, 'Content': 9, 'Distribution': 0}",0.8112781244591328
1463,mastodon.futaba.social,$10^{1}$ to $10^{2}$ ,"{'Illegal Content': 1, 'Harassment': 1, 'NSFW': 1, 'Incitement of Violence': 1, 'Hate Speech': 1}","{'Action': 0, 'Behavior': 1, 'Content': 4, 'Distribution': 0}",0.7219280948873623
1464,mastodon.gal,$10^{4}$ to $10^{5}$,"{'Incitement of Violence': 1, 'Hate Speech': 2, 'Harassment': 1, 'NSFW': 1, 'Content Warnings': 1, 'Images': 1, 'Illegal Content': 1, 'Advertising & Commercialization': 1, 'Spam': 1}","{'Action': 0, 'Behavior': 1, 'Content': 7, 'Distribution': 2}",1.1567796494470395
1465,mastodon.galileivr.org,$10^{3}$ to $10^{4}$,"{'Harassment': 3, 'Hate Speech': 4, 'NSFW': 1, 'Spam': 1, 'Impersonation': 1}","{'Action': 0, 'Behavior': 4, 'Content': 5, 'Distribution': 1}",1.3609640474436813
1466,mastodon.gamedev.place,$10^{5}$ to $10^{6}$ ,"{'Content Warnings': 1, 'Images': 1, 'Hate Speech': 1, 'Incitement of Violence': 1, 'Harassment': 1, 'Doxxing/ Personal Info': 1, 'Illegal Content': 1, 'Mis/Disinformation/Conspiracy': 1}","{'Action': 0, 'Behavior': 2, 'Content': 6, 'Distribution': 0}",0.8112781244591328
1467,mastodon.garden,$10^{2}$ to $10^{3}$,"{'Not Applicable': 1, 'Links & Outside Content': 1}","{'Action': 0, 'Behavior': 0, 'Content': 1, 'Distribution': 0}",-0.0
1468,mastodon.gassner.io,$10^{1}$ to $10^{2}$ ,{'Hate Speech': 1},"{'Action': 0, 'Behavior': 0, 'Content': 1, 'Distribution': 0}",-0.0
1469,mastodon.gatewayy.net,$10^{1}$ to $10^{2}$ ,{'Spam': 1},"{'Action': 0, 'Behavior': 0, 'Content': 0, 'Distribution': 1}",-0.0
1470,mastodon.geekery.org,$10^{1}$ to $10^{2}$ ,"{'Content Warnings': 1, 'Images': 1, 'Advertising & Commercialization': 1, 'Spam': 1, 'Hate Speech': 1, 'Incitement of Violence': 1, 'Harassment': 1, 'Doxxing/ Personal Info': 1, 'Illegal Content': 1}","{'Action': 0, 'Behavior': 2, 'Content': 5, 'Distribution': 2}",1.4355205042826666
1471,mastodon.geekonweb.fr,$10^{1}$ to $10^{2}$ ,"{'Illegal Content': 1, 'Spam': 1}","{'Action': 0, 'Behavior': 0, 'Content': 1, 'Distribution': 1}",1.0
1472,mastodon.giftedmc.com,$10^{1}$ to $10^{2}$ ,{'Hate Speech': 1},"{'Action': 0, 'Behavior': 0, 'Content': 1, 'Distribution': 0}",-0.0
1473,mastodon.girino.org,$10^{1}$ to $10^{2}$ ,"{'Illegal Content': 2, 'Spam': 2, 'Harassment': 1}","{'Action': 0, 'Behavior': 1, 'Content': 2, 'Distribution': 2}",1.5219280948873621
1474,mastodon.gizmo4487.dev,$10^{1}$ to $10^{2}$ ,"{'Off-topic/topic specific': 2, 'Hate Speech': 1, 'Harassment': 1, 'Content Warnings': 1, 'Images': 1}","{'Action': 0, 'Behavior': 1, 'Content': 5, 'Distribution': 0}",0.6500224216483541
1475,mastodon.gramschladen.de,$10^{1}$ to $10^{2}$ ,"{'Hate Speech': 1, 'Copyright/ Piracy': 1, 'Illegal Content': 1}","{'Action': 0, 'Behavior': 0, 'Content': 2, 'Distribution': 1}",0.9182958340544896
1476,mastodon.green,$10^{5}$ to $10^{6}$ ,"{'Advertising & Commercialization': 1, 'NSFW': 1, 'Images': 1, 'Hate Speech': 1, 'Incitement of Violence': 1, 'Harassment': 1, 'Doxxing/ Personal Info': 1, 'Mis/Disinformation/Conspiracy': 1}","{'Action': 0, 'Behavior': 2, 'Content': 5, 'Distribution': 1}",1.2987949406953985
1477,mastodon.gregnilsen.com,$10^{1}$ to $10^{2}$ ,"{'Hate Speech': 1, 'Illegal Content': 2, 'Links & Outside Content': 1, 'Harassment': 1, 'Incitement of Violence': 1, 'NSFW': 1, 'Spam': 1}","{'Action': 0, 'Behavior': 1, 'Content': 6, 'Distribution': 1}",1.061278124459133
1478,mastodon.grin.hu,$10^{2}$ to $10^{3}$,"{'Advertising & Commercialization': 1, 'Spam': 1}","{'Action': 0, 'Behavior': 0, 'Content': 0, 'Distribution': 2}",-0.0
1479,mastodon.grml.de,$10^{1}$ to $10^{2}$ ,{'Hate Speech': 1},"{'Action': 0, 'Behavior': 0, 'Content': 1, 'Distribution': 0}",-0.0
1480,mastodon.gruezi.net,$10^{2}$ to $10^{3}$,"{'Hate Speech': 1, 'Advertising & Commercialization': 1, 'Spam': 1, 'Incitement of Violence': 1, 'Harassment': 1, 'Doxxing/ Personal Info': 1, 'Images': 1, 'Mis/Disinformation/Conspiracy': 1}","{'Action': 0, 'Behavior': 2, 'Content': 4, 'Distribution': 2}",1.5
1481,mastodon.guerilla.studio,$10^{1}$ to $10^{2}$ ,"{'Hate Speech': 2, 'Trolling': 1}","{'Action': 0, 'Behavior': 1, 'Content': 2, 'Distribution': 0}",0.9182958340544896
1482,mastodon.habets.dev,$10^{2}$ to $10^{3}$,"{'Content Warnings': 1, 'Images': 1, 'Hate Speech': 2, 'Incitement of Violence': 1, 'Harassment': 1, 'Doxxing/ Personal Info': 1, 'Illegal Content': 1, 'Mis/Disinformation/Conspiracy': 1}","{'Action': 0, 'Behavior': 2, 'Content': 7, 'Distribution': 0}",0.7642045065086203
1483,mastodon.hackerdrinks.social,$10^{2}$ to $10^{3}$,"{'Content Warnings': 1, 'Images': 1, 'Hate Speech': 1, 'Incitement of Violence': 1, 'Harassment': 1, 'Doxxing/ Personal Info': 1, 'Advertising & Commercialization': 1, 'Spam': 1}","{'Action': 0, 'Behavior': 2, 'Content': 4, 'Distribution': 2}",1.5
1484,mastodon.hakurei.win,$10^{2}$ to $10^{3}$,"{'NSFW': 1, 'Content Warnings': 1, 'Spam': 1, 'Reposting/Crossposting': 1}","{'Action': 0, 'Behavior': 0, 'Content': 2, 'Distribution': 2}",1.0
1485,mastodon.hamburg,$10^{1}$ to $10^{2}$ ,"{'Incitement of Violence': 2, 'Harassment': 1, 'Hate Speech': 1, 'NSFW': 1, 'Copyright/ Piracy': 1, 'Doxxing/ Personal Info': 1, 'Advertising & Commercialization': 1, 'Spam': 1}","{'Action': 0, 'Behavior': 2, 'Content': 4, 'Distribution': 3}",1.5304930567574826
1486,mastodon.hamdorf.org,$10^{1}$ to $10^{2}$ ,"{'Hate Speech': 1, 'Doxxing/ Personal Info': 1, 'Illegal Content': 1}","{'Action': 0, 'Behavior': 1, 'Content': 2, 'Distribution': 0}",0.9182958340544896
1487,mastodon.hams.social,$10^{3}$ to $10^{4}$,"{'Not Applicable': 1, 'Doxxing/ Personal Info': 1, 'Images': 1, 'Harassment': 2, 'Trolling': 1, 'Hate Speech': 1, 'Advertising & Commercialization': 1, 'Incitement of Violence': 1, 'Spam': 1, 'NSFW': 1, 'Illegal Content': 1}","{'Action': 0, 'Behavior': 4, 'Content': 5, 'Distribution': 2}",1.4949188482339508
1488,mastodon.haojia-wu.com,$10^{1}$ to $10^{2}$ ,"{'Hate Speech': 1, 'Harassment': 1, 'Mis/Disinformation/Conspiracy': 1, 'Illegal Content': 1, 'NSFW': 1, 'Links & Outside Content': 1, 'Images': 1}","{'Action': 0, 'Behavior': 1, 'Content': 6, 'Distribution': 0}",0.5916727785823275
1489,mastodon.hayfarmusa.com,$10^{1}$ to $10^{2}$ ,{'Illegal Content': 1},"{'Action': 0, 'Behavior': 0, 'Content': 1, 'Distribution': 0}",-0.0
1490,mastodon.heavymusic.rocks,$10^{1}$ to $10^{2}$ ,{'Hate Speech': 1},"{'Action': 0, 'Behavior': 0, 'Content': 1, 'Distribution': 0}",-0.0
1491,mastodon.hexix.de,$10^{2}$ to $10^{3}$,"{'Advertising & Commercialization': 1, 'Spam': 1, 'Content Warnings': 1, 'Mis/Disinformation/Conspiracy': 1, 'Hate Speech': 1, 'Harassment': 1}","{'Action': 0, 'Behavior': 1, 'Content': 3, 'Distribution': 2}",1.4591479170272446
1492,mastodon.hexsix.me,$10^{1}$ to $10^{2}$ ,"{'Illegal Content': 1, 'Incitement of Violence': 1, 'Harassment': 1}","{'Action': 0, 'Behavior': 1, 'Content': 2, 'Distribution': 0}",0.9182958340544896
1493,mastodon.hk,$10^{4}$ to $10^{5}$,"{'Illegal Content': 1, 'Hate Speech': 1, 'Harassment': 1}","{'Action': 0, 'Behavior': 1, 'Content': 2, 'Distribution': 0}",0.9182958340544896
1494,mastodon.hns.au,$10^{2}$ to $10^{3}$,"{'NSFW': 1, 'Illegal Content': 1}","{'Action': 0, 'Behavior': 0, 'Content': 2, 'Distribution': 0}",-0.0
1495,mastodon.hochschule-trier.de,$10^{2}$ to $10^{3}$,"{'Advertising & Commercialization': 1, 'Spam': 1, 'Incitement of Violence': 1, 'Hate Speech': 2, 'Mis/Disinformation/Conspiracy': 1}","{'Action': 0, 'Behavior': 0, 'Content': 4, 'Distribution': 2}",0.9182958340544896
1496,mastodon.holeyfox.co,$10^{3}$ to $10^{4}$,"{'Impersonation': 1, 'Hate Speech': 1}","{'Action': 0, 'Behavior': 1, 'Content': 1, 'Distribution': 0}",1.0
1497,mastodon.hopstudio.fr,$10^{1}$ to $10^{2}$ ,"{'Not Applicable': 1, 'Spam': 1, 'Trolling': 1}","{'Action': 0, 'Behavior': 1, 'Content': 0, 'Distribution': 1}",1.0
1498,mastodon.hosnet.fr,$10^{3}$ to $10^{4}$,"{'Hate Speech': 1, 'Harassment': 1}","{'Action': 0, 'Behavior': 1, 'Content': 1, 'Distribution': 0}",1.0
1499,mastodon.hr,$10^{3}$ to $10^{4}$,"{'Hate Speech': 1, 'Harassment': 1, 'Trolling': 1, 'NSFW': 1, 'Content Warnings': 1, 'Doxxing/ Personal Info': 1}","{'Action': 0, 'Behavior': 3, 'Content': 3, 'Distribution': 0}",1.0
1500,mastodon.hypnoguys.com,$10^{4}$ to $10^{5}$,"{'Content Warnings': 1, 'Hate Speech': 1, 'Copyright/ Piracy': 1}","{'Action': 0, 'Behavior': 0, 'Content': 2, 'Distribution': 1}",0.9182958340544896
1501,mastodon.ie,$10^{5}$ to $10^{6}$ ,{'Hate Speech': 1},"{'Action': 0, 'Behavior': 0, 'Content': 1, 'Distribution': 0}",-0.0
1502,mastodon.iking.ca,$10^{1}$ to $10^{2}$ ,"{'Hate Speech': 1, 'Incitement of Violence': 1, 'Mis/Disinformation/Conspiracy': 1, 'Harassment': 1, 'Dogpiling': 1, 'Doxxing/ Personal Info': 1, 'Illegal Content': 1, 'Copyright/ Piracy': 1, 'Content Warnings': 1, 'Images': 1, 'Advertising & Commercialization': 1, 'Spam': 1, 'Impersonation': 1}","{'Action': 0, 'Behavior': 4, 'Content': 6, 'Distribution': 3}",1.5262349099495227
1503,mastodon.im,$10^{3}$ to $10^{4}$,"{'Hate Speech': 1, 'Harassment': 1, 'Trolling': 1, 'NSFW': 2, 'Content Warnings': 1, 'Illegal Content': 2, 'Not Applicable': 1, 'Automated tools': 2, 'Impersonation': 1, 'Advertising & Commercialization': 3, 'Mis/Disinformation/Conspiracy': 1, 'Spam': 1, 'Copyright/ Piracy': 2}","{'Action': 2, 'Behavior': 3, 'Content': 7, 'Distribution': 6}",1.8412501702815547
1504,mastodon.imagisphe.re,$10^{1}$ to $10^{2}$ ,"{'Content Warnings': 1, 'Images': 1, 'Doxxing/ Personal Info': 1, 'Hate Speech': 2, 'Harassment': 1, 'Mis/Disinformation/Conspiracy': 1, 'Incitement of Violence': 1, 'Illegal Content': 1}","{'Action': 0, 'Behavior': 2, 'Content': 7, 'Distribution': 0}",0.7642045065086203
1505,mastodon.in.th,$10^{4}$ to $10^{5}$,"{'Illegal Content': 1, 'Spam': 1, 'Doxxing/ Personal Info': 1, 'Incitement of Violence': 1, 'Hate Speech': 1, 'Harassment': 1, 'NSFW': 1, 'Images': 1, 'Mis/Disinformation/Conspiracy': 1, 'Copyright/ Piracy': 1}","{'Action': 0, 'Behavior': 2, 'Content': 6, 'Distribution': 2}",1.3709505944546687
1506,mastodon.inclusion.cc,$10^{1}$ to $10^{2}$ ,"{'Hate Speech': 1, 'Incitement of Violence': 1, 'Harassment': 1, 'Doxxing/ Personal Info': 1, 'Illegal Content': 1, 'Mis/Disinformation/Conspiracy': 1}","{'Action': 0, 'Behavior': 2, 'Content': 4, 'Distribution': 0}",0.9182958340544896
1507,mastodon.incognitus.net,$10^{1}$ to $10^{2}$ ,"{'Content Warnings': 1, 'Images': 1, 'Hate Speech': 1, 'Incitement of Violence': 1, 'Harassment': 1, 'Doxxing/ Personal Info': 1, 'Illegal Content': 1, 'Mis/Disinformation/Conspiracy': 1}","{'Action': 0, 'Behavior': 2, 'Content': 6, 'Distribution': 0}",0.8112781244591328
1508,mastodon.indiegames.online,$10^{2}$ to $10^{3}$,"{'Advertising & Commercialization': 1, 'Spam': 1, 'NSFW': 1, 'Content Warnings': 1, 'Images': 2, 'Illegal Content': 2, 'Hate Speech': 1, 'Harassment': 1, 'Dogpiling': 1, 'Doxxing/ Personal Info': 1, 'Copyright/ Piracy': 1}","{'Action': 0, 'Behavior': 3, 'Content': 7, 'Distribution': 3}",1.4572659136233872
1509,mastodon.indiegamesdevel.com,$10^{1}$ to $10^{2}$ ,"{'Hate Speech': 1, 'Harassment': 1, 'NSFW': 1, 'Incitement of Violence': 1, 'Advertising & Commercialization': 1, 'Spam': 1, 'Off-topic/topic specific': 1, 'Doxxing/ Personal Info': 1}","{'Action': 0, 'Behavior': 2, 'Content': 4, 'Distribution': 2}",1.5
1510,mastodon.inferiorlattice.com,$10^{2}$ to $10^{3}$,"{'Harassment': 1, 'Trolling': 1, 'Hate Speech': 1, 'NSFW': 1, 'Content Warnings': 1}","{'Action': 0, 'Behavior': 2, 'Content': 3, 'Distribution': 0}",0.9709505944546686
1511,mastodon.infodocs.eu,$10^{2}$ to $10^{3}$,"{'Illegal Content': 1, 'Hate Speech': 1, 'Harassment': 1}","{'Action': 0, 'Behavior': 1, 'Content': 2, 'Distribution': 0}",0.9182958340544896
1512,mastodon.iow.social,$10^{3}$ to $10^{4}$,"{'Incitement of Violence': 1, 'Doxxing/ Personal Info': 1, 'NSFW': 1, 'Illegal Content': 1, 'Hate Speech': 1, 'Advertising & Commercialization': 1, 'Spam': 1, 'Not Applicable': 1, 'Links & Outside Content': 1}","{'Action': 0, 'Behavior': 1, 'Content': 5, 'Distribution': 2}",1.2987949406953985
1513,mastodon.ir0k.de,$10^{1}$ to $10^{2}$ ,"{'Hate Speech': 2, 'Harassment': 1}","{'Action': 0, 'Behavior': 1, 'Content': 2, 'Distribution': 0}",0.9182958340544896
1514,mastodon.iriseden.eu,$10^{5}$ to $10^{6}$ ,"{'Advertising & Commercialization': 1, 'Spam': 1, 'Illegal Content': 1}","{'Action': 0, 'Behavior': 0, 'Content': 1, 'Distribution': 2}",0.9182958340544896
1515,mastodon.is-a.horse,$10^{2}$ to $10^{3}$,"{'Illegal Content': 1, 'NSFW': 2, 'Content Warnings': 1, 'Not Applicable': 1}","{'Action': 0, 'Behavior': 0, 'Content': 4, 'Distribution': 0}",-0.0
1516,mastodon.is-hardly.online,$10^{1}$ to $10^{2}$ ,"{'NSFW': 1, 'Content Warnings': 1}","{'Action': 0, 'Behavior': 0, 'Content': 2, 'Distribution': 0}",-0.0
1517,mastodon.jabbxi.de,$10^{1}$ to $10^{2}$ ,{'Illegal Content': 1},"{'Action': 0, 'Behavior': 0, 'Content': 1, 'Distribution': 0}",-0.0
1518,mastodon.jamidisi-edu.de,$10^{2}$ to $10^{3}$,"{'Hate Speech': 1, 'Harassment': 1, 'Doxxing/ Personal Info': 1, 'Advertising & Commercialization': 1, 'Spam': 1, 'NSFW': 1, 'Content Warnings': 1, 'Images': 1}","{'Action': 0, 'Behavior': 2, 'Content': 4, 'Distribution': 2}",1.5
1519,mastodon.jangho.io,$10^{1}$ to $10^{2}$ ,"{'Hate Speech': 1, 'Content Warnings': 1}","{'Action': 0, 'Behavior': 0, 'Content': 2, 'Distribution': 0}",-0.0
1520,mastodon.jannis-goeing.de,$10^{1}$ to $10^{2}$ ,"{'Hate Speech': 2, 'Content Warnings': 1}","{'Action': 0, 'Behavior': 0, 'Content': 3, 'Distribution': 0}",-0.0
1521,mastodon.jawa.moe,$10^{1}$ to $10^{2}$ ,{'Hate Speech': 1},"{'Action': 0, 'Behavior': 0, 'Content': 1, 'Distribution': 0}",-0.0
1522,mastodon.jing.lgbt,$10^{1}$ to $10^{2}$ ,"{'Hate Speech': 1, 'Copyright/ Piracy': 1, 'Spam': 1, 'Harassment': 1, 'NSFW': 1, 'Content Warnings': 1}","{'Action': 0, 'Behavior': 1, 'Content': 3, 'Distribution': 2}",1.4591479170272446
1523,mastodon.jj5fxl.net,$10^{2}$ to $10^{3}$,"{'Illegal Content': 2, 'Incitement of Violence': 1, 'Spam': 1}","{'Action': 0, 'Behavior': 0, 'Content': 3, 'Distribution': 1}",0.8112781244591328
1524,mastodon.joinhaven.us,$10^{1}$ to $10^{2}$ ,"{'Content Warnings': 1, 'Images': 1, 'Hate Speech': 1, 'Incitement of Violence': 1, 'Harassment': 1, 'Doxxing/ Personal Info': 1, 'Illegal Content': 1, 'Mis/Disinformation/Conspiracy': 1}","{'Action': 0, 'Behavior': 2, 'Content': 6, 'Distribution': 0}",0.8112781244591328
1525,mastodon.jordanwages.com,$10^{1}$ to $10^{2}$ ,"{'Illegal Content': 2, 'Harassment': 1, 'Doxxing/ Personal Info': 1}","{'Action': 0, 'Behavior': 2, 'Content': 2, 'Distribution': 0}",1.0
1526,mastodon.jtl.vision,$10^{1}$ to $10^{2}$ ,{'Hate Speech': 1},"{'Action': 0, 'Behavior': 0, 'Content': 1, 'Distribution': 0}",-0.0
1527,mastodon.katniss.top,$10^{1}$ to $10^{2}$ ,"{'NSFW': 1, 'Hate Speech': 1, 'Incitement of Violence': 1, 'Harassment': 1, 'Doxxing/ Personal Info': 1, 'Mis/Disinformation/Conspiracy': 1}","{'Action': 0, 'Behavior': 2, 'Content': 4, 'Distribution': 0}",0.9182958340544896
1528,mastodon.kintsugi-lab.com,$10^{2}$ to $10^{3}$,"{'Hate Speech': 1, 'NSFW': 1, 'Content Warnings': 1, 'Not Applicable': 1, 'Images': 1, 'Advertising & Commercialization': 1, 'Spam': 1, 'Mis/Disinformation/Conspiracy': 1, 'Illegal Content': 1, 'Incitement of Violence': 1, 'Harassment': 1, 'Doxxing/ Personal Info': 1, 'Impersonation': 1}","{'Action': 0, 'Behavior': 3, 'Content': 7, 'Distribution': 2}",1.384431504340598
1529,mastodon.kmkz.moe,$10^{1}$ to $10^{2}$ ,"{'Incitement of Violence': 1, 'Harassment': 1}","{'Action': 0, 'Behavior': 1, 'Content': 1, 'Distribution': 0}",1.0
1530,mastodon.kneitzel.de,$10^{1}$ to $10^{2}$ ,"{'Advertising & Commercialization': 1, 'Hate Speech': 1}","{'Action': 0, 'Behavior': 0, 'Content': 1, 'Distribution': 1}",1.0
1531,mastodon.knightpp.cc,$10^{1}$ to $10^{2}$ ,{'Hate Speech': 1},"{'Action': 0, 'Behavior': 0, 'Content': 1, 'Distribution': 0}",-0.0
1532,mastodon.ktachibana.party,$10^{3}$ to $10^{4}$,"{'Illegal Content': 1, 'Spam': 1}","{'Action': 0, 'Behavior': 0, 'Content': 1, 'Distribution': 1}",1.0
1533,mastodon.kumasotakeru.net,$10^{1}$ to $10^{2}$ ,"{'Illegal Content': 2, 'Harassment': 5, 'Doxxing/ Personal Info': 3, 'Incitement of Violence': 1, 'Images': 1, 'NSFW': 4, 'Hate Speech': 2, 'Advertising & Commercialization': 1, 'Spam': 3, 'Not Applicable': 1, 'Automated tools': 3, 'Copyright/ Piracy': 1}","{'Action': 3, 'Behavior': 8, 'Content': 10, 'Distribution': 5}",1.8702932210074807
1534,mastodon.kypeli.com,$10^{1}$ to $10^{2}$ ,"{'Hate Speech': 1, 'NSFW': 1}","{'Action': 0, 'Behavior': 0, 'Content': 2, 'Distribution': 0}",-0.0
1535,mastodon.ladn.org,$10^{2}$ to $10^{3}$,"{'NSFW': 1, 'Hate Speech': 1, 'Harassment': 1, 'Illegal Content': 2, 'Copyright/ Piracy': 1, 'Spam': 1, 'Advertising & Commercialization': 1}","{'Action': 0, 'Behavior': 1, 'Content': 4, 'Distribution': 3}",1.4056390622295665
1536,mastodon.lajaqueria.org,$10^{1}$ to $10^{2}$ ,"{'Incitement of Violence': 1, 'Hate Speech': 1, 'Harassment': 1, 'NSFW': 1, 'Illegal Content': 2, 'Content Warnings': 1, 'Advertising & Commercialization': 1, 'Spam': 1}","{'Action': 0, 'Behavior': 1, 'Content': 6, 'Distribution': 2}",1.224394445405986
1537,mastodon.lamacchinadesiderante.org,$10^{1}$ to $10^{2}$ ,"{'NSFW': 2, 'Content Warnings': 1, 'Images': 1, 'Off-topic/topic specific': 2, 'Hate Speech': 5, 'Not Applicable': 1, 'Spam': 1}","{'Action': 0, 'Behavior': 0, 'Content': 11, 'Distribution': 1}",0.41381685030363374
1538,mastodon.land,$10^{2}$ to $10^{3}$,{'Illegal Content': 1},"{'Action': 0, 'Behavior': 0, 'Content': 1, 'Distribution': 0}",-0.0
1539,mastodon.lanhq.be,$10^{1}$ to $10^{2}$ ,{'Hate Speech': 1},"{'Action': 0, 'Behavior': 0, 'Content': 1, 'Distribution': 0}",-0.0
1540,mastodon.lanofthedead.xyz,$10^{1}$ to $10^{2}$ ,"{'Hate Speech': 2, 'Harassment': 1, 'Doxxing/ Personal Info': 1, 'Impersonation': 1, 'NSFW': 1}","{'Action': 0, 'Behavior': 3, 'Content': 3, 'Distribution': 0}",1.0
1541,mastodon.lawprofs.org,$10^{3}$ to $10^{4}$,"{'Incitement of Violence': 1, 'Hate Speech': 1, 'Illegal Content': 1}","{'Action': 0, 'Behavior': 0, 'Content': 3, 'Distribution': 0}",-0.0
1542,mastodon.lebreton.fr,$10^{1}$ to $10^{2}$ ,"{'Illegal Content': 1, 'Mis/Disinformation/Conspiracy': 1, 'Advertising & Commercialization': 1, 'Spam': 1}","{'Action': 0, 'Behavior': 0, 'Content': 2, 'Distribution': 2}",1.0
1543,mastodon.lescommuns.org,$10^{2}$ to $10^{3}$,"{'Hate Speech': 3, 'Incitement of Violence': 1, 'Doxxing/ Personal Info': 1, 'Harassment': 1, 'Illegal Content': 2, 'NSFW': 1, 'Spam': 1, 'Automated tools': 1}","{'Action': 1, 'Behavior': 2, 'Content': 7, 'Distribution': 1}",1.4911148500551858
1544,mastodon.li7g.com,$10^{1}$ to $10^{2}$ ,"{'Illegal Content': 1, 'NSFW': 1, 'Images': 1, 'Hate Speech': 1, 'Incitement of Violence': 1, 'Harassment': 1, 'Doxxing/ Personal Info': 1, 'Mis/Disinformation/Conspiracy': 1}","{'Action': 0, 'Behavior': 2, 'Content': 6, 'Distribution': 0}",0.8112781244591328
1545,mastodon.libreon.fr,$10^{2}$ to $10^{3}$,"{'Illegal Content': 2, 'Advertising & Commercialization': 1, 'Links & Outside Content': 1}","{'Action': 0, 'Behavior': 0, 'Content': 3, 'Distribution': 1}",0.8112781244591328
1546,mastodon.libretic.fr,$10^{2}$ to $10^{3}$,"{'Reposting/Crossposting': 1, 'Links & Outside Content': 1}","{'Action': 0, 'Behavior': 0, 'Content': 1, 'Distribution': 1}",1.0
1547,mastodon.liersch.it,$10^{1}$ to $10^{2}$ ,"{'NSFW': 1, 'Hate Speech': 1}","{'Action': 0, 'Behavior': 0, 'Content': 2, 'Distribution': 0}",-0.0
1548,mastodon.lilysthings.org,$10^{1}$ to $10^{2}$ ,"{'Hate Speech': 1, 'Incitement of Violence': 1}","{'Action': 0, 'Behavior': 0, 'Content': 2, 'Distribution': 0}",-0.0
1549,mastodon.linux.ucla.edu,$10^{2}$ to $10^{3}$,"{'Advertising & Commercialization': 1, 'Spam': 1, 'Illegal Content': 1, 'Copyright/ Piracy': 1, 'NSFW': 1, 'Hate Speech': 1}","{'Action': 0, 'Behavior': 0, 'Content': 3, 'Distribution': 3}",1.0
1550,mastodon.linuxmuster.net,$10^{2}$ to $10^{3}$,"{'Content Warnings': 1, 'Images': 1, 'Hate Speech': 2, 'Mis/Disinformation/Conspiracy': 2, 'Illegal Content': 1}","{'Action': 0, 'Behavior': 0, 'Content': 7, 'Distribution': 0}",-0.0
1551,mastodon.lithium03.info,$10^{1}$ to $10^{2}$ ,"{'Illegal Content': 1, 'Spam': 1}","{'Action': 0, 'Behavior': 0, 'Content': 1, 'Distribution': 1}",1.0
1552,mastodon.living.tech,$10^{1}$ to $10^{2}$ ,"{'Copyright/ Piracy': 1, 'Spam': 1}","{'Action': 0, 'Behavior': 0, 'Content': 0, 'Distribution': 2}",-0.0
1553,mastodon.localecho.net,$10^{2}$ to $10^{3}$,"{'Illegal Content': 1, 'Hate Speech': 1}","{'Action': 0, 'Behavior': 0, 'Content': 2, 'Distribution': 0}",-0.0
1554,mastodon.lothlorien.net,$10^{1}$ to $10^{2}$ ,{'Illegal Content': 1},"{'Action': 0, 'Behavior': 0, 'Content': 1, 'Distribution': 0}",-0.0
1555,mastodon.loutaci.cz,$10^{1}$ to $10^{2}$ ,"{'Content Warnings': 1, 'Images': 1, 'Hate Speech': 1, 'Incitement of Violence': 1, 'Harassment': 1, 'Doxxing/ Personal Info': 1, 'Illegal Content': 1, 'Mis/Disinformation/Conspiracy': 1}","{'Action': 0, 'Behavior': 2, 'Content': 6, 'Distribution': 0}",0.8112781244591328
1556,mastodon.lqx.net,$10^{2}$ to $10^{3}$,"{'Hate Speech': 1, 'Incitement of Violence': 1, 'Harassment': 1, 'Doxxing/ Personal Info': 1, 'Illegal Content': 1, 'Content Warnings': 2, 'Images': 1, 'Advertising & Commercialization': 1, 'Spam': 1}","{'Action': 0, 'Behavior': 2, 'Content': 6, 'Distribution': 2}",1.3709505944546687
1557,mastodon.lwr.wtf,$10^{1}$ to $10^{2}$ ,"{'Hate Speech': 1, 'Harassment': 1}","{'Action': 0, 'Behavior': 1, 'Content': 1, 'Distribution': 0}",1.0
1558,mastodon.madhammer.club,$10^{2}$ to $10^{3}$,"{'Illegal Content': 1, 'Spam': 1, 'Harassment': 1, 'Dogpiling': 1, 'NSFW': 1, 'Content Warnings': 1}","{'Action': 0, 'Behavior': 2, 'Content': 3, 'Distribution': 1}",1.4591479170272448
1559,mastodon.madmanmarkau.net,$10^{1}$ to $10^{2}$ ,"{'Illegal Content': 1, 'Spam': 1, 'Harassment': 1, 'NSFW': 1, 'Content Warnings': 1}","{'Action': 0, 'Behavior': 1, 'Content': 3, 'Distribution': 1}",1.3709505944546687
1560,mastodon.makerforce.io,$10^{1}$ to $10^{2}$ ,"{'Content Warnings': 1, 'Images': 1, 'Hate Speech': 1, 'Incitement of Violence': 1, 'Harassment': 1, 'Doxxing/ Personal Info': 1, 'Illegal Content': 1, 'Mis/Disinformation/Conspiracy': 1}","{'Action': 0, 'Behavior': 2, 'Content': 6, 'Distribution': 0}",0.8112781244591328
1561,mastodon.mashi.ro,$10^{1}$ to $10^{2}$ ,"{'Images': 1, 'Hate Speech': 1, 'Incitement of Violence': 1, 'Harassment': 1, 'Doxxing/ Personal Info': 1, 'Mis/Disinformation/Conspiracy': 1}","{'Action': 0, 'Behavior': 2, 'Content': 4, 'Distribution': 0}",0.9182958340544896
1562,mastodon.mathys.social,$10^{1}$ to $10^{2}$ ,"{'Mis/Disinformation/Conspiracy': 1, 'Off-topic/topic specific': 1}","{'Action': 0, 'Behavior': 0, 'Content': 2, 'Distribution': 0}",-0.0
1563,mastodon.me.uk,$10^{4}$ to $10^{5}$,"{'Spam': 1, 'Automated tools': 1, 'Advertising & Commercialization': 1}","{'Action': 1, 'Behavior': 0, 'Content': 0, 'Distribution': 2}",0.9182958340544896
1564,mastodon.medienzentrenbw.de,$10^{1}$ to $10^{2}$ ,"{'Content Warnings': 1, 'Images': 1, 'Hate Speech': 1, 'Incitement of Violence': 1, 'Harassment': 1, 'Doxxing/ Personal Info': 1, 'Illegal Content': 1, 'Mis/Disinformation/Conspiracy': 1}","{'Action': 0, 'Behavior': 2, 'Content': 6, 'Distribution': 0}",0.8112781244591328
1565,mastodon.meguhub.com,$10^{1}$ to $10^{2}$ ,{'Illegal Content': 1},"{'Action': 0, 'Behavior': 0, 'Content': 1, 'Distribution': 0}",-0.0
1566,mastodon.melin.org,$10^{2}$ to $10^{3}$,"{'Hate Speech': 3, 'Harassment': 1, 'Illegal Content': 2, 'Incitement of Violence': 1, 'Mis/Disinformation/Conspiracy': 1}","{'Action': 0, 'Behavior': 1, 'Content': 7, 'Distribution': 0}",0.5435644431995964
1567,mastodon.melroy.org,$10^{1}$ to $10^{2}$ ,{'NSFW': 1},"{'Action': 0, 'Behavior': 0, 'Content': 1, 'Distribution': 0}",-0.0
1568,mastodon.mesothermal.science,$10^{1}$ to $10^{2}$ ,{'Spam': 1},"{'Action': 0, 'Behavior': 0, 'Content': 0, 'Distribution': 1}",-0.0
1569,mastodon.mfbfreaks.nl,$10^{2}$ to $10^{3}$,"{'Advertising & Commercialization': 1, 'Illegal Content': 1, 'Spam': 1, 'Hate Speech': 1}","{'Action': 0, 'Behavior': 0, 'Content': 2, 'Distribution': 2}",1.0
1570,mastodon.mgtow.pl,$10^{1}$ to $10^{2}$ ,{'Hate Speech': 1},"{'Action': 0, 'Behavior': 0, 'Content': 1, 'Distribution': 0}",-0.0
1571,mastodon.michonline.com,$10^{1}$ to $10^{2}$ ,"{'Trolling': 1, 'Mis/Disinformation/Conspiracy': 1}","{'Action': 0, 'Behavior': 1, 'Content': 1, 'Distribution': 0}",1.0
1572,mastodon.mihalis.net,$10^{1}$ to $10^{2}$ ,"{'NSFW': 1, 'Spam': 1, 'Hate Speech': 1}","{'Action': 0, 'Behavior': 0, 'Content': 2, 'Distribution': 1}",0.9182958340544896
1573,mastodon.miicat.eu,$10^{1}$ to $10^{2}$ ,"{'Content Warnings': 1, 'Images': 1, 'Hate Speech': 1, 'Incitement of Violence': 2, 'Harassment': 1, 'Doxxing/ Personal Info': 1, 'Mis/Disinformation/Conspiracy': 1, 'Illegal Content': 1}","{'Action': 0, 'Behavior': 2, 'Content': 7, 'Distribution': 0}",0.7642045065086203
1574,mastodon.milll.ws,$10^{2}$ to $10^{3}$,"{'Advertising & Commercialization': 1, 'Spam': 1, 'Hate Speech': 1, 'Harassment': 1, 'Automated tools': 1, 'Impersonation': 1, 'Images': 1}","{'Action': 1, 'Behavior': 2, 'Content': 2, 'Distribution': 2}",1.9502120649147465
1575,mastodon.mim-libre.fr,$10^{3}$ to $10^{4}$,{'Illegal Content': 1},"{'Action': 0, 'Behavior': 0, 'Content': 1, 'Distribution': 0}",-0.0
1576,mastodon.minetestserver.ru,$10^{1}$ to $10^{2}$ ,"{'Hate Speech': 1, 'Advertising & Commercialization': 1, 'Spam': 1}","{'Action': 0, 'Behavior': 0, 'Content': 1, 'Distribution': 2}",0.9182958340544896
1577,mastodon.miri.site,$10^{2}$ to $10^{3}$,"{'Hate Speech': 3, 'Trolling': 1, 'Harassment': 1, 'NSFW': 2, 'Content Warnings': 1, 'Illegal Content': 1, 'Copyright/ Piracy': 1}","{'Action': 0, 'Behavior': 2, 'Content': 7, 'Distribution': 1}",1.1567796494470395
1578,mastodon.mixed-reality.social,$10^{1}$ to $10^{2}$ ,"{'Content Warnings': 1, 'Images': 1, 'Hate Speech': 1, 'Incitement of Violence': 1, 'Harassment': 1, 'Doxxing/ Personal Info': 1, 'Mis/Disinformation/Conspiracy': 1}","{'Action': 0, 'Behavior': 2, 'Content': 5, 'Distribution': 0}",0.863120568566631
1579,mastodon.ml,$10^{4}$ to $10^{5}$,"{'Hate Speech': 1, 'Harassment': 1, 'Doxxing/ Personal Info': 1, 'Spam': 1, 'NSFW': 1, 'Content Warnings': 1, 'Advertising & Commercialization': 1, 'Links & Outside Content': 1}","{'Action': 0, 'Behavior': 2, 'Content': 4, 'Distribution': 2}",1.5
1580,mastodon.mlsn.fr,$10^{1}$ to $10^{2}$ ,"{'Hate Speech': 1, 'Illegal Content': 1, 'NSFW': 1, 'Content Warnings': 1}","{'Action': 0, 'Behavior': 0, 'Content': 4, 'Distribution': 0}",-0.0
1581,mastodon.mmjo.com,$10^{1}$ to $10^{2}$ ,"{'Hate Speech': 1, 'Content Warnings': 1, 'Images': 1, 'Incitement of Violence': 1, 'Harassment': 1, 'Doxxing/ Personal Info': 1}","{'Action': 0, 'Behavior': 2, 'Content': 4, 'Distribution': 0}",0.9182958340544896
1582,mastodon.modern-industry.com,$10^{2}$ to $10^{3}$,"{'Hate Speech': 1, 'Harassment': 1, 'Doxxing/ Personal Info': 1}","{'Action': 0, 'Behavior': 2, 'Content': 1, 'Distribution': 0}",0.9182958340544896
1583,mastodon.modspil.dk,$10^{1}$ to $10^{2}$ ,{'Hate Speech': 1},"{'Action': 0, 'Behavior': 0, 'Content': 1, 'Distribution': 0}",-0.0
1584,mastodon.monoceros.co.za,$10^{1}$ to $10^{2}$ ,"{'Illegal Content': 1, 'Hate Speech': 1, 'Harassment': 1, 'Trolling': 1}","{'Action': 0, 'Behavior': 2, 'Content': 2, 'Distribution': 0}",1.0
1585,mastodon.monotropa-satellite.social,$10^{1}$ to $10^{2}$ ,"{'Copyright/ Piracy': 1, 'Off-topic/topic specific': 1}","{'Action': 0, 'Behavior': 0, 'Content': 1, 'Distribution': 1}",1.0
1586,mastodon.moonling.nl,$10^{1}$ to $10^{2}$ ,"{'Content Warnings': 1, 'Images': 1, 'Advertising & Commercialization': 1, 'Spam': 1, 'Incitement of Violence': 1, 'Harassment': 1, 'Dogpiling': 1, 'Doxxing/ Personal Info': 2, 'Illegal Content': 2, 'Not Applicable': 1, 'Mis/Disinformation/Conspiracy': 1}","{'Action': 0, 'Behavior': 4, 'Content': 6, 'Distribution': 2}",1.4591479170272448
1587,mastodon.moscow,$10^{2}$ to $10^{3}$,"{'Hate Speech': 2, 'Harassment': 1, 'Incitement of Violence': 1, 'NSFW': 1, 'Mis/Disinformation/Conspiracy': 1, 'Copyright/ Piracy': 1}","{'Action': 0, 'Behavior': 1, 'Content': 5, 'Distribution': 1}",1.1488348542809166
1588,mastodon.motcha.tech,$10^{2}$ to $10^{3}$,{'Hate Speech': 1},"{'Action': 0, 'Behavior': 0, 'Content': 1, 'Distribution': 0}",-0.0
1589,mastodon.moule.world,$10^{2}$ to $10^{3}$,"{'Illegal Content': 1, 'Hate Speech': 1, 'Mis/Disinformation/Conspiracy': 1, 'Impersonation': 1, 'Harassment': 2, 'Dogpiling': 1, 'Doxxing/ Personal Info': 1, 'NSFW': 1, 'Links & Outside Content': 1, 'Spam': 1, 'Trolling': 1, 'Off-topic/topic specific': 1, 'Images': 1, 'Content Warnings': 1, 'Copyright/ Piracy': 1, 'Incitement of Violence': 1}","{'Action': 0, 'Behavior': 6, 'Content': 9, 'Distribution': 2}",1.3792804872910605
1590,mastodon.mrak.at,$10^{1}$ to $10^{2}$ ,"{'Illegal Content': 1, 'Mis/Disinformation/Conspiracy': 1, 'Harassment': 1, 'Trolling': 1, 'Hate Speech': 1}","{'Action': 0, 'Behavior': 2, 'Content': 3, 'Distribution': 0}",0.9709505944546686
1591,mastodon.multimob.be,$10^{2}$ to $10^{3}$,"{'Content Warnings': 1, 'Images': 1, 'Hate Speech': 1, 'Incitement of Violence': 1, 'Harassment': 1, 'Doxxing/ Personal Info': 1, 'Illegal Content': 1}","{'Action': 0, 'Behavior': 2, 'Content': 5, 'Distribution': 0}",0.863120568566631
1592,mastodon.murkworks.net,$10^{2}$ to $10^{3}$,"{'Hate Speech': 2, 'Links & Outside Content': 2, 'Copyright/ Piracy': 1, 'Illegal Content': 1, 'Doxxing/ Personal Info': 1}","{'Action': 0, 'Behavior': 1, 'Content': 5, 'Distribution': 1}",1.1488348542809166
1593,mastodon.mx,$10^{2}$ to $10^{3}$,"{'NSFW': 1, 'Content Warnings': 1, 'Images': 1, 'Hate Speech': 2, 'Harassment': 1, 'Reposting/Crossposting': 1, 'Impersonation': 2, 'Spam': 1, 'Links & Outside Content': 1, 'Not Applicable': 1, 'Illegal Content': 1, 'Copyright/ Piracy': 1}","{'Action': 0, 'Behavior': 3, 'Content': 7, 'Distribution': 3}",1.4572659136233872
1594,mastodon.myaddomain.org,$10^{1}$ to $10^{2}$ ,{'Hate Speech': 1},"{'Action': 0, 'Behavior': 0, 'Content': 1, 'Distribution': 0}",-0.0
1595,mastodon.near.social,$10^{3}$ to $10^{4}$,{'Spam': 1},"{'Action': 0, 'Behavior': 0, 'Content': 0, 'Distribution': 1}",-0.0
1596,mastodon.neat.computer,$10^{2}$ to $10^{3}$,"{'Images': 1, 'Hate Speech': 1, 'Incitement of Violence': 1, 'Harassment': 1, 'Doxxing/ Personal Info': 1, 'Illegal Content': 1, 'Mis/Disinformation/Conspiracy': 1}","{'Action': 0, 'Behavior': 2, 'Content': 5, 'Distribution': 0}",0.863120568566631
1597,mastodon.neilzone.co.uk,$10^{1}$ to $10^{2}$ ,"{'Hate Speech': 1, 'Harassment': 1, 'Dogpiling': 1, 'Doxxing/ Personal Info': 1, 'Mis/Disinformation/Conspiracy': 1}","{'Action': 0, 'Behavior': 3, 'Content': 2, 'Distribution': 0}",0.9709505944546686
1598,mastodon.neito.us,$10^{1}$ to $10^{2}$ ,"{'Hate Speech': 2, 'NSFW': 1, 'Automated tools': 1, 'Incitement of Violence': 1}","{'Action': 1, 'Behavior': 0, 'Content': 4, 'Distribution': 0}",0.7219280948873623
1599,mastodon.neshweb.net,$10^{1}$ to $10^{2}$ ,{'Illegal Content': 1},"{'Action': 0, 'Behavior': 0, 'Content': 1, 'Distribution': 0}",-0.0
1600,mastodon.nether.net,$10^{1}$ to $10^{2}$ ,{'Harassment': 1},"{'Action': 0, 'Behavior': 1, 'Content': 0, 'Distribution': 0}",-0.0
1601,mastodon.nissesdomain.org,$10^{1}$ to $10^{2}$ ,"{'Hate Speech': 1, 'Doxxing/ Personal Info': 1, 'NSFW': 1}","{'Action': 0, 'Behavior': 1, 'Content': 2, 'Distribution': 0}",0.9182958340544896
1602,mastodon.nl,$10^{5}$ to $10^{6}$ ,"{'Hate Speech': 1, 'Links & Outside Content': 1, 'Illegal Content': 1, 'Advertising & Commercialization': 1, 'Spam': 1, 'Trolling': 1}","{'Action': 0, 'Behavior': 1, 'Content': 3, 'Distribution': 2}",1.4591479170272446
1603,mastodon.no2nd.earth,$10^{2}$ to $10^{3}$,"{'Off-topic/topic specific': 2, 'NSFW': 1, 'Illegal Content': 1, 'Incitement of Violence': 1, 'Hate Speech': 1, 'Mis/Disinformation/Conspiracy': 1, 'Advertising & Commercialization': 1, 'Links & Outside Content': 2, 'Reposting/Crossposting': 1}","{'Action': 0, 'Behavior': 0, 'Content': 9, 'Distribution': 2}",0.6840384356390417
1604,mastodon.nothus.fr,$10^{1}$ to $10^{2}$ ,{'Illegal Content': 1},"{'Action': 0, 'Behavior': 0, 'Content': 1, 'Distribution': 0}",-0.0
1605,mastodon.nu,$10^{5}$ to $10^{6}$ ,"{'Content Warnings': 1, 'Images': 1, 'Hate Speech': 1, 'Incitement of Violence': 1, 'Harassment': 1, 'Doxxing/ Personal Info': 1, 'Illegal Content': 1, 'Advertising & Commercialization': 1, 'Impersonation': 1}","{'Action': 0, 'Behavior': 3, 'Content': 5, 'Distribution': 1}",1.3516441151533922
1606,mastodon.nuages.noho.st,$10^{1}$ to $10^{2}$ ,"{'Hate Speech': 1, 'Harassment': 1}","{'Action': 0, 'Behavior': 1, 'Content': 1, 'Distribution': 0}",1.0
1607,mastodon.nz,$10^{4}$ to $10^{5}$,"{'Advertising & Commercialization': 2, 'Spam': 2, 'Automated tools': 2, 'Reposting/Crossposting': 1, 'Content Warnings': 1, 'Images': 2, 'Impersonation': 1, 'Hate Speech': 1, 'Illegal Content': 1, 'Incitement of Violence': 1, 'Mis/Disinformation/Conspiracy': 1, 'NSFW': 1, 'Harassment': 2, 'Doxxing/ Personal Info': 1, 'Copyright/ Piracy': 2, 'Links & Outside Content': 1}","{'Action': 2, 'Behavior': 4, 'Content': 9, 'Distribution': 7}",1.814849370119841
1608,mastodon.nzoss.nz,$10^{3}$ to $10^{4}$,"{'Automated tools': 1, 'Reposting/Crossposting': 1, 'Spam': 1, 'Impersonation': 1, 'Images': 1, 'Hate Speech': 2, 'Harassment': 1, 'Advertising & Commercialization': 1}","{'Action': 1, 'Behavior': 2, 'Content': 3, 'Distribution': 3}",1.8910611120726526
1609,mastodon.oeru.org,$10^{4}$ to $10^{5}$,"{'Advertising & Commercialization': 1, 'Automated tools': 2, 'Reposting/Crossposting': 1, 'Spam': 1, 'Hate Speech': 1, 'Harassment': 1, 'Impersonation': 1, 'Images': 1}","{'Action': 2, 'Behavior': 2, 'Content': 2, 'Distribution': 3}",1.9749375012019272
1610,mastodon.oldstyle-project.org,$10^{2}$ to $10^{3}$,"{'NSFW': 1, 'Content Warnings': 2, 'Hate Speech': 2, 'Incitement of Violence': 1, 'Harassment': 1, 'Dogpiling': 1, 'Doxxing/ Personal Info': 1, 'Images': 1, 'Mis/Disinformation/Conspiracy': 1}","{'Action': 0, 'Behavior': 3, 'Content': 8, 'Distribution': 0}",0.8453509366224364
1611,mastodon.olivr.me,$10^{1}$ to $10^{2}$ ,{'Illegal Content': 1},"{'Action': 0, 'Behavior': 0, 'Content': 1, 'Distribution': 0}",-0.0
1612,mastodon.online,$10^{6}$ to $10^{7}$,"{'Hate Speech': 1, 'Content Warnings': 1, 'Images': 1, 'Incitement of Violence': 1, 'Harassment': 1, 'Dogpiling': 1, 'Doxxing/ Personal Info': 1, 'Mis/Disinformation/Conspiracy': 1, 'Copyright/ Piracy': 1}","{'Action': 0, 'Behavior': 3, 'Content': 5, 'Distribution': 1}",1.3516441151533922
1613,mastodon.opendots.social,$10^{1}$ to $10^{2}$ ,"{'Incitement of Violence': 2, 'Hate Speech': 1, 'Harassment': 1, 'Illegal Content': 2, 'Copyright/ Piracy': 2, 'Not Applicable': 1, 'Mis/Disinformation/Conspiracy': 2}","{'Action': 0, 'Behavior': 1, 'Content': 7, 'Distribution': 2}",1.1567796494470395
1614,mastodon.opportunis.me,$10^{2}$ to $10^{3}$,"{'Hate Speech': 2, 'Doxxing/ Personal Info': 1, 'NSFW': 1, 'Content Warnings': 1, 'Harassment': 1}","{'Action': 0, 'Behavior': 2, 'Content': 4, 'Distribution': 0}",0.9182958340544896
1615,mastodon.org.uk,$10^{4}$ to $10^{5}$,"{'Images': 1, 'Hate Speech': 1, 'Incitement of Violence': 1, 'Harassment': 1, 'Doxxing/ Personal Info': 1, 'Illegal Content': 1}","{'Action': 0, 'Behavior': 2, 'Content': 4, 'Distribution': 0}",0.9182958340544896
1616,mastodon.orko.it,$10^{1}$ to $10^{2}$ ,"{'Trolling': 1, 'Advertising & Commercialization': 1, 'Spam': 1, 'Hate Speech': 1, 'Mis/Disinformation/Conspiracy': 1}","{'Action': 0, 'Behavior': 1, 'Content': 2, 'Distribution': 2}",1.5219280948873621
1617,mastodon.otherworldsink.com,$10^{2}$ to $10^{3}$,"{'Harassment': 1, 'Hate Speech': 1, 'Mis/Disinformation/Conspiracy': 1}","{'Action': 0, 'Behavior': 1, 'Content': 2, 'Distribution': 0}",0.9182958340544896
1618,mastodon.ounce.zone,$10^{1}$ to $10^{2}$ ,"{'NSFW': 1, 'Content Warnings': 1, 'Hate Speech': 1, 'Illegal Content': 1, 'Spam': 1, 'Automated tools': 1}","{'Action': 1, 'Behavior': 0, 'Content': 4, 'Distribution': 1}",1.2516291673878228
1619,mastodon.ouvaton.coop,$10^{2}$ to $10^{3}$,"{'NSFW': 1, 'Incitement of Violence': 1, 'Hate Speech': 1, 'Trolling': 1}","{'Action': 0, 'Behavior': 1, 'Content': 3, 'Distribution': 0}",0.8112781244591328
1620,mastodon.paftech.se,$10^{1}$ to $10^{2}$ ,"{'Hate Speech': 1, 'Harassment': 1}","{'Action': 0, 'Behavior': 1, 'Content': 1, 'Distribution': 0}",1.0
1621,mastodon.pappenklatsch.de,$10^{1}$ to $10^{2}$ ,"{'Images': 1, 'Hate Speech': 1, 'Incitement of Violence': 1, 'Harassment': 1, 'Doxxing/ Personal Info': 1, 'Mis/Disinformation/Conspiracy': 1}","{'Action': 0, 'Behavior': 2, 'Content': 4, 'Distribution': 0}",0.9182958340544896
1622,mastodon.parleur.net,$10^{1}$ to $10^{2}$ ,{'Hate Speech': 1},"{'Action': 0, 'Behavior': 0, 'Content': 1, 'Distribution': 0}",-0.0
1623,mastodon.partipirate.org,$10^{4}$ to $10^{5}$,{'Illegal Content': 1},"{'Action': 0, 'Behavior': 0, 'Content': 1, 'Distribution': 0}",-0.0
1624,mastodon.pathconnect.de,$10^{1}$ to $10^{2}$ ,{'Harassment': 1},"{'Action': 0, 'Behavior': 1, 'Content': 0, 'Distribution': 0}",-0.0
1625,mastodon.peaceful.social,$10^{1}$ to $10^{2}$ ,"{'NSFW': 1, 'Content Warnings': 1, 'Images': 2, 'Hate Speech': 1, 'Incitement of Violence': 1, 'Harassment': 1, 'Dogpiling': 1, 'Doxxing/ Personal Info': 1, 'Illegal Content': 1, 'Mis/Disinformation/Conspiracy': 1}","{'Action': 0, 'Behavior': 3, 'Content': 8, 'Distribution': 0}",0.8453509366224364
1626,mastodon.perso.org,$10^{1}$ to $10^{2}$ ,"{'Images': 1, 'Hate Speech': 1, 'Incitement of Violence': 1, 'Harassment': 1, 'Doxxing/ Personal Info': 1, 'Illegal Content': 1, 'Mis/Disinformation/Conspiracy': 1}","{'Action': 0, 'Behavior': 2, 'Content': 5, 'Distribution': 0}",0.863120568566631
1627,mastodon.personalspaceshow.lawyer,$10^{1}$ to $10^{2}$ ,"{'Illegal Content': 1, 'Links & Outside Content': 1}","{'Action': 0, 'Behavior': 0, 'Content': 2, 'Distribution': 0}",-0.0
1628,mastodon.ph,$10^{3}$ to $10^{4}$,"{'Illegal Content': 1, 'Content Warnings': 1, 'Images': 1, 'Hate Speech': 1, 'Incitement of Violence': 1, 'Harassment': 1, 'Dogpiling': 1, 'Doxxing/ Personal Info': 1, 'Mis/Disinformation/Conspiracy': 1}","{'Action': 0, 'Behavior': 3, 'Content': 6, 'Distribution': 0}",0.9182958340544896
1629,mastodon.pirateparty.be,$10^{4}$ to $10^{5}$,"{'Illegal Content': 1, 'Spam': 1, 'Harassment': 1, 'Doxxing/ Personal Info': 1, 'NSFW': 1, 'Content Warnings': 1, 'Images': 1, 'Not Applicable': 2, 'Reposting/Crossposting': 1, 'Automated tools': 1}","{'Action': 1, 'Behavior': 2, 'Content': 4, 'Distribution': 2}",1.836591668108979
1630,mastodon.pirati.cz,$10^{3}$ to $10^{4}$,"{'Mis/Disinformation/Conspiracy': 1, 'Content Warnings': 1, 'Images': 1, 'Incitement of Violence': 1, 'Hate Speech': 2}","{'Action': 0, 'Behavior': 0, 'Content': 6, 'Distribution': 0}",-0.0
1631,mastodon.pix-n-chill.fr,$10^{1}$ to $10^{2}$ ,"{'Hate Speech': 2, 'Content Warnings': 1, 'Images': 1}","{'Action': 0, 'Behavior': 0, 'Content': 4, 'Distribution': 0}",-0.0
1632,mastodon.pixeloasis.eu,$10^{1}$ to $10^{2}$ ,{'Illegal Content': 1},"{'Action': 0, 'Behavior': 0, 'Content': 1, 'Distribution': 0}",-0.0
1633,mastodon.pnpde.social,$10^{3}$ to $10^{4}$,"{'Images': 1, 'Hate Speech': 2, 'Illegal Content': 1, 'Copyright/ Piracy': 1}","{'Action': 0, 'Behavior': 0, 'Content': 4, 'Distribution': 1}",0.7219280948873623
1634,mastodon.polyphony.me,$10^{1}$ to $10^{2}$ ,"{'Hate Speech': 2, 'Incitement of Violence': 1, 'Harassment': 1, 'NSFW': 1}","{'Action': 0, 'Behavior': 1, 'Content': 4, 'Distribution': 0}",0.7219280948873623
1635,mastodon.positivenerd.duckdns.org,$10^{2}$ to $10^{3}$,"{'Hate Speech': 1, 'Harassment': 1, 'Trolling': 1}","{'Action': 0, 'Behavior': 2, 'Content': 1, 'Distribution': 0}",0.9182958340544896
1636,mastodon.pretendo.network,$10^{1}$ to $10^{2}$ ,"{'Hate Speech': 1, 'Harassment': 1, 'NSFW': 1, 'Links & Outside Content': 2, 'Images': 1, 'Advertising & Commercialization': 1, 'Spam': 1, 'Illegal Content': 1, 'Copyright/ Piracy': 1}","{'Action': 0, 'Behavior': 1, 'Content': 6, 'Distribution': 3}",1.295461844238322
1637,mastodon.pub.solar,$10^{2}$ to $10^{3}$,"{'Advertising & Commercialization': 1, 'Spam': 1, 'Mis/Disinformation/Conspiracy': 1, 'Illegal Content': 1, 'Hate Speech': 2, 'Incitement of Violence': 1, 'NSFW': 1, 'Content Warnings': 1}","{'Action': 0, 'Behavior': 0, 'Content': 7, 'Distribution': 2}",0.7642045065086203
1638,mastodon.pundo.com,$10^{1}$ to $10^{2}$ ,"{'Content Warnings': 1, 'Advertising & Commercialization': 1, 'Spam': 1, 'Hate Speech': 1}","{'Action': 0, 'Behavior': 0, 'Content': 2, 'Distribution': 2}",1.0
1639,mastodon.quantumindigo.org,$10^{2}$ to $10^{3}$,"{'Advertising & Commercialization': 1, 'Spam': 1, 'Mis/Disinformation/Conspiracy': 2, 'Illegal Content': 1, 'Hate Speech': 3, 'Incitement of Violence': 1}","{'Action': 0, 'Behavior': 0, 'Content': 7, 'Distribution': 2}",0.7642045065086203
1640,mastodon.quebec,$10^{2}$ to $10^{3}$,"{'Hate Speech': 1, 'Mis/Disinformation/Conspiracy': 1, 'Harassment': 1, 'Incitement of Violence': 1, 'Advertising & Commercialization': 1, 'Spam': 1}","{'Action': 0, 'Behavior': 1, 'Content': 3, 'Distribution': 2}",1.4591479170272446
1641,mastodon.queensnkings.de,$10^{1}$ to $10^{2}$ ,{'Hate Speech': 1},"{'Action': 0, 'Behavior': 0, 'Content': 1, 'Distribution': 0}",-0.0
1642,mastodon.raddemo.host,$10^{1}$ to $10^{2}$ ,"{'Hate Speech': 1, 'Harassment': 2, 'Dogpiling': 1, 'Doxxing/ Personal Info': 1, 'Trolling': 1, 'NSFW': 1, 'Images': 1, 'Advertising & Commercialization': 1, 'Spam': 1, 'Not Applicable': 1, 'Automated tools': 1, 'Content Warnings': 1}","{'Action': 1, 'Behavior': 5, 'Content': 4, 'Distribution': 2}",1.7841591278514217
1643,mastodon.radio,$10^{4}$ to $10^{5}$,"{'Hate Speech': 1, 'Images': 1, 'Harassment': 1, 'Trolling': 1, 'Advertising & Commercialization': 1, 'Incitement of Violence': 1, 'Spam': 1, 'NSFW': 1, 'Illegal Content': 1}","{'Action': 0, 'Behavior': 2, 'Content': 5, 'Distribution': 2}",1.4355205042826666
1644,mastodon.ramble.moe,$10^{1}$ to $10^{2}$ ,"{'Harassment': 1, 'NSFW': 1, 'Content Warnings': 1}","{'Action': 0, 'Behavior': 1, 'Content': 2, 'Distribution': 0}",0.9182958340544896
1645,mastodon.re,$10^{1}$ to $10^{2}$ ,"{'Illegal Content': 1, 'NSFW': 1, 'Images': 2, 'Advertising & Commercialization': 1, 'Spam': 1, 'Harassment': 3, 'Off-topic/topic specific': 1, 'Hate Speech': 2, 'Doxxing/ Personal Info': 2, 'Mis/Disinformation/Conspiracy': 1}","{'Action': 0, 'Behavior': 5, 'Content': 8, 'Distribution': 2}",1.3995812306460644
1646,mastodon.redstonelp2.com,$10^{1}$ to $10^{2}$ ,{'Illegal Content': 1},"{'Action': 0, 'Behavior': 0, 'Content': 1, 'Distribution': 0}",-0.0
1647,mastodon.replacementhipster.com,$10^{1}$ to $10^{2}$ ,"{'Hate Speech': 1, 'NSFW': 2, 'Illegal Content': 1, 'Content Warnings': 1, 'Harassment': 1, 'Doxxing/ Personal Info': 1}","{'Action': 0, 'Behavior': 2, 'Content': 5, 'Distribution': 0}",0.863120568566631
1648,mastodon.researchinstitute.at,$10^{1}$ to $10^{2}$ ,"{'Hate Speech': 1, 'Harassment': 1, 'Doxxing/ Personal Info': 1, 'Illegal Content': 1, 'Automated tools': 1, 'NSFW': 1, 'Content Warnings': 1, 'Images': 1}","{'Action': 1, 'Behavior': 2, 'Content': 5, 'Distribution': 0}",1.2987949406953985
1649,mastodon.richardloxley.com,$10^{1}$ to $10^{2}$ ,{'Spam': 1},"{'Action': 0, 'Behavior': 0, 'Content': 0, 'Distribution': 1}",-0.0
1650,mastodon.rockhost.se,$10^{1}$ to $10^{2}$ ,"{'Hate Speech': 2, 'Harassment': 3, 'Incitement of Violence': 2, 'Illegal Content': 1, 'Copyright/ Piracy': 2, 'Spam': 1, 'Doxxing/ Personal Info': 1}","{'Action': 0, 'Behavior': 4, 'Content': 5, 'Distribution': 3}",1.5545851693377994
1651,mastodon.roe.dev,$10^{1}$ to $10^{2}$ ,"{'Hate Speech': 5, 'Incitement of Violence': 1, 'Harassment': 1, 'Spam': 1}","{'Action': 0, 'Behavior': 1, 'Content': 6, 'Distribution': 1}",1.061278124459133
1652,mastodon.run,$10^{1}$ to $10^{2}$ ,"{'Hate Speech': 1, 'Advertising & Commercialization': 1, 'Spam': 1, 'NSFW': 1}","{'Action': 0, 'Behavior': 0, 'Content': 2, 'Distribution': 2}",1.0
1653,mastodon.rym.social,$10^{1}$ to $10^{2}$ ,{'Hate Speech': 1},"{'Action': 0, 'Behavior': 0, 'Content': 1, 'Distribution': 0}",-0.0
1654,mastodon.rzgierskopp.de,$10^{1}$ to $10^{2}$ ,"{'Hate Speech': 2, 'Harassment': 1, 'Illegal Content': 2, 'NSFW': 1, 'Content Warnings': 2, 'Images': 1}","{'Action': 0, 'Behavior': 1, 'Content': 8, 'Distribution': 0}",0.5032583347756457
1655,mastodon.sandwich.net,$10^{3}$ to $10^{4}$,"{'Harassment': 1, 'Trolling': 1, 'Hate Speech': 1, 'Spam': 1, 'NSFW': 1, 'Content Warnings': 1, 'Mis/Disinformation/Conspiracy': 1}","{'Action': 0, 'Behavior': 2, 'Content': 4, 'Distribution': 1}",1.3787834934861753
1656,mastodon.schnuffle.de,$10^{1}$ to $10^{2}$ ,"{'Hate Speech': 2, 'Harassment': 1, 'Advertising & Commercialization': 1, 'Spam': 2, 'Content Warnings': 1, 'Images': 1, 'Mis/Disinformation/Conspiracy': 1}","{'Action': 0, 'Behavior': 1, 'Content': 5, 'Distribution': 3}",1.3516441151533924
1657,mastodon.schule,$10^{3}$ to $10^{4}$,"{'Illegal Content': 1, 'Mis/Disinformation/Conspiracy': 1}","{'Action': 0, 'Behavior': 0, 'Content': 2, 'Distribution': 0}",-0.0
1658,mastodon.schwanzer.online,$10^{1}$ to $10^{2}$ ,"{'Hate Speech': 2, 'Content Warnings': 1}","{'Action': 0, 'Behavior': 0, 'Content': 3, 'Distribution': 0}",-0.0
1659,mastodon.scientiam.org,$10^{1}$ to $10^{2}$ ,{'Hate Speech': 1},"{'Action': 0, 'Behavior': 0, 'Content': 1, 'Distribution': 0}",-0.0
1660,mastodon.scollectif.fr,$10^{3}$ to $10^{4}$,"{'NSFW': 2, 'Incitement of Violence': 3, 'Illegal Content': 1, 'Doxxing/ Personal Info': 1, 'Hate Speech': 3, 'Harassment': 2, 'Copyright/ Piracy': 1}","{'Action': 0, 'Behavior': 3, 'Content': 9, 'Distribution': 1}",1.1401156785146092
1661,mastodon.scop.coop,$10^{3}$ to $10^{4}$,"{'Illegal Content': 4, 'Hate Speech': 2, 'Harassment': 3, 'Doxxing/ Personal Info': 1, 'Incitement of Violence': 2, 'NSFW': 2, 'Advertising & Commercialization': 1, 'Spam': 1}","{'Action': 0, 'Behavior': 4, 'Content': 10, 'Distribution': 2}",1.2987949406953985
1662,mastodon.scot,$10^{5}$ to $10^{6}$ ,"{'Hate Speech': 1, 'NSFW': 1, 'Content Warnings': 1, 'Images': 1, 'Harassment': 1, 'Illegal Content': 1, 'Incitement of Violence': 1, 'Mis/Disinformation/Conspiracy': 1, 'Advertising & Commercialization': 1, 'Spam': 1, 'Impersonation': 1, 'Automated tools': 1}","{'Action': 1, 'Behavior': 2, 'Content': 7, 'Distribution': 2}",1.6140054628542202
1663,mastodon.sdf.org,$10^{5}$ to $10^{6}$ ,"{'Hate Speech': 1, 'Harassment': 1, 'Advertising & Commercialization': 1, 'Copyright/ Piracy': 1}","{'Action': 0, 'Behavior': 1, 'Content': 1, 'Distribution': 2}",1.5
1664,mastodon.seishiono.com,$10^{1}$ to $10^{2}$ ,"{'Hate Speech': 1, 'Copyright/ Piracy': 1, 'Doxxing/ Personal Info': 1, 'NSFW': 1, 'Illegal Content': 1, 'Spam': 1, 'Harassment': 1}","{'Action': 0, 'Behavior': 2, 'Content': 3, 'Distribution': 2}",1.5566567074628228
1665,mastodon.server.fifthdread.com,$10^{1}$ to $10^{2}$ ,"{'NSFW': 1, 'Content Warnings': 1}","{'Action': 0, 'Behavior': 0, 'Content': 2, 'Distribution': 0}",-0.0
1666,mastodon.sg,$10^{3}$ to $10^{4}$,"{'Content Warnings': 1, 'Images': 1, 'Hate Speech': 1, 'Incitement of Violence': 1, 'Harassment': 1, 'Doxxing/ Personal Info': 1, 'Mis/Disinformation/Conspiracy': 1, 'Illegal Content': 1, 'Advertising & Commercialization': 1, 'Automated tools': 1}","{'Action': 1, 'Behavior': 2, 'Content': 6, 'Distribution': 1}",1.5709505944546687
1667,mastodon.sharma.io,$10^{1}$ to $10^{2}$ ,{'Harassment': 1},"{'Action': 0, 'Behavior': 1, 'Content': 0, 'Distribution': 0}",-0.0
1668,mastodon.shatteredsky.net,$10^{1}$ to $10^{2}$ ,"{'Illegal Content': 1, 'Incitement of Violence': 1, 'Harassment': 1, 'Dogpiling': 1, 'Doxxing/ Personal Info': 1, 'Hate Speech': 1, 'Mis/Disinformation/Conspiracy': 1, 'Content Warnings': 1, 'Images': 1}","{'Action': 0, 'Behavior': 3, 'Content': 6, 'Distribution': 0}",0.9182958340544896
1669,mastodon.simpreative.network,$10^{1}$ to $10^{2}$ ,"{'Trolling': 1, 'Hate Speech': 1, 'Harassment': 1}","{'Action': 0, 'Behavior': 2, 'Content': 1, 'Distribution': 0}",0.9182958340544896
1670,mastodon.sinoru.me,$10^{1}$ to $10^{2}$ ,"{'Content Warnings': 1, 'Images': 1, 'Advertising & Commercialization': 1, 'Spam': 1, 'Hate Speech': 1, 'Incitement of Violence': 1, 'Harassment': 1, 'Doxxing/ Personal Info': 1, 'Illegal Content': 1, 'Mis/Disinformation/Conspiracy': 1}","{'Action': 0, 'Behavior': 2, 'Content': 6, 'Distribution': 2}",1.3709505944546687
1671,mastodon.skrimmage.com,$10^{3}$ to $10^{4}$,"{'Hate Speech': 1, 'Incitement of Violence': 1, 'Mis/Disinformation/Conspiracy': 1, 'Harassment': 1, 'Dogpiling': 1, 'Doxxing/ Personal Info': 1, 'Illegal Content': 1, 'Copyright/ Piracy': 1, 'Impersonation': 1}","{'Action': 0, 'Behavior': 4, 'Content': 4, 'Distribution': 1}",1.3921472236645345
1672,mastodon.sl,$10^{2}$ to $10^{3}$,"{'Illegal Content': 1, 'Hate Speech': 1, 'Spam': 1}","{'Action': 0, 'Behavior': 0, 'Content': 2, 'Distribution': 1}",0.9182958340544896
1673,mastodon.snld.ca,$10^{1}$ to $10^{2}$ ,"{'Hate Speech': 1, 'Harassment': 1, 'Spam': 1, 'Mis/Disinformation/Conspiracy': 1, 'NSFW': 1, 'Doxxing/ Personal Info': 1, 'Incitement of Violence': 1, 'Trolling': 1, 'Illegal Content': 1}","{'Action': 0, 'Behavior': 3, 'Content': 5, 'Distribution': 1}",1.3516441151533922
1674,mastodon.snmsoc.org,$10^{1}$ to $10^{2}$ ,"{'Hate Speech': 8, 'Off-topic/topic specific': 1, 'Harassment': 1}","{'Action': 0, 'Behavior': 1, 'Content': 9, 'Distribution': 0}",0.4689955935892812
1675,mastodon.snthtns.jp,$10^{1}$ to $10^{2}$ ,{'Illegal Content': 1},"{'Action': 0, 'Behavior': 0, 'Content': 1, 'Distribution': 0}",-0.0
1676,mastodon.spowage.info,$10^{1}$ to $10^{2}$ ,{'Hate Speech': 1},"{'Action': 0, 'Behavior': 0, 'Content': 1, 'Distribution': 0}",-0.0
1677,mastodon.sprawl.club,$10^{1}$ to $10^{2}$ ,"{'Spam': 1, 'Hate Speech': 1, 'Harassment': 1, 'Not Applicable': 1, 'Automated tools': 1}","{'Action': 1, 'Behavior': 1, 'Content': 1, 'Distribution': 1}",2.0
1678,mastodon.squarecows.com,$10^{1}$ to $10^{2}$ ,{'Harassment': 1},"{'Action': 0, 'Behavior': 1, 'Content': 0, 'Distribution': 0}",-0.0
1679,mastodon.stahlstadt.cloud,$10^{1}$ to $10^{2}$ ,"{'Illegal Content': 1, 'Hate Speech': 1, 'NSFW': 1, 'Content Warnings': 1, 'Images': 1, 'Harassment': 1, 'Incitement of Violence': 1}","{'Action': 0, 'Behavior': 1, 'Content': 6, 'Distribution': 0}",0.5916727785823275
1680,mastodon.star-one.org.uk,$10^{2}$ to $10^{3}$,{'Hate Speech': 1},"{'Action': 0, 'Behavior': 0, 'Content': 1, 'Distribution': 0}",-0.0
1681,mastodon.staton.us,$10^{1}$ to $10^{2}$ ,{'Illegal Content': 1},"{'Action': 0, 'Behavior': 0, 'Content': 1, 'Distribution': 0}",-0.0
1682,mastodon.steinernebruecke.de,$10^{2}$ to $10^{3}$,"{'Harassment': 1, 'NSFW': 1, 'Illegal Content': 1, 'Mis/Disinformation/Conspiracy': 1}","{'Action': 0, 'Behavior': 1, 'Content': 3, 'Distribution': 0}",0.8112781244591328
1683,mastodon.stevesworld.co,$10^{1}$ to $10^{2}$ ,{'Hate Speech': 2},"{'Action': 0, 'Behavior': 0, 'Content': 2, 'Distribution': 0}",-0.0
1684,mastodon.stickbear.me,$10^{2}$ to $10^{3}$,"{'Illegal Content': 2, 'Hate Speech': 2, 'Incitement of Violence': 2, 'Copyright/ Piracy': 2, 'Harassment': 2, 'Doxxing/ Personal Info': 2, 'Mis/Disinformation/Conspiracy': 2, 'Impersonation': 1, 'Advertising & Commercialization': 1, 'Automated tools': 1, 'Content Warnings': 3, 'Off-topic/topic specific': 1, 'Images': 1, 'NSFW': 1, 'Not Applicable': 1, 'Reposting/Crossposting': 1}","{'Action': 1, 'Behavior': 5, 'Content': 14, 'Distribution': 4}",1.5469371097526865
1685,mastodon.straylight.engineering,$10^{1}$ to $10^{2}$ ,"{'Hate Speech': 2, 'NSFW': 1}","{'Action': 0, 'Behavior': 0, 'Content': 3, 'Distribution': 0}",-0.0
1686,mastodon.stuttgart.international,$10^{3}$ to $10^{4}$,{'Doxxing/ Personal Info': 1},"{'Action': 0, 'Behavior': 1, 'Content': 0, 'Distribution': 0}",-0.0
1687,mastodon.svgun.ru,$10^{1}$ to $10^{2}$ ,{'Advertising & Commercialization': 1},"{'Action': 0, 'Behavior': 0, 'Content': 0, 'Distribution': 1}",-0.0
1688,mastodon.tails.ch,$10^{2}$ to $10^{3}$,"{'Mis/Disinformation/Conspiracy': 1, 'Hate Speech': 1, 'Harassment': 1, 'Content Warnings': 1, 'Images': 1}","{'Action': 0, 'Behavior': 1, 'Content': 4, 'Distribution': 0}",0.7219280948873623
1689,mastodon.teachmaths.org,$10^{1}$ to $10^{2}$ ,"{'Content Warnings': 1, 'Images': 1, 'Hate Speech': 1, 'Incitement of Violence': 1, 'Harassment': 1, 'Doxxing/ Personal Info': 1, 'Illegal Content': 1, 'Mis/Disinformation/Conspiracy': 1}","{'Action': 0, 'Behavior': 2, 'Content': 6, 'Distribution': 0}",0.8112781244591328
1690,mastodon.tech-nico.de,$10^{1}$ to $10^{2}$ ,"{'Images': 1, 'Hate Speech': 1, 'Incitement of Violence': 2, 'Harassment': 1, 'Doxxing/ Personal Info': 1, 'Illegal Content': 1, 'Mis/Disinformation/Conspiracy': 1}","{'Action': 0, 'Behavior': 2, 'Content': 6, 'Distribution': 0}",0.8112781244591328
1691,mastodon.techrekt.com,$10^{1}$ to $10^{2}$ ,{'Harassment': 1},"{'Action': 0, 'Behavior': 1, 'Content': 0, 'Distribution': 0}",-0.0
1692,mastodon.tedomum.net,$10^{3}$ to $10^{4}$,"{'Illegal Content': 3, 'Hate Speech': 4, 'Harassment': 1, 'Incitement of Violence': 2, 'NSFW': 1, 'Content Warnings': 4, 'Images': 1, 'Mis/Disinformation/Conspiracy': 1, 'Spam': 2, 'Links & Outside Content': 1, 'Doxxing/ Personal Info': 2, 'Copyright/ Piracy': 1, 'Automated tools': 1}","{'Action': 1, 'Behavior': 3, 'Content': 17, 'Distribution': 3}",1.2934356963218767
1693,mastodon.teia.art,$10^{3}$ to $10^{4}$,"{'Links & Outside Content': 1, 'Harassment': 2, 'Impersonation': 1, 'Spam': 1, 'NSFW': 1, 'Content Warnings': 1}","{'Action': 0, 'Behavior': 3, 'Content': 3, 'Distribution': 1}",1.4488156357251847
1694,mastodon.tetaneutral.net,$10^{3}$ to $10^{4}$,"{'Illegal Content': 2, 'Harassment': 1, 'Dogpiling': 1, 'Hate Speech': 1, 'Mis/Disinformation/Conspiracy': 1}","{'Action': 0, 'Behavior': 2, 'Content': 4, 'Distribution': 0}",0.9182958340544896
1695,mastodon.thefword.club,$10^{1}$ to $10^{2}$ ,"{'Hate Speech': 3, 'Harassment': 3, 'Dogpiling': 1, 'Spam': 1, 'Automated tools': 1, 'Content Warnings': 1, 'Illegal Content': 1, 'Mis/Disinformation/Conspiracy': 1}","{'Action': 1, 'Behavior': 4, 'Content': 6, 'Distribution': 1}",1.6258145836939115
1696,mastodon.theshowshow.tv,$10^{2}$ to $10^{3}$,"{'Impersonation': 1, 'Off-topic/topic specific': 1, 'Hate Speech': 1, 'Harassment': 1}","{'Action': 0, 'Behavior': 2, 'Content': 2, 'Distribution': 0}",1.0
1697,mastodon.thesuntrip.com,$10^{1}$ to $10^{2}$ ,{'Off-topic/topic specific': 1},"{'Action': 0, 'Behavior': 0, 'Content': 1, 'Distribution': 0}",-0.0
1698,mastodon.thirring.org,$10^{2}$ to $10^{3}$,"{'NSFW': 1, 'Images': 1, 'Hate Speech': 1, 'Incitement of Violence': 1, 'Harassment': 1, 'Doxxing/ Personal Info': 1}","{'Action': 0, 'Behavior': 2, 'Content': 4, 'Distribution': 0}",0.9182958340544896
1699,mastodon.thomaspreece.net,$10^{1}$ to $10^{2}$ ,"{'NSFW': 1, 'Content Warnings': 1, 'Images': 1, 'Hate Speech': 1, 'Mis/Disinformation/Conspiracy': 1, 'Harassment': 1, 'Illegal Content': 1}","{'Action': 0, 'Behavior': 1, 'Content': 6, 'Distribution': 0}",0.5916727785823275
1700,mastodon.tod.net,$10^{2}$ to $10^{3}$,{'Illegal Content': 1},"{'Action': 0, 'Behavior': 0, 'Content': 1, 'Distribution': 0}",-0.0
1701,mastodon.tokyo,$10^{2}$ to $10^{3}$,"{'Incitement of Violence': 1, 'Spam': 1, 'Hate Speech': 1, 'Mis/Disinformation/Conspiracy': 1}","{'Action': 0, 'Behavior': 0, 'Content': 3, 'Distribution': 1}",0.8112781244591328
1702,mastodon.top,$10^{5}$ to $10^{6}$ ,"{'Spam': 1, 'Automated tools': 1, 'Hate Speech': 2, 'Illegal Content': 1, 'NSFW': 1, 'Content Warnings': 2, 'Mis/Disinformation/Conspiracy': 1}","{'Action': 1, 'Behavior': 0, 'Content': 7, 'Distribution': 1}",0.9864267287308424
1703,mastodon.totmin.ru,$10^{2}$ to $10^{3}$,"{'Illegal Content': 1, 'Mis/Disinformation/Conspiracy': 1}","{'Action': 0, 'Behavior': 0, 'Content': 2, 'Distribution': 0}",-0.0
1704,mastodon.train.cz,$10^{1}$ to $10^{2}$ ,{'Spam': 1},"{'Action': 0, 'Behavior': 0, 'Content': 0, 'Distribution': 1}",-0.0
1705,mastodon.transneptune.net,$10^{2}$ to $10^{3}$,{'Hate Speech': 1},"{'Action': 0, 'Behavior': 0, 'Content': 1, 'Distribution': 0}",-0.0
1706,mastodon.tudgwal.fr,$10^{1}$ to $10^{2}$ ,"{'Hate Speech': 1, 'Harassment': 1}","{'Action': 0, 'Behavior': 1, 'Content': 1, 'Distribution': 0}",1.0
1707,mastodon.tuxtendo.nl,$10^{1}$ to $10^{2}$ ,"{'Hate Speech': 2, 'NSFW': 1}","{'Action': 0, 'Behavior': 0, 'Content': 3, 'Distribution': 0}",-0.0
1708,mastodon.twictee.org,$10^{3}$ to $10^{4}$,"{'NSFW': 2, 'Incitement of Violence': 3, 'Illegal Content': 1, 'Doxxing/ Personal Info': 1, 'Hate Speech': 3, 'Harassment': 2, 'Copyright/ Piracy': 1}","{'Action': 0, 'Behavior': 3, 'Content': 9, 'Distribution': 1}",1.1401156785146092
1709,mastodon.tymoon.eu,$10^{1}$ to $10^{2}$ ,"{'NSFW': 1, 'Illegal Content': 1, 'Hate Speech': 1}","{'Action': 0, 'Behavior': 0, 'Content': 3, 'Distribution': 0}",-0.0
1710,mastodon.underworld.fr,$10^{3}$ to $10^{4}$,"{'Mis/Disinformation/Conspiracy': 1, 'Illegal Content': 2, 'Harassment': 1, 'Doxxing/ Personal Info': 1, 'Incitement of Violence': 1, 'Hate Speech': 1}","{'Action': 0, 'Behavior': 2, 'Content': 5, 'Distribution': 0}",0.863120568566631
1711,mastodon.uniastur.com,$10^{2}$ to $10^{3}$,"{'Hate Speech': 1, 'Spam': 1, 'Harassment': 1}","{'Action': 0, 'Behavior': 1, 'Content': 1, 'Distribution': 1}",1.584962500721156
1712,mastodon.unmadegaming.com,$10^{2}$ to $10^{3}$,"{'Hate Speech': 1, 'Harassment': 1, 'Dogpiling': 1, 'Mis/Disinformation/Conspiracy': 1, 'Doxxing/ Personal Info': 1, 'NSFW': 1}","{'Action': 0, 'Behavior': 3, 'Content': 3, 'Distribution': 0}",1.0
1713,mastodon.uno,$10^{5}$ to $10^{6}$ ,"{'Harassment': 2, 'Trolling': 1, 'Mis/Disinformation/Conspiracy': 1, 'Dogpiling': 1, 'Doxxing/ Personal Info': 1, 'Hate Speech': 3, 'NSFW': 1, 'Spam': 1, 'Automated tools': 2, 'Not Applicable': 1}","{'Action': 2, 'Behavior': 5, 'Content': 5, 'Distribution': 1}",1.760495029766198
1714,mastodon.uy,$10^{4}$ to $10^{5}$,"{'Illegal Content': 1, 'Incitement of Violence': 2, 'Harassment': 1, 'Doxxing/ Personal Info': 1, 'Hate Speech': 2, 'Spam': 1, 'Automated tools': 1, 'NSFW': 1, 'Content Warnings': 1}","{'Action': 1, 'Behavior': 2, 'Content': 7, 'Distribution': 1}",1.4911148500551858
1715,mastodon.valha.la,$10^{1}$ to $10^{2}$ ,{'Illegal Content': 1},"{'Action': 0, 'Behavior': 0, 'Content': 1, 'Distribution': 0}",-0.0
1716,mastodon.vanlife.is,$10^{2}$ to $10^{3}$,"{'Content Warnings': 1, 'Images': 1, 'Hate Speech': 1, 'Incitement of Violence': 1, 'Harassment': 1, 'Doxxing/ Personal Info': 1, 'Mis/Disinformation/Conspiracy': 1}","{'Action': 0, 'Behavior': 2, 'Content': 5, 'Distribution': 0}",0.863120568566631
1717,mastodon.vaporghost.at,$10^{1}$ to $10^{2}$ ,"{'Content Warnings': 1, 'Images': 1, 'Hate Speech': 1, 'Incitement of Violence': 1, 'Harassment': 1, 'Doxxing/ Personal Info': 1, 'Mis/Disinformation/Conspiracy': 1, 'Copyright/ Piracy': 1}","{'Action': 0, 'Behavior': 2, 'Content': 5, 'Distribution': 1}",1.2987949406953985
1718,mastodon.vapronva.pw,$10^{1}$ to $10^{2}$ ,"{'NSFW': 1, 'Content Warnings': 1, 'Harassment': 2, 'Doxxing/ Personal Info': 1, 'Illegal Content': 1, 'Hate Speech': 2, 'Advertising & Commercialization': 1, 'Spam': 1, 'Copyright/ Piracy': 1}","{'Action': 0, 'Behavior': 3, 'Content': 5, 'Distribution': 3}",1.5394847569315018
1719,mastodon.vervainglobal.com,$10^{1}$ to $10^{2}$ ,{'Illegal Content': 1},"{'Action': 0, 'Behavior': 0, 'Content': 1, 'Distribution': 0}",-0.0
1720,mastodon.vhack.eu,$10^{1}$ to $10^{2}$ ,"{'Hate Speech': 1, 'NSFW': 1, 'Content Warnings': 1, 'Images': 1}","{'Action': 0, 'Behavior': 0, 'Content': 4, 'Distribution': 0}",-0.0
1721,mastodon.vhome.info,$10^{1}$ to $10^{2}$ ,"{'Content Warnings': 1, 'Images': 1, 'Advertising & Commercialization': 1, 'Spam': 1, 'Hate Speech': 1, 'Incitement of Violence': 2, 'Harassment': 1, 'Doxxing/ Personal Info': 1, 'Illegal Content': 1, 'Mis/Disinformation/Conspiracy': 1}","{'Action': 0, 'Behavior': 2, 'Content': 7, 'Distribution': 2}",1.3092966682370037
1722,mastodon.vlaanderen,$10^{4}$ to $10^{5}$,"{'Hate Speech': 1, 'Illegal Content': 1, 'Incitement of Violence': 1, 'Harassment': 1, 'Doxxing/ Personal Info': 1, 'Mis/Disinformation/Conspiracy': 1, 'Spam': 2, 'Trolling': 1, 'Impersonation': 1, 'Content Warnings': 1, 'NSFW': 1, 'Automated tools': 1, 'Advertising & Commercialization': 1}","{'Action': 1, 'Behavior': 4, 'Content': 6, 'Distribution': 3}",1.7884504573082893
1723,mastodon.vtip.me,$10^{1}$ to $10^{2}$ ,"{'Illegal Content': 1, 'Hate Speech': 1, 'Trolling': 1, 'Harassment': 1, 'Dogpiling': 1, 'Doxxing/ Personal Info': 2, 'Incitement of Violence': 1, 'Mis/Disinformation/Conspiracy': 1, 'Automated tools': 1, 'NSFW': 2, 'Not Applicable': 1}","{'Action': 1, 'Behavior': 5, 'Content': 6, 'Distribution': 0}",1.3250112108241772
1724,mastodon.wdorff.dev,$10^{1}$ to $10^{2}$ ,{'Illegal Content': 1},"{'Action': 0, 'Behavior': 0, 'Content': 1, 'Distribution': 0}",-0.0
1725,mastodon.weinzierlweb.com,$10^{1}$ to $10^{2}$ ,{'Impersonation': 1},"{'Action': 0, 'Behavior': 1, 'Content': 0, 'Distribution': 0}",-0.0
1726,mastodon.well.com,$10^{3}$ to $10^{4}$,"{'Hate Speech': 1, 'Incitement of Violence': 1, 'Harassment': 1, 'Doxxing/ Personal Info': 1, 'Advertising & Commercialization': 1, 'Spam': 1, 'Links & Outside Content': 1, 'Mis/Disinformation/Conspiracy': 1, 'Content Warnings': 1, 'Images': 1, 'Illegal Content': 1, 'Copyright/ Piracy': 1}","{'Action': 0, 'Behavior': 2, 'Content': 7, 'Distribution': 3}",1.384431504340598
1727,mastodon.wellperns.com,$10^{3}$ to $10^{4}$,"{'Spam': 1, 'Harassment': 1, 'Copyright/ Piracy': 1}","{'Action': 0, 'Behavior': 1, 'Content': 0, 'Distribution': 2}",0.9182958340544896
1728,mastodon.westsideblogger.eu,$10^{1}$ to $10^{2}$ ,"{'Hate Speech': 1, 'Incitement of Violence': 1, 'Harassment': 1, 'Doxxing/ Personal Info': 1, 'Illegal Content': 1, 'Mis/Disinformation/Conspiracy': 1, 'Content Warnings': 1, 'Images': 1}","{'Action': 0, 'Behavior': 2, 'Content': 6, 'Distribution': 0}",0.8112781244591328
1729,mastodon.wien,$10^{3}$ to $10^{4}$,"{'Harassment': 1, 'Doxxing/ Personal Info': 1, 'NSFW': 1, 'Hate Speech': 1, 'Mis/Disinformation/Conspiracy': 1}","{'Action': 0, 'Behavior': 2, 'Content': 3, 'Distribution': 0}",0.9709505944546686
1730,mastodon.woodburn.au,$10^{1}$ to $10^{2}$ ,"{'NSFW': 1, 'Illegal Content': 1}","{'Action': 0, 'Behavior': 0, 'Content': 2, 'Distribution': 0}",-0.0
1731,mastodon.wssmagazine.com,$10^{3}$ to $10^{4}$,{'Off-topic/topic specific': 1},"{'Action': 0, 'Behavior': 0, 'Content': 1, 'Distribution': 0}",-0.0
1732,mastodon.wurzelmann.at,$10^{2}$ to $10^{3}$,"{'Hate Speech': 2, 'Incitement of Violence': 1}","{'Action': 0, 'Behavior': 0, 'Content': 3, 'Distribution': 0}",-0.0
1733,mastodon.xcsdm.com,$10^{1}$ to $10^{2}$ ,"{'Hate Speech': 1, 'Advertising & Commercialization': 1, 'Content Warnings': 1, 'NSFW': 1, 'Images': 1}","{'Action': 0, 'Behavior': 0, 'Content': 4, 'Distribution': 1}",0.7219280948873623
1734,mastodon.xn--q9jyb4c,$10^{2}$ to $10^{3}$,"{'Hate Speech': 1, 'Spam': 1}","{'Action': 0, 'Behavior': 0, 'Content': 1, 'Distribution': 1}",1.0
1735,mastodon.xy-space.de,$10^{2}$ to $10^{3}$,"{'Images': 15, 'Hate Speech': 16, 'Mis/Disinformation/Conspiracy': 16, 'Harassment': 8, 'Illegal Content': 5}","{'Action': 0, 'Behavior': 8, 'Content': 52, 'Distribution': 0}",0.5665095065529053
1736,mastodon.yakovlev.me,$10^{1}$ to $10^{2}$ ,{'Hate Speech': 1},"{'Action': 0, 'Behavior': 0, 'Content': 1, 'Distribution': 0}",-0.0
1737,mastodon.yshi.org,$10^{2}$ to $10^{3}$,"{'Images': 1, 'Hate Speech': 1, 'Incitement of Violence': 1, 'Harassment': 1, 'Doxxing/ Personal Info': 1, 'Mis/Disinformation/Conspiracy': 1}","{'Action': 0, 'Behavior': 2, 'Content': 4, 'Distribution': 0}",0.9182958340544896
1738,mastodon.yyyyy.world,$10^{2}$ to $10^{3}$,"{'Illegal Content': 1, 'Not Applicable': 1, 'Harassment': 1}","{'Action': 0, 'Behavior': 1, 'Content': 1, 'Distribution': 0}",1.0
1739,mastodon.zaclys.com,$10^{4}$ to $10^{5}$,"{'Incitement of Violence': 1, 'Trolling': 1, 'NSFW': 1, 'Hate Speech': 1, 'Harassment': 1}","{'Action': 0, 'Behavior': 2, 'Content': 3, 'Distribution': 0}",0.9709505944546686
1740,mastodon.zazamankh.com,$10^{1}$ to $10^{2}$ ,{'Hate Speech': 1},"{'Action': 0, 'Behavior': 0, 'Content': 1, 'Distribution': 0}",-0.0
1741,mastodon.zevs.me,$10^{2}$ to $10^{3}$,{'Hate Speech': 1},"{'Action': 0, 'Behavior': 0, 'Content': 1, 'Distribution': 0}",-0.0
1742,mastodon.zufki.de,$10^{1}$ to $10^{2}$ ,"{'Illegal Content': 1, 'Mis/Disinformation/Conspiracy': 1, 'Hate Speech': 1, 'Spam': 1, 'Harassment': 1, 'Trolling': 1}","{'Action': 0, 'Behavior': 2, 'Content': 3, 'Distribution': 1}",1.4591479170272448
1743,mastodon.zunda.ninja,$10^{1}$ to $10^{2}$ ,{'Doxxing/ Personal Info': 1},"{'Action': 0, 'Behavior': 1, 'Content': 0, 'Distribution': 0}",-0.0
1744,mastodon2.juggler.jp,$10^{1}$ to $10^{2}$ ,"{'Links & Outside Content': 1, 'Advertising & Commercialization': 1, 'Spam': 1}","{'Action': 0, 'Behavior': 0, 'Content': 1, 'Distribution': 2}",0.9182958340544896
1745,mastodonapp.uk,$10^{5}$ to $10^{6}$ ,"{'Content Warnings': 2, 'Images': 1, 'Hate Speech': 2, 'Incitement of Violence': 2, 'Spam': 1, 'Harassment': 1, 'Dogpiling': 1, 'Doxxing/ Personal Info': 1, 'Illegal Content': 2, 'Impersonation': 1, 'Mis/Disinformation/Conspiracy': 1, 'NSFW': 1}","{'Action': 0, 'Behavior': 4, 'Content': 11, 'Distribution': 1}",1.1216407621868583
1746,mastodonczech.cz,$10^{4}$ to $10^{5}$,"{'Hate Speech': 3, 'Harassment': 1, 'Mis/Disinformation/Conspiracy': 2, 'Incitement of Violence': 1, 'Illegal Content': 1, 'Content Warnings': 1, 'Images': 1, 'Impersonation': 1}","{'Action': 0, 'Behavior': 2, 'Content': 9, 'Distribution': 0}",0.6840384356390417
1747,mastodonkenya.com,$10^{2}$ to $10^{3}$,"{'Hate Speech': 1, 'Harassment': 2, 'Images': 1, 'Doxxing/ Personal Info': 1, 'NSFW': 1, 'Illegal Content': 1, 'Content Warnings': 2, 'Copyright/ Piracy': 1, 'Trolling': 1, 'Not Applicable': 1, 'Incitement of Violence': 1, 'Spam': 1, 'Automated tools': 1}","{'Action': 1, 'Behavior': 4, 'Content': 7, 'Distribution': 2}",1.689391746743088
1748,mastodonmusic.social,$10^{3}$ to $10^{4}$,"{'Harassment': 3, 'Hate Speech': 4, 'Advertising & Commercialization': 2, 'Illegal Content': 2, 'Links & Outside Content': 2, 'NSFW': 2, 'Spam': 2, 'Off-topic/topic specific': 1, 'Copyright/ Piracy': 1, 'Incitement of Violence': 1, 'Content Warnings': 1, 'Images': 1, 'Automated tools': 1, 'Not Applicable': 1}","{'Action': 1, 'Behavior': 3, 'Content': 14, 'Distribution': 5}",1.4945403523436764
1749,mastodononline.com,$10^{1}$ to $10^{2}$ ,"{'Content Warnings': 1, 'Images': 1, 'Hate Speech': 1, 'Incitement of Violence': 1, 'Harassment': 1, 'Dogpiling': 1, 'Doxxing/ Personal Info': 1, 'Mis/Disinformation/Conspiracy': 1, 'Not Applicable': 1, 'Copyright/ Piracy': 1}","{'Action': 0, 'Behavior': 3, 'Content': 5, 'Distribution': 1}",1.3516441151533922
1750,mastodonters.nl,$10^{1}$ to $10^{2}$ ,"{'Hate Speech': 1, 'Illegal Content': 1, 'Spam': 1, 'NSFW': 1, 'Content Warnings': 1, 'Impersonation': 1, 'Not Applicable': 1}","{'Action': 0, 'Behavior': 1, 'Content': 4, 'Distribution': 1}",1.2516291673878228
1751,mastodonts.se,$10^{1}$ to $10^{2}$ ,"{'Images': 1, 'Hate Speech': 1, 'Incitement of Violence': 1, 'Harassment': 1, 'Doxxing/ Personal Info': 1, 'Mis/Disinformation/Conspiracy': 1}","{'Action': 0, 'Behavior': 2, 'Content': 4, 'Distribution': 0}",0.9182958340544896
1752,mastodontti.fi,$10^{4}$ to $10^{5}$,"{'Advertising & Commercialization': 1, 'Spam': 1, 'Automated tools': 1, 'NSFW': 1, 'Images': 1, 'Hate Speech': 1, 'Illegal Content': 1, 'Harassment': 1, 'Mis/Disinformation/Conspiracy': 1}","{'Action': 1, 'Behavior': 1, 'Content': 5, 'Distribution': 2}",1.6577427265048887
1753,mastodoom.social,$10^{1}$ to $10^{2}$ ,"{'Incitement of Violence': 1, 'Mis/Disinformation/Conspiracy': 1, 'Hate Speech': 1, 'Harassment': 1, 'Doxxing/ Personal Info': 1, 'Illegal Content': 1}","{'Action': 0, 'Behavior': 2, 'Content': 4, 'Distribution': 0}",0.9182958340544896
1754,mastodos.com,$10^{3}$ to $10^{4}$,"{'Illegal Content': 1, 'NSFW': 1, 'Content Warnings': 1, 'Not Applicable': 1, 'Automated tools': 1}","{'Action': 1, 'Behavior': 0, 'Content': 3, 'Distribution': 0}",0.8112781244591328
1755,mastonederland.nl,$10^{2}$ to $10^{3}$,"{'Hate Speech': 1, 'NSFW': 1, 'Illegal Content': 1, 'Advertising & Commercialization': 1, 'Spam': 1}","{'Action': 0, 'Behavior': 0, 'Content': 3, 'Distribution': 2}",0.9709505944546686
1756,mastoot.fr,$10^{3}$ to $10^{4}$,"{'Spam': 1, 'Automated tools': 1, 'Hate Speech': 3, 'Mis/Disinformation/Conspiracy': 2, 'NSFW': 2, 'Content Warnings': 1}","{'Action': 1, 'Behavior': 0, 'Content': 8, 'Distribution': 1}",0.9219280948873623
1757,mastoscat.club,$10^{2}$ to $10^{3}$,"{'NSFW': 1, 'Content Warnings': 1, 'Hate Speech': 1, 'Copyright/ Piracy': 1}","{'Action': 0, 'Behavior': 0, 'Content': 3, 'Distribution': 1}",0.8112781244591328
1758,mastotut.cat,$10^{1}$ to $10^{2}$ ,"{'Hate Speech': 1, 'Advertising & Commercialization': 1, 'Spam': 1}","{'Action': 0, 'Behavior': 0, 'Content': 1, 'Distribution': 2}",0.9182958340544896
1759,mastouille.fr,$10^{5}$ to $10^{6}$ ,"{'Illegal Content': 2, 'Hate Speech': 1, 'Harassment': 1, 'Advertising & Commercialization': 1, 'Spam': 1, 'Impersonation': 1, 'NSFW': 2, 'Content Warnings': 1}","{'Action': 0, 'Behavior': 2, 'Content': 6, 'Distribution': 2}",1.3709505944546687
1760,masts.lv,$10^{2}$ to $10^{3}$,"{'Content Warnings': 1, 'Harassment': 1, 'Mis/Disinformation/Conspiracy': 1}","{'Action': 0, 'Behavior': 1, 'Content': 2, 'Distribution': 0}",0.9182958340544896
1761,mastsocial.de,$10^{1}$ to $10^{2}$ ,"{'Hate Speech': 1, 'Harassment': 1}","{'Action': 0, 'Behavior': 1, 'Content': 1, 'Distribution': 0}",1.0
1762,mastvie.eu,$10^{1}$ to $10^{2}$ ,{'Hate Speech': 1},"{'Action': 0, 'Behavior': 0, 'Content': 1, 'Distribution': 0}",-0.0
1763,mates.cafe,$10^{1}$ to $10^{2}$ ,"{'Hate Speech': 2, 'Harassment': 1, 'NSFW': 1, 'Illegal Content': 1, 'Content Warnings': 1, 'Advertising & Commercialization': 2, 'Spam': 1}","{'Action': 0, 'Behavior': 1, 'Content': 5, 'Distribution': 3}",1.3516441151533924
1764,mathstodon.xyz,$10^{5}$ to $10^{6}$ ,"{'Illegal Content': 1, 'Hate Speech': 3, 'Harassment': 2}","{'Action': 0, 'Behavior': 2, 'Content': 4, 'Distribution': 0}",0.9182958340544896
1765,matitodon.com,$10^{3}$ to $10^{4}$,"{'Illegal Content': 1, 'Spam': 1, 'Automated tools': 1}","{'Action': 1, 'Behavior': 0, 'Content': 1, 'Distribution': 1}",1.584962500721156
1766,matus.cc,$10^{1}$ to $10^{2}$ ,"{'Hate Speech': 1, 'Illegal Content': 1}","{'Action': 0, 'Behavior': 0, 'Content': 2, 'Distribution': 0}",-0.0
1767,mazanec.social,$10^{1}$ to $10^{2}$ ,"{'Illegal Content': 1, 'Hate Speech': 1}","{'Action': 0, 'Behavior': 0, 'Content': 2, 'Distribution': 0}",-0.0
1768,mb.draculaojisan.com,$10^{1}$ to $10^{2}$ ,{'NSFW': 1},"{'Action': 0, 'Behavior': 0, 'Content': 1, 'Distribution': 0}",-0.0
1769,mcr.wtf,$10^{3}$ to $10^{4}$,"{'Hate Speech': 1, 'NSFW': 1, 'Content Warnings': 1, 'Images': 1, 'Harassment': 1, 'Illegal Content': 1, 'Incitement of Violence': 1, 'Mis/Disinformation/Conspiracy': 1, 'Impersonation': 1, 'Advertising & Commercialization': 1, 'Spam': 1}","{'Action': 0, 'Behavior': 2, 'Content': 7, 'Distribution': 2}",1.3092966682370037
1770,mcyt.cc,$10^{3}$ to $10^{4}$,"{'NSFW': 1, 'Content Warnings': 1, 'Impersonation': 1}","{'Action': 0, 'Behavior': 1, 'Content': 2, 'Distribution': 0}",0.9182958340544896
1771,md.5273.me,$10^{1}$ to $10^{2}$ ,"{'Spam': 1, 'Trolling': 1, 'NSFW': 1, 'Copyright/ Piracy': 1, 'Doxxing/ Personal Info': 1}","{'Action': 0, 'Behavior': 2, 'Content': 1, 'Distribution': 2}",1.5219280948873621
1772,md.korako.me,$10^{2}$ to $10^{3}$,{'Off-topic/topic specific': 1},"{'Action': 0, 'Behavior': 0, 'Content': 1, 'Distribution': 0}",-0.0
1773,md.uzla.net,$10^{1}$ to $10^{2}$ ,"{'NSFW': 1, 'Illegal Content': 1, 'Images': 1, 'Hate Speech': 1, 'Incitement of Violence': 1, 'Harassment': 2, 'Copyright/ Piracy': 1, 'Doxxing/ Personal Info': 1, 'Mis/Disinformation/Conspiracy': 1, 'Advertising & Commercialization': 1, 'Spam': 1, 'Off-topic/topic specific': 1}","{'Action': 0, 'Behavior': 3, 'Content': 7, 'Distribution': 3}",1.4572659136233872
1774,me.dm,$10^{5}$ to $10^{6}$ ,"{'NSFW': 1, 'Content Warnings': 1}","{'Action': 0, 'Behavior': 0, 'Content': 2, 'Distribution': 0}",-0.0
1775,me.pptry.info,$10^{1}$ to $10^{2}$ ,"{'Illegal Content': 1, 'Incitement of Violence': 1, 'Harassment': 1, 'Doxxing/ Personal Info': 1, 'NSFW': 1, 'Content Warnings': 1, 'Spam': 1}","{'Action': 0, 'Behavior': 2, 'Content': 4, 'Distribution': 1}",1.3787834934861753
1776,med-mastodon.com,$10^{5}$ to $10^{6}$ ,"{'Hate Speech': 1, 'Mis/Disinformation/Conspiracy': 1}","{'Action': 0, 'Behavior': 0, 'Content': 2, 'Distribution': 0}",-0.0
1777,mediapart.social,$10^{2}$ to $10^{3}$,{'Links & Outside Content': 1},"{'Action': 0, 'Behavior': 0, 'Content': 1, 'Distribution': 0}",-0.0
1778,medic.cafe,$10^{2}$ to $10^{3}$,"{'Mis/Disinformation/Conspiracy': 1, 'Spam': 1, 'Automated tools': 1, 'Hate Speech': 1}","{'Action': 1, 'Behavior': 0, 'Content': 2, 'Distribution': 1}",1.5
1779,meemu.org,$10^{3}$ to $10^{4}$,"{'NSFW': 1, 'Content Warnings': 2, 'Reposting/Crossposting': 1, 'Images': 1, 'Harassment': 1, 'Hate Speech': 1, 'Advertising & Commercialization': 1, 'Spam': 1}","{'Action': 0, 'Behavior': 1, 'Content': 5, 'Distribution': 3}",1.3516441151533924
1780,mefi.social,$10^{3}$ to $10^{4}$,"{'Content Warnings': 1, 'Images': 1, 'Harassment': 1, 'Doxxing/ Personal Info': 1, 'Hate Speech': 1, 'Incitement of Violence': 1, 'Impersonation': 1}","{'Action': 0, 'Behavior': 3, 'Content': 4, 'Distribution': 0}",0.9852281360342515
1781,megalonyx.social,$10^{1}$ to $10^{2}$ ,{'Hate Speech': 2},"{'Action': 0, 'Behavior': 0, 'Content': 2, 'Distribution': 0}",-0.0
1782,megatherium.org,$10^{2}$ to $10^{3}$,"{'Incitement of Violence': 1, 'Advertising & Commercialization': 1, 'Spam': 1, 'NSFW': 1, 'Images': 1, 'Hate Speech': 1, 'Harassment': 1}","{'Action': 0, 'Behavior': 1, 'Content': 4, 'Distribution': 2}",1.3787834934861753
1783,meh.social,$10^{2}$ to $10^{3}$,"{'Harassment': 2, 'Doxxing/ Personal Info': 1, 'Illegal Content': 1, 'Hate Speech': 1, 'Mis/Disinformation/Conspiracy': 1, 'Content Warnings': 1, 'Spam': 1, 'Reposting/Crossposting': 1, 'Images': 1, 'Off-topic/topic specific': 1}","{'Action': 0, 'Behavior': 3, 'Content': 6, 'Distribution': 2}",1.4353713907745331
1784,mejia.social,$10^{1}$ to $10^{2}$ ,"{'Spam': 1, 'Harassment': 2, 'Dogpiling': 1, 'Copyright/ Piracy': 1}","{'Action': 0, 'Behavior': 3, 'Content': 0, 'Distribution': 2}",0.9709505944546686
1785,melendez.land,$10^{1}$ to $10^{2}$ ,"{'Hate Speech': 1, 'Spam': 1, 'Harassment': 1, 'Trolling': 1, 'Doxxing/ Personal Info': 1}","{'Action': 0, 'Behavior': 3, 'Content': 1, 'Distribution': 1}",1.3709505944546687
1786,melijn.me,$10^{1}$ to $10^{2}$ ,"{'Off-topic/topic specific': 1, 'Illegal Content': 1}","{'Action': 0, 'Behavior': 0, 'Content': 2, 'Distribution': 0}",-0.0
1787,mellified.men,$10^{2}$ to $10^{3}$,"{'Harassment': 1, 'Trolling': 1, 'Hate Speech': 1, 'Content Warnings': 2, 'Images': 1, 'Doxxing/ Personal Info': 1, 'Illegal Content': 1, 'Spam': 1, 'Automated tools': 1}","{'Action': 1, 'Behavior': 3, 'Content': 5, 'Distribution': 1}",1.6854752972273344
1788,mellow.zone,$10^{1}$ to $10^{2}$ ,{'Illegal Content': 1},"{'Action': 0, 'Behavior': 0, 'Content': 1, 'Distribution': 0}",-0.0
1789,member.ro,$10^{2}$ to $10^{3}$,"{'NSFW': 1, 'Illegal Content': 1, 'Spam': 1}","{'Action': 0, 'Behavior': 0, 'Content': 2, 'Distribution': 1}",0.9182958340544896
1790,mendeddrum.org,$10^{3}$ to $10^{4}$,"{'Hate Speech': 1, 'Harassment': 1, 'Incitement of Violence': 1, 'Mis/Disinformation/Conspiracy': 1, 'Advertising & Commercialization': 1, 'Spam': 1, 'NSFW': 1, 'Content Warnings': 1, 'Impersonation': 1, 'Copyright/ Piracy': 1, 'Not Applicable': 1, 'Links & Outside Content': 1}","{'Action': 0, 'Behavior': 2, 'Content': 6, 'Distribution': 3}",1.4353713907745331
1791,mensmaaktmooi.nl,$10^{1}$ to $10^{2}$ ,{'Illegal Content': 1},"{'Action': 0, 'Behavior': 0, 'Content': 1, 'Distribution': 0}",-0.0
1792,mental.social,$10^{4}$ to $10^{5}$,"{'Harassment': 1, 'NSFW': 1, 'Images': 1, 'Spam': 1, 'Automated tools': 1, 'Copyright/ Piracy': 1}","{'Action': 1, 'Behavior': 1, 'Content': 2, 'Distribution': 2}",1.9182958340544896
1793,mentalhealth-masto.com,$10^{1}$ to $10^{2}$ ,"{'Hate Speech': 1, 'Incitement of Violence': 1, 'Mis/Disinformation/Conspiracy': 1, 'Doxxing/ Personal Info': 1}","{'Action': 0, 'Behavior': 1, 'Content': 3, 'Distribution': 0}",0.8112781244591328
1794,meow.cloud,$10^{2}$ to $10^{3}$,"{'Illegal Content': 2, 'NSFW': 1, 'Images': 1, 'Incitement of Violence': 3, 'Hate Speech': 2, 'Harassment': 3, 'Doxxing/ Personal Info': 1, 'Impersonation': 1, 'Mis/Disinformation/Conspiracy': 2, 'Copyright/ Piracy': 1, 'Advertising & Commercialization': 1, 'Spam': 1}","{'Action': 0, 'Behavior': 5, 'Content': 11, 'Distribution': 3}",1.383807735464083
1795,meow.lgbt,$10^{2}$ to $10^{3}$,"{'Illegal Content': 1, 'NSFW': 1, 'Content Warnings': 1, 'Hate Speech': 1, 'Advertising & Commercialization': 1, 'Spam': 1}","{'Action': 0, 'Behavior': 0, 'Content': 4, 'Distribution': 2}",0.9182958340544896
1796,meow.social,$10^{5}$ to $10^{6}$ ,"{'Illegal Content': 2, 'Harassment': 2, 'Dogpiling': 1, 'Hate Speech': 1, 'Off-topic/topic specific': 1, 'NSFW': 4, 'Content Warnings': 8, 'Images': 1, 'Automated tools': 2, 'Mis/Disinformation/Conspiracy': 1, 'Links & Outside Content': 1, 'Copyright/ Piracy': 1, 'Impersonation': 2, 'Not Applicable': 2}","{'Action': 2, 'Behavior': 5, 'Content': 19, 'Distribution': 1}",1.2615444195758783
1797,meowr.me,$10^{2}$ to $10^{3}$,"{'Hate Speech': 1, 'Illegal Content': 1}","{'Action': 0, 'Behavior': 0, 'Content': 2, 'Distribution': 0}",-0.0
1798,meowstodon.net,$10^{1}$ to $10^{2}$ ,{'Illegal Content': 1},"{'Action': 0, 'Behavior': 0, 'Content': 1, 'Distribution': 0}",-0.0
1799,meshed.cloud,$10^{1}$ to $10^{2}$ ,"{'Hate Speech': 1, 'Harassment': 1}","{'Action': 0, 'Behavior': 1, 'Content': 1, 'Distribution': 0}",1.0
1800,messydesk.social,$10^{1}$ to $10^{2}$ ,"{'Harassment': 1, 'Trolling': 1, 'Hate Speech': 1, 'NSFW': 1, 'Content Warnings': 1}","{'Action': 0, 'Behavior': 2, 'Content': 3, 'Distribution': 0}",0.9709505944546686
1801,meta.masto.host,$10^{3}$ to $10^{4}$,"{'Content Warnings': 1, 'Images': 1, 'Advertising & Commercialization': 1, 'Spam': 1, 'Hate Speech': 1, 'Incitement of Violence': 1, 'Harassment': 1, 'Doxxing/ Personal Info': 1, 'Illegal Content': 1}","{'Action': 0, 'Behavior': 2, 'Content': 5, 'Distribution': 2}",1.4355205042826666
1802,metalhead.club,$10^{4}$ to $10^{5}$,"{'NSFW': 1, 'Hate Speech': 3, 'Mis/Disinformation/Conspiracy': 1, 'Spam': 1, 'Automated tools': 1, 'Copyright/ Piracy': 1, 'Advertising & Commercialization': 1}","{'Action': 1, 'Behavior': 0, 'Content': 5, 'Distribution': 3}",1.3516441151533924
1803,metalverse.social,$10^{3}$ to $10^{4}$,"{'Harassment': 1, 'Trolling': 1, 'Hate Speech': 1, 'Automated tools': 1, 'NSFW': 1, 'Copyright/ Piracy': 1, 'Advertising & Commercialization': 1}","{'Action': 1, 'Behavior': 2, 'Content': 2, 'Distribution': 2}",1.9502120649147465
1804,metapan.online,$10^{1}$ to $10^{2}$ ,"{'Hate Speech': 1, 'Advertising & Commercialization': 1, 'Spam': 1, 'Content Warnings': 1}","{'Action': 0, 'Behavior': 0, 'Content': 2, 'Distribution': 2}",1.0
1805,metapixl.com,$10^{4}$ to $10^{5}$,"{'NSFW': 1, 'Images': 1, 'Illegal Content': 2, 'Hate Speech': 3, 'Harassment': 1, 'Links & Outside Content': 2}","{'Action': 0, 'Behavior': 1, 'Content': 9, 'Distribution': 0}",0.4689955935892812
1806,meteo.social,$10^{3}$ to $10^{4}$,"{'Incitement of Violence': 2, 'Harassment': 1, 'Hate Speech': 1, 'NSFW': 1, 'Copyright/ Piracy': 1, 'Doxxing/ Personal Info': 1, 'Advertising & Commercialization': 1, 'Spam': 1}","{'Action': 0, 'Behavior': 2, 'Content': 4, 'Distribution': 3}",1.5304930567574826
1807,metsubo-jinrai.net,$10^{2}$ to $10^{3}$,"{'Illegal Content': 2, 'NSFW': 1, 'Content Warnings': 1, 'Images': 1, 'Advertising & Commercialization': 1, 'Spam': 1, 'Off-topic/topic specific': 1}","{'Action': 0, 'Behavior': 0, 'Content': 6, 'Distribution': 2}",0.8112781244591328
1808,mfy.social,$10^{1}$ to $10^{2}$ ,"{'Hate Speech': 1, 'Harassment': 2, 'Dogpiling': 1, 'Doxxing/ Personal Info': 1, 'Trolling': 1, 'NSFW': 1, 'Images': 1, 'Advertising & Commercialization': 1, 'Spam': 1, 'Not Applicable': 1, 'Automated tools': 1, 'Content Warnings': 1}","{'Action': 1, 'Behavior': 5, 'Content': 4, 'Distribution': 2}",1.7841591278514217
1809,mhz.social,$10^{2}$ to $10^{3}$,"{'NSFW': 1, 'Spam': 1, 'Hate Speech': 1}","{'Action': 0, 'Behavior': 0, 'Content': 2, 'Distribution': 1}",0.9182958340544896
1810,miau.le-chat-a-velo.at,$10^{1}$ to $10^{2}$ ,"{'Content Warnings': 1, 'Images': 1, 'Hate Speech': 1, 'Incitement of Violence': 1, 'Harassment': 1, 'Doxxing/ Personal Info': 1, 'Illegal Content': 1, 'Mis/Disinformation/Conspiracy': 1}","{'Action': 0, 'Behavior': 2, 'Content': 6, 'Distribution': 0}",0.8112781244591328
1811,mib.contact,$10^{1}$ to $10^{2}$ ,"{'Incitement of Violence': 1, 'Hate Speech': 2}","{'Action': 0, 'Behavior': 0, 'Content': 3, 'Distribution': 0}",-0.0
1812,michaonline.net,$10^{1}$ to $10^{2}$ ,"{'Content Warnings': 1, 'Images': 1, 'Hate Speech': 1, 'Incitement of Violence': 1, 'Harassment': 1, 'Doxxing/ Personal Info': 1, 'Illegal Content': 1, 'Mis/Disinformation/Conspiracy': 1}","{'Action': 0, 'Behavior': 2, 'Content': 6, 'Distribution': 0}",0.8112781244591328
1813,micro.baixllobregat.social,$10^{1}$ to $10^{2}$ ,"{'Incitement of Violence': 1, 'Hate Speech': 1, 'Mis/Disinformation/Conspiracy': 1}","{'Action': 0, 'Behavior': 0, 'Content': 3, 'Distribution': 0}",-0.0
1814,micro.jacksonchen666.com,$10^{1}$ to $10^{2}$ ,"{'Spam': 1, 'Harassment': 1, 'Doxxing/ Personal Info': 1, 'Incitement of Violence': 1, 'Hate Speech': 1, 'NSFW': 1, 'Content Warnings': 1}","{'Action': 0, 'Behavior': 2, 'Content': 4, 'Distribution': 1}",1.3787834934861753
1815,microblog.lunai.re,$10^{1}$ to $10^{2}$ ,{'Harassment': 2},"{'Action': 0, 'Behavior': 2, 'Content': 0, 'Distribution': 0}",-0.0
1816,middleearth.social,$10^{1}$ to $10^{2}$ ,"{'Hate Speech': 1, 'NSFW': 1, 'Content Warnings': 1, 'Images': 1, 'Harassment': 1, 'Illegal Content': 1, 'Incitement of Violence': 1, 'Mis/Disinformation/Conspiracy': 1, 'Advertising & Commercialization': 1, 'Spam': 1, 'Impersonation': 1}","{'Action': 0, 'Behavior': 2, 'Content': 7, 'Distribution': 2}",1.3092966682370037
1817,mifle.eu,$10^{1}$ to $10^{2}$ ,"{'Spam': 1, 'Hate Speech': 1, 'Trolling': 1}","{'Action': 0, 'Behavior': 1, 'Content': 1, 'Distribution': 1}",1.584962500721156
1818,mikrobloggen.no,$10^{1}$ to $10^{2}$ ,"{'Hate Speech': 1, 'NSFW': 1, 'Illegal Content': 1, 'Content Warnings': 1, 'Harassment': 1}","{'Action': 0, 'Behavior': 1, 'Content': 4, 'Distribution': 0}",0.7219280948873623
1819,miltackink.space,$10^{1}$ to $10^{2}$ ,{'Hate Speech': 2},"{'Action': 0, 'Behavior': 0, 'Content': 2, 'Distribution': 0}",-0.0
1820,minby.info,$10^{1}$ to $10^{2}$ ,"{'Incitement of Violence': 1, 'Spam': 1, 'Hate Speech': 1, 'Harassment': 1}","{'Action': 0, 'Behavior': 1, 'Content': 2, 'Distribution': 1}",1.5
1821,mindly.social,$10^{5}$ to $10^{6}$ ,"{'Hate Speech': 1, 'Harassment': 1, 'NSFW': 1, 'Content Warnings': 1, 'Advertising & Commercialization': 1}","{'Action': 0, 'Behavior': 1, 'Content': 3, 'Distribution': 1}",1.3709505944546687
1822,mindplex.sotatek.works,$10^{2}$ to $10^{3}$,"{'Content Warnings': 1, 'Images': 1}","{'Action': 0, 'Behavior': 0, 'Content': 2, 'Distribution': 0}",-0.0
1823,minds.excession.llc,$10^{1}$ to $10^{2}$ ,{'Illegal Content': 1},"{'Action': 0, 'Behavior': 0, 'Content': 1, 'Distribution': 0}",-0.0
1824,miniature.photography,$10^{3}$ to $10^{4}$,"{'Hate Speech': 1, 'Harassment': 2, 'Trolling': 1, 'Illegal Content': 1}","{'Action': 0, 'Behavior': 3, 'Content': 2, 'Distribution': 0}",0.9709505944546686
1825,miniatures.social,$10^{1}$ to $10^{2}$ ,{'Copyright/ Piracy': 1},"{'Action': 0, 'Behavior': 0, 'Content': 0, 'Distribution': 1}",-0.0
1826,mipuertorico.social,$10^{1}$ to $10^{2}$ ,"{'Hate Speech': 1, 'Harassment': 2, 'NSFW': 1, 'Content Warnings': 1, 'Illegal Content': 1, 'Incitement of Violence': 2, 'Doxxing/ Personal Info': 1, 'Mis/Disinformation/Conspiracy': 1}","{'Action': 0, 'Behavior': 3, 'Content': 7, 'Distribution': 0}",0.8812908992306927
1827,mirus.club,$10^{1}$ to $10^{2}$ ,"{'Illegal Content': 1, 'Hate Speech': 1}","{'Action': 0, 'Behavior': 0, 'Content': 2, 'Distribution': 0}",-0.0
1828,mirwarso.de,$10^{1}$ to $10^{2}$ ,"{'Hate Speech': 1, 'Illegal Content': 1, 'Spam': 1, 'Harassment': 1}","{'Action': 0, 'Behavior': 1, 'Content': 2, 'Distribution': 1}",1.5
1829,misaka.chat,$10^{1}$ to $10^{2}$ ,{'Doxxing/ Personal Info': 1},"{'Action': 0, 'Behavior': 1, 'Content': 0, 'Distribution': 0}",-0.0
1830,misanthrope.social,$10^{1}$ to $10^{2}$ ,{'Illegal Content': 1},"{'Action': 0, 'Behavior': 0, 'Content': 1, 'Distribution': 0}",-0.0
1831,misjump.net,$10^{1}$ to $10^{2}$ ,"{'Off-topic/topic specific': 1, 'Harassment': 1}","{'Action': 0, 'Behavior': 1, 'Content': 1, 'Distribution': 0}",1.0
1832,misp-community.org,$10^{2}$ to $10^{3}$,{'Off-topic/topic specific': 1},"{'Action': 0, 'Behavior': 0, 'Content': 1, 'Distribution': 0}",-0.0
1833,mistodon.cloud,$10^{3}$ to $10^{4}$,"{'Illegal Content': 1, 'Spam': 1, 'Doxxing/ Personal Info': 1}","{'Action': 0, 'Behavior': 1, 'Content': 1, 'Distribution': 1}",1.584962500721156
1834,mitchelltribe.social,$10^{1}$ to $10^{2}$ ,"{'NSFW': 1, 'Spam': 1, 'Harassment': 2, 'Dogpiling': 1, 'Incitement of Violence': 1, 'Illegal Content': 1}","{'Action': 0, 'Behavior': 3, 'Content': 3, 'Distribution': 1}",1.4488156357251847
1835,mkultra.monster,$10^{1}$ to $10^{2}$ ,"{'Hate Speech': 3, 'Harassment': 3, 'Doxxing/ Personal Info': 1, 'Dogpiling': 1, 'Incitement of Violence': 1, 'Mis/Disinformation/Conspiracy': 1, 'Illegal Content': 1, 'Spam': 1, 'Reposting/Crossposting': 1, 'Copyright/ Piracy': 1, 'Images': 2, 'NSFW': 1, 'Content Warnings': 1}","{'Action': 0, 'Behavior': 5, 'Content': 10, 'Distribution': 3}",1.4152689500270954
1836,mnstdn.monster,$10^{1}$ to $10^{2}$ ,"{'Hate Speech': 1, 'Harassment': 1, 'Doxxing/ Personal Info': 1, 'Incitement of Violence': 1, 'Advertising & Commercialization': 1, 'Spam': 1, 'NSFW': 1, 'Content Warnings': 1, 'Images': 1}","{'Action': 0, 'Behavior': 2, 'Content': 5, 'Distribution': 2}",1.4355205042826666
1837,mochi.social,$10^{1}$ to $10^{2}$ ,{'Illegal Content': 1},"{'Action': 0, 'Behavior': 0, 'Content': 1, 'Distribution': 0}",-0.0
1838,modelrailroadballast.com,$10^{2}$ to $10^{3}$,"{'Hate Speech': 1, 'Harassment': 1, 'Advertising & Commercialization': 1, 'Spam': 1, 'Illegal Content': 1, 'Copyright/ Piracy': 1, 'Off-topic/topic specific': 1, 'Doxxing/ Personal Info': 1}","{'Action': 0, 'Behavior': 2, 'Content': 3, 'Distribution': 3}",1.561278124459133
1839,moe.cat,$10^{3}$ to $10^{4}$,"{'Illegal Content': 3, 'Incitement of Violence': 2, 'Harassment': 1, 'NSFW': 2, 'Content Warnings': 1, 'Off-topic/topic specific': 1}","{'Action': 0, 'Behavior': 1, 'Content': 9, 'Distribution': 0}",0.4689955935892812
1840,moe.pastwind.top,$10^{2}$ to $10^{3}$,"{'Incitement of Violence': 1, 'Harassment': 1, 'Doxxing/ Personal Info': 1, 'Mis/Disinformation/Conspiracy': 1, 'Illegal Content': 1, 'NSFW': 1, 'Images': 1, 'Advertising & Commercialization': 1, 'Spam': 1}","{'Action': 0, 'Behavior': 2, 'Content': 5, 'Distribution': 2}",1.4355205042826666
1841,moessingen.social,$10^{2}$ to $10^{3}$,"{'Illegal Content': 1, 'NSFW': 1, 'Incitement of Violence': 1, 'Hate Speech': 1, 'Dogpiling': 1, 'Doxxing/ Personal Info': 1, 'Advertising & Commercialization': 1, 'Automated tools': 1}","{'Action': 1, 'Behavior': 2, 'Content': 4, 'Distribution': 1}",1.75
1842,mofu.kemo.no,$10^{3}$ to $10^{4}$,"{'Hate Speech': 2, 'Harassment': 1, 'NSFW': 1, 'Images': 2, 'Content Warnings': 1}","{'Action': 0, 'Behavior': 1, 'Content': 6, 'Distribution': 0}",0.5916727785823275
1843,mofu.one,$10^{1}$ to $10^{2}$ ,"{'NSFW': 1, 'Content Warnings': 1, 'Images': 1, 'Hate Speech': 1}","{'Action': 0, 'Behavior': 0, 'Content': 4, 'Distribution': 0}",-0.0
1844,mograph.social,$10^{3}$ to $10^{4}$,"{'Hate Speech': 2, 'Illegal Content': 2, 'Links & Outside Content': 1, 'Harassment': 1, 'Doxxing/ Personal Info': 1, 'NSFW': 1, 'Content Warnings': 1, 'Images': 1, 'Impersonation': 1, 'Spam': 1, 'Off-topic/topic specific': 1, 'Advertising & Commercialization': 1}","{'Action': 0, 'Behavior': 3, 'Content': 9, 'Distribution': 2}",1.2870540281187268
1845,molaguay.xyz,$10^{1}$ to $10^{2}$ ,"{'Hate Speech': 1, 'Harassment': 1}","{'Action': 0, 'Behavior': 1, 'Content': 1, 'Distribution': 0}",1.0
1846,momo.mame.moe,$10^{1}$ to $10^{2}$ ,"{'Harassment': 1, 'Trolling': 1}","{'Action': 0, 'Behavior': 2, 'Content': 0, 'Distribution': 0}",-0.0
1847,mona.do,$10^{4}$ to $10^{5}$,{'Off-topic/topic specific': 1},"{'Action': 0, 'Behavior': 0, 'Content': 1, 'Distribution': 0}",-0.0
1848,mond-basis.eu,$10^{2}$ to $10^{3}$,"{'Hate Speech': 2, 'Harassment': 1, 'Doxxing/ Personal Info': 1, 'Illegal Content': 1, 'Mis/Disinformation/Conspiracy': 1}","{'Action': 0, 'Behavior': 2, 'Content': 4, 'Distribution': 0}",0.9182958340544896
1849,monogram.org,$10^{1}$ to $10^{2}$ ,{'Harassment': 1},"{'Action': 0, 'Behavior': 1, 'Content': 0, 'Distribution': 0}",-0.0
1850,montereybay.social,$10^{2}$ to $10^{3}$,"{'Advertising & Commercialization': 1, 'Spam': 1, 'NSFW': 1, 'Hate Speech': 3, 'Harassment': 1}","{'Action': 0, 'Behavior': 1, 'Content': 4, 'Distribution': 2}",1.3787834934861753
1851,moonbow.garden,$10^{2}$ to $10^{3}$,"{'Harassment': 1, 'Hate Speech': 1, 'Spam': 1, 'Automated tools': 1}","{'Action': 1, 'Behavior': 1, 'Content': 1, 'Distribution': 1}",2.0
1852,moresci.sale,$10^{3}$ to $10^{4}$,{'Advertising & Commercialization': 1},"{'Action': 0, 'Behavior': 0, 'Content': 0, 'Distribution': 1}",-0.0
1853,moris.social,$10^{1}$ to $10^{2}$ ,"{'Hate Speech': 2, 'Harassment': 1, 'Illegal Content': 1, 'NSFW': 1, 'Advertising & Commercialization': 1, 'Spam': 1, 'Doxxing/ Personal Info': 1, 'Trolling': 1, 'Copyright/ Piracy': 1, 'Off-topic/topic specific': 2, 'Impersonation': 1, 'Content Warnings': 1}","{'Action': 0, 'Behavior': 4, 'Content': 7, 'Distribution': 3}",1.4926140680171256
1854,morph.todon.de,$10^{1}$ to $10^{2}$ ,{'Copyright/ Piracy': 2},"{'Action': 0, 'Behavior': 0, 'Content': 0, 'Distribution': 2}",-0.0
1855,morphnet.de,$10^{1}$ to $10^{2}$ ,{'Copyright/ Piracy': 2},"{'Action': 0, 'Behavior': 0, 'Content': 0, 'Distribution': 2}",-0.0
1856,morrow.social,$10^{1}$ to $10^{2}$ ,{'Illegal Content': 1},"{'Action': 0, 'Behavior': 0, 'Content': 1, 'Distribution': 0}",-0.0
1857,mostlychris.net,$10^{1}$ to $10^{2}$ ,"{'Hate Speech': 1, 'Incitement of Violence': 1, 'Harassment': 1, 'Doxxing/ Personal Info': 1, 'Mis/Disinformation/Conspiracy': 1}","{'Action': 0, 'Behavior': 2, 'Content': 3, 'Distribution': 0}",0.9709505944546686
1858,moth.social,$10^{4}$ to $10^{5}$,"{'NSFW': 1, 'Advertising & Commercialization': 1, 'Spam': 1, 'Hate Speech': 1, 'Incitement of Violence': 1, 'Harassment': 1, 'Doxxing/ Personal Info': 1, 'Illegal Content': 1, 'Mis/Disinformation/Conspiracy': 1, 'Links & Outside Content': 1}","{'Action': 0, 'Behavior': 2, 'Content': 6, 'Distribution': 2}",1.3709505944546687
1859,mountains.photos,$10^{2}$ to $10^{3}$,"{'Doxxing/ Personal Info': 1, 'Hate Speech': 1, 'Harassment': 1, 'NSFW': 1, 'Content Warnings': 1, 'Incitement of Violence': 1, 'Spam': 2, 'Copyright/ Piracy': 2, 'Illegal Content': 1, 'Impersonation': 1, 'Mis/Disinformation/Conspiracy': 1}","{'Action': 0, 'Behavior': 3, 'Content': 6, 'Distribution': 4}",1.5262349099495225
1860,mountains.social,$10^{3}$ to $10^{4}$,"{'Content Warnings': 1, 'Images': 1, 'Advertising & Commercialization': 1, 'Spam': 1, 'Hate Speech': 1, 'Incitement of Violence': 1, 'Harassment': 1, 'Doxxing/ Personal Info': 1, 'Illegal Content': 1}","{'Action': 0, 'Behavior': 2, 'Content': 5, 'Distribution': 2}",1.4355205042826666
1861,mouse.photos,$10^{1}$ to $10^{2}$ ,{'NSFW': 1},"{'Action': 0, 'Behavior': 0, 'Content': 1, 'Distribution': 0}",-0.0
1862,mousectrl.org,$10^{1}$ to $10^{2}$ ,{'Harassment': 1},"{'Action': 0, 'Behavior': 1, 'Content': 0, 'Distribution': 0}",-0.0
1863,mousetodon.social,$10^{1}$ to $10^{2}$ ,"{'Hate Speech': 3, 'Incitement of Violence': 1}","{'Action': 0, 'Behavior': 0, 'Content': 4, 'Distribution': 0}",-0.0
1864,moyu.social,$10^{2}$ to $10^{3}$,"{'NSFW': 1, 'Hate Speech': 1}","{'Action': 0, 'Behavior': 0, 'Content': 2, 'Distribution': 0}",-0.0
1865,mozilla.social,$10^{4}$ to $10^{5}$,"{'Harassment': 1, 'Hate Speech': 1, 'Impersonation': 1, 'Incitement of Violence': 1, 'NSFW': 1, 'Illegal Content': 3, 'Doxxing/ Personal Info': 1, 'Mis/Disinformation/Conspiracy': 1}","{'Action': 0, 'Behavior': 3, 'Content': 7, 'Distribution': 0}",0.8812908992306927
1866,mrnet.pt,$10^{2}$ to $10^{3}$,"{'Hate Speech': 1, 'Harassment': 1, 'Illegal Content': 1, 'Links & Outside Content': 1}","{'Action': 0, 'Behavior': 1, 'Content': 3, 'Distribution': 0}",0.8112781244591328
1867,ms.cratonsed.ge,$10^{1}$ to $10^{2}$ ,"{'Harassment': 1, 'Dogpiling': 1}","{'Action': 0, 'Behavior': 2, 'Content': 0, 'Distribution': 0}",-0.0
1868,ms.maritime.social,$10^{2}$ to $10^{3}$,"{'Incitement of Violence': 1, 'Hate Speech': 1, 'NSFW': 1, 'Images': 1, 'Harassment': 1, 'Doxxing/ Personal Info': 1, 'Illegal Content': 1, 'Mis/Disinformation/Conspiracy': 1}","{'Action': 0, 'Behavior': 2, 'Content': 6, 'Distribution': 0}",0.8112781244591328
1869,ms.vg,$10^{1}$ to $10^{2}$ ,"{'Hate Speech': 3, 'Harassment': 3, 'Doxxing/ Personal Info': 1, 'Illegal Content': 1, 'Mis/Disinformation/Conspiracy': 1, 'Automated tools': 1, 'NSFW': 1, 'Content Warnings': 2, 'Images': 2, 'Copyright/ Piracy': 1}","{'Action': 1, 'Behavior': 4, 'Content': 10, 'Distribution': 1}",1.4237949406953985
1870,msdyn365bc.social,$10^{2}$ to $10^{3}$,"{'Harassment': 2, 'Doxxing/ Personal Info': 1, 'Impersonation': 1, 'Mis/Disinformation/Conspiracy': 1, 'Incitement of Violence': 1, 'NSFW': 2, 'Images': 1, 'Hate Speech': 1, 'Off-topic/topic specific': 1}","{'Action': 0, 'Behavior': 4, 'Content': 7, 'Distribution': 0}",0.9456603046006401
1871,msocial.top,$10^{1}$ to $10^{2}$ ,"{'Hate Speech': 1, 'Harassment': 1, 'Doxxing/ Personal Info': 1, 'Incitement of Violence': 1, 'Mis/Disinformation/Conspiracy': 1, 'Content Warnings': 1, 'Images': 1}","{'Action': 0, 'Behavior': 2, 'Content': 5, 'Distribution': 0}",0.863120568566631
1872,msps.io,$10^{2}$ to $10^{3}$,"{'Hate Speech': 1, 'NSFW': 1, 'Content Warnings': 1, 'Images': 1, 'Harassment': 1, 'Illegal Content': 1, 'Incitement of Violence': 1, 'Mis/Disinformation/Conspiracy': 1, 'Advertising & Commercialization': 1, 'Spam': 1, 'Impersonation': 1}","{'Action': 0, 'Behavior': 2, 'Content': 7, 'Distribution': 2}",1.3092966682370037
1873,mst.nekonohige.jp,$10^{1}$ to $10^{2}$ ,{'Content Warnings': 2},"{'Action': 0, 'Behavior': 0, 'Content': 2, 'Distribution': 0}",-0.0
1874,mst.ramsdr.ru,$10^{1}$ to $10^{2}$ ,{'Off-topic/topic specific': 2},"{'Action': 0, 'Behavior': 0, 'Content': 2, 'Distribution': 0}",-0.0
1875,mst.slu.mx,$10^{1}$ to $10^{2}$ ,{'Harassment': 1},"{'Action': 0, 'Behavior': 1, 'Content': 0, 'Distribution': 0}",-0.0
1876,mst.universoalterno.es,$10^{2}$ to $10^{3}$,"{'Incitement of Violence': 1, 'Hate Speech': 2, 'Harassment': 1, 'Automated tools': 1, 'Illegal Content': 1, 'Spam': 3, 'Mis/Disinformation/Conspiracy': 3, 'Advertising & Commercialization': 1, 'NSFW': 1, 'Content Warnings': 1, 'Reposting/Crossposting': 1}","{'Action': 1, 'Behavior': 1, 'Content': 9, 'Distribution': 5}",1.4913146570363986
1877,mst3k.interlinked.me,$10^{3}$ to $10^{4}$,"{'Hate Speech': 6, 'Mis/Disinformation/Conspiracy': 1, 'Off-topic/topic specific': 1}","{'Action': 0, 'Behavior': 0, 'Content': 8, 'Distribution': 0}",-0.0
1878,mstd.dansmonorage.blue,$10^{2}$ to $10^{3}$,"{'Hate Speech': 4, 'Trolling': 1, 'Harassment': 4, 'Off-topic/topic specific': 1, 'Doxxing/ Personal Info': 1, 'Not Applicable': 1, 'Automated tools': 1, 'Illegal Content': 2, 'Content Warnings': 1, 'Mis/Disinformation/Conspiracy': 1}","{'Action': 1, 'Behavior': 6, 'Content': 9, 'Distribution': 0}",1.2475562489182659
1879,mstd.ircta.lk,$10^{2}$ to $10^{3}$,{'Spam': 1},"{'Action': 0, 'Behavior': 0, 'Content': 0, 'Distribution': 1}",-0.0
1880,mstd.onl,$10^{1}$ to $10^{2}$ ,"{'Content Warnings': 1, 'Incitement of Violence': 1, 'NSFW': 1, 'Hate Speech': 1, 'Spam': 1, 'Harassment': 1}","{'Action': 0, 'Behavior': 1, 'Content': 4, 'Distribution': 1}",1.2516291673878228
1881,mstdn-amadeus.tech,$10^{2}$ to $10^{3}$,"{'Hate Speech': 2, 'Harassment': 1, 'Incitement of Violence': 1}","{'Action': 0, 'Behavior': 1, 'Content': 3, 'Distribution': 0}",0.8112781244591328
1882,mstdn-bike.net,$10^{3}$ to $10^{4}$,"{'NSFW': 1, 'Incitement of Violence': 2, 'Hate Speech': 1, 'Harassment': 1}","{'Action': 0, 'Behavior': 1, 'Content': 4, 'Distribution': 0}",0.7219280948873623
1883,mstdn-kitakubu.com,$10^{1}$ to $10^{2}$ ,"{'Illegal Content': 1, 'Hate Speech': 1, 'Harassment': 1}","{'Action': 0, 'Behavior': 1, 'Content': 2, 'Distribution': 0}",0.9182958340544896
1884,mstdn-test.sublimer.me,$10^{1}$ to $10^{2}$ ,{'Doxxing/ Personal Info': 1},"{'Action': 0, 'Behavior': 1, 'Content': 0, 'Distribution': 0}",-0.0
1885,mstdn.3naly.xyz,$10^{2}$ to $10^{3}$,"{'Illegal Content': 1, 'Images': 1}","{'Action': 0, 'Behavior': 0, 'Content': 2, 'Distribution': 0}",-0.0
1886,mstdn.animexx.de,$10^{3}$ to $10^{4}$,"{'Advertising & Commercialization': 1, 'Spam': 1, 'Harassment': 1, 'Hate Speech': 1, 'Automated tools': 1}","{'Action': 1, 'Behavior': 1, 'Content': 1, 'Distribution': 2}",1.9219280948873623
1887,mstdn.anqou.net,$10^{2}$ to $10^{3}$,{'Illegal Content': 1},"{'Action': 0, 'Behavior': 0, 'Content': 1, 'Distribution': 0}",-0.0
1888,mstdn.at,$10^{2}$ to $10^{3}$,"{'Illegal Content': 1, 'Harassment': 1, 'Doxxing/ Personal Info': 1, 'Hate Speech': 1, 'NSFW': 1, 'Images': 1, 'Automated tools': 1, 'Advertising & Commercialization': 1, 'Spam': 1}","{'Action': 1, 'Behavior': 2, 'Content': 4, 'Distribution': 2}",1.836591668108979
1889,mstdn.bar,$10^{1}$ to $10^{2}$ ,"{'Content Warnings': 1, 'Images': 2, 'Incitement of Violence': 1, 'Harassment': 1, 'Doxxing/ Personal Info': 1, 'NSFW': 1, 'Spam': 1, 'Automated tools': 1}","{'Action': 1, 'Behavior': 2, 'Content': 5, 'Distribution': 1}",1.6577427265048887
1890,mstdn.bgmn.net,$10^{1}$ to $10^{2}$ ,"{'Harassment': 1, 'Hate Speech': 1, 'NSFW': 1, 'Content Warnings': 1, 'Images': 1, 'Incitement of Violence': 1}","{'Action': 0, 'Behavior': 1, 'Content': 5, 'Distribution': 0}",0.6500224216483541
1891,mstdn.business,$10^{4}$ to $10^{5}$,"{'NSFW': 1, 'Illegal Content': 1, 'Hate Speech': 1, 'Mis/Disinformation/Conspiracy': 1, 'Advertising & Commercialization': 1, 'Spam': 1}","{'Action': 0, 'Behavior': 0, 'Content': 4, 'Distribution': 2}",0.9182958340544896
1892,mstdn.ca,$10^{5}$ to $10^{6}$ ,"{'Hate Speech': 1, 'Incitement of Violence': 1, 'Mis/Disinformation/Conspiracy': 1, 'Harassment': 1, 'Dogpiling': 1, 'Doxxing/ Personal Info': 1, 'Illegal Content': 1, 'Copyright/ Piracy': 1, 'Content Warnings': 1, 'Images': 1, 'Advertising & Commercialization': 1, 'Spam': 1, 'Impersonation': 1}","{'Action': 0, 'Behavior': 4, 'Content': 6, 'Distribution': 3}",1.5262349099495227
1893,mstdn.cordx.cx,$10^{1}$ to $10^{2}$ ,"{'Illegal Content': 2, 'Harassment': 1}","{'Action': 0, 'Behavior': 1, 'Content': 2, 'Distribution': 0}",0.9182958340544896
1894,mstdn.delmulin.com,$10^{2}$ to $10^{3}$,{'Copyright/ Piracy': 1},"{'Action': 0, 'Behavior': 0, 'Content': 0, 'Distribution': 1}",-0.0
1895,mstdn.dk,$10^{4}$ to $10^{5}$,"{'Illegal Content': 1, 'Hate Speech': 2, 'Mis/Disinformation/Conspiracy': 2, 'Content Warnings': 1, 'Impersonation': 1, 'Advertising & Commercialization': 1, 'Spam': 2, 'Off-topic/topic specific': 1}","{'Action': 0, 'Behavior': 1, 'Content': 7, 'Distribution': 3}",1.2406705316766884
1896,mstdn.drawsdraws.com,$10^{1}$ to $10^{2}$ ,"{'Illegal Content': 1, 'Advertising & Commercialization': 1}","{'Action': 0, 'Behavior': 0, 'Content': 1, 'Distribution': 1}",1.0
1897,mstdn.dsj-toot.com,$10^{2}$ to $10^{3}$,"{'Harassment': 1, 'Hate Speech': 1, 'Content Warnings': 1}","{'Action': 0, 'Behavior': 1, 'Content': 2, 'Distribution': 0}",0.9182958340544896
1898,mstdn.engawa.social,$10^{1}$ to $10^{2}$ ,"{'Automated tools': 1, 'Illegal Content': 1, 'Hate Speech': 1, 'Harassment': 1, 'Advertising & Commercialization': 1, 'Spam': 1}","{'Action': 1, 'Behavior': 1, 'Content': 2, 'Distribution': 2}",1.9182958340544896
1899,mstdn.facb69.com.br,$10^{1}$ to $10^{2}$ ,"{'Off-topic/topic specific': 1, 'Illegal Content': 1, 'Hate Speech': 1}","{'Action': 0, 'Behavior': 0, 'Content': 3, 'Distribution': 0}",-0.0
1900,mstdn.fun.systems,$10^{1}$ to $10^{2}$ ,"{'Content Warnings': 1, 'Images': 1}","{'Action': 0, 'Behavior': 0, 'Content': 2, 'Distribution': 0}",-0.0
1901,mstdn.funil.de,$10^{1}$ to $10^{2}$ ,"{'NSFW': 1, 'Advertising & Commercialization': 1, 'Spam': 1, 'Hate Speech': 2, 'Incitement of Violence': 1, 'Images': 1}","{'Action': 0, 'Behavior': 0, 'Content': 5, 'Distribution': 2}",0.863120568566631
1902,mstdn.games,$10^{4}$ to $10^{5}$,"{'Not Applicable': 1, 'Off-topic/topic specific': 1, 'Illegal Content': 1, 'Hate Speech': 1, 'NSFW': 2, 'Trolling': 1, 'Harassment': 1, 'Mis/Disinformation/Conspiracy': 1, 'Advertising & Commercialization': 1, 'Spam': 1, 'Content Warnings': 1, 'Images': 1, 'Automated tools': 1, 'Reposting/Crossposting': 1}","{'Action': 1, 'Behavior': 2, 'Content': 8, 'Distribution': 3}",1.610577243331642
1903,mstdn.glaux.io,$10^{1}$ to $10^{2}$ ,"{'Hate Speech': 1, 'Harassment': 1, 'Dogpiling': 1, 'Mis/Disinformation/Conspiracy': 1, 'Content Warnings': 1, 'Illegal Content': 1}","{'Action': 0, 'Behavior': 2, 'Content': 4, 'Distribution': 0}",0.9182958340544896
1904,mstdn.gsi.li,$10^{1}$ to $10^{2}$ ,"{'Hate Speech': 1, 'NSFW': 1, 'Content Warnings': 1, 'Images': 1, 'Harassment': 1, 'Illegal Content': 1, 'Incitement of Violence': 1, 'Mis/Disinformation/Conspiracy': 1, 'Advertising & Commercialization': 1, 'Spam': 1}","{'Action': 0, 'Behavior': 1, 'Content': 7, 'Distribution': 2}",1.1567796494470395
1905,mstdn.gunma.jp,$10^{2}$ to $10^{3}$,"{'Not Applicable': 1, 'Links & Outside Content': 1}","{'Action': 0, 'Behavior': 0, 'Content': 1, 'Distribution': 0}",-0.0
1906,mstdn.hokkaido.jp,$10^{3}$ to $10^{4}$,"{'Illegal Content': 1, 'Hate Speech': 1}","{'Action': 0, 'Behavior': 0, 'Content': 2, 'Distribution': 0}",-0.0
1907,mstdn.hyogo.jp,$10^{3}$ to $10^{4}$,"{'Illegal Content': 1, 'NSFW': 1, 'Content Warnings': 1, 'Spam': 1, 'Automated tools': 2, 'Not Applicable': 1}","{'Action': 2, 'Behavior': 0, 'Content': 3, 'Distribution': 1}",1.4591479170272448
1908,mstdn.ikebuku.ro,$10^{2}$ to $10^{3}$,"{'Illegal Content': 2, 'Hate Speech': 1, 'Harassment': 1, 'Copyright/ Piracy': 1, 'Advertising & Commercialization': 1}","{'Action': 0, 'Behavior': 1, 'Content': 3, 'Distribution': 2}",1.4591479170272446
1909,mstdn.io,$10^{4}$ to $10^{5}$,"{'Spam': 1, 'Illegal Content': 1, 'NSFW': 1, 'Content Warnings': 2, 'Advertising & Commercialization': 1, 'Automated tools': 1, 'Images': 1, 'Hate Speech': 1, 'Mis/Disinformation/Conspiracy': 1}","{'Action': 1, 'Behavior': 0, 'Content': 7, 'Distribution': 2}",1.1567796494470395
1910,mstdn.jaws-ug.okinawa,$10^{2}$ to $10^{3}$,{'Hate Speech': 1},"{'Action': 0, 'Behavior': 0, 'Content': 1, 'Distribution': 0}",-0.0
1911,mstdn.jetzou.com,$10^{1}$ to $10^{2}$ ,{'Illegal Content': 1},"{'Action': 0, 'Behavior': 0, 'Content': 1, 'Distribution': 0}",-0.0
1912,mstdn.kodein.be,$10^{1}$ to $10^{2}$ ,{'Hate Speech': 1},"{'Action': 0, 'Behavior': 0, 'Content': 1, 'Distribution': 0}",-0.0
1913,mstdn.lalafell.org.,$10^{3}$ to $10^{4}$,"{'Illegal Content': 1, 'Links & Outside Content': 1}","{'Action': 0, 'Behavior': 0, 'Content': 2, 'Distribution': 0}",-0.0
1914,mstdn.maud.io,$10^{4}$ to $10^{5}$,{'Illegal Content': 1},"{'Action': 0, 'Behavior': 0, 'Content': 1, 'Distribution': 0}",-0.0
1915,mstdn.midyuki.net,$10^{1}$ to $10^{2}$ ,{'Hate Speech': 1},"{'Action': 0, 'Behavior': 0, 'Content': 1, 'Distribution': 0}",-0.0
1916,mstdn.mini4wd-engineer.com,$10^{3}$ to $10^{4}$,"{'Illegal Content': 1, 'Harassment': 1, 'Doxxing/ Personal Info': 1, 'Copyright/ Piracy': 1}","{'Action': 0, 'Behavior': 2, 'Content': 1, 'Distribution': 1}",1.5
1917,mstdn.moe,$10^{3}$ to $10^{4}$,"{'Illegal Content': 2, 'NSFW': 2, 'Hate Speech': 1, 'Copyright/ Piracy': 1, 'Harassment': 1, 'Content Warnings': 1}","{'Action': 0, 'Behavior': 1, 'Content': 6, 'Distribution': 1}",1.061278124459133
1918,mstdn.mx,$10^{4}$ to $10^{5}$,"{'Spam': 2, 'Automated tools': 1, 'NSFW': 1, 'Hate Speech': 2, 'Mis/Disinformation/Conspiracy': 1, 'Reposting/Crossposting': 1, 'Images': 1, 'Harassment': 1, 'Content Warnings': 1}","{'Action': 1, 'Behavior': 1, 'Content': 6, 'Distribution': 3}",1.617189572592715
1919,mstdn.my,$10^{3}$ to $10^{4}$,"{'Spam': 2, 'NSFW': 1, 'Harassment': 1, 'Mis/Disinformation/Conspiracy': 1, 'Incitement of Violence': 1, 'Hate Speech': 1, 'Advertising & Commercialization': 1}","{'Action': 0, 'Behavior': 1, 'Content': 4, 'Distribution': 3}",1.4056390622295665
1920,mstdn.nagito.net,$10^{2}$ to $10^{3}$,"{'Illegal Content': 1, 'Impersonation': 1, 'Copyright/ Piracy': 1, 'NSFW': 1}","{'Action': 0, 'Behavior': 1, 'Content': 2, 'Distribution': 1}",1.5
1921,mstdn.nijist.info,$10^{2}$ to $10^{3}$,"{'Harassment': 1, 'Automated tools': 1, 'NSFW': 1, 'Spam': 1}","{'Action': 1, 'Behavior': 1, 'Content': 1, 'Distribution': 1}",2.0
1922,mstdn.nursing.unibas.ch,$10^{2}$ to $10^{3}$,"{'Mis/Disinformation/Conspiracy': 1, 'Harassment': 1, 'Doxxing/ Personal Info': 1, 'Incitement of Violence': 1, 'Hate Speech': 1, 'Spam': 1}","{'Action': 0, 'Behavior': 2, 'Content': 3, 'Distribution': 1}",1.4591479170272448
1923,mstdn.online,$10^{2}$ to $10^{3}$,"{'Content Warnings': 1, 'Images': 1, 'Hate Speech': 1, 'Incitement of Violence': 1, 'Harassment': 1, 'Doxxing/ Personal Info': 1, 'Illegal Content': 1, 'Mis/Disinformation/Conspiracy': 1}","{'Action': 0, 'Behavior': 2, 'Content': 6, 'Distribution': 0}",0.8112781244591328
1924,mstdn.party,$10^{5}$ to $10^{6}$ ,"{'NSFW': 1, 'Content Warnings': 1, 'Images': 1, 'Hate Speech': 1, 'Incitement of Violence': 1, 'Harassment': 1, 'Doxxing/ Personal Info': 1, 'Illegal Content': 1, 'Mis/Disinformation/Conspiracy': 1, 'Not Applicable': 1, 'Automated tools': 1, 'Spam': 1, 'Links & Outside Content': 1}","{'Action': 1, 'Behavior': 2, 'Content': 8, 'Distribution': 1}",1.4182958340544896
1925,mstdn.plus,$10^{5}$ to $10^{6}$ ,"{'NSFW': 1, 'Content Warnings': 1, 'Images': 1, 'Hate Speech': 1, 'Incitement of Violence': 1, 'Harassment': 1, 'Doxxing/ Personal Info': 1, 'Illegal Content': 1, 'Mis/Disinformation/Conspiracy': 1, 'Automated tools': 1, 'Spam': 1, 'Links & Outside Content': 1}","{'Action': 1, 'Behavior': 2, 'Content': 8, 'Distribution': 1}",1.4182958340544896
1926,mstdn.plusminus.io,$10^{2}$ to $10^{3}$,{'Links & Outside Content': 1},"{'Action': 0, 'Behavior': 0, 'Content': 1, 'Distribution': 0}",-0.0
1927,mstdn.rkunkunr.com,$10^{2}$ to $10^{3}$,"{'NSFW': 1, 'Content Warnings': 1, 'Automated tools': 1, 'Illegal Content': 1}","{'Action': 1, 'Behavior': 0, 'Content': 3, 'Distribution': 0}",0.8112781244591328
1928,mstdn.ro,$10^{3}$ to $10^{4}$,"{'Content Warnings': 1, 'Images': 1, 'Advertising & Commercialization': 1, 'Spam': 1, 'Hate Speech': 1, 'Incitement of Violence': 1, 'Harassment': 1, 'Doxxing/ Personal Info': 1, 'Illegal Content': 1, 'Automated tools': 1}","{'Action': 1, 'Behavior': 2, 'Content': 5, 'Distribution': 2}",1.7609640474436812
1929,mstdn.science,$10^{4}$ to $10^{5}$,"{'NSFW': 1, 'Images': 1, 'Harassment': 2, 'Spam': 1, 'Trolling': 1, 'Mis/Disinformation/Conspiracy': 1}","{'Action': 0, 'Behavior': 3, 'Content': 3, 'Distribution': 1}",1.4488156357251847
1930,mstdn.social,$10^{6}$ to $10^{7}$,"{'Content Warnings': 1, 'Images': 1, 'Advertising & Commercialization': 1, 'Spam': 1, 'Hate Speech': 1, 'Incitement of Violence': 1, 'Harassment': 1, 'Doxxing/ Personal Info': 1, 'Illegal Content': 1, 'Mis/Disinformation/Conspiracy': 2, 'Copyright/ Piracy': 1}","{'Action': 0, 'Behavior': 2, 'Content': 7, 'Distribution': 3}",1.384431504340598
1931,mstdn.soine.site,$10^{2}$ to $10^{3}$,"{'NSFW': 2, 'Spam': 1, 'Mis/Disinformation/Conspiracy': 1, 'Illegal Content': 1, 'Content Warnings': 1}","{'Action': 0, 'Behavior': 0, 'Content': 5, 'Distribution': 1}",0.6500224216483541
1932,mstdn.starnix.network,$10^{2}$ to $10^{3}$,"{'Illegal Content': 1, 'NSFW': 1, 'Doxxing/ Personal Info': 1, 'Advertising & Commercialization': 1, 'Spam': 2, 'Off-topic/topic specific': 1}","{'Action': 0, 'Behavior': 1, 'Content': 3, 'Distribution': 3}",1.4488156357251847
1933,mstdn.studiofreesia.com,$10^{1}$ to $10^{2}$ ,{'Automated tools': 1},"{'Action': 1, 'Behavior': 0, 'Content': 0, 'Distribution': 0}",-0.0
1934,mstdn.sublimer.me,$10^{3}$ to $10^{4}$,"{'Illegal Content': 1, 'Hate Speech': 1, 'Harassment': 2, 'Impersonation': 1, 'Automated tools': 1}","{'Action': 1, 'Behavior': 3, 'Content': 2, 'Distribution': 0}",1.4591479170272446
1935,mstdn.thms.uk,$10^{1}$ to $10^{2}$ ,"{'Hate Speech': 1, 'Incitement of Violence': 1, 'Harassment': 1, 'Doxxing/ Personal Info': 1, 'Illegal Content': 1, 'NSFW': 1, 'Images': 1, 'Content Warnings': 1}","{'Action': 0, 'Behavior': 2, 'Content': 6, 'Distribution': 0}",0.8112781244591328
1936,mstdn.uno,$10^{1}$ to $10^{2}$ ,"{'Spam': 1, 'Automated tools': 1, 'Harassment': 1, 'Illegal Content': 1}","{'Action': 1, 'Behavior': 1, 'Content': 1, 'Distribution': 1}",2.0
1937,mstdn.v-elf.com,$10^{2}$ to $10^{3}$,"{'Harassment': 1, 'Trolling': 1, 'Content Warnings': 1, 'Illegal Content': 1}","{'Action': 0, 'Behavior': 2, 'Content': 2, 'Distribution': 0}",1.0
1938,mstdn.vientos.live,$10^{1}$ to $10^{2}$ ,"{'Images': 1, 'Hate Speech': 1, 'Incitement of Violence': 2, 'Harassment': 1, 'Doxxing/ Personal Info': 1, 'Illegal Content': 2, 'Mis/Disinformation/Conspiracy': 1}","{'Action': 0, 'Behavior': 2, 'Content': 7, 'Distribution': 0}",0.7642045065086203
1939,mstdn.vodka,$10^{2}$ to $10^{3}$,"{'Spam': 1, 'Harassment': 1, 'Doxxing/ Personal Info': 1}","{'Action': 0, 'Behavior': 2, 'Content': 0, 'Distribution': 1}",0.9182958340544896
1940,mstdn.wildtree.jp,$10^{2}$ to $10^{3}$,"{'Illegal Content': 1, 'Hate Speech': 1, 'Harassment': 1}","{'Action': 0, 'Behavior': 1, 'Content': 2, 'Distribution': 0}",0.9182958340544896
1941,mstdn.ysnr5102.com,$10^{1}$ to $10^{2}$ ,{'Copyright/ Piracy': 1},"{'Action': 0, 'Behavior': 0, 'Content': 0, 'Distribution': 1}",-0.0
1942,mstdn.yurutan.net,$10^{1}$ to $10^{2}$ ,"{'NSFW': 1, 'Spam': 1, 'Doxxing/ Personal Info': 1}","{'Action': 0, 'Behavior': 1, 'Content': 1, 'Distribution': 1}",1.584962500721156
1943,mstdon.com,$10^{2}$ to $10^{3}$,"{'Content Warnings': 1, 'Images': 2, 'Advertising & Commercialization': 1, 'Spam': 1, 'Hate Speech': 1, 'Incitement of Violence': 1, 'Harassment': 1, 'Doxxing/ Personal Info': 1, 'Illegal Content': 1, 'NSFW': 1}","{'Action': 0, 'Behavior': 2, 'Content': 7, 'Distribution': 2}",1.3092966682370037
1944,mt.shc.kanagawa.jp,$10^{2}$ to $10^{3}$,"{'NSFW': 1, 'Content Warnings': 1, 'Harassment': 1}","{'Action': 0, 'Behavior': 1, 'Content': 2, 'Distribution': 0}",0.9182958340544896
1945,mtd.naraku.cc,$10^{1}$ to $10^{2}$ ,"{'Images': 1, 'Hate Speech': 1, 'Incitement of Violence': 1, 'Harassment': 1, 'Doxxing/ Personal Info': 1, 'Mis/Disinformation/Conspiracy': 1}","{'Action': 0, 'Behavior': 2, 'Content': 4, 'Distribution': 0}",0.9182958340544896
1946,mtdn.anyqn.com,$10^{1}$ to $10^{2}$ ,"{'Illegal Content': 1, 'Mis/Disinformation/Conspiracy': 1}","{'Action': 0, 'Behavior': 0, 'Content': 2, 'Distribution': 0}",-0.0
1947,mtg.garden,$10^{2}$ to $10^{3}$,"{'Hate Speech': 2, 'Illegal Content': 1, 'Incitement of Violence': 1, 'Trolling': 1, 'NSFW': 1, 'Spam': 1, 'Harassment': 1, 'Mis/Disinformation/Conspiracy': 1, 'Automated tools': 1, 'Reposting/Crossposting': 1}","{'Action': 1, 'Behavior': 2, 'Content': 6, 'Distribution': 2}",1.6858157091530304
1948,mtgjudge.social,$10^{2}$ to $10^{3}$,"{'NSFW': 1, 'Harassment': 3, 'Trolling': 1, 'Doxxing/ Personal Info': 1}","{'Action': 0, 'Behavior': 5, 'Content': 1, 'Distribution': 0}",0.6500224216483541
1949,mtn.selfre.cc,$10^{1}$ to $10^{2}$ ,{'NSFW': 1},"{'Action': 0, 'Behavior': 0, 'Content': 1, 'Distribution': 0}",-0.0
1950,mu-ori.me,$10^{1}$ to $10^{2}$ ,"{'Hate Speech': 3, 'Harassment': 1, 'NSFW': 1, 'Illegal Content': 1, 'Advertising & Commercialization': 1}","{'Action': 0, 'Behavior': 1, 'Content': 5, 'Distribution': 1}",1.1488348542809166
1951,mublog.nl,$10^{1}$ to $10^{2}$ ,"{'Hate Speech': 2, 'NSFW': 1, 'Content Warnings': 1, 'Images': 1, 'Harassment': 1, 'Illegal Content': 1, 'Incitement of Violence': 1, 'Mis/Disinformation/Conspiracy': 1, 'Spam': 1, 'Impersonation': 1}","{'Action': 0, 'Behavior': 2, 'Content': 8, 'Distribution': 1}",1.0957952550009336
1952,mudhut.social,$10^{1}$ to $10^{2}$ ,"{'Hate Speech': 1, 'NSFW': 1, 'Content Warnings': 1, 'Images': 1, 'Incitement of Violence': 1, 'Advertising & Commercialization': 1, 'Illegal Content': 1, 'Spam': 1, 'Impersonation': 1}","{'Action': 0, 'Behavior': 1, 'Content': 6, 'Distribution': 2}",1.224394445405986
1953,muenchen.social,$10^{5}$ to $10^{6}$ ,"{'Harassment': 2, 'Doxxing/ Personal Info': 1, 'Hate Speech': 4, 'Illegal Content': 2, 'Incitement of Violence': 1, 'NSFW': 2, 'Images': 1, 'Automated tools': 1, 'Advertising & Commercialization': 1, 'Spam': 1}","{'Action': 1, 'Behavior': 3, 'Content': 10, 'Distribution': 2}",1.5016144718101818
1954,muenster.im,$10^{4}$ to $10^{5}$,"{'Mis/Disinformation/Conspiracy': 1, 'Hate Speech': 1, 'Advertising & Commercialization': 1, 'Spam': 1, 'NSFW': 1, 'Incitement of Violence': 1}","{'Action': 0, 'Behavior': 0, 'Content': 4, 'Distribution': 2}",0.9182958340544896
1955,mulberryphotowerx.social,$10^{1}$ to $10^{2}$ ,"{'Harassment': 1, 'Hate Speech': 1, 'NSFW': 1}","{'Action': 0, 'Behavior': 1, 'Content': 2, 'Distribution': 0}",0.9182958340544896
1956,museum.community,$10^{2}$ to $10^{3}$,"{'Content Warnings': 1, 'Images': 1, 'Hate Speech': 1, 'Incitement of Violence': 1, 'Harassment': 1, 'Doxxing/ Personal Info': 1, 'Illegal Content': 1, 'Mis/Disinformation/Conspiracy': 1}","{'Action': 0, 'Behavior': 2, 'Content': 6, 'Distribution': 0}",0.8112781244591328
1957,musicians.today,$10^{3}$ to $10^{4}$,"{'Mis/Disinformation/Conspiracy': 1, 'Hate Speech': 1, 'Incitement of Violence': 1, 'Harassment': 2, 'Off-topic/topic specific': 1, 'Dogpiling': 1, 'Doxxing/ Personal Info': 1, 'NSFW': 2, 'Content Warnings': 1, 'Illegal Content': 1}","{'Action': 0, 'Behavior': 4, 'Content': 8, 'Distribution': 0}",0.9182958340544896
1958,musicworld.social,$10^{3}$ to $10^{4}$,"{'Illegal Content': 4, 'Incitement of Violence': 1, 'Hate Speech': 4, 'Mis/Disinformation/Conspiracy': 1, 'NSFW': 3, 'Content Warnings': 3, 'Images': 2, 'Links & Outside Content': 1, 'Spam': 1, 'Harassment': 1, 'Impersonation': 1}","{'Action': 0, 'Behavior': 2, 'Content': 19, 'Distribution': 1}",0.6998578570269279
1959,muso.social,$10^{3}$ to $10^{4}$,"{'Hate Speech': 1, 'Content Warnings': 1, 'Images': 1, 'Incitement of Violence': 1, 'Harassment': 1, 'Dogpiling': 1, 'Doxxing/ Personal Info': 1, 'Mis/Disinformation/Conspiracy': 1, 'Illegal Content': 1}","{'Action': 0, 'Behavior': 3, 'Content': 6, 'Distribution': 0}",0.9182958340544896
1960,mustard.blog,$10^{4}$ to $10^{5}$,"{'NSFW': 1, 'Content Warnings': 1, 'Illegal Content': 1, 'Harassment': 1, 'Hate Speech': 2, 'Off-topic/topic specific': 1}","{'Action': 0, 'Behavior': 1, 'Content': 6, 'Distribution': 0}",0.5916727785823275
1961,my-spaces.social,$10^{1}$ to $10^{2}$ ,"{'Hate Speech': 1, 'Harassment': 1}","{'Action': 0, 'Behavior': 1, 'Content': 1, 'Distribution': 0}",1.0
1962,my0.net,$10^{2}$ to $10^{3}$,"{'Illegal Content': 1, 'Content Warnings': 1, 'Images': 1, 'Hate Speech': 1}","{'Action': 0, 'Behavior': 0, 'Content': 4, 'Distribution': 0}",-0.0
1963,myke.social,$10^{1}$ to $10^{2}$ ,{'Harassment': 1},"{'Action': 0, 'Behavior': 1, 'Content': 0, 'Distribution': 0}",-0.0
1964,myonlinepi.uk,$10^{1}$ to $10^{2}$ ,"{'Hate Speech': 1, 'Incitement of Violence': 1, 'Harassment': 1, 'Doxxing/ Personal Info': 1, 'Impersonation': 1, 'Advertising & Commercialization': 1, 'Spam': 1, 'Mis/Disinformation/Conspiracy': 1, 'Illegal Content': 1}","{'Action': 0, 'Behavior': 3, 'Content': 4, 'Distribution': 2}",1.5304930567574824
1965,myopic.one,$10^{1}$ to $10^{2}$ ,"{'Harassment': 3, 'Dogpiling': 1, 'Doxxing/ Personal Info': 1, 'Advertising & Commercialization': 1, 'Spam': 1, 'Content Warnings': 1, 'Illegal Content': 1, 'Trolling': 1, 'Not Applicable': 1, 'Automated tools': 1}","{'Action': 1, 'Behavior': 6, 'Content': 2, 'Distribution': 2}",1.6858157091530304
1966,myprivate.social,$10^{1}$ to $10^{2}$ ,"{'Hate Speech': 2, 'Harassment': 1, 'Incitement of Violence': 2, 'Content Warnings': 1, 'Illegal Content': 1}","{'Action': 0, 'Behavior': 1, 'Content': 6, 'Distribution': 0}",0.5916727785823275
1967,mystical.garden,$10^{2}$ to $10^{3}$,"{'Harassment': 3, 'Doxxing/ Personal Info': 1, 'Hate Speech': 3, 'Dogpiling': 1, 'Illegal Content': 2, 'Mis/Disinformation/Conspiracy': 1, 'Links & Outside Content': 1, 'Images': 1, 'Automated tools': 1}","{'Action': 1, 'Behavior': 5, 'Content': 8, 'Distribution': 0}",1.2638091738835462
1968,n.noxexcelsis.online,$10^{1}$ to $10^{2}$ ,"{'Hate Speech': 1, 'Content Warnings': 1, 'Images': 1}","{'Action': 0, 'Behavior': 0, 'Content': 3, 'Distribution': 0}",-0.0
1969,na.social,$10^{2}$ to $10^{3}$,"{'NSFW': 1, 'Illegal Content': 1, 'Incitement of Violence': 1, 'Doxxing/ Personal Info': 1}","{'Action': 0, 'Behavior': 1, 'Content': 3, 'Distribution': 0}",0.8112781244591328
1970,naapurinpoika.com,$10^{1}$ to $10^{2}$ ,{'NSFW': 1},"{'Action': 0, 'Behavior': 0, 'Content': 1, 'Distribution': 0}",-0.0
1971,nagoyadon.jp,$10^{3}$ to $10^{4}$,"{'Hate Speech': 1, 'Spam': 1, 'Trolling': 1, 'Advertising & Commercialization': 1, 'Doxxing/ Personal Info': 1}","{'Action': 0, 'Behavior': 2, 'Content': 1, 'Distribution': 2}",1.5219280948873621
1972,nahe.social,$10^{3}$ to $10^{4}$,"{'Hate Speech': 1, 'Harassment': 1, 'Dogpiling': 1, 'Doxxing/ Personal Info': 1, 'Illegal Content': 1, 'Mis/Disinformation/Conspiracy': 1, 'Advertising & Commercialization': 1, 'Spam': 1, 'Not Applicable': 1, 'Automated tools': 1}","{'Action': 1, 'Behavior': 3, 'Content': 3, 'Distribution': 2}",1.8910611120726528
1973,najmon.com,$10^{2}$ to $10^{3}$,"{'Hate Speech': 2, 'NSFW': 1}","{'Action': 0, 'Behavior': 0, 'Content': 3, 'Distribution': 0}",-0.0
1974,nap.social,$10^{2}$ to $10^{3}$,"{'Harassment': 1, 'Illegal Content': 1, 'NSFW': 1, 'Content Warnings': 1}","{'Action': 0, 'Behavior': 1, 'Content': 3, 'Distribution': 0}",0.8112781244591328
1975,narikiri.hostdon.ne.jp,$10^{3}$ to $10^{4}$,"{'Illegal Content': 1, 'Copyright/ Piracy': 2}","{'Action': 0, 'Behavior': 0, 'Content': 1, 'Distribution': 2}",0.9182958340544896
1976,nasface.cz,$10^{4}$ to $10^{5}$,"{'Spam': 1, 'Trolling': 1, 'Advertising & Commercialization': 1, 'Links & Outside Content': 1}","{'Action': 0, 'Behavior': 1, 'Content': 1, 'Distribution': 2}",1.5
1977,nashtodon.com,$10^{2}$ to $10^{3}$,"{'Off-topic/topic specific': 1, 'Not Applicable': 1, 'Trolling': 1, 'Illegal Content': 1, 'Hate Speech': 1, 'Harassment': 1, 'Spam': 1}","{'Action': 0, 'Behavior': 2, 'Content': 3, 'Distribution': 1}",1.4591479170272448
1978,natterati.com,$10^{1}$ to $10^{2}$ ,"{'Hate Speech': 1, 'Incitement of Violence': 1, 'Harassment': 1, 'Doxxing/ Personal Info': 1, 'Illegal Content': 1, 'Mis/Disinformation/Conspiracy': 1}","{'Action': 0, 'Behavior': 2, 'Content': 4, 'Distribution': 0}",0.9182958340544896
1979,nautical.social,$10^{2}$ to $10^{3}$,"{'Hate Speech': 2, 'Harassment': 2, 'NSFW': 1, 'Content Warnings': 1, 'Spam': 1, 'Automated tools': 1, 'Illegal Content': 1, 'Doxxing/ Personal Info': 2, 'Mis/Disinformation/Conspiracy': 1}","{'Action': 1, 'Behavior': 4, 'Content': 6, 'Distribution': 1}",1.6258145836939115
1980,nbaden.club,$10^{3}$ to $10^{4}$,"{'Spam': 1, 'Hate Speech': 1}","{'Action': 0, 'Behavior': 0, 'Content': 1, 'Distribution': 1}",1.0
1981,ndrgrnd.social,$10^{2}$ to $10^{3}$,{'Hate Speech': 2},"{'Action': 0, 'Behavior': 0, 'Content': 2, 'Distribution': 0}",-0.0
1982,nekoland.fangluo.top,$10^{1}$ to $10^{2}$ ,"{'NSFW': 1, 'Content Warnings': 1, 'Hate Speech': 1, 'Harassment': 1, 'Illegal Content': 2, 'Doxxing/ Personal Info': 1}","{'Action': 0, 'Behavior': 2, 'Content': 5, 'Distribution': 0}",0.863120568566631
1983,nekonya.nekosnowy.moe,$10^{1}$ to $10^{2}$ ,"{'Harassment': 1, 'Trolling': 1}","{'Action': 0, 'Behavior': 2, 'Content': 0, 'Distribution': 0}",-0.0
1984,nekton.social,$10^{1}$ to $10^{2}$ ,"{'NSFW': 1, 'Incitement of Violence': 2, 'Images': 1, 'Hate Speech': 1, 'Harassment': 1, 'Doxxing/ Personal Info': 1, 'Mis/Disinformation/Conspiracy': 1, 'Links & Outside Content': 1, 'Copyright/ Piracy': 1}","{'Action': 0, 'Behavior': 2, 'Content': 7, 'Distribution': 1}",1.1567796494470395
1985,neos.social,$10^{2}$ to $10^{3}$,"{'NSFW': 1, 'Images': 1, 'Harassment': 3, 'Trolling': 1, 'Doxxing/ Personal Info': 1, 'Illegal Content': 1}","{'Action': 0, 'Behavior': 5, 'Content': 3, 'Distribution': 0}",0.954434002924965
1986,neovibe.app,$10^{3}$ to $10^{4}$,"{'NSFW': 2, 'Illegal Content': 1, 'Hate Speech': 1, 'Incitement of Violence': 1, 'Mis/Disinformation/Conspiracy': 1, 'Spam': 1, 'Copyright/ Piracy': 1, 'Impersonation': 1, 'Content Warnings': 1, 'Images': 1, 'Harassment': 1}","{'Action': 0, 'Behavior': 2, 'Content': 8, 'Distribution': 2}",1.2516291673878228
1987,nerdculture.de,$10^{4}$ to $10^{5}$,"{'Hate Speech': 2, 'Spam': 1, 'Advertising & Commercialization': 2, 'Copyright/ Piracy': 2, 'Automated tools': 1, 'Images': 1}","{'Action': 1, 'Behavior': 0, 'Content': 3, 'Distribution': 5}",1.3516441151533924
1988,nerdjoy.social,$10^{1}$ to $10^{2}$ ,"{'Hate Speech': 1, 'Illegal Content': 1, 'Copyright/ Piracy': 1, 'Images': 1, 'Not Applicable': 1, 'Content Warnings': 1}","{'Action': 0, 'Behavior': 0, 'Content': 4, 'Distribution': 1}",0.7219280948873623
1989,netmonkey.xyz,$10^{1}$ to $10^{2}$ ,"{'Hate Speech': 5, 'Illegal Content': 1, 'Spam': 1}","{'Action': 0, 'Behavior': 0, 'Content': 6, 'Distribution': 1}",0.5916727785823275
1990,networker.social,$10^{2}$ to $10^{3}$,"{'Hate Speech': 1, 'Illegal Content': 1, 'Incitement of Violence': 1, 'Mis/Disinformation/Conspiracy': 1, 'NSFW': 1, 'Links & Outside Content': 1, 'Images': 1, 'Impersonation': 1, 'Harassment': 1, 'Doxxing/ Personal Info': 1}","{'Action': 0, 'Behavior': 3, 'Content': 7, 'Distribution': 0}",0.8812908992306927
1991,netzkms.de,$10^{2}$ to $10^{3}$,"{'Hate Speech': 1, 'Illegal Content': 1}","{'Action': 0, 'Behavior': 0, 'Content': 2, 'Distribution': 0}",-0.0
1992,neubau.social,$10^{1}$ to $10^{2}$ ,"{'Hate Speech': 2, 'Illegal Content': 1, 'Incitement of Violence': 1, 'Trolling': 1, 'NSFW': 1, 'Spam': 1, 'Harassment': 1}","{'Action': 0, 'Behavior': 2, 'Content': 5, 'Distribution': 1}",1.2987949406953985
1993,neurodifferent.me,$10^{4}$ to $10^{5}$,"{'Hate Speech': 2, 'Impersonation': 1, 'Harassment': 1, 'Links & Outside Content': 1, 'Advertising & Commercialization': 1, 'Images': 1, 'Mis/Disinformation/Conspiracy': 1, 'Not Applicable': 1}","{'Action': 0, 'Behavior': 2, 'Content': 5, 'Distribution': 1}",1.2987949406953985
1994,neurology.social,$10^{2}$ to $10^{3}$,"{'Harassment': 1, 'Hate Speech': 2, 'Advertising & Commercialization': 1, 'Automated tools': 1, 'Incitement of Violence': 1, 'Spam': 1, 'Links & Outside Content': 1}","{'Action': 1, 'Behavior': 1, 'Content': 4, 'Distribution': 2}",1.75
1995,neuromatch.social,$10^{4}$ to $10^{5}$,"{'Hate Speech': 3, 'Doxxing/ Personal Info': 1, 'Harassment': 1, 'Illegal Content': 1, 'Mis/Disinformation/Conspiracy': 1}","{'Action': 0, 'Behavior': 2, 'Content': 5, 'Distribution': 0}",0.863120568566631
1996,neuss.social,$10^{1}$ to $10^{2}$ ,"{'Illegal Content': 1, 'Incitement of Violence': 2, 'Doxxing/ Personal Info': 1, 'Advertising & Commercialization': 1, 'Hate Speech': 1, 'Harassment': 1}","{'Action': 0, 'Behavior': 2, 'Content': 4, 'Distribution': 1}",1.3787834934861753
1997,newgrounds.club,$10^{2}$ to $10^{3}$,{'Trolling': 1},"{'Action': 0, 'Behavior': 1, 'Content': 0, 'Distribution': 0}",-0.0
1998,newsbots.californialocal.com,$10^{2}$ to $10^{3}$,"{'Spam': 1, 'Automated tools': 1}","{'Action': 1, 'Behavior': 0, 'Content': 0, 'Distribution': 1}",1.0
1999,newsmast.community,$10^{2}$ to $10^{3}$,"{'Links & Outside Content': 1, 'Impersonation': 1, 'Mis/Disinformation/Conspiracy': 2, 'Illegal Content': 2, 'Hate Speech': 2, 'Incitement of Violence': 2, 'Harassment': 1, 'Trolling': 1, 'Doxxing/ Personal Info': 1, 'NSFW': 1, 'Images': 1, 'Spam': 1}","{'Action': 0, 'Behavior': 4, 'Content': 11, 'Distribution': 1}",1.1216407621868583
2000,nexus.servn.ca,$10^{1}$ to $10^{2}$ ,"{'Content Warnings': 1, 'Images': 1}","{'Action': 0, 'Behavior': 0, 'Content': 2, 'Distribution': 0}",-0.0
2001,nfdi.social,$10^{3}$ to $10^{4}$,"{'Hate Speech': 2, 'Mis/Disinformation/Conspiracy': 1, 'Content Warnings': 1, 'Advertising & Commercialization': 1}","{'Action': 0, 'Behavior': 0, 'Content': 4, 'Distribution': 1}",0.7219280948873623
2002,nfld.me,$10^{2}$ to $10^{3}$,"{'Hate Speech': 1, 'Harassment': 2, 'Doxxing/ Personal Info': 1, 'Illegal Content': 1, 'Advertising & Commercialization': 1, 'Spam': 1, 'Impersonation': 1, 'NSFW': 1, 'Content Warnings': 1, 'Mis/Disinformation/Conspiracy': 1}","{'Action': 0, 'Behavior': 4, 'Content': 5, 'Distribution': 2}",1.4949188482339508
2003,nfld.social,$10^{2}$ to $10^{3}$,"{'Hate Speech': 1, 'Incitement of Violence': 1, 'Mis/Disinformation/Conspiracy': 1, 'Harassment': 1, 'Dogpiling': 1, 'Doxxing/ Personal Info': 1, 'Illegal Content': 1, 'Copyright/ Piracy': 1, 'Content Warnings': 2, 'Images': 2}","{'Action': 0, 'Behavior': 3, 'Content': 8, 'Distribution': 1}",1.188721875540867
2004,nfra.club,$10^{1}$ to $10^{2}$ ,{'Links & Outside Content': 1},"{'Action': 0, 'Behavior': 0, 'Content': 1, 'Distribution': 0}",-0.0
2005,nghieng.net,$10^{2}$ to $10^{3}$,{'Illegal Content': 1},"{'Action': 0, 'Behavior': 0, 'Content': 1, 'Distribution': 0}",-0.0
2006,ngmx.com,$10^{2}$ to $10^{3}$,"{'Hate Speech': 5, 'NSFW': 1, 'Harassment': 2, 'Images': 1, 'Doxxing/ Personal Info': 1, 'Content Warnings': 1, 'Incitement of Violence': 1}","{'Action': 0, 'Behavior': 3, 'Content': 9, 'Distribution': 0}",0.8112781244591328
2007,ngrdk.fedicity.net,$10^{1}$ to $10^{2}$ ,"{'NSFW': 1, 'Content Warnings': 1, 'Hate Speech': 1, 'Harassment': 1, 'Reposting/Crossposting': 1, 'Copyright/ Piracy': 1}","{'Action': 0, 'Behavior': 1, 'Content': 3, 'Distribution': 2}",1.4591479170272446
2008,nhw.social,$10^{1}$ to $10^{2}$ ,"{'Incitement of Violence': 2, 'Harassment': 1, 'Hate Speech': 1, 'NSFW': 1, 'Copyright/ Piracy': 1, 'Doxxing/ Personal Info': 1, 'Advertising & Commercialization': 1, 'Spam': 1}","{'Action': 0, 'Behavior': 2, 'Content': 4, 'Distribution': 3}",1.5304930567574826
2009,ni.hil.ist,$10^{3}$ to $10^{4}$,"{'Hate Speech': 3, 'Harassment': 2, 'Mis/Disinformation/Conspiracy': 1, 'Spam': 1, 'NSFW': 1, 'Content Warnings': 2}","{'Action': 0, 'Behavior': 2, 'Content': 7, 'Distribution': 1}",1.1567796494470395
2010,nicagram.com,$10^{3}$ to $10^{4}$,"{'Hate Speech': 1, 'Off-topic/topic specific': 1, 'Images': 1}","{'Action': 0, 'Behavior': 0, 'Content': 3, 'Distribution': 0}",-0.0
2011,niedersachsen.social,$10^{2}$ to $10^{3}$,"{'NSFW': 1, 'Incitement of Violence': 2, 'Hate Speech': 1, 'Illegal Content': 1, 'Mis/Disinformation/Conspiracy': 1}","{'Action': 0, 'Behavior': 0, 'Content': 6, 'Distribution': 0}",-0.0
2012,nightly.fedibird.com,$10^{3}$ to $10^{4}$,"{'Harassment': 1, 'Trolling': 1, 'Content Warnings': 1}","{'Action': 0, 'Behavior': 2, 'Content': 1, 'Distribution': 0}",0.9182958340544896
2013,nileane.fr,$10^{2}$ to $10^{3}$,"{'Hate Speech': 1, 'Trolling': 1, 'Harassment': 2, 'Dogpiling': 1, 'Incitement of Violence': 1, 'Doxxing/ Personal Info': 1, 'NSFW': 1, 'Illegal Content': 2, 'Impersonation': 1, 'Mis/Disinformation/Conspiracy': 1, 'Spam': 1, 'Reposting/Crossposting': 1, 'Off-topic/topic specific': 1}","{'Action': 0, 'Behavior': 6, 'Content': 7, 'Distribution': 2}",1.4294732983598406
2014,nine.land,$10^{2}$ to $10^{3}$,{'Doxxing/ Personal Info': 1},"{'Action': 0, 'Behavior': 1, 'Content': 0, 'Distribution': 0}",-0.0
2015,nineworlds.social,$10^{1}$ to $10^{2}$ ,"{'Hate Speech': 1, 'Harassment': 1, 'Advertising & Commercialization': 1, 'Off-topic/topic specific': 1}","{'Action': 0, 'Behavior': 1, 'Content': 2, 'Distribution': 1}",1.5
2016,nitecrew.rip,$10^{2}$ to $10^{3}$,"{'NSFW': 2, 'Content Warnings': 1, 'Images': 1, 'Hate Speech': 1}","{'Action': 0, 'Behavior': 0, 'Content': 5, 'Distribution': 0}",-0.0
2017,nixie.name,$10^{1}$ to $10^{2}$ ,"{'Hate Speech': 1, 'Harassment': 1, 'Doxxing/ Personal Info': 1, 'Incitement of Violence': 1}","{'Action': 0, 'Behavior': 2, 'Content': 2, 'Distribution': 0}",1.0
2018,njust.club,$10^{3}$ to $10^{4}$,"{'Content Warnings': 1, 'Hate Speech': 1, 'Harassment': 1}","{'Action': 0, 'Behavior': 1, 'Content': 2, 'Distribution': 0}",0.9182958340544896
2019,nnmdon.com,$10^{1}$ to $10^{2}$ ,{'Doxxing/ Personal Info': 1},"{'Action': 0, 'Behavior': 1, 'Content': 0, 'Distribution': 0}",-0.0
2020,no7es.mu7ou.com,$10^{1}$ to $10^{2}$ ,{'Illegal Content': 1},"{'Action': 0, 'Behavior': 0, 'Content': 1, 'Distribution': 0}",-0.0
2021,noauthority.social,$10^{4}$ to $10^{5}$,{'Illegal Content': 1},"{'Action': 0, 'Behavior': 0, 'Content': 1, 'Distribution': 0}",-0.0
2022,noctua.social,$10^{1}$ to $10^{2}$ ,"{'Hate Speech': 1, 'Illegal Content': 1, 'Incitement of Violence': 1, 'Harassment': 1}","{'Action': 0, 'Behavior': 1, 'Content': 3, 'Distribution': 0}",0.8112781244591328
2023,node.isonomia.net,$10^{1}$ to $10^{2}$ ,{'Mis/Disinformation/Conspiracy': 1},"{'Action': 0, 'Behavior': 0, 'Content': 1, 'Distribution': 0}",-0.0
2024,nodespace.social,$10^{1}$ to $10^{2}$ ,"{'NSFW': 1, 'Content Warnings': 1, 'Hate Speech': 2, 'Harassment': 1, 'Incitement of Violence': 1}","{'Action': 0, 'Behavior': 1, 'Content': 5, 'Distribution': 0}",0.6500224216483541
2025,nomanssky.social,$10^{3}$ to $10^{4}$,"{'Hate Speech': 1, 'Harassment': 1, 'Content Warnings': 1, 'Impersonation': 1, 'Advertising & Commercialization': 1, 'Spam': 1, 'Illegal Content': 1}","{'Action': 0, 'Behavior': 2, 'Content': 3, 'Distribution': 2}",1.5566567074628228
2026,nonentity.fedicity.net,$10^{1}$ to $10^{2}$ ,"{'Illegal Content': 2, 'Mis/Disinformation/Conspiracy': 1, 'Spam': 1, 'Automated tools': 1, 'NSFW': 1, 'Content Warnings': 1}","{'Action': 1, 'Behavior': 0, 'Content': 5, 'Distribution': 1}",1.1488348542809166
2027,nonexiste.net,$10^{2}$ to $10^{3}$,{'Illegal Content': 1},"{'Action': 0, 'Behavior': 0, 'Content': 1, 'Distribution': 0}",-0.0
2028,nongrata.social,$10^{2}$ to $10^{3}$,{'Illegal Content': 1},"{'Action': 0, 'Behavior': 0, 'Content': 1, 'Distribution': 0}",-0.0
2029,nonsocialand.space,$10^{2}$ to $10^{3}$,"{'Not Applicable': 1, 'Spam': 1, 'Harassment': 1}","{'Action': 0, 'Behavior': 1, 'Content': 0, 'Distribution': 1}",1.0
2030,noods.fun,$10^{3}$ to $10^{4}$,"{'NSFW': 2, 'Illegal Content': 1, 'Spam': 1, 'Doxxing/ Personal Info': 1, 'Hate Speech': 1, 'Content Warnings': 1}","{'Action': 0, 'Behavior': 1, 'Content': 5, 'Distribution': 1}",1.1488348542809166
2031,noot.noot.cloud,$10^{1}$ to $10^{2}$ ,{'Illegal Content': 1},"{'Action': 0, 'Behavior': 0, 'Content': 1, 'Distribution': 0}",-0.0
2032,nora.social,$10^{2}$ to $10^{3}$,"{'Hate Speech': 1, 'Harassment': 1, 'Spam': 1}","{'Action': 0, 'Behavior': 1, 'Content': 1, 'Distribution': 1}",1.584962500721156
2033,norden.social,$10^{5}$ to $10^{6}$ ,"{'Hate Speech': 3, 'Harassment': 3, 'Not Applicable': 1, 'Doxxing/ Personal Info': 1, 'Automated tools': 1, 'Reposting/Crossposting': 1, 'NSFW': 1, 'Dogpiling': 1, 'Incitement of Violence': 1, 'Illegal Content': 1, 'Trolling': 1}","{'Action': 1, 'Behavior': 6, 'Content': 6, 'Distribution': 1}",1.5916727785823275
2034,norfolk.social,$10^{1}$ to $10^{2}$ ,"{'Hate Speech': 1, 'Automated tools': 1, 'Images': 1}","{'Action': 1, 'Behavior': 0, 'Content': 2, 'Distribution': 0}",0.9182958340544896
2035,norrebro.space,$10^{3}$ to $10^{4}$,"{'Incitement of Violence': 1, 'Hate Speech': 7}","{'Action': 0, 'Behavior': 0, 'Content': 8, 'Distribution': 0}",-0.0
2036,notbird.app,$10^{1}$ to $10^{2}$ ,"{'Hate Speech': 1, 'Harassment': 1, 'Illegal Content': 1, 'NSFW': 1}","{'Action': 0, 'Behavior': 1, 'Content': 3, 'Distribution': 0}",0.8112781244591328
2037,noto.social,$10^{1}$ to $10^{2}$ ,"{'Hate Speech': 2, 'Harassment': 1, 'Illegal Content': 2, 'Copyright/ Piracy': 1, 'Incitement of Violence': 1, 'NSFW': 1, 'Spam': 1, 'Automated tools': 1, 'Advertising & Commercialization': 1}","{'Action': 1, 'Behavior': 1, 'Content': 6, 'Distribution': 3}",1.617189572592715
2038,notorious.gay,$10^{1}$ to $10^{2}$ ,"{'Hate Speech': 1, 'Harassment': 1, 'Dogpiling': 1, 'Illegal Content': 1}","{'Action': 0, 'Behavior': 2, 'Content': 2, 'Distribution': 0}",1.0
2039,notpickard.com,$10^{1}$ to $10^{2}$ ,{'Hate Speech': 6},"{'Action': 0, 'Behavior': 0, 'Content': 6, 'Distribution': 0}",-0.0
2040,notvery.social,$10^{1}$ to $10^{2}$ ,"{'Hate Speech': 3, 'Off-topic/topic specific': 1}","{'Action': 0, 'Behavior': 0, 'Content': 4, 'Distribution': 0}",-0.0
2041,now.ez-oo.com,$10^{1}$ to $10^{2}$ ,"{'Hate Speech': 2, 'Harassment': 2, 'Spam': 1, 'Doxxing/ Personal Info': 1, 'Content Warnings': 1, 'Illegal Content': 1, 'Copyright/ Piracy': 1}","{'Action': 0, 'Behavior': 3, 'Content': 4, 'Distribution': 2}",1.5304930567574824
2042,noxon.cc,$10^{1}$ to $10^{2}$ ,"{'Incitement of Violence': 1, 'Hate Speech': 7}","{'Action': 0, 'Behavior': 0, 'Content': 8, 'Distribution': 0}",-0.0
2043,nuvem.lgbt,$10^{2}$ to $10^{3}$,"{'Hate Speech': 2, 'Illegal Content': 1, 'Mis/Disinformation/Conspiracy': 1}","{'Action': 0, 'Behavior': 0, 'Content': 4, 'Distribution': 0}",-0.0
2044,nwb.social,$10^{3}$ to $10^{4}$,"{'Illegal Content': 1, 'Content Warnings': 1, 'Images': 1}","{'Action': 0, 'Behavior': 0, 'Content': 3, 'Distribution': 0}",-0.0
2045,nwpu.closed.social,$10^{2}$ to $10^{3}$,"{'Reposting/Crossposting': 1, 'Copyright/ Piracy': 1, 'Illegal Content': 2, 'Harassment': 1, 'Hate Speech': 1, 'Content Warnings': 1, 'Advertising & Commercialization': 1, 'Spam': 1}","{'Action': 0, 'Behavior': 1, 'Content': 4, 'Distribution': 4}",1.3921472236645345
2046,nyan.pics,$10^{1}$ to $10^{2}$ ,"{'Hate Speech': 4, 'Mis/Disinformation/Conspiracy': 1, 'Trolling': 1}","{'Action': 0, 'Behavior': 1, 'Content': 5, 'Distribution': 0}",0.6500224216483541
2047,nycity.social,$10^{2}$ to $10^{3}$,"{'Hate Speech': 5, 'Incitement of Violence': 1, 'Illegal Content': 1, 'Links & Outside Content': 1}","{'Action': 0, 'Behavior': 0, 'Content': 8, 'Distribution': 0}",-0.0
2048,nyxa.jojess.net,$10^{1}$ to $10^{2}$ ,"{'NSFW': 2, 'Content Warnings': 1}","{'Action': 0, 'Behavior': 0, 'Content': 3, 'Distribution': 0}",-0.0
2049,o0o.social,$10^{1}$ to $10^{2}$ ,"{'NSFW': 2, 'Images': 1, 'Hate Speech': 1, 'Harassment': 1, 'Doxxing/ Personal Info': 1, 'Mis/Disinformation/Conspiracy': 1}","{'Action': 0, 'Behavior': 2, 'Content': 5, 'Distribution': 0}",0.863120568566631
2050,o3o.ca,$10^{5}$ to $10^{6}$ ,"{'Hate Speech': 1, 'Harassment': 1, 'Trolling': 1, 'NSFW': 2, 'Content Warnings': 1, 'Illegal Content': 2, 'Images': 1, 'Not Applicable': 1, 'Automated tools': 2, 'Impersonation': 1, 'Advertising & Commercialization': 3, 'Mis/Disinformation/Conspiracy': 1, 'Spam': 1, 'Copyright/ Piracy': 2}","{'Action': 2, 'Behavior': 3, 'Content': 8, 'Distribution': 6}",1.81294527625988
2051,oberberg.nrw,$10^{2}$ to $10^{3}$,"{'Mis/Disinformation/Conspiracy': 1, 'Advertising & Commercialization': 1}","{'Action': 0, 'Behavior': 0, 'Content': 1, 'Distribution': 1}",1.0
2052,obufalus.jp,$10^{3}$ to $10^{4}$,"{'Links & Outside Content': 1, 'Doxxing/ Personal Info': 1, 'NSFW': 1, 'Content Warnings': 1}","{'Action': 0, 'Behavior': 1, 'Content': 3, 'Distribution': 0}",0.8112781244591328
2053,occitania.social,$10^{3}$ to $10^{4}$,"{'Hate Speech': 1, 'Harassment': 1, 'Doxxing/ Personal Info': 1, 'Advertising & Commercialization': 1, 'Spam': 1, 'Illegal Content': 1}","{'Action': 0, 'Behavior': 2, 'Content': 2, 'Distribution': 2}",1.584962500721156
2054,occm.cc,$10^{4}$ to $10^{5}$,"{'NSFW': 1, 'Content Warnings': 2, 'Hate Speech': 1}","{'Action': 0, 'Behavior': 0, 'Content': 4, 'Distribution': 0}",-0.0
2055,occult.town,$10^{2}$ to $10^{3}$,"{'NSFW': 2, 'Hate Speech': 2, 'Harassment': 1, 'Spam': 1, 'Mis/Disinformation/Conspiracy': 1, 'Content Warnings': 3, 'Images': 1}","{'Action': 0, 'Behavior': 1, 'Content': 9, 'Distribution': 1}",0.8658566174572235
2056,oceanplayground.social,$10^{3}$ to $10^{4}$,"{'Hate Speech': 1, 'NSFW': 1, 'Content Warnings': 2, 'Images': 1, 'Impersonation': 1, 'Harassment': 1, 'Illegal Content': 1, 'Incitement of Violence': 1, 'Mis/Disinformation/Conspiracy': 1, 'Advertising & Commercialization': 1, 'Spam': 1, 'Not Applicable': 1}","{'Action': 0, 'Behavior': 2, 'Content': 8, 'Distribution': 2}",1.2516291673878228
2057,oceanvibe.nz,$10^{2}$ to $10^{3}$,"{'NSFW': 1, 'Images': 1, 'Hate Speech': 1, 'Incitement of Violence': 1, 'Harassment': 1, 'Doxxing/ Personal Info': 1, 'Illegal Content': 1}","{'Action': 0, 'Behavior': 2, 'Content': 5, 'Distribution': 0}",0.863120568566631
2058,octodon.social,$10^{5}$ to $10^{6}$ ,{'Advertising & Commercialization': 1},"{'Action': 0, 'Behavior': 0, 'Content': 0, 'Distribution': 1}",-0.0
2059,ocw.social,$10^{2}$ to $10^{3}$,"{'Incitement of Violence': 1, 'Hate Speech': 1, 'NSFW': 1, 'Illegal Content': 1, 'Content Warnings': 1, 'Harassment': 1, 'Doxxing/ Personal Info': 1}","{'Action': 0, 'Behavior': 2, 'Content': 5, 'Distribution': 0}",0.863120568566631
2060,odakyu.app,$10^{3}$ to $10^{4}$,"{'Illegal Content': 1, 'Advertising & Commercialization': 1}","{'Action': 0, 'Behavior': 0, 'Content': 1, 'Distribution': 1}",1.0
2061,odenwald.social,$10^{2}$ to $10^{3}$,"{'Hate Speech': 1, 'Harassment': 1, 'Advertising & Commercialization': 1, 'Copyright/ Piracy': 1}","{'Action': 0, 'Behavior': 1, 'Content': 1, 'Distribution': 2}",1.5
2062,offroad.town,$10^{2}$ to $10^{3}$,"{'Off-topic/topic specific': 1, 'Hate Speech': 1, 'NSFW': 1}","{'Action': 0, 'Behavior': 0, 'Content': 3, 'Distribution': 0}",-0.0
2063,ofurodon.com,$10^{2}$ to $10^{3}$,"{'Incitement of Violence': 1, 'Hate Speech': 1, 'NSFW': 1, 'Illegal Content': 1, 'Spam': 1, 'Harassment': 1}","{'Action': 0, 'Behavior': 1, 'Content': 4, 'Distribution': 1}",1.2516291673878228
2064,oh.mastocaz.zone,$10^{1}$ to $10^{2}$ ,{'Illegal Content': 1},"{'Action': 0, 'Behavior': 0, 'Content': 1, 'Distribution': 0}",-0.0
2065,ohai.social,$10^{5}$ to $10^{6}$ ,"{'Hate Speech': 2, 'Harassment': 1, 'Dogpiling': 1, 'Doxxing/ Personal Info': 1, 'Incitement of Violence': 1, 'Mis/Disinformation/Conspiracy': 1, 'NSFW': 1, 'Content Warnings': 1, 'Images': 1, 'Illegal Content': 1}","{'Action': 0, 'Behavior': 3, 'Content': 8, 'Distribution': 0}",0.8453509366224364
2066,ohbear.wtf,$10^{1}$ to $10^{2}$ ,{'Illegal Content': 1},"{'Action': 0, 'Behavior': 0, 'Content': 1, 'Distribution': 0}",-0.0
2067,okla.social,$10^{3}$ to $10^{4}$,"{'Hate Speech': 1, 'Incitement of Violence': 1, 'Mis/Disinformation/Conspiracy': 1, 'Harassment': 1, 'Dogpiling': 1, 'Doxxing/ Personal Info': 1, 'Illegal Content': 1, 'Copyright/ Piracy': 1, 'NSFW': 1, 'Content Warnings': 1, 'Images': 1, 'Advertising & Commercialization': 2, 'Spam': 1}","{'Action': 0, 'Behavior': 3, 'Content': 7, 'Distribution': 4}",1.4926140680171258
2068,okpeace.org,$10^{2}$ to $10^{3}$,"{'Illegal Content': 1, 'Mis/Disinformation/Conspiracy': 1, 'Images': 1, 'NSFW': 1, 'Content Warnings': 1, 'Hate Speech': 1}","{'Action': 0, 'Behavior': 0, 'Content': 6, 'Distribution': 0}",-0.0
2069,old.mermaid.town,$10^{2}$ to $10^{3}$,"{'Hate Speech': 1, 'Content Warnings': 1, 'Illegal Content': 1, 'Doxxing/ Personal Info': 1}","{'Action': 0, 'Behavior': 1, 'Content': 3, 'Distribution': 0}",0.8112781244591328
2070,oldbytes.space,$10^{4}$ to $10^{5}$,"{'NSFW': 1, 'Spam': 3, 'Hate Speech': 1, 'Links & Outside Content': 1, 'Automated tools': 1}","{'Action': 1, 'Behavior': 0, 'Content': 3, 'Distribution': 3}",1.4488156357251847
2071,oldos.me,$10^{1}$ to $10^{2}$ ,{'Harassment': 1},"{'Action': 0, 'Behavior': 1, 'Content': 0, 'Distribution': 0}",-0.0
2072,oliphaunt.social,$10^{2}$ to $10^{3}$,"{'Hate Speech': 1, 'Incitement of Violence': 1, 'Mis/Disinformation/Conspiracy': 1, 'Harassment': 1, 'Advertising & Commercialization': 1, 'Spam': 1, 'Links & Outside Content': 1, 'Copyright/ Piracy': 1}","{'Action': 0, 'Behavior': 1, 'Content': 4, 'Distribution': 3}",1.4056390622295665
2073,onboardthefilm.community,$10^{2}$ to $10^{3}$,"{'Hate Speech': 1, 'Incitement of Violence': 1, 'Harassment': 1, 'Doxxing/ Personal Info': 1, 'Mis/Disinformation/Conspiracy': 1}","{'Action': 0, 'Behavior': 2, 'Content': 3, 'Distribution': 0}",0.9709505944546686
2074,one.darnell.one,$10^{1}$ to $10^{2}$ ,{'Hate Speech': 1},"{'Action': 0, 'Behavior': 0, 'Content': 1, 'Distribution': 0}",-0.0
2075,onemorestop.photo,$10^{2}$ to $10^{3}$,"{'Illegal Content': 1, 'Doxxing/ Personal Info': 1, 'NSFW': 1, 'Content Warnings': 1, 'Hate Speech': 1, 'Harassment': 1}","{'Action': 0, 'Behavior': 2, 'Content': 4, 'Distribution': 0}",0.9182958340544896
2076,onephoto.club,$10^{2}$ to $10^{3}$,"{'Off-topic/topic specific': 2, 'Images': 1, 'Advertising & Commercialization': 1, 'Not Applicable': 1, 'Links & Outside Content': 1}","{'Action': 0, 'Behavior': 0, 'Content': 4, 'Distribution': 1}",0.7219280948873623
2077,onjase.quebec,$10^{2}$ to $10^{3}$,{'Hate Speech': 1},"{'Action': 0, 'Behavior': 0, 'Content': 1, 'Distribution': 0}",-0.0
2078,onlycosplays.social,$10^{2}$ to $10^{3}$,"{'Automated tools': 1, 'Reposting/Crossposting': 1, 'Harassment': 1, 'Doxxing/ Personal Info': 1, 'Off-topic/topic specific': 1, 'Hate Speech': 1, 'NSFW': 1}","{'Action': 1, 'Behavior': 2, 'Content': 3, 'Distribution': 1}",1.8423709931771084
2079,onlyfeds.cc,$10^{1}$ to $10^{2}$ ,"{'Illegal Content': 1, 'Spam': 1, 'NSFW': 1}","{'Action': 0, 'Behavior': 0, 'Content': 2, 'Distribution': 1}",0.9182958340544896
2080,onlynugs.net,$10^{1}$ to $10^{2}$ ,"{'Content Warnings': 1, 'Images': 1, 'Hate Speech': 1, 'Incitement of Violence': 1, 'Harassment': 1, 'Doxxing/ Personal Info': 1, 'Illegal Content': 1}","{'Action': 0, 'Behavior': 2, 'Content': 5, 'Distribution': 0}",0.863120568566631
2081,onsbos.hopto.org,$10^{1}$ to $10^{2}$ ,"{'Hate Speech': 1, 'Harassment': 1}","{'Action': 0, 'Behavior': 1, 'Content': 1, 'Distribution': 0}",1.0
2082,oo0.top,$10^{1}$ to $10^{2}$ ,"{'Hate Speech': 4, 'Harassment': 2, 'Trolling': 1, 'NSFW': 1, 'Content Warnings': 1, 'Not Applicable': 1, 'Automated tools': 2, 'Impersonation': 1, 'Illegal Content': 1, 'Advertising & Commercialization': 3, 'Mis/Disinformation/Conspiracy': 2, 'Spam': 1, 'Off-topic/topic specific': 1}","{'Action': 2, 'Behavior': 4, 'Content': 10, 'Distribution': 4}",1.7609640474436812
2083,ooe.social,$10^{2}$ to $10^{3}$,"{'Content Warnings': 1, 'Images': 1}","{'Action': 0, 'Behavior': 0, 'Content': 2, 'Distribution': 0}",-0.0
2084,oomfie.city,$10^{2}$ to $10^{3}$,"{'Trolling': 1, 'Off-topic/topic specific': 1, 'Illegal Content': 2, 'NSFW': 1, 'Content Warnings': 1, 'Hate Speech': 1, 'Harassment': 1}","{'Action': 0, 'Behavior': 2, 'Content': 6, 'Distribution': 0}",0.8112781244591328
2085,oomfie.world,$10^{1}$ to $10^{2}$ ,"{'Illegal Content': 2, 'Hate Speech': 1, 'Harassment': 2, 'Incitement of Violence': 1, 'Doxxing/ Personal Info': 1, 'NSFW': 2, 'Content Warnings': 2, 'Mis/Disinformation/Conspiracy': 1}","{'Action': 0, 'Behavior': 3, 'Content': 9, 'Distribution': 0}",0.8112781244591328
2086,open-source-eschaton.net,$10^{1}$ to $10^{2}$ ,"{'Hate Speech': 3, 'Content Warnings': 1, 'Images': 1, 'Trolling': 1}","{'Action': 0, 'Behavior': 1, 'Content': 5, 'Distribution': 0}",0.6500224216483541
2087,open3dlab.social,$10^{3}$ to $10^{4}$,{'Illegal Content': 1},"{'Action': 0, 'Behavior': 0, 'Content': 1, 'Distribution': 0}",-0.0
2088,openbiblio.social,$10^{4}$ to $10^{5}$,"{'Doxxing/ Personal Info': 1, 'Hate Speech': 2, 'Harassment': 1, 'Incitement of Violence': 1, 'Advertising & Commercialization': 1, 'Automated tools': 2, 'Not Applicable': 1}","{'Action': 2, 'Behavior': 2, 'Content': 3, 'Distribution': 1}",1.9056390622295665
2089,openedtech.social,$10^{3}$ to $10^{4}$,{'Off-topic/topic specific': 1},"{'Action': 0, 'Behavior': 0, 'Content': 1, 'Distribution': 0}",-0.0
2090,openshare.me,$10^{1}$ to $10^{2}$ ,"{'Illegal Content': 1, 'Hate Speech': 1, 'Content Warnings': 1, 'Advertising & Commercialization': 1, 'Spam': 1, 'Impersonation': 1, 'Harassment': 1, 'Doxxing/ Personal Info': 1}","{'Action': 0, 'Behavior': 3, 'Content': 3, 'Distribution': 2}",1.561278124459133
2091,opensimsocial.com,$10^{3}$ to $10^{4}$,{'NSFW': 1},"{'Action': 0, 'Behavior': 0, 'Content': 1, 'Distribution': 0}",-0.0
2092,opensocial.media,$10^{1}$ to $10^{2}$ ,{'Illegal Content': 1},"{'Action': 0, 'Behavior': 0, 'Content': 1, 'Distribution': 0}",-0.0
2093,orbiscognito.com,$10^{1}$ to $10^{2}$ ,"{'Hate Speech': 1, 'Advertising & Commercialization': 2, 'Spam': 1, 'Harassment': 1, 'Images': 1, 'Mis/Disinformation/Conspiracy': 1, 'Links & Outside Content': 1, 'Impersonation': 1, 'Automated tools': 1}","{'Action': 1, 'Behavior': 2, 'Content': 4, 'Distribution': 3}",1.8464393446710154
2094,orbital.horse,$10^{1}$ to $10^{2}$ ,"{'Hate Speech': 5, 'Off-topic/topic specific': 2, 'Not Applicable': 1, 'Incitement of Violence': 1, 'Copyright/ Piracy': 1, 'Illegal Content': 1}","{'Action': 0, 'Behavior': 0, 'Content': 9, 'Distribution': 1}",0.4689955935892812
2095,orbsafe.masto.host,$10^{1}$ to $10^{2}$ ,"{'Advertising & Commercialization': 1, 'Spam': 1, 'Automated tools': 1, 'Hate Speech': 3, 'NSFW': 1, 'Content Warnings': 1, 'Illegal Content': 1, 'Mis/Disinformation/Conspiracy': 1, 'Impersonation': 1}","{'Action': 1, 'Behavior': 1, 'Content': 7, 'Distribution': 2}",1.4911148500551854
2096,ordinary.cafe,$10^{2}$ to $10^{3}$,{'Hate Speech': 1},"{'Action': 0, 'Behavior': 0, 'Content': 1, 'Distribution': 0}",-0.0
2097,orfodon.org,$10^{2}$ to $10^{3}$,"{'Reposting/Crossposting': 1, 'Off-topic/topic specific': 1}","{'Action': 0, 'Behavior': 0, 'Content': 1, 'Distribution': 1}",1.0
2098,oslo.town,$10^{4}$ to $10^{5}$,"{'Doxxing/ Personal Info': 1, 'Hate Speech': 1, 'Illegal Content': 1}","{'Action': 0, 'Behavior': 1, 'Content': 2, 'Distribution': 0}",0.9182958340544896
2099,osna.social,$10^{3}$ to $10^{4}$,"{'Harassment': 3, 'Doxxing/ Personal Info': 1, 'Hate Speech': 3, 'Illegal Content': 2, 'Incitement of Violence': 1, 'Automated tools': 1, 'Advertising & Commercialization': 1}","{'Action': 1, 'Behavior': 4, 'Content': 6, 'Distribution': 1}",1.6258145836939115
2100,ostalb.social,$10^{2}$ to $10^{3}$,"{'NSFW': 1, 'Hate Speech': 1, 'Incitement of Violence': 1, 'Harassment': 1, 'Doxxing/ Personal Info': 1, 'Illegal Content': 1, 'Mis/Disinformation/Conspiracy': 1}","{'Action': 0, 'Behavior': 2, 'Content': 5, 'Distribution': 0}",0.863120568566631
2101,ostatus.taiyolab.com,$10^{1}$ to $10^{2}$ ,"{'Hate Speech': 1, 'Harassment': 1, 'Spam': 1, 'Illegal Content': 1}","{'Action': 0, 'Behavior': 1, 'Content': 2, 'Distribution': 1}",1.5
2102,osten.social,$10^{2}$ to $10^{3}$,"{'Harassment': 1, 'Doxxing/ Personal Info': 1, 'Hate Speech': 1, 'Mis/Disinformation/Conspiracy': 1}","{'Action': 0, 'Behavior': 2, 'Content': 2, 'Distribution': 0}",1.0
2103,ostfrieslnd.social,$10^{1}$ to $10^{2}$ ,"{'Hate Speech': 2, 'Harassment': 1, 'Doxxing/ Personal Info': 1, 'NSFW': 1, 'Incitement of Violence': 1, 'Mis/Disinformation/Conspiracy': 1, 'Spam': 1}","{'Action': 0, 'Behavior': 2, 'Content': 5, 'Distribution': 1}",1.2987949406953985
2104,otadon.com,$10^{3}$ to $10^{4}$,"{'Doxxing/ Personal Info': 1, 'Illegal Content': 1, 'Hate Speech': 3, 'Off-topic/topic specific': 1, 'Incitement of Violence': 1, 'Harassment': 1, 'NSFW': 2, 'Content Warnings': 2, 'Spam': 1, 'Reposting/Crossposting': 1, 'Copyright/ Piracy': 1}","{'Action': 0, 'Behavior': 2, 'Content': 10, 'Distribution': 3}",1.2419460322060458
2105,otome.xyz,$10^{1}$ to $10^{2}$ ,"{'NSFW': 1, 'Content Warnings': 1}","{'Action': 0, 'Behavior': 0, 'Content': 2, 'Distribution': 0}",-0.0
2106,ottawa.place,$10^{3}$ to $10^{4}$,"{'Illegal Content': 1, 'Harassment': 1, 'Dogpiling': 1, 'Doxxing/ Personal Info': 1, 'Hate Speech': 1, 'NSFW': 1, 'Content Warnings': 1, 'Mis/Disinformation/Conspiracy': 1, 'Advertising & Commercialization': 1, 'Spam': 1}","{'Action': 0, 'Behavior': 3, 'Content': 5, 'Distribution': 2}",1.4854752972273344
2107,ottweiler.social,$10^{1}$ to $10^{2}$ ,"{'Hate Speech': 1, 'Harassment': 1, 'Doxxing/ Personal Info': 1, 'Illegal Content': 1, 'Mis/Disinformation/Conspiracy': 1, 'Advertising & Commercialization': 1, 'Spam': 1, 'Not Applicable': 2, 'Automated tools': 2, 'Impersonation': 1}","{'Action': 2, 'Behavior': 3, 'Content': 3, 'Distribution': 2}",1.9709505944546686
2108,our.devchatter.com,$10^{2}$ to $10^{3}$,"{'Hate Speech': 1, 'Harassment': 1, 'Dogpiling': 1, 'Doxxing/ Personal Info': 1, 'NSFW': 1, 'Content Warnings': 1, 'Images': 1}","{'Action': 0, 'Behavior': 3, 'Content': 4, 'Distribution': 0}",0.9852281360342515
2109,ourtribeonline.com,$10^{1}$ to $10^{2}$ ,"{'Hate Speech': 1, 'Incitement of Violence': 1, 'Mis/Disinformation/Conspiracy': 1, 'Illegal Content': 1}","{'Action': 0, 'Behavior': 0, 'Content': 4, 'Distribution': 0}",-0.0
2110,outre.social,$10^{1}$ to $10^{2}$ ,{'NSFW': 1},"{'Action': 0, 'Behavior': 0, 'Content': 1, 'Distribution': 0}",-0.0
2111,overcomplicated.systems,$10^{1}$ to $10^{2}$ ,{'Harassment': 1},"{'Action': 0, 'Behavior': 1, 'Content': 0, 'Distribution': 0}",-0.0
2112,owo.cafe,$10^{3}$ to $10^{4}$,"{'Harassment': 1, 'Doxxing/ Personal Info': 1, 'Hate Speech': 1, 'NSFW': 1, 'Images': 1, 'Advertising & Commercialization': 1, 'Spam': 2, 'Mis/Disinformation/Conspiracy': 1, 'Links & Outside Content': 1}","{'Action': 0, 'Behavior': 2, 'Content': 5, 'Distribution': 3}",1.4854752972273344
2113,owo.rs,$10^{2}$ to $10^{3}$,"{'Illegal Content': 1, 'NSFW': 1, 'Content Warnings': 1, 'Advertising & Commercialization': 1, 'Spam': 1}","{'Action': 0, 'Behavior': 0, 'Content': 3, 'Distribution': 2}",0.9709505944546686
2114,oyasumi.space,$10^{2}$ to $10^{3}$,"{'Illegal Content': 2, 'NSFW': 2, 'Content Warnings': 2}","{'Action': 0, 'Behavior': 0, 'Content': 6, 'Distribution': 0}",-0.0
2115,oye.social,$10^{2}$ to $10^{3}$,"{'Advertising & Commercialization': 1, 'Hate Speech': 1}","{'Action': 0, 'Behavior': 0, 'Content': 1, 'Distribution': 1}",1.0
2116,ozlabs.house,$10^{1}$ to $10^{2}$ ,"{'Illegal Content': 1, 'Not Applicable': 2, 'Links & Outside Content': 1, 'Images': 1}","{'Action': 0, 'Behavior': 0, 'Content': 3, 'Distribution': 0}",-0.0
2117,ozstream.net.au,$10^{1}$ to $10^{2}$ ,"{'Advertising & Commercialization': 1, 'Harassment': 1, 'NSFW': 2, 'Images': 2}","{'Action': 0, 'Behavior': 1, 'Content': 4, 'Distribution': 1}",1.2516291673878228
2118,p.floyd.dk,$10^{1}$ to $10^{2}$ ,"{'NSFW': 1, 'Images': 1, 'Hate Speech': 1, 'Incitement of Violence': 1, 'Harassment': 1, 'Doxxing/ Personal Info': 1, 'Mis/Disinformation/Conspiracy': 1}","{'Action': 0, 'Behavior': 2, 'Content': 5, 'Distribution': 0}",0.863120568566631
2119,p.talesbythewanderer.com,$10^{1}$ to $10^{2}$ ,"{'Doxxing/ Personal Info': 1, 'Hate Speech': 1, 'Harassment': 1, 'NSFW': 1, 'Content Warnings': 1, 'Incitement of Violence': 1, 'Spam': 2, 'Copyright/ Piracy': 2, 'Illegal Content': 1, 'Impersonation': 1, 'Mis/Disinformation/Conspiracy': 1}","{'Action': 0, 'Behavior': 3, 'Content': 6, 'Distribution': 4}",1.5262349099495225
2120,pachy.youshallnotpass.com,$10^{1}$ to $10^{2}$ ,"{'Hate Speech': 1, 'NSFW': 1, 'Content Warnings': 1, 'Advertising & Commercialization': 1, 'Spam': 1, 'Incitement of Violence': 1, 'Harassment': 1, 'Doxxing/ Personal Info': 1, 'Illegal Content': 1}","{'Action': 0, 'Behavior': 2, 'Content': 5, 'Distribution': 2}",1.4355205042826666
2121,packetwarriors.net,$10^{1}$ to $10^{2}$ ,"{'Hate Speech': 1, 'Harassment': 1}","{'Action': 0, 'Behavior': 1, 'Content': 1, 'Distribution': 0}",1.0
2122,packmates.org,$10^{2}$ to $10^{3}$,"{'NSFW': 4, 'Hate Speech': 2, 'Content Warnings': 1, 'Images': 1, 'Trolling': 1, 'Harassment': 1, 'Doxxing/ Personal Info': 1, 'Illegal Content': 1, 'Advertising & Commercialization': 1}","{'Action': 0, 'Behavior': 3, 'Content': 9, 'Distribution': 1}",1.1401156785146092
2123,pad.venzano.fr,$10^{1}$ to $10^{2}$ ,"{'Illegal Content': 1, 'Advertising & Commercialization': 1}","{'Action': 0, 'Behavior': 0, 'Content': 1, 'Distribution': 1}",1.0
2124,pagan.plus,$10^{3}$ to $10^{4}$,"{'Hate Speech': 2, 'Harassment': 1, 'Mis/Disinformation/Conspiracy': 1, 'Images': 2, 'Content Warnings': 10, 'NSFW': 1, 'Illegal Content': 1}","{'Action': 0, 'Behavior': 1, 'Content': 17, 'Distribution': 0}",0.3095434291503252
2125,page.lgbt,$10^{2}$ to $10^{3}$,"{'Hate Speech': 1, 'Automated tools': 1, 'Harassment': 1, 'Trolling': 1, 'Advertising & Commercialization': 1, 'Spam': 1, 'NSFW': 1, 'Illegal Content': 1, 'Content Warnings': 1}","{'Action': 1, 'Behavior': 2, 'Content': 4, 'Distribution': 2}",1.836591668108979
2126,palcarajo.social,$10^{1}$ to $10^{2}$ ,"{'Spam': 1, 'Hate Speech': 2, 'Illegal Content': 1}","{'Action': 0, 'Behavior': 0, 'Content': 3, 'Distribution': 1}",0.8112781244591328
2127,pan.rent,$10^{2}$ to $10^{3}$,"{'Harassment': 1, 'Advertising & Commercialization': 1, 'Hate Speech': 1}","{'Action': 0, 'Behavior': 1, 'Content': 1, 'Distribution': 1}",1.584962500721156
2128,pandas.social,$10^{2}$ to $10^{3}$,"{'Advertising & Commercialization': 1, 'Spam': 1, 'Mis/Disinformation/Conspiracy': 1, 'Hate Speech': 1, 'NSFW': 1, 'Impersonation': 1, 'Illegal Content': 1, 'Automated tools': 1}","{'Action': 1, 'Behavior': 1, 'Content': 4, 'Distribution': 2}",1.75
2129,pandoli365.com,$10^{2}$ to $10^{3}$,"{'Off-topic/topic specific': 1, 'Impersonation': 1, 'Harassment': 2, 'NSFW': 1, 'Content Warnings': 1, 'Advertising & Commercialization': 1, 'Spam': 1, 'Hate Speech': 2}","{'Action': 0, 'Behavior': 3, 'Content': 5, 'Distribution': 2}",1.4854752972273344
2130,panelinha.club,$10^{1}$ to $10^{2}$ ,"{'Hate Speech': 1, 'Content Warnings': 2, 'NSFW': 1, 'Copyright/ Piracy': 1, 'Mis/Disinformation/Conspiracy': 1}","{'Action': 0, 'Behavior': 0, 'Content': 5, 'Distribution': 1}",0.6500224216483541
2131,paopu.social,$10^{1}$ to $10^{2}$ ,"{'Hate Speech': 1, 'Harassment': 1, 'NSFW': 1, 'Illegal Content': 1, 'Links & Outside Content': 1, 'Spam': 1}","{'Action': 0, 'Behavior': 1, 'Content': 4, 'Distribution': 1}",1.2516291673878228
2132,paquita.masto.host,$10^{4}$ to $10^{5}$,"{'Hate Speech': 3, 'Incitement of Violence': 2, 'Illegal Content': 6, 'Links & Outside Content': 6, 'Impersonation': 1, 'Harassment': 2, 'Doxxing/ Personal Info': 1, 'Mis/Disinformation/Conspiracy': 2, 'NSFW': 4, 'Content Warnings': 2, 'Images': 1, 'Advertising & Commercialization': 2, 'Spam': 1}","{'Action': 0, 'Behavior': 4, 'Content': 26, 'Distribution': 3}",0.9545056292423363
2133,parasocial.network,$10^{1}$ to $10^{2}$ ,{'Illegal Content': 1},"{'Action': 0, 'Behavior': 0, 'Content': 1, 'Distribution': 0}",-0.0
2134,paravielfalt.zone,$10^{2}$ to $10^{3}$,"{'Hate Speech': 1, 'Harassment': 2, 'Illegal Content': 2, 'NSFW': 1}","{'Action': 0, 'Behavior': 2, 'Content': 4, 'Distribution': 0}",0.9182958340544896
2135,parens.social,$10^{2}$ to $10^{3}$,"{'Hate Speech': 1, 'Harassment': 2, 'Dogpiling': 1, 'Doxxing/ Personal Info': 1, 'Trolling': 1, 'Advertising & Commercialization': 1, 'Spam': 1, 'Not Applicable': 1, 'Automated tools': 1, 'Content Warnings': 1, 'NSFW': 1, 'Images': 1}","{'Action': 1, 'Behavior': 5, 'Content': 4, 'Distribution': 2}",1.7841591278514217
2136,parkfans.network,$10^{2}$ to $10^{3}$,"{'Illegal Content': 2, 'NSFW': 1, 'Doxxing/ Personal Info': 1, 'Hate Speech': 1, 'Content Warnings': 1, 'Impersonation': 1, 'Automated tools': 1}","{'Action': 1, 'Behavior': 2, 'Content': 5, 'Distribution': 0}",1.2987949406953985
2137,parody.town,$10^{1}$ to $10^{2}$ ,{'Hate Speech': 1},"{'Action': 0, 'Behavior': 0, 'Content': 1, 'Distribution': 0}",-0.0
2138,partageflex.com,$10^{1}$ to $10^{2}$ ,"{'Illegal Content': 1, 'Hate Speech': 1}","{'Action': 0, 'Behavior': 0, 'Content': 2, 'Distribution': 0}",-0.0
2139,partyon.xyz,$10^{2}$ to $10^{3}$,"{'Hate Speech': 1, 'Harassment': 2, 'Dogpiling': 1, 'Doxxing/ Personal Info': 1, 'Trolling': 1, 'NSFW': 1, 'Images': 1, 'Advertising & Commercialization': 1, 'Spam': 1, 'Not Applicable': 1, 'Automated tools': 1, 'Content Warnings': 1}","{'Action': 1, 'Behavior': 5, 'Content': 4, 'Distribution': 2}",1.7841591278514217
2140,partyparrot.social,$10^{2}$ to $10^{3}$,"{'Images': 1, 'Hate Speech': 1, 'Incitement of Violence': 1, 'Harassment': 1, 'Doxxing/ Personal Info': 1, 'Illegal Content': 1, 'Mis/Disinformation/Conspiracy': 1, 'Advertising & Commercialization': 1, 'Spam': 1}","{'Action': 0, 'Behavior': 2, 'Content': 5, 'Distribution': 2}",1.4355205042826666
2141,patashnik.club,$10^{1}$ to $10^{2}$ ,"{'Hate Speech': 1, 'Harassment': 1, 'Doxxing/ Personal Info': 1, 'NSFW': 1, 'Content Warnings': 1, 'Images': 1}","{'Action': 0, 'Behavior': 2, 'Content': 4, 'Distribution': 0}",0.9182958340544896
2142,patavium.social,$10^{2}$ to $10^{3}$,"{'Hate Speech': 1, 'Incitement of Violence': 1, 'Harassment': 1, 'Dogpiling': 1, 'Doxxing/ Personal Info': 1, 'Spam': 1}","{'Action': 0, 'Behavior': 3, 'Content': 2, 'Distribution': 1}",1.4591479170272448
2143,patogh.co,$10^{1}$ to $10^{2}$ ,"{'Illegal Content': 1, 'NSFW': 1, 'Images': 1, 'Hate Speech': 1, 'Harassment': 1}","{'Action': 0, 'Behavior': 1, 'Content': 4, 'Distribution': 0}",0.7219280948873623
2144,pawb.fun,$10^{4}$ to $10^{5}$,"{'Illegal Content': 1, 'Hate Speech': 1, 'Harassment': 1, 'Mis/Disinformation/Conspiracy': 1, 'NSFW': 1, 'Content Warnings': 3, 'Advertising & Commercialization': 2, 'Spam': 1, 'Automated tools': 2, 'Impersonation': 1, 'Not Applicable': 2, 'Images': 1, 'Links & Outside Content': 1}","{'Action': 2, 'Behavior': 2, 'Content': 9, 'Distribution': 3}",1.6697367178034823
2145,pcgaming.club,$10^{1}$ to $10^{2}$ ,"{'Content Warnings': 1, 'Images': 1, 'Hate Speech': 1, 'Incitement of Violence': 1, 'Harassment': 1, 'Doxxing/ Personal Info': 1, 'Mis/Disinformation/Conspiracy': 1}","{'Action': 0, 'Behavior': 2, 'Content': 5, 'Distribution': 0}",0.863120568566631
2146,pdx.sh,$10^{3}$ to $10^{4}$,"{'Harassment': 2, 'Doxxing/ Personal Info': 1, 'Hate Speech': 2, 'Illegal Content': 1, 'Copyright/ Piracy': 1, 'NSFW': 1, 'Content Warnings': 2, 'Images': 1, 'Incitement of Violence': 1, 'Trolling': 1}","{'Action': 0, 'Behavior': 4, 'Content': 8, 'Distribution': 1}",1.2389012566026305
2147,pebble.social,$10^{3}$ to $10^{4}$,"{'Doxxing/ Personal Info': 1, 'Incitement of Violence': 3, 'Hate Speech': 2, 'Harassment': 2, 'NSFW': 1, 'Illegal Content': 2, 'Impersonation': 1, 'Spam': 1, 'Mis/Disinformation/Conspiracy': 1}","{'Action': 0, 'Behavior': 4, 'Content': 9, 'Distribution': 1}",1.1981174211304033
2148,pegelinux.top,$10^{2}$ to $10^{3}$,"{'Spam': 1, 'NSFW': 1, 'Doxxing/ Personal Info': 1, 'Harassment': 1}","{'Action': 0, 'Behavior': 2, 'Content': 1, 'Distribution': 1}",1.5
2149,pellicule.bim.land,$10^{4}$ to $10^{5}$,"{'NSFW': 1, 'Content Warnings': 1, 'Advertising & Commercialization': 1, 'Illegal Content': 1}","{'Action': 0, 'Behavior': 0, 'Content': 3, 'Distribution': 1}",0.8112781244591328
2150,penfount.social,$10^{3}$ to $10^{4}$,"{'Hate Speech': 1, 'Harassment': 1, 'Advertising & Commercialization': 1, 'Links & Outside Content': 1, 'NSFW': 1, 'Content Warnings': 1}","{'Action': 0, 'Behavior': 1, 'Content': 4, 'Distribution': 1}",1.2516291673878228
2151,peoplemaking.games,$10^{4}$ to $10^{5}$,"{'Hate Speech': 1, 'Harassment': 1, 'Incitement of Violence': 1, 'NSFW': 1, 'Content Warnings': 2, 'Images': 2, 'Copyright/ Piracy': 1}","{'Action': 0, 'Behavior': 1, 'Content': 7, 'Distribution': 1}",0.9864267287308424
2152,pepple.us,$10^{1}$ to $10^{2}$ ,"{'Content Warnings': 1, 'Images': 1, 'Hate Speech': 1, 'Incitement of Violence': 1, 'Harassment': 1, 'Dogpiling': 1, 'Doxxing/ Personal Info': 1, 'Mis/Disinformation/Conspiracy': 1}","{'Action': 0, 'Behavior': 3, 'Content': 5, 'Distribution': 0}",0.954434002924965
2153,perfect.moe,$10^{1}$ to $10^{2}$ ,{'Hate Speech': 1},"{'Action': 0, 'Behavior': 0, 'Content': 1, 'Distribution': 0}",-0.0
2154,perfumefan.jp,$10^{2}$ to $10^{3}$,"{'Hate Speech': 2, 'Trolling': 1, 'Harassment': 1}","{'Action': 0, 'Behavior': 2, 'Content': 2, 'Distribution': 0}",1.0
2155,perish.restricted.garden,$10^{1}$ to $10^{2}$ ,"{'NSFW': 1, 'Illegal Content': 1, 'Advertising & Commercialization': 1, 'Spam': 1}","{'Action': 0, 'Behavior': 0, 'Content': 2, 'Distribution': 2}",1.0
2156,persia.social,$10^{2}$ to $10^{3}$,"{'Off-topic/topic specific': 2, 'Hate Speech': 2, 'Mis/Disinformation/Conspiracy': 1, 'Trolling': 1, 'Spam': 1}","{'Action': 0, 'Behavior': 1, 'Content': 5, 'Distribution': 1}",1.1488348542809166
2157,pertsch.social,$10^{1}$ to $10^{2}$ ,"{'Doxxing/ Personal Info': 1, 'Hate Speech': 3, 'Dogpiling': 1, 'Harassment': 1, 'NSFW': 1, 'Illegal Content': 2, 'Content Warnings': 2, 'Incitement of Violence': 1, 'Links & Outside Content': 1, 'Mis/Disinformation/Conspiracy': 1, 'Advertising & Commercialization': 1, 'Spam': 1, 'Automated tools': 1, 'Copyright/ Piracy': 1}","{'Action': 1, 'Behavior': 3, 'Content': 11, 'Distribution': 3}",1.5275070675902451
2158,petrous.vislae.town,$10^{2}$ to $10^{3}$,"{'Content Warnings': 1, 'Images': 1}","{'Action': 0, 'Behavior': 0, 'Content': 2, 'Distribution': 0}",-0.0
2159,pfadi.social,$10^{2}$ to $10^{3}$,"{'Incitement of Violence': 2, 'Harassment': 1, 'Hate Speech': 1, 'NSFW': 1, 'Copyright/ Piracy': 1, 'Doxxing/ Personal Info': 1, 'Advertising & Commercialization': 1, 'Spam': 1}","{'Action': 0, 'Behavior': 2, 'Content': 4, 'Distribution': 3}",1.5304930567574826
2160,pfalz.social,$10^{3}$ to $10^{4}$,"{'Advertising & Commercialization': 1, 'Spam': 1, 'NSFW': 1, 'Content Warnings': 1, 'Mis/Disinformation/Conspiracy': 1, 'Hate Speech': 1, 'Harassment': 1}","{'Action': 0, 'Behavior': 1, 'Content': 4, 'Distribution': 2}",1.3787834934861753
2161,pgh.social,$10^{2}$ to $10^{3}$,"{'Content Warnings': 1, 'Images': 1, 'Hate Speech': 1, 'Incitement of Violence': 1, 'Harassment': 1, 'Doxxing/ Personal Info': 1, 'Mis/Disinformation/Conspiracy': 1}","{'Action': 0, 'Behavior': 2, 'Content': 5, 'Distribution': 0}",0.863120568566631
2162,pha.one,$10^{1}$ to $10^{2}$ ,"{'Incitement of Violence': 1, 'Hate Speech': 1, 'NSFW': 3, 'Harassment': 1, 'Content Warnings': 2, 'Images': 1}","{'Action': 0, 'Behavior': 1, 'Content': 8, 'Distribution': 0}",0.5032583347756457
2163,philately.social,$10^{2}$ to $10^{3}$,{'NSFW': 1},"{'Action': 0, 'Behavior': 0, 'Content': 1, 'Distribution': 0}",-0.0
2164,pho.social,$10^{2}$ to $10^{3}$,"{'Hate Speech': 1, 'Incitement of Violence': 1, 'Harassment': 1, 'Doxxing/ Personal Info': 1, 'Mis/Disinformation/Conspiracy': 1, 'Off-topic/topic specific': 1}","{'Action': 0, 'Behavior': 2, 'Content': 4, 'Distribution': 0}",0.9182958340544896
2165,photo.horslimites.org,$10^{1}$ to $10^{2}$ ,"{'NSFW': 1, 'Doxxing/ Personal Info': 1, 'Copyright/ Piracy': 1}","{'Action': 0, 'Behavior': 1, 'Content': 1, 'Distribution': 1}",1.584962500721156
2166,photocave.net,$10^{1}$ to $10^{2}$ ,"{'Content Warnings': 1, 'Images': 1, 'Hate Speech': 1, 'Incitement of Violence': 1, 'Harassment': 1, 'Doxxing/ Personal Info': 1, 'Illegal Content': 1}","{'Action': 0, 'Behavior': 2, 'Content': 5, 'Distribution': 0}",0.863120568566631
2167,photodn.net,$10^{4}$ to $10^{5}$,"{'Illegal Content': 2, 'Hate Speech': 1, 'Copyright/ Piracy': 1}","{'Action': 0, 'Behavior': 0, 'Content': 3, 'Distribution': 1}",0.8112781244591328
2168,photofed.world,$10^{2}$ to $10^{3}$,"{'Illegal Content': 3, 'Copyright/ Piracy': 1, 'Incitement of Violence': 1, 'Hate Speech': 4, 'Mis/Disinformation/Conspiracy': 1, 'NSFW': 3, 'Content Warnings': 2, 'Images': 1, 'Spam': 2, 'Links & Outside Content': 1, 'Harassment': 1, 'Impersonation': 1}","{'Action': 0, 'Behavior': 2, 'Content': 16, 'Distribution': 3}",1.0230370655328809
2169,photog.social,$10^{4}$ to $10^{5}$,"{'NSFW': 1, 'Illegal Content': 1, 'Off-topic/topic specific': 1, 'Mis/Disinformation/Conspiracy': 1, 'Images': 2, 'Content Warnings': 1}","{'Action': 0, 'Behavior': 0, 'Content': 7, 'Distribution': 0}",-0.0
2170,photolovers.net,$10^{1}$ to $10^{2}$ ,"{'Hate Speech': 2, 'Harassment': 1, 'Illegal Content': 1, 'Images': 1, 'Advertising & Commercialization': 1, 'Spam': 1, 'Doxxing/ Personal Info': 1, 'Copyright/ Piracy': 1, 'Mis/Disinformation/Conspiracy': 1}","{'Action': 0, 'Behavior': 2, 'Content': 5, 'Distribution': 3}",1.4854752972273344
2171,photos.communitymedia.video,$10^{1}$ to $10^{2}$ ,"{'Hate Speech': 1, 'Illegal Content': 1, 'NSFW': 1}","{'Action': 0, 'Behavior': 0, 'Content': 3, 'Distribution': 0}",-0.0
2172,photos.mroberts.me,$10^{1}$ to $10^{2}$ ,"{'Incitement of Violence': 1, 'Harassment': 1, 'Illegal Content': 1, 'Not Applicable': 1, 'Spam': 1}","{'Action': 0, 'Behavior': 1, 'Content': 2, 'Distribution': 1}",1.5
2173,photos.xavs.ca,$10^{1}$ to $10^{2}$ ,"{'Content Warnings': 1, 'Images': 1, 'Hate Speech': 1, 'Incitement of Violence': 1, 'Harassment': 1, 'Doxxing/ Personal Info': 1, 'Illegal Content': 1, 'Impersonation': 1}","{'Action': 0, 'Behavior': 3, 'Content': 5, 'Distribution': 0}",0.954434002924965
2174,photosharing.work,$10^{1}$ to $10^{2}$ ,"{'Harassment': 1, 'Doxxing/ Personal Info': 1, 'Hate Speech': 2, 'Incitement of Violence': 2, 'NSFW': 2, 'Images': 1, 'Automated tools': 1, 'Advertising & Commercialization': 1, 'Spam': 1, 'Illegal Content': 1}","{'Action': 1, 'Behavior': 2, 'Content': 8, 'Distribution': 2}",1.5465935642949382
2175,phparch.social,$10^{2}$ to $10^{3}$,"{'Content Warnings': 1, 'Images': 1, 'Hate Speech': 1, 'Incitement of Violence': 1, 'Harassment': 1, 'Doxxing/ Personal Info': 1, 'Illegal Content': 1}","{'Action': 0, 'Behavior': 2, 'Content': 5, 'Distribution': 0}",0.863120568566631
2176,physchem.science,$10^{2}$ to $10^{3}$,"{'Hate Speech': 1, 'Illegal Content': 1, 'NSFW': 1, 'Images': 1}","{'Action': 0, 'Behavior': 0, 'Content': 4, 'Distribution': 0}",-0.0
2177,physics.social,$10^{2}$ to $10^{3}$,"{'Incitement of Violence': 1, 'Harassment': 1, 'NSFW': 1, 'Illegal Content': 1, 'Doxxing/ Personal Info': 1, 'Spam': 1, 'Hate Speech': 2, 'Trolling': 1}","{'Action': 0, 'Behavior': 3, 'Content': 5, 'Distribution': 1}",1.3516441151533922
2178,piconic.co,$10^{3}$ to $10^{4}$,"{'Doxxing/ Personal Info': 1, 'Hate Speech': 1, 'Harassment': 1, 'NSFW': 1, 'Content Warnings': 1, 'Incitement of Violence': 1, 'Spam': 2, 'Copyright/ Piracy': 2, 'Illegal Content': 1, 'Impersonation': 1, 'Mis/Disinformation/Conspiracy': 1}","{'Action': 0, 'Behavior': 3, 'Content': 6, 'Distribution': 4}",1.5262349099495225
2179,pics.gayfr.online,$10^{2}$ to $10^{3}$,"{'NSFW': 3, 'Images': 1, 'Hate Speech': 2, 'Illegal Content': 1, 'Incitement of Violence': 2, 'Doxxing/ Personal Info': 1, 'Harassment': 1, 'Copyright/ Piracy': 1, 'Advertising & Commercialization': 1, 'Spam': 1, 'Mis/Disinformation/Conspiracy': 1}","{'Action': 0, 'Behavior': 2, 'Content': 10, 'Distribution': 3}",1.2419460322060458
2180,pics.houba.rocks,$10^{1}$ to $10^{2}$ ,"{'Advertising & Commercialization': 1, 'Spam': 1, 'Mis/Disinformation/Conspiracy': 1, 'Illegal Content': 1, 'Hate Speech': 2, 'Incitement of Violence': 1}","{'Action': 0, 'Behavior': 0, 'Content': 5, 'Distribution': 2}",0.863120568566631
2181,pics.voiceover.bar,$10^{1}$ to $10^{2}$ ,"{'Hate Speech': 2, 'NSFW': 1, 'Images': 1, 'Advertising & Commercialization': 1, 'Spam': 1, 'Mis/Disinformation/Conspiracy': 1}","{'Action': 0, 'Behavior': 0, 'Content': 5, 'Distribution': 2}",0.863120568566631
2182,pidibi.com,$10^{1}$ to $10^{2}$ ,"{'Hate Speech': 1, 'Off-topic/topic specific': 1}","{'Action': 0, 'Behavior': 0, 'Content': 2, 'Distribution': 0}",-0.0
2183,pie.gd,$10^{1}$ to $10^{2}$ ,"{'Hate Speech': 1, 'Harassment': 1, 'Dogpiling': 1, 'Doxxing/ Personal Info': 1, 'NSFW': 1, 'Images': 1, 'Mis/Disinformation/Conspiracy': 1, 'Illegal Content': 1}","{'Action': 0, 'Behavior': 3, 'Content': 5, 'Distribution': 0}",0.954434002924965
2184,pigeon.place,$10^{1}$ to $10^{2}$ ,"{'NSFW': 1, 'Illegal Content': 1, 'Content Warnings': 1, 'Hate Speech': 1, 'Incitement of Violence': 1, 'Trolling': 1, 'Mis/Disinformation/Conspiracy': 1, 'Spam': 1, 'Automated tools': 1}","{'Action': 1, 'Behavior': 1, 'Content': 6, 'Distribution': 1}",1.4466166676282082
2185,pilote.me,$10^{1}$ to $10^{2}$ ,{'Illegal Content': 1},"{'Action': 0, 'Behavior': 0, 'Content': 1, 'Distribution': 0}",-0.0
2186,pipou.academy,$10^{3}$ to $10^{4}$,"{'Hate Speech': 2, 'Harassment': 1, 'Content Warnings': 1}","{'Action': 0, 'Behavior': 1, 'Content': 3, 'Distribution': 0}",0.8112781244591328
2187,pippo.dev,$10^{1}$ to $10^{2}$ ,"{'Illegal Content': 3, 'Incitement of Violence': 2, 'Hate Speech': 3, 'NSFW': 3, 'Content Warnings': 1, 'Spam': 1, 'Links & Outside Content': 1, 'Harassment': 1, 'Impersonation': 1}","{'Action': 0, 'Behavior': 2, 'Content': 13, 'Distribution': 1}",0.8683927290103626
2188,piraten-partei.social,$10^{2}$ to $10^{3}$,"{'Illegal Content': 2, 'Hate Speech': 3, 'Harassment': 1, 'NSFW': 1, 'Content Warnings': 1, 'Doxxing/ Personal Info': 1, 'Mis/Disinformation/Conspiracy': 1, 'Spam': 2, 'Automated tools': 3, 'Advertising & Commercialization': 1, 'Not Applicable': 2, 'Reposting/Crossposting': 1}","{'Action': 3, 'Behavior': 2, 'Content': 8, 'Distribution': 4}",1.8077635764171942
2189,pirati.ca,$10^{2}$ to $10^{3}$,"{'Hate Speech': 1, 'NSFW': 1, 'Advertising & Commercialization': 1, 'Spam': 1, 'Trolling': 1}","{'Action': 0, 'Behavior': 1, 'Content': 2, 'Distribution': 2}",1.5219280948873621
2190,piupiupiu.com.br,$10^{2}$ to $10^{3}$,"{'Illegal Content': 3, 'Hate Speech': 7, 'Incitement of Violence': 1, 'Mis/Disinformation/Conspiracy': 1, 'Doxxing/ Personal Info': 4, 'Harassment': 5, 'NSFW': 1, 'Impersonation': 3}","{'Action': 0, 'Behavior': 12, 'Content': 13, 'Distribution': 0}",0.9988455359952018
2191,pix.anduin.net,$10^{4}$ to $10^{5}$,{'Advertising & Commercialization': 1},"{'Action': 0, 'Behavior': 0, 'Content': 0, 'Distribution': 1}",-0.0
2192,pix.bothhands.ca,$10^{2}$ to $10^{3}$,"{'Hate Speech': 1, 'NSFW': 1, 'Advertising & Commercialization': 1, 'Spam': 1}","{'Action': 0, 'Behavior': 0, 'Content': 2, 'Distribution': 2}",1.0
2193,pix.durehed.se,$10^{1}$ to $10^{2}$ ,{'Illegal Content': 1},"{'Action': 0, 'Behavior': 0, 'Content': 1, 'Distribution': 0}",-0.0
2194,pix.famichiki.jp,$10^{2}$ to $10^{3}$,"{'Hate Speech': 1, 'Trolling': 1, 'NSFW': 2, 'Content Warnings': 1, 'Incitement of Violence': 1, 'Images': 1, 'Advertising & Commercialization': 1, 'Spam': 1, 'Automated tools': 1, 'Illegal Content': 2}","{'Action': 1, 'Behavior': 1, 'Content': 8, 'Distribution': 2}",1.4182958340544896
2195,pix.lalafell.org,$10^{2}$ to $10^{3}$,{'Illegal Content': 1},"{'Action': 0, 'Behavior': 0, 'Content': 1, 'Distribution': 0}",-0.0
2196,pix.mastodont.cat,$10^{2}$ to $10^{3}$,"{'NSFW': 1, 'Images': 1}","{'Action': 0, 'Behavior': 0, 'Content': 2, 'Distribution': 0}",-0.0
2197,pix.miri64.xyz,$10^{1}$ to $10^{2}$ ,"{'Hate Speech': 2, 'Harassment': 1, 'Doxxing/ Personal Info': 1, 'Incitement of Violence': 1, 'Mis/Disinformation/Conspiracy': 1, 'Illegal Content': 1}","{'Action': 0, 'Behavior': 2, 'Content': 5, 'Distribution': 0}",0.863120568566631
2198,pix.nah.re,$10^{1}$ to $10^{2}$ ,"{'Illegal Content': 1, 'Advertising & Commercialization': 1, 'Spam': 1, 'Hate Speech': 1, 'Mis/Disinformation/Conspiracy': 1, 'Harassment': 1, 'NSFW': 1, 'Content Warnings': 1}","{'Action': 0, 'Behavior': 1, 'Content': 5, 'Distribution': 2}",1.2987949406953985
2199,pix.norse.social,$10^{1}$ to $10^{2}$ ,"{'NSFW': 1, 'Incitement of Violence': 2, 'Images': 1, 'Hate Speech': 1, 'Harassment': 1, 'Dogpiling': 1, 'Doxxing/ Personal Info': 1, 'Illegal Content': 1, 'Mis/Disinformation/Conspiracy': 1, 'Advertising & Commercialization': 1, 'Spam': 1}","{'Action': 0, 'Behavior': 3, 'Content': 7, 'Distribution': 2}",1.384431504340598
2200,pix.racoon.social,$10^{1}$ to $10^{2}$ ,"{'Hate Speech': 2, 'Incitement of Violence': 1, 'Harassment': 1, 'Doxxing/ Personal Info': 1, 'Mis/Disinformation/Conspiracy': 1, 'Copyright/ Piracy': 1, 'Illegal Content': 1, 'Content Warnings': 1, 'Images': 1}","{'Action': 0, 'Behavior': 2, 'Content': 7, 'Distribution': 1}",1.1567796494470395
2201,pix.sekretaerbaer.net,$10^{1}$ to $10^{2}$ ,{'Links & Outside Content': 1},"{'Action': 0, 'Behavior': 0, 'Content': 1, 'Distribution': 0}",-0.0
2202,pix.toot.wales,$10^{4}$ to $10^{5}$,"{'Illegal Content': 1, 'Hate Speech': 1, 'Spam': 1, 'Trolling': 1, 'Doxxing/ Personal Info': 1}","{'Action': 0, 'Behavior': 2, 'Content': 2, 'Distribution': 1}",1.5219280948873621
2203,pix.ublog.tech,$10^{3}$ to $10^{4}$,"{'Doxxing/ Personal Info': 1, 'Hate Speech': 1, 'Trolling': 1, 'Harassment': 1}","{'Action': 0, 'Behavior': 3, 'Content': 1, 'Distribution': 0}",0.8112781244591328
2204,pix.webm.ink,$10^{1}$ to $10^{2}$ ,"{'Spam': 1, 'Copyright/ Piracy': 1, 'Mis/Disinformation/Conspiracy': 1, 'Doxxing/ Personal Info': 1}","{'Action': 0, 'Behavior': 1, 'Content': 1, 'Distribution': 2}",1.5
2205,pix.zeroes.ca,$10^{1}$ to $10^{2}$ ,{'Links & Outside Content': 1},"{'Action': 0, 'Behavior': 0, 'Content': 1, 'Distribution': 0}",-0.0
2206,pixel.art3mis.de,$10^{2}$ to $10^{3}$,"{'Illegal Content': 1, 'Copyright/ Piracy': 1, 'Images': 1, 'Advertising & Commercialization': 2, 'Spam': 1, 'Not Applicable': 1, 'Mis/Disinformation/Conspiracy': 1, 'Doxxing/ Personal Info': 1}","{'Action': 0, 'Behavior': 1, 'Content': 3, 'Distribution': 4}",1.4056390622295665
2207,pixel.balamb.fr,$10^{1}$ to $10^{2}$ ,"{'Spam': 2, 'Hate Speech': 1, 'Illegal Content': 1, 'Links & Outside Content': 1, 'NSFW': 1, 'Content Warnings': 2, 'Automated tools': 1, 'Mis/Disinformation/Conspiracy': 1}","{'Action': 1, 'Behavior': 0, 'Content': 7, 'Distribution': 2}",1.1567796494470395
2208,pixel.chladny.de,$10^{1}$ to $10^{2}$ ,"{'Doxxing/ Personal Info': 1, 'Hate Speech': 1, 'Harassment': 1, 'NSFW': 1, 'Content Warnings': 1, 'Incitement of Violence': 1, 'Spam': 2, 'Copyright/ Piracy': 2, 'Illegal Content': 1, 'Impersonation': 1, 'Mis/Disinformation/Conspiracy': 1}","{'Action': 0, 'Behavior': 3, 'Content': 6, 'Distribution': 4}",1.5262349099495225
2209,pixel.everythingbagel.me,$10^{1}$ to $10^{2}$ ,"{'Doxxing/ Personal Info': 1, 'Hate Speech': 1, 'Harassment': 1, 'NSFW': 1, 'Content Warnings': 1, 'Incitement of Violence': 1, 'Spam': 2, 'Copyright/ Piracy': 2, 'Illegal Content': 1, 'Impersonation': 1, 'Mis/Disinformation/Conspiracy': 1}","{'Action': 0, 'Behavior': 3, 'Content': 6, 'Distribution': 4}",1.5262349099495225
2210,pixel.fabulousfabs.fr,$10^{1}$ to $10^{2}$ ,{'Hate Speech': 1},"{'Action': 0, 'Behavior': 0, 'Content': 1, 'Distribution': 0}",-0.0
2211,pixel.infosec.exchange,$10^{3}$ to $10^{4}$,"{'Content Warnings': 1, 'NSFW': 1, 'Illegal Content': 1, 'Advertising & Commercialization': 1, 'Spam': 1, 'Hate Speech': 1, 'Harassment': 1}","{'Action': 0, 'Behavior': 1, 'Content': 4, 'Distribution': 2}",1.3787834934861753
2212,pixel.kjz.ca,$10^{1}$ to $10^{2}$ ,"{'Content Warnings': 1, 'Images': 1, 'Hate Speech': 1, 'Incitement of Violence': 1, 'Harassment': 1, 'Doxxing/ Personal Info': 1, 'Illegal Content': 1}","{'Action': 0, 'Behavior': 2, 'Content': 5, 'Distribution': 0}",0.863120568566631
2213,pixel.livellosegreto.it,$10^{3}$ to $10^{4}$,"{'Hate Speech': 4, 'Harassment': 1, 'NSFW': 2, 'Content Warnings': 1, 'Advertising & Commercialization': 1}","{'Action': 0, 'Behavior': 1, 'Content': 7, 'Distribution': 1}",0.9864267287308424
2214,pixel.maik.ch,$10^{1}$ to $10^{2}$ ,"{'Doxxing/ Personal Info': 2, 'Hate Speech': 1, 'Harassment': 1, 'NSFW': 1, 'Content Warnings': 1, 'Incitement of Violence': 1, 'Copyright/ Piracy': 2, 'Illegal Content': 1, 'Impersonation': 1, 'Spam': 1, 'Mis/Disinformation/Conspiracy': 1}","{'Action': 0, 'Behavior': 4, 'Content': 6, 'Distribution': 3}",1.5262349099495227
2215,pixel.melin.org,$10^{1}$ to $10^{2}$ ,"{'Doxxing/ Personal Info': 1, 'Hate Speech': 1, 'Harassment': 1, 'NSFW': 1, 'Content Warnings': 1, 'Incitement of Violence': 1, 'Spam': 2, 'Copyright/ Piracy': 2, 'Illegal Content': 1, 'Impersonation': 1, 'Mis/Disinformation/Conspiracy': 1}","{'Action': 0, 'Behavior': 3, 'Content': 6, 'Distribution': 4}",1.5262349099495225
2216,pixel.nx-pod.de,$10^{1}$ to $10^{2}$ ,{'Illegal Content': 1},"{'Action': 0, 'Behavior': 0, 'Content': 1, 'Distribution': 0}",-0.0
2217,pixel.pol.social,$10^{2}$ to $10^{3}$,"{'Incitement of Violence': 1, 'Mis/Disinformation/Conspiracy': 1, 'NSFW': 1, 'Illegal Content': 1, 'Hate Speech': 1}","{'Action': 0, 'Behavior': 0, 'Content': 5, 'Distribution': 0}",-0.0
2218,pixel.sp-codes.de,$10^{2}$ to $10^{3}$,"{'Harassment': 2, 'Doxxing/ Personal Info': 1, 'Hate Speech': 3, 'Incitement of Violence': 2, 'Dogpiling': 1, 'NSFW': 1, 'Mis/Disinformation/Conspiracy': 1, 'Advertising & Commercialization': 1, 'Automated tools': 1, 'Illegal Content': 1}","{'Action': 1, 'Behavior': 4, 'Content': 8, 'Distribution': 1}",1.5216406363433184
2219,pixel.staging.balamb.fr,$10^{1}$ to $10^{2}$ ,"{'Spam': 2, 'Hate Speech': 1, 'Illegal Content': 1, 'Links & Outside Content': 1, 'NSFW': 1, 'Content Warnings': 2, 'Automated tools': 1, 'Mis/Disinformation/Conspiracy': 1}","{'Action': 1, 'Behavior': 0, 'Content': 7, 'Distribution': 2}",1.1567796494470395
2220,pixel.tchncs.de,$10^{4}$ to $10^{5}$,"{'Advertising & Commercialization': 1, 'Spam': 1, 'Mis/Disinformation/Conspiracy': 1, 'Illegal Content': 1, 'Hate Speech': 3, 'Incitement of Violence': 1}","{'Action': 0, 'Behavior': 0, 'Content': 6, 'Distribution': 2}",0.8112781244591328
2221,pixel.tiggi.es,$10^{2}$ to $10^{3}$,"{'NSFW': 4, 'Content Warnings': 2, 'Illegal Content': 2, 'Not Applicable': 1}","{'Action': 0, 'Behavior': 0, 'Content': 8, 'Distribution': 0}",-0.0
2222,pixelfed.aargaunet.ch,$10^{2}$ to $10^{3}$,"{'NSFW': 1, 'Incitement of Violence': 1, 'Hate Speech': 1}","{'Action': 0, 'Behavior': 0, 'Content': 3, 'Distribution': 0}",-0.0
2223,pixelfed.au,$10^{4}$ to $10^{5}$,"{'Advertising & Commercialization': 1, 'Hate Speech': 1, 'Harassment': 1, 'Doxxing/ Personal Info': 1, 'Content Warnings': 1, 'Images': 1}","{'Action': 0, 'Behavior': 2, 'Content': 3, 'Distribution': 1}",1.4591479170272448
2224,pixelfed.automat.click,$10^{3}$ to $10^{4}$,"{'Hate Speech': 1, 'Incitement of Violence': 1, 'Harassment': 1, 'Doxxing/ Personal Info': 1, 'Images': 1, 'Mis/Disinformation/Conspiracy': 1, 'Spam': 1, 'Illegal Content': 1}","{'Action': 0, 'Behavior': 2, 'Content': 5, 'Distribution': 1}",1.2987949406953985
2225,pixelfed.babb.no,$10^{3}$ to $10^{4}$,"{'Hate Speech': 6, 'NSFW': 1, 'Content Warnings': 1, 'Advertising & Commercialization': 1, 'Spam': 1}","{'Action': 0, 'Behavior': 0, 'Content': 8, 'Distribution': 2}",0.7219280948873623
2226,pixelfed.bachgau.social,$10^{4}$ to $10^{5}$,"{'NSFW': 1, 'Copyright/ Piracy': 1, 'Images': 2, 'Hate Speech': 2}","{'Action': 0, 'Behavior': 0, 'Content': 5, 'Distribution': 1}",0.6500224216483541
2227,pixelfed.cc,$10^{1}$ to $10^{2}$ ,"{'Hate Speech': 1, 'Harassment': 1, 'Illegal Content': 2}","{'Action': 0, 'Behavior': 1, 'Content': 3, 'Distribution': 0}",0.8112781244591328
2228,pixelfed.chuggybumba.com,$10^{1}$ to $10^{2}$ ,"{'Illegal Content': 1, 'NSFW': 1, 'Images': 1, 'Harassment': 1, 'Advertising & Commercialization': 1, 'Spam': 1}","{'Action': 0, 'Behavior': 1, 'Content': 3, 'Distribution': 2}",1.4591479170272446
2229,pixelfed.co.za,$10^{2}$ to $10^{3}$,"{'Hate Speech': 2, 'NSFW': 1, 'Illegal Content': 2, 'Spam': 1, 'Automated tools': 1, 'Doxxing/ Personal Info': 1, 'Copyright/ Piracy': 1, 'Images': 1}","{'Action': 1, 'Behavior': 1, 'Content': 6, 'Distribution': 2}",1.5709505944546687
2230,pixelfed.com.tr,$10^{2}$ to $10^{3}$,"{'Content Warnings': 1, 'Images': 1, 'Hate Speech': 1, 'Incitement of Violence': 1, 'Illegal Content': 1, 'Not Applicable': 1, 'Copyright/ Piracy': 1}","{'Action': 0, 'Behavior': 0, 'Content': 5, 'Distribution': 1}",0.6500224216483541
2231,pixelfed.cz,$10^{3}$ to $10^{4}$,"{'Harassment': 2, 'Doxxing/ Personal Info': 2, 'Hate Speech': 5, 'Advertising & Commercialization': 1, 'Illegal Content': 3, 'Mis/Disinformation/Conspiracy': 2, 'Spam': 2, 'Off-topic/topic specific': 1, 'Copyright/ Piracy': 2, 'NSFW': 1, 'Content Warnings': 1, 'Incitement of Violence': 1, 'Impersonation': 1}","{'Action': 0, 'Behavior': 5, 'Content': 14, 'Distribution': 5}",1.3965354233178195
2232,pixelfed.de,$10^{5}$ to $10^{6}$ ,"{'Harassment': 1, 'Doxxing/ Personal Info': 1, 'Hate Speech': 4, 'Advertising & Commercialization': 1, 'Mis/Disinformation/Conspiracy': 1, 'Illegal Content': 1}","{'Action': 0, 'Behavior': 2, 'Content': 6, 'Distribution': 1}",1.224394445405986
2233,pixelfed.de.,$10^{5}$ to $10^{6}$ ,"{'Harassment': 1, 'Doxxing/ Personal Info': 1, 'Hate Speech': 4, 'Advertising & Commercialization': 1, 'Illegal Content': 2, 'Mis/Disinformation/Conspiracy': 1}","{'Action': 0, 'Behavior': 2, 'Content': 7, 'Distribution': 1}",1.1567796494470395
2234,pixelfed.dk,$10^{2}$ to $10^{3}$,"{'Incitement of Violence': 1, 'Hate Speech': 7, 'Advertising & Commercialization': 1, 'Spam': 2}","{'Action': 0, 'Behavior': 0, 'Content': 8, 'Distribution': 3}",0.8453509366224364
2235,pixelfed.eu,$10^{3}$ to $10^{4}$,"{'Advertising & Commercialization': 1, 'Spam': 1}","{'Action': 0, 'Behavior': 0, 'Content': 0, 'Distribution': 2}",-0.0
2236,pixelfed.eus,$10^{3}$ to $10^{4}$,"{'Hate Speech': 2, 'Harassment': 1}","{'Action': 0, 'Behavior': 1, 'Content': 2, 'Distribution': 0}",0.9182958340544896
2237,pixelfed.festnoz.de,$10^{1}$ to $10^{2}$ ,"{'Images': 2, 'NSFW': 1, 'Incitement of Violence': 1, 'Hate Speech': 2}","{'Action': 0, 'Behavior': 0, 'Content': 6, 'Distribution': 0}",-0.0
2238,pixelfed.fi,$10^{4}$ to $10^{5}$,"{'Advertising & Commercialization': 1, 'Spam': 1, 'Automated tools': 1, 'NSFW': 1, 'Illegal Content': 2, 'Hate Speech': 1, 'Harassment': 1, 'Mis/Disinformation/Conspiracy': 1}","{'Action': 1, 'Behavior': 1, 'Content': 5, 'Distribution': 2}",1.6577427265048887
2239,pixelfed.flawbee.net,$10^{1}$ to $10^{2}$ ,"{'NSFW': 1, 'Content Warnings': 1, 'Images': 1}","{'Action': 0, 'Behavior': 0, 'Content': 3, 'Distribution': 0}",-0.0
2240,pixelfed.fr,$10^{4}$ to $10^{5}$,"{'Hate Speech': 3, 'NSFW': 1, 'Content Warnings': 1, 'Spam': 1}","{'Action': 0, 'Behavior': 0, 'Content': 5, 'Distribution': 1}",0.6500224216483541
2241,pixelfed.furryfandom.me,$10^{3}$ to $10^{4}$,"{'Hate Speech': 1, 'Content Warnings': 1, 'Incitement of Violence': 1, 'Spam': 2, 'Impersonation': 1, 'Links & Outside Content': 1, 'Images': 2, 'Off-topic/topic specific': 2, 'Illegal Content': 1}","{'Action': 0, 'Behavior': 1, 'Content': 9, 'Distribution': 2}",1.0408520829727552
2242,pixelfed.helvetet.eu,$10^{1}$ to $10^{2}$ ,"{'Doxxing/ Personal Info': 1, 'Hate Speech': 1, 'Harassment': 1, 'NSFW': 1, 'Content Warnings': 1, 'Incitement of Violence': 1, 'Spam': 2, 'Copyright/ Piracy': 2, 'Illegal Content': 1, 'Impersonation': 1, 'Mis/Disinformation/Conspiracy': 1}","{'Action': 0, 'Behavior': 3, 'Content': 6, 'Distribution': 4}",1.5262349099495225
2243,pixelfed.home.monsiteinternet.org,$10^{1}$ to $10^{2}$ ,{'Hate Speech': 1},"{'Action': 0, 'Behavior': 0, 'Content': 1, 'Distribution': 0}",-0.0
2244,pixelfed.imagisphe.re,$10^{1}$ to $10^{2}$ ,"{'Content Warnings': 1, 'Images': 1, 'Doxxing/ Personal Info': 1, 'Hate Speech': 2, 'Harassment': 1, 'Mis/Disinformation/Conspiracy': 1, 'Incitement of Violence': 1, 'Illegal Content': 1}","{'Action': 0, 'Behavior': 2, 'Content': 7, 'Distribution': 0}",0.7642045065086203
2245,pixelfed.louy.social,$10^{1}$ to $10^{2}$ ,"{'Hate Speech': 1, 'Incitement of Violence': 1, 'Harassment': 1, 'Doxxing/ Personal Info': 1, 'Illegal Content': 1}","{'Action': 0, 'Behavior': 2, 'Content': 3, 'Distribution': 0}",0.9709505944546686
2246,pixelfed.mediasculp.com,$10^{1}$ to $10^{2}$ ,"{'Hate Speech': 1, 'Incitement of Violence': 1, 'Harassment': 1, 'Doxxing/ Personal Info': 1, 'Illegal Content': 1}","{'Action': 0, 'Behavior': 2, 'Content': 3, 'Distribution': 0}",0.9709505944546686
2247,pixelfed.mrak.at,$10^{1}$ to $10^{2}$ ,"{'NSFW': 1, 'Images': 1, 'Hate Speech': 1, 'Incitement of Violence': 1, 'Harassment': 1, 'Doxxing/ Personal Info': 1, 'Illegal Content': 1}","{'Action': 0, 'Behavior': 2, 'Content': 5, 'Distribution': 0}",0.863120568566631
2248,pixelfed.nz,$10^{4}$ to $10^{5}$,"{'Hate Speech': 1, 'Incitement of Violence': 1, 'Harassment': 1, 'Doxxing/ Personal Info': 1, 'Advertising & Commercialization': 1, 'Automated tools': 1, 'Copyright/ Piracy': 1, 'NSFW': 1, 'Off-topic/topic specific': 1}","{'Action': 1, 'Behavior': 2, 'Content': 4, 'Distribution': 2}",1.836591668108979
2249,pixelfed.pix-n-chill.fr,$10^{2}$ to $10^{3}$,"{'Hate Speech': 2, 'Content Warnings': 1, 'Images': 1}","{'Action': 0, 'Behavior': 0, 'Content': 4, 'Distribution': 0}",-0.0
2250,pixelfed.poutounours.ovh,$10^{1}$ to $10^{2}$ ,"{'Copyright/ Piracy': 2, 'Illegal Content': 1, 'Images': 1}","{'Action': 0, 'Behavior': 0, 'Content': 2, 'Distribution': 2}",1.0
2251,pixelfed.ru,$10^{3}$ to $10^{4}$,"{'Hate Speech': 2, 'Harassment': 1, 'Incitement of Violence': 1, 'NSFW': 1, 'Mis/Disinformation/Conspiracy': 1, 'Copyright/ Piracy': 1}","{'Action': 0, 'Behavior': 1, 'Content': 5, 'Distribution': 1}",1.1488348542809166
2252,pixelfed.rzgierskopp.de,$10^{1}$ to $10^{2}$ ,"{'Hate Speech': 3, 'Harassment': 2, 'Illegal Content': 1, 'Incitement of Violence': 1, 'NSFW': 1, 'Content Warnings': 2, 'Images': 1, 'Doxxing/ Personal Info': 1, 'Mis/Disinformation/Conspiracy': 1}","{'Action': 0, 'Behavior': 3, 'Content': 10, 'Distribution': 0}",0.7793498372920851
2253,pixelfed.scot,$10^{3}$ to $10^{4}$,"{'Hate Speech': 1, 'Incitement of Violence': 1, 'Advertising & Commercialization': 1, 'Spam': 1, 'Impersonation': 1, 'Illegal Content': 1, 'NSFW': 1, 'Images': 1}","{'Action': 0, 'Behavior': 1, 'Content': 5, 'Distribution': 2}",1.2987949406953985
2254,pixelfed.sdf.org,$10^{3}$ to $10^{4}$,"{'Automated tools': 1, 'Reposting/Crossposting': 1}","{'Action': 1, 'Behavior': 0, 'Content': 0, 'Distribution': 1}",1.0
2255,pixelfed.social,$10^{6}$ to $10^{7}$,"{'Content Warnings': 1, 'Images': 1, 'Hate Speech': 1, 'Incitement of Violence': 1, 'Harassment': 1, 'Doxxing/ Personal Info': 1, 'Illegal Content': 1}","{'Action': 0, 'Behavior': 2, 'Content': 5, 'Distribution': 0}",0.863120568566631
2256,pixelfed.spiezmaestro.ch,$10^{1}$ to $10^{2}$ ,"{'Doxxing/ Personal Info': 1, 'Hate Speech': 1, 'Harassment': 1, 'NSFW': 1, 'Content Warnings': 1, 'Incitement of Violence': 1, 'Spam': 2, 'Copyright/ Piracy': 2, 'Illegal Content': 1, 'Impersonation': 1, 'Mis/Disinformation/Conspiracy': 1}","{'Action': 0, 'Behavior': 3, 'Content': 6, 'Distribution': 4}",1.5262349099495225
2257,pixelfed.tal.org,$10^{1}$ to $10^{2}$ ,"{'Hate Speech': 2, 'Harassment': 1, 'Illegal Content': 1}","{'Action': 0, 'Behavior': 1, 'Content': 3, 'Distribution': 0}",0.8112781244591328
2258,pixelfed.tokyo,$10^{4}$ to $10^{5}$,"{'Illegal Content': 4, 'Hate Speech': 2, 'Harassment': 2, 'Mis/Disinformation/Conspiracy': 1, 'Doxxing/ Personal Info': 1, 'NSFW': 1, 'Incitement of Violence': 1, 'Advertising & Commercialization': 1, 'Spam': 2, 'Impersonation': 1}","{'Action': 0, 'Behavior': 4, 'Content': 9, 'Distribution': 3}",1.4197367178034825
2259,pixelpost.uk,$10^{1}$ to $10^{2}$ ,"{'Hate Speech': 1, 'Harassment': 1, 'Advertising & Commercialization': 1, 'Spam': 1, 'NSFW': 1, 'Illegal Content': 1, 'Copyright/ Piracy': 2, 'Doxxing/ Personal Info': 1, 'Trolling': 1, 'Automated tools': 1, 'Off-topic/topic specific': 1}","{'Action': 1, 'Behavior': 3, 'Content': 4, 'Distribution': 4}",1.855388542207534
2260,pixels.gsi.li,$10^{3}$ to $10^{4}$,"{'Hate Speech': 1, 'NSFW': 1, 'Content Warnings': 1, 'Images': 1, 'Harassment': 1, 'Illegal Content': 1, 'Incitement of Violence': 1, 'Mis/Disinformation/Conspiracy': 1, 'Advertising & Commercialization': 1, 'Spam': 1}","{'Action': 0, 'Behavior': 1, 'Content': 7, 'Distribution': 2}",1.1567796494470395
2261,pixels.pks.ai,$10^{2}$ to $10^{3}$,"{'Illegal Content': 1, 'Hate Speech': 1, 'Copyright/ Piracy': 1, 'NSFW': 1, 'Content Warnings': 1}","{'Action': 0, 'Behavior': 0, 'Content': 4, 'Distribution': 1}",0.7219280948873623
2262,pixey.org,$10^{4}$ to $10^{5}$,"{'Content Warnings': 1, 'Images': 1, 'Hate Speech': 1, 'Incitement of Violence': 1, 'Illegal Content': 1, 'Copyright/ Piracy': 1, 'Mis/Disinformation/Conspiracy': 1}","{'Action': 0, 'Behavior': 0, 'Content': 6, 'Distribution': 1}",0.5916727785823275
2263,pixl.fi,$10^{2}$ to $10^{3}$,"{'Hate Speech': 1, 'Harassment': 1, 'Mis/Disinformation/Conspiracy': 1, 'Doxxing/ Personal Info': 1, 'Spam': 1, 'NSFW': 1, 'Images': 1, 'Off-topic/topic specific': 1}","{'Action': 0, 'Behavior': 2, 'Content': 5, 'Distribution': 1}",1.2987949406953985
2264,pkm.social,$10^{4}$ to $10^{5}$,"{'Hate Speech': 1, 'Harassment': 2, 'Dogpiling': 1, 'Doxxing/ Personal Info': 1, 'NSFW': 1, 'Images': 1, 'Content Warnings': 1}","{'Action': 0, 'Behavior': 4, 'Content': 4, 'Distribution': 0}",1.0
2265,pkutalk.com,$10^{2}$ to $10^{3}$,"{'NSFW': 1, 'Images': 1, 'Hate Speech': 1, 'Incitement of Violence': 1, 'Harassment': 1, 'Doxxing/ Personal Info': 1, 'Illegal Content': 1, 'Advertising & Commercialization': 1}","{'Action': 0, 'Behavior': 2, 'Content': 5, 'Distribution': 1}",1.2987949406953985
2266,planet.moe,$10^{5}$ to $10^{6}$ ,{'Content Warnings': 1},"{'Action': 0, 'Behavior': 0, 'Content': 1, 'Distribution': 0}",-0.0
2267,planetearth.social,$10^{3}$ to $10^{4}$,"{'Content Warnings': 1, 'Images': 1, 'Advertising & Commercialization': 1, 'Spam': 1, 'Hate Speech': 1, 'Incitement of Violence': 1, 'Harassment': 1, 'Doxxing/ Personal Info': 1, 'Illegal Content': 1, 'Mis/Disinformation/Conspiracy': 1}","{'Action': 0, 'Behavior': 2, 'Content': 6, 'Distribution': 2}",1.3709505944546687
2268,plantegg.wiki.gd,$10^{1}$ to $10^{2}$ ,"{'Illegal Content': 1, 'Mis/Disinformation/Conspiracy': 1, 'Harassment': 1, 'Dogpiling': 1, 'Doxxing/ Personal Info': 1, 'NSFW': 1, 'Content Warnings': 1}","{'Action': 0, 'Behavior': 3, 'Content': 4, 'Distribution': 0}",0.9852281360342515
2269,plantex.top,$10^{2}$ to $10^{3}$,"{'Illegal Content': 1, 'NSFW': 1, 'Content Warnings': 1, 'Advertising & Commercialization': 1, 'Spam': 1, 'Hate Speech': 3, 'Images': 1, 'Harassment': 3, 'Doxxing/ Personal Info': 2, 'Mis/Disinformation/Conspiracy': 1}","{'Action': 0, 'Behavior': 5, 'Content': 8, 'Distribution': 2}",1.3995812306460644
2270,plantsand.coffee,$10^{1}$ to $10^{2}$ ,"{'Images': 1, 'Advertising & Commercialization': 1, 'Spam': 1, 'Harassment': 1, 'Doxxing/ Personal Info': 1, 'Illegal Content': 1}","{'Action': 0, 'Behavior': 2, 'Content': 2, 'Distribution': 2}",1.584962500721156
2271,ploen.social,$10^{2}$ to $10^{3}$,"{'Images': 1, 'Hate Speech': 1, 'Incitement of Violence': 1, 'Harassment': 1, 'Doxxing/ Personal Info': 1, 'Illegal Content': 1, 'Mis/Disinformation/Conspiracy': 1}","{'Action': 0, 'Behavior': 2, 'Content': 5, 'Distribution': 0}",0.863120568566631
2272,plsnobully.me,$10^{1}$ to $10^{2}$ ,"{'Hate Speech': 1, 'Incitement of Violence': 1, 'Harassment': 1, 'Doxxing/ Personal Info': 1, 'Mis/Disinformation/Conspiracy': 1}","{'Action': 0, 'Behavior': 2, 'Content': 3, 'Distribution': 0}",0.9709505944546686
2273,plumes.io,$10^{2}$ to $10^{3}$,"{'Hate Speech': 1, 'Harassment': 1}","{'Action': 0, 'Behavior': 1, 'Content': 1, 'Distribution': 0}",1.0
2274,plural.cafe,$10^{4}$ to $10^{5}$,"{'Hate Speech': 1, 'Impersonation': 1, 'Harassment': 1, 'Trolling': 1, 'NSFW': 2, 'Content Warnings': 1, 'Images': 1, 'Advertising & Commercialization': 1, 'Spam': 1, 'Illegal Content': 1, 'Incitement of Violence': 1, 'Doxxing/ Personal Info': 1}","{'Action': 0, 'Behavior': 4, 'Content': 7, 'Distribution': 2}",1.419556298571613
2275,plush.city,$10^{3}$ to $10^{4}$,"{'Hate Speech': 1, 'Harassment': 1, 'Content Warnings': 1, 'Images': 1, 'Illegal Content': 1}","{'Action': 0, 'Behavior': 1, 'Content': 4, 'Distribution': 0}",0.7219280948873623
2276,plushies.social,$10^{2}$ to $10^{3}$,"{'Advertising & Commercialization': 1, 'NSFW': 1}","{'Action': 0, 'Behavior': 0, 'Content': 1, 'Distribution': 1}",1.0
2277,plustodon.net,$10^{3}$ to $10^{4}$,"{'NSFW': 1, 'Harassment': 1, 'Trolling': 1}","{'Action': 0, 'Behavior': 2, 'Content': 1, 'Distribution': 0}",0.9182958340544896
2278,pnw-mastodon.com,$10^{2}$ to $10^{3}$,"{'Illegal Content': 1, 'Harassment': 1}","{'Action': 0, 'Behavior': 1, 'Content': 1, 'Distribution': 0}",1.0
2279,pocketpixels.club,$10^{2}$ to $10^{3}$,"{'Mis/Disinformation/Conspiracy': 1, 'Hate Speech': 1, 'Harassment': 1, 'Doxxing/ Personal Info': 1, 'NSFW': 1, 'Images': 1, 'Copyright/ Piracy': 2}","{'Action': 0, 'Behavior': 2, 'Content': 4, 'Distribution': 2}",1.5
2280,podcastindex.social,$10^{4}$ to $10^{5}$,{'Advertising & Commercialization': 1},"{'Action': 0, 'Behavior': 0, 'Content': 0, 'Distribution': 1}",-0.0
2281,pogs.cafe,$10^{2}$ to $10^{3}$,"{'Illegal Content': 1, 'Incitement of Violence': 1, 'Hate Speech': 1, 'Harassment': 1, 'Doxxing/ Personal Info': 1}","{'Action': 0, 'Behavior': 2, 'Content': 3, 'Distribution': 0}",0.9709505944546686
2282,pointless.chat,$10^{3}$ to $10^{4}$,"{'Content Warnings': 1, 'Off-topic/topic specific': 1, 'Impersonation': 1, 'Hate Speech': 1, 'Harassment': 1}","{'Action': 0, 'Behavior': 2, 'Content': 3, 'Distribution': 0}",0.9709505944546686
2283,pol.social,$10^{4}$ to $10^{5}$,"{'Incitement of Violence': 1, 'Mis/Disinformation/Conspiracy': 1, 'NSFW': 1, 'Illegal Content': 1, 'Hate Speech': 1}","{'Action': 0, 'Behavior': 0, 'Content': 5, 'Distribution': 0}",-0.0
2284,polaris.masto.host,$10^{2}$ to $10^{3}$,{'Hate Speech': 2},"{'Action': 0, 'Behavior': 0, 'Content': 2, 'Distribution': 0}",-0.0
2285,polaroid.absturztau.be,$10^{3}$ to $10^{4}$,"{'Doxxing/ Personal Info': 1, 'Hate Speech': 1, 'Harassment': 1, 'Incitement of Violence': 1, 'Spam': 2, 'Copyright/ Piracy': 2, 'Illegal Content': 1, 'Impersonation': 1, 'Mis/Disinformation/Conspiracy': 1}","{'Action': 0, 'Behavior': 3, 'Content': 4, 'Distribution': 4}",1.5726236638951638
2286,poliversity.it,$10^{3}$ to $10^{4}$,"{'Hate Speech': 2, 'Harassment': 2, 'Images': 1, 'Impersonation': 1, 'Trolling': 1, 'Mis/Disinformation/Conspiracy': 1, 'Spam': 2, 'Doxxing/ Personal Info': 1, 'Advertising & Commercialization': 1, 'Links & Outside Content': 1, 'Content Warnings': 1, 'Automated tools': 1, 'Reposting/Crossposting': 1}","{'Action': 1, 'Behavior': 5, 'Content': 6, 'Distribution': 4}",1.8050365325772657
2287,poliverso.org,$10^{3}$ to $10^{4}$,"{'Harassment': 1, 'Trolling': 1, 'Mis/Disinformation/Conspiracy': 1, 'NSFW': 1, 'Illegal Content': 1, 'Content Warnings': 1, 'Spam': 2, 'Hate Speech': 1, 'Advertising & Commercialization': 1}","{'Action': 0, 'Behavior': 2, 'Content': 5, 'Distribution': 3}",1.4854752972273344
2288,polsci.social,$10^{2}$ to $10^{3}$,"{'NSFW': 1, 'Content Warnings': 1}","{'Action': 0, 'Behavior': 0, 'Content': 2, 'Distribution': 0}",-0.0
2289,polyam.space,$10^{1}$ to $10^{2}$ ,"{'Hate Speech': 2, 'Content Warnings': 1, 'Images': 2, 'Links & Outside Content': 1, 'Harassment': 1, 'Doxxing/ Personal Info': 1, 'Mis/Disinformation/Conspiracy': 1}","{'Action': 0, 'Behavior': 2, 'Content': 7, 'Distribution': 0}",0.7642045065086203
2290,polyglot.city,$10^{3}$ to $10^{4}$,"{'Hate Speech': 2, 'Harassment': 1, 'Illegal Content': 1, 'Automated tools': 1, 'Reposting/Crossposting': 1}","{'Action': 1, 'Behavior': 1, 'Content': 3, 'Distribution': 1}",1.7924812503605778
2291,pone.social,$10^{3}$ to $10^{4}$,"{'Off-topic/topic specific': 2, 'Spam': 1, 'Illegal Content': 1, 'NSFW': 1, 'Content Warnings': 1}","{'Action': 0, 'Behavior': 0, 'Content': 5, 'Distribution': 1}",0.6500224216483541
2292,ponjour.com,$10^{1}$ to $10^{2}$ ,"{'Trolling': 1, 'Off-topic/topic specific': 1, 'NSFW': 1, 'Hate Speech': 1, 'Harassment': 1}","{'Action': 0, 'Behavior': 2, 'Content': 3, 'Distribution': 0}",0.9709505944546686
2293,pony.social,$10^{3}$ to $10^{4}$,"{'Impersonation': 1, 'Trolling': 1, 'NSFW': 1, 'Content Warnings': 2, 'Automated tools': 1, 'Harassment': 1, 'Dogpiling': 1, 'Doxxing/ Personal Info': 1, 'Hate Speech': 2}","{'Action': 1, 'Behavior': 5, 'Content': 5, 'Distribution': 0}",1.3485878960124222
2294,ponysocial.ru,$10^{1}$ to $10^{2}$ ,"{'Off-topic/topic specific': 1, 'NSFW': 1, 'Content Warnings': 1}","{'Action': 0, 'Behavior': 0, 'Content': 3, 'Distribution': 0}",-0.0
2295,pool.social,$10^{2}$ to $10^{3}$,"{'Illegal Content': 3, 'Incitement of Violence': 1, 'Hate Speech': 4, 'Mis/Disinformation/Conspiracy': 1, 'NSFW': 3, 'Content Warnings': 3, 'Images': 2, 'Links & Outside Content': 1, 'Spam': 1, 'Harassment': 1, 'Impersonation': 1}","{'Action': 0, 'Behavior': 2, 'Content': 18, 'Distribution': 1}",0.7228578977329688
2296,poorlyrendered.com,$10^{1}$ to $10^{2}$ ,{'Illegal Content': 1},"{'Action': 0, 'Behavior': 0, 'Content': 1, 'Distribution': 0}",-0.0
2297,popindustry.org,$10^{3}$ to $10^{4}$,"{'Hate Speech': 1, 'Harassment': 1, 'NSFW': 1, 'Automated tools': 1}","{'Action': 1, 'Behavior': 1, 'Content': 2, 'Distribution': 0}",1.5
2298,port87.social,$10^{2}$ to $10^{3}$,"{'Hate Speech': 1, 'Harassment': 1, 'Dogpiling': 1, 'Doxxing/ Personal Info': 1, 'Illegal Content': 1, 'NSFW': 2, 'Images': 1, 'Content Warnings': 1, 'Incitement of Violence': 1}","{'Action': 0, 'Behavior': 3, 'Content': 7, 'Distribution': 0}",0.8812908992306927
2299,portside.social,$10^{2}$ to $10^{3}$,"{'Hate Speech': 5, 'Harassment': 1}","{'Action': 0, 'Behavior': 1, 'Content': 5, 'Distribution': 0}",0.6500224216483541
2300,post.rodeo,$10^{2}$ to $10^{3}$,"{'Hate Speech': 2, 'Content Warnings': 4, 'Images': 2, 'NSFW': 2, 'Incitement of Violence': 1, 'Illegal Content': 2, 'Copyright/ Piracy': 1, 'Spam': 1}","{'Action': 0, 'Behavior': 0, 'Content': 13, 'Distribution': 2}",0.5665095065529053
2301,postagram.net,$10^{2}$ to $10^{3}$,"{'NSFW': 1, 'Illegal Content': 1}","{'Action': 0, 'Behavior': 0, 'Content': 2, 'Distribution': 0}",-0.0
2302,posts.mu7ou.com,$10^{1}$ to $10^{2}$ ,{'Illegal Content': 1},"{'Action': 0, 'Behavior': 0, 'Content': 1, 'Distribution': 0}",-0.0
2303,poststoffarm.de,$10^{1}$ to $10^{2}$ ,"{'Hate Speech': 2, 'Harassment': 1, 'NSFW': 3, 'Content Warnings': 1, 'Images': 1, 'Illegal Content': 1, 'Spam': 1, 'Automated tools': 1, 'Doxxing/ Personal Info': 1, 'Copyright/ Piracy': 1}","{'Action': 1, 'Behavior': 2, 'Content': 8, 'Distribution': 2}",1.5465935642949382
2304,potla.ch,$10^{1}$ to $10^{2}$ ,"{'Hate Speech': 2, 'NSFW': 1, 'Content Warnings': 1, 'Images': 1, 'Harassment': 1, 'Illegal Content': 1, 'Incitement of Violence': 1, 'Advertising & Commercialization': 1, 'Spam': 1, 'Impersonation': 1, 'Automated tools': 1}","{'Action': 1, 'Behavior': 2, 'Content': 7, 'Distribution': 2}",1.6140054628542202
2305,pouet.aliel.fr,$10^{1}$ to $10^{2}$ ,"{'Harassment': 2, 'Hate Speech': 1, 'Content Warnings': 1}","{'Action': 0, 'Behavior': 2, 'Content': 2, 'Distribution': 0}",1.0
2306,pouet.evolix.org,$10^{1}$ to $10^{2}$ ,"{'Illegal Content': 1, 'Doxxing/ Personal Info': 1, 'Hate Speech': 1, 'Harassment': 1}","{'Action': 0, 'Behavior': 2, 'Content': 2, 'Distribution': 0}",1.0
2307,pouet.it,$10^{2}$ to $10^{3}$,"{'Harassment': 1, 'Hate Speech': 1, 'NSFW': 1, 'Content Warnings': 1, 'Images': 1}","{'Action': 0, 'Behavior': 1, 'Content': 4, 'Distribution': 0}",0.7219280948873623
2308,pouet.pas.la,$10^{1}$ to $10^{2}$ ,"{'Hate Speech': 1, 'Harassment': 1, 'NSFW': 1}","{'Action': 0, 'Behavior': 1, 'Content': 2, 'Distribution': 0}",0.9182958340544896
2309,pouet.space,$10^{2}$ to $10^{3}$,"{'Hate Speech': 1, 'NSFW': 1, 'Content Warnings': 1, 'Illegal Content': 1, 'Harassment': 1}","{'Action': 0, 'Behavior': 1, 'Content': 4, 'Distribution': 0}",0.7219280948873623
2310,pourparlers.social,$10^{1}$ to $10^{2}$ ,"{'Hate Speech': 8, 'Mis/Disinformation/Conspiracy': 1, 'Incitement of Violence': 3, 'Illegal Content': 2, 'Images': 1, 'Harassment': 1}","{'Action': 0, 'Behavior': 1, 'Content': 15, 'Distribution': 0}",0.3372900666170139
2311,poyoro.id,$10^{2}$ to $10^{3}$,"{'Content Warnings': 1, 'Images': 1, 'Hate Speech': 1, 'Harassment': 1, 'Illegal Content': 1, 'Doxxing/ Personal Info': 1}","{'Action': 0, 'Behavior': 2, 'Content': 4, 'Distribution': 0}",0.9182958340544896
2312,poyusbuddy.com,$10^{2}$ to $10^{3}$,"{'NSFW': 1, 'Images': 1, 'Hate Speech': 1, 'Incitement of Violence': 1, 'Mis/Disinformation/Conspiracy': 1, 'Harassment': 1, 'Doxxing/ Personal Info': 1}","{'Action': 0, 'Behavior': 2, 'Content': 5, 'Distribution': 0}",0.863120568566631
2313,ppb.social,$10^{1}$ to $10^{2}$ ,"{'Hate Speech': 1, 'Harassment': 1}","{'Action': 0, 'Behavior': 1, 'Content': 1, 'Distribution': 0}",1.0
2314,pravda.me,$10^{6}$ to $10^{7}$,"{'Illegal Content': 2, 'Incitement of Violence': 2, 'Hate Speech': 3, 'Harassment': 3, 'Mis/Disinformation/Conspiracy': 1, 'Trolling': 1, 'NSFW': 1, 'Links & Outside Content': 1, 'Copyright/ Piracy': 2, 'Images': 1, 'Doxxing/ Personal Info': 1, 'Off-topic/topic specific': 1, 'Advertising & Commercialization': 1, 'Not Applicable': 1}","{'Action': 0, 'Behavior': 5, 'Content': 12, 'Distribution': 3}",1.3527241956246545
2315,preciouslittle.life,$10^{1}$ to $10^{2}$ ,{'Hate Speech': 1},"{'Action': 0, 'Behavior': 0, 'Content': 1, 'Distribution': 0}",-0.0
2316,precure.ml,$10^{3}$ to $10^{4}$,"{'Content Warnings': 1, 'Copyright/ Piracy': 1}","{'Action': 0, 'Behavior': 0, 'Content': 1, 'Distribution': 1}",1.0
2317,press.community,$10^{1}$ to $10^{2}$ ,"{'Hate Speech': 1, 'Mis/Disinformation/Conspiracy': 1, 'Spam': 1, 'Impersonation': 1, 'Harassment': 1, 'Images': 1, 'Links & Outside Content': 1, 'Advertising & Commercialization': 1}","{'Action': 0, 'Behavior': 2, 'Content': 4, 'Distribution': 2}",1.5
2318,press.coop,$10^{2}$ to $10^{3}$,{'Automated tools': 1},"{'Action': 1, 'Behavior': 0, 'Content': 0, 'Distribution': 0}",-0.0
2319,prf.me,$10^{3}$ to $10^{4}$,"{'Mis/Disinformation/Conspiracy': 1, 'Harassment': 1, 'Doxxing/ Personal Info': 1, 'NSFW': 1, 'Content Warnings': 1, 'Hate Speech': 1, 'Incitement of Violence': 1}","{'Action': 0, 'Behavior': 2, 'Content': 5, 'Distribution': 0}",0.863120568566631
2320,privacyofficers.social,$10^{2}$ to $10^{3}$,"{'Illegal Content': 1, 'Mis/Disinformation/Conspiracy': 1, 'Harassment': 1, 'Trolling': 1, 'Hate Speech': 1}","{'Action': 0, 'Behavior': 2, 'Content': 3, 'Distribution': 0}",0.9709505944546686
2321,proc.social,$10^{1}$ to $10^{2}$ ,"{'Hate Speech': 2, 'NSFW': 1, 'Illegal Content': 2, 'Incitement of Violence': 1, 'Harassment': 1, 'Mis/Disinformation/Conspiracy': 1, 'Advertising & Commercialization': 1}","{'Action': 0, 'Behavior': 1, 'Content': 7, 'Distribution': 1}",0.9864267287308424
2322,procursus.social,$10^{3}$ to $10^{4}$,"{'Hate Speech': 1, 'NSFW': 1, 'Content Warnings': 1}","{'Action': 0, 'Behavior': 0, 'Content': 3, 'Distribution': 0}",-0.0
2323,procydon.net,$10^{1}$ to $10^{2}$ ,"{'Illegal Content': 1, 'Doxxing/ Personal Info': 1}","{'Action': 0, 'Behavior': 1, 'Content': 1, 'Distribution': 0}",1.0
2324,program-theia.monster,$10^{2}$ to $10^{3}$,"{'NSFW': 1, 'Images': 1, 'Links & Outside Content': 1}","{'Action': 0, 'Behavior': 0, 'Content': 3, 'Distribution': 0}",-0.0
2325,progressives.social,$10^{2}$ to $10^{3}$,"{'Hate Speech': 1, 'Incitement of Violence': 1, 'Harassment': 1, 'Trolling': 1, 'Doxxing/ Personal Info': 1, 'Advertising & Commercialization': 1, 'Spam': 1}","{'Action': 0, 'Behavior': 3, 'Content': 2, 'Distribution': 2}",1.5566567074628228
2326,proto.lgbt,$10^{1}$ to $10^{2}$ ,"{'NSFW': 1, 'Content Warnings': 1, 'Illegal Content': 1}","{'Action': 0, 'Behavior': 0, 'Content': 3, 'Distribution': 0}",-0.0
2327,protogen.social,$10^{2}$ to $10^{3}$,"{'Hate Speech': 1, 'Spam': 1}","{'Action': 0, 'Behavior': 0, 'Content': 1, 'Distribution': 1}",1.0
2328,ps-sw145sd.hostdon.ne.jp,$10^{2}$ to $10^{3}$,"{'Illegal Content': 1, 'NSFW': 1, 'Content Warnings': 1, 'Links & Outside Content': 1}","{'Action': 0, 'Behavior': 0, 'Content': 4, 'Distribution': 0}",-0.0
2329,psu.social,$10^{2}$ to $10^{3}$,"{'NSFW': 1, 'Incitement of Violence': 2, 'Advertising & Commercialization': 1, 'Spam': 1, 'Hate Speech': 1, 'Harassment': 1, 'Doxxing/ Personal Info': 1, 'Illegal Content': 1}","{'Action': 0, 'Behavior': 2, 'Content': 5, 'Distribution': 2}",1.4355205042826666
2330,psychotherapy.social,$10^{1}$ to $10^{2}$ ,"{'Hate Speech': 1, 'NSFW': 1, 'Content Warnings': 1, 'Images': 1, 'Harassment': 1, 'Illegal Content': 1, 'Incitement of Violence': 1, 'Mis/Disinformation/Conspiracy': 1, 'Impersonation': 1, 'Advertising & Commercialization': 1, 'Spam': 1}","{'Action': 0, 'Behavior': 2, 'Content': 7, 'Distribution': 2}",1.3092966682370037
2331,pub.deferpanic.dev,$10^{2}$ to $10^{3}$,"{'Hate Speech': 1, 'Doxxing/ Personal Info': 1, 'NSFW': 1, 'Spam': 1}","{'Action': 0, 'Behavior': 1, 'Content': 2, 'Distribution': 1}",1.5
2332,pub.ehrengruppe.de,$10^{2}$ to $10^{3}$,"{'NSFW': 1, 'Content Warnings': 1, 'Illegal Content': 1, 'Hate Speech': 2, 'Mis/Disinformation/Conspiracy': 1}","{'Action': 0, 'Behavior': 0, 'Content': 6, 'Distribution': 0}",-0.0
2333,pub.osrx.social,$10^{1}$ to $10^{2}$ ,{'Hate Speech': 1},"{'Action': 0, 'Behavior': 0, 'Content': 1, 'Distribution': 0}",-0.0
2334,pub.qu1x.one,$10^{1}$ to $10^{2}$ ,"{'Content Warnings': 1, 'Images': 1, 'Hate Speech': 2, 'Incitement of Violence': 1, 'Harassment': 1, 'Doxxing/ Personal Info': 1, 'Illegal Content': 1, 'Mis/Disinformation/Conspiracy': 1, 'Spam': 1, 'Automated tools': 1}","{'Action': 1, 'Behavior': 2, 'Content': 7, 'Distribution': 1}",1.4911148500551858
2335,publicgood.social,$10^{2}$ to $10^{3}$,"{'Hate Speech': 2, 'NSFW': 1, 'Content Warnings': 1, 'Images': 1, 'Harassment': 1, 'Illegal Content': 1, 'Incitement of Violence': 1, 'Mis/Disinformation/Conspiracy': 1, 'Spam': 1}","{'Action': 0, 'Behavior': 1, 'Content': 8, 'Distribution': 1}",0.9219280948873623
2336,publicsquare.global,$10^{2}$ to $10^{3}$,"{'Illegal Content': 1, 'Incitement of Violence': 1, 'Hate Speech': 7}","{'Action': 0, 'Behavior': 0, 'Content': 9, 'Distribution': 0}",-0.0
2337,publishing.social,$10^{2}$ to $10^{3}$,"{'Hate Speech': 4, 'Incitement of Violence': 2, 'Harassment': 3, 'Dogpiling': 1, 'Mis/Disinformation/Conspiracy': 2, 'Off-topic/topic specific': 1, 'Content Warnings': 1, 'Images': 1}","{'Action': 0, 'Behavior': 4, 'Content': 11, 'Distribution': 0}",0.8366407419411672
2338,pubsub.fun,$10^{1}$ to $10^{2}$ ,"{'Spam': 1, 'Illegal Content': 1, 'Doxxing/ Personal Info': 1}","{'Action': 0, 'Behavior': 1, 'Content': 1, 'Distribution': 1}",1.584962500721156
2339,puddle.town,$10^{1}$ to $10^{2}$ ,"{'Illegal Content': 1, 'NSFW': 1, 'Incitement of Violence': 1, 'Hate Speech': 1, 'Harassment': 1, 'Dogpiling': 1}","{'Action': 0, 'Behavior': 2, 'Content': 4, 'Distribution': 0}",0.9182958340544896
2340,pullopen.xyz,$10^{3}$ to $10^{4}$,"{'Harassment': 1, 'NSFW': 1, 'Illegal Content': 1, 'Hate Speech': 1}","{'Action': 0, 'Behavior': 1, 'Content': 3, 'Distribution': 0}",0.8112781244591328
2341,puppo.space,$10^{2}$ to $10^{3}$,"{'NSFW': 1, 'Content Warnings': 1, 'Copyright/ Piracy': 1, 'Incitement of Violence': 1, 'Illegal Content': 1, 'Hate Speech': 2, 'Harassment': 2, 'Trolling': 1, 'Impersonation': 1}","{'Action': 0, 'Behavior': 4, 'Content': 6, 'Distribution': 1}",1.3221793455166666
2342,puppybear.social,$10^{1}$ to $10^{2}$ ,{'NSFW': 1},"{'Action': 0, 'Behavior': 0, 'Content': 1, 'Distribution': 0}",-0.0
2343,purplepenguin.lol,$10^{1}$ to $10^{2}$ ,{'Hate Speech': 1},"{'Action': 0, 'Behavior': 0, 'Content': 1, 'Distribution': 0}",-0.0
2344,puyopuyotetr.is,$10^{1}$ to $10^{2}$ ,"{'Harassment': 2, 'Content Warnings': 2, 'NSFW': 1, 'Automated tools': 1}","{'Action': 1, 'Behavior': 2, 'Content': 3, 'Distribution': 0}",1.4591479170272448
2345,px.c-p-b.com,$10^{1}$ to $10^{2}$ ,{'Hate Speech': 1},"{'Action': 0, 'Behavior': 0, 'Content': 1, 'Distribution': 0}",-0.0
2346,px.fux.is,$10^{1}$ to $10^{2}$ ,"{'Hate Speech': 2, 'Harassment': 1, 'Dogpiling': 1, 'Doxxing/ Personal Info': 1, 'Incitement of Violence': 1, 'Mis/Disinformation/Conspiracy': 1, 'Illegal Content': 1}","{'Action': 0, 'Behavior': 3, 'Content': 5, 'Distribution': 0}",0.954434002924965
2347,pxl.nochiiverse.eu,$10^{1}$ to $10^{2}$ ,"{'Doxxing/ Personal Info': 1, 'Hate Speech': 1, 'Harassment': 1, 'NSFW': 1, 'Content Warnings': 1, 'Incitement of Violence': 1, 'Spam': 2, 'Copyright/ Piracy': 2, 'Illegal Content': 1, 'Impersonation': 1, 'Mis/Disinformation/Conspiracy': 1}","{'Action': 0, 'Behavior': 3, 'Content': 6, 'Distribution': 4}",1.5262349099495225
2348,pxl.roflcopter.fr,$10^{4}$ to $10^{5}$,"{'Illegal Content': 3, 'Hate Speech': 1, 'Harassment': 1, 'Advertising & Commercialization': 1}","{'Action': 0, 'Behavior': 1, 'Content': 4, 'Distribution': 1}",1.2516291673878228
2349,pxlfd.dsnv.net,$10^{1}$ to $10^{2}$ ,"{'Illegal Content': 1, 'NSFW': 1, 'Content Warnings': 1}","{'Action': 0, 'Behavior': 0, 'Content': 3, 'Distribution': 0}",-0.0
2350,pxlfed.de,$10^{1}$ to $10^{2}$ ,{'Illegal Content': 1},"{'Action': 0, 'Behavior': 0, 'Content': 1, 'Distribution': 0}",-0.0
2351,pxlmo.com,$10^{5}$ to $10^{6}$ ,"{'Spam': 1, 'Links & Outside Content': 1}","{'Action': 0, 'Behavior': 0, 'Content': 1, 'Distribution': 1}",1.0
2352,pxlmo.net,$10^{2}$ to $10^{3}$,"{'Spam': 1, 'Links & Outside Content': 1, 'Incitement of Violence': 1, 'Hate Speech': 1, 'Harassment': 1}","{'Action': 0, 'Behavior': 1, 'Content': 3, 'Distribution': 1}",1.3709505944546687
2353,pynews.com.br,$10^{1}$ to $10^{2}$ ,"{'Illegal Content': 1, 'Hate Speech': 3}","{'Action': 0, 'Behavior': 0, 'Content': 4, 'Distribution': 0}",-0.0
2354,qa.social,$10^{2}$ to $10^{3}$,"{'Advertising & Commercialization': 1, 'Off-topic/topic specific': 1}","{'Action': 0, 'Behavior': 0, 'Content': 1, 'Distribution': 1}",1.0
2355,qaf.men,$10^{3}$ to $10^{4}$,"{'Hate Speech': 1, 'Incitement of Violence': 1, 'Illegal Content': 1, 'Spam': 1, 'Harassment': 1, 'NSFW': 1, 'Content Warnings': 1}","{'Action': 0, 'Behavior': 1, 'Content': 5, 'Distribution': 1}",1.1488348542809166
2356,qn.krig.jp,$10^{2}$ to $10^{3}$,"{'NSFW': 1, 'Content Warnings': 1}","{'Action': 0, 'Behavior': 0, 'Content': 2, 'Distribution': 0}",-0.0
2357,quakers.social,$10^{3}$ to $10^{4}$,"{'Hate Speech': 1, 'Copyright/ Piracy': 1}","{'Action': 0, 'Behavior': 0, 'Content': 1, 'Distribution': 1}",1.0
2358,quarteredcircle.net,$10^{2}$ to $10^{3}$,{'Illegal Content': 1},"{'Action': 0, 'Behavior': 0, 'Content': 1, 'Distribution': 0}",-0.0
2359,queef.social,$10^{1}$ to $10^{2}$ ,"{'Content Warnings': 1, 'Illegal Content': 1, 'Hate Speech': 2, 'Harassment': 1, 'Advertising & Commercialization': 1, 'Spam': 1, 'Impersonation': 1, 'Mis/Disinformation/Conspiracy': 1, 'Incitement of Violence': 1}","{'Action': 0, 'Behavior': 2, 'Content': 6, 'Distribution': 2}",1.3709505944546687
2360,queer.cool,$10^{2}$ to $10^{3}$,"{'Hate Speech': 1, 'Content Warnings': 1, 'Illegal Content': 1, 'NSFW': 1, 'Incitement of Violence': 1}","{'Action': 0, 'Behavior': 0, 'Content': 5, 'Distribution': 0}",-0.0
2361,queer.dev,$10^{2}$ to $10^{3}$,"{'Hate Speech': 4, 'Incitement of Violence': 1, 'Harassment': 1, 'Spam': 1, 'Advertising & Commercialization': 1, 'Content Warnings': 1, 'Copyright/ Piracy': 1}","{'Action': 0, 'Behavior': 1, 'Content': 6, 'Distribution': 3}",1.295461844238322
2362,queer.garden,$10^{2}$ to $10^{3}$,{'Hate Speech': 1},"{'Action': 0, 'Behavior': 0, 'Content': 1, 'Distribution': 0}",-0.0
2363,queer.group,$10^{2}$ to $10^{3}$,"{'Hate Speech': 4, 'Harassment': 4, 'Doxxing/ Personal Info': 1, 'Dogpiling': 1, 'Mis/Disinformation/Conspiracy': 1, 'Automated tools': 1, 'Illegal Content': 1}","{'Action': 1, 'Behavior': 6, 'Content': 6, 'Distribution': 0}",1.3143204867061788
2364,queernerds.social,$10^{2}$ to $10^{3}$,"{'Harassment': 1, 'Hate Speech': 1, 'Incitement of Violence': 2, 'NSFW': 1, 'Content Warnings': 1, 'Illegal Content': 1}","{'Action': 0, 'Behavior': 1, 'Content': 6, 'Distribution': 0}",0.5916727785823275
2365,queerspirituality.social,$10^{1}$ to $10^{2}$ ,"{'Hate Speech': 1, 'Harassment': 1, 'NSFW': 2, 'Content Warnings': 1}","{'Action': 0, 'Behavior': 1, 'Content': 4, 'Distribution': 0}",0.7219280948873623
2366,quinnwitz.house,$10^{1}$ to $10^{2}$ ,{'Hate Speech': 1},"{'Action': 0, 'Behavior': 0, 'Content': 1, 'Distribution': 0}",-0.0
2367,quokka.city,$10^{3}$ to $10^{4}$,"{'Hate Speech': 2, 'Harassment': 1, 'Illegal Content': 1}","{'Action': 0, 'Behavior': 1, 'Content': 3, 'Distribution': 0}",0.8112781244591328
2368,qwq.ooo,$10^{2}$ to $10^{3}$,"{'NSFW': 1, 'Illegal Content': 1}","{'Action': 0, 'Behavior': 0, 'Content': 2, 'Distribution': 0}",-0.0
2369,r2.do,$10^{2}$ to $10^{3}$,"{'Images': 1, 'Hate Speech': 1, 'Incitement of Violence': 1, 'Harassment': 1, 'Doxxing/ Personal Info': 1, 'Illegal Content': 1, 'Mis/Disinformation/Conspiracy': 1}","{'Action': 0, 'Behavior': 2, 'Content': 5, 'Distribution': 0}",0.863120568566631
2370,r2beat.jp,$10^{1}$ to $10^{2}$ ,"{'Illegal Content': 1, 'Hate Speech': 1}","{'Action': 0, 'Behavior': 0, 'Content': 2, 'Distribution': 0}",-0.0
2371,raccoon.place,$10^{2}$ to $10^{3}$,"{'Hate Speech': 1, 'Incitement of Violence': 1, 'Harassment': 1, 'Doxxing/ Personal Info': 1, 'Mis/Disinformation/Conspiracy': 1, 'Advertising & Commercialization': 1, 'Spam': 1, 'NSFW': 3, 'Content Warnings': 2}","{'Action': 0, 'Behavior': 2, 'Content': 8, 'Distribution': 2}",1.2516291673878228
2372,rack.social,$10^{1}$ to $10^{2}$ ,{'Illegal Content': 1},"{'Action': 0, 'Behavior': 0, 'Content': 1, 'Distribution': 0}",-0.0
2373,racoon.social,$10^{1}$ to $10^{2}$ ,"{'Hate Speech': 2, 'Incitement of Violence': 1, 'Harassment': 1, 'Doxxing/ Personal Info': 1, 'Mis/Disinformation/Conspiracy': 1, 'Copyright/ Piracy': 1, 'Illegal Content': 1, 'Content Warnings': 1, 'Images': 1}","{'Action': 0, 'Behavior': 2, 'Content': 7, 'Distribution': 1}",1.1567796494470395
2374,radar.fail,$10^{1}$ to $10^{2}$ ,"{'Hate Speech': 1, 'Illegal Content': 1, 'Incitement of Violence': 1}","{'Action': 0, 'Behavior': 0, 'Content': 3, 'Distribution': 0}",-0.0
2375,radicalsocial.work,$10^{2}$ to $10^{3}$,"{'Incitement of Violence': 1, 'Harassment': 2, 'Hate Speech': 1, 'Mis/Disinformation/Conspiracy': 1, 'Illegal Content': 1, 'Content Warnings': 1}","{'Action': 0, 'Behavior': 2, 'Content': 5, 'Distribution': 0}",0.863120568566631
2376,radikal.social,$10^{3}$ to $10^{4}$,"{'Hate Speech': 7, 'NSFW': 1, 'Images': 1, 'Incitement of Violence': 1, 'Harassment': 2, 'Doxxing/ Personal Info': 1, 'Mis/Disinformation/Conspiracy': 1, 'Spam': 1}","{'Action': 0, 'Behavior': 3, 'Content': 11, 'Distribution': 1}",1.0529815751302694
2377,radiosocial.de,$10^{3}$ to $10^{4}$,"{'Hate Speech': 3, 'Harassment': 2, 'Not Applicable': 1, 'Doxxing/ Personal Info': 1, 'Spam': 1, 'Reposting/Crossposting': 1, 'Links & Outside Content': 1, 'NSFW': 1}","{'Action': 0, 'Behavior': 3, 'Content': 5, 'Distribution': 2}",1.4854752972273344
2378,radz-at-han.city,$10^{1}$ to $10^{2}$ ,"{'NSFW': 1, 'Content Warnings': 2, 'Impersonation': 1, 'Harassment': 1, 'Links & Outside Content': 1}","{'Action': 0, 'Behavior': 2, 'Content': 4, 'Distribution': 0}",0.9182958340544896
2379,raggedfeathers.com,$10^{2}$ to $10^{3}$,"{'Spam': 1, 'Impersonation': 1}","{'Action': 0, 'Behavior': 1, 'Content': 0, 'Distribution': 1}",1.0
2380,rah.social,$10^{1}$ to $10^{2}$ ,"{'Hate Speech': 2, 'Content Warnings': 1, 'Illegal Content': 1, 'Harassment': 1}","{'Action': 0, 'Behavior': 1, 'Content': 4, 'Distribution': 0}",0.7219280948873623
2381,raikow.online,$10^{1}$ to $10^{2}$ ,"{'Hate Speech': 1, 'Incitement of Violence': 1, 'Harassment': 1}","{'Action': 0, 'Behavior': 1, 'Content': 2, 'Distribution': 0}",0.9182958340544896
2382,rail.chat,$10^{3}$ to $10^{4}$,"{'Harassment': 2, 'Advertising & Commercialization': 1, 'Off-topic/topic specific': 3, 'Spam': 1}","{'Action': 0, 'Behavior': 2, 'Content': 3, 'Distribution': 2}",1.5566567074628228
2383,rails.social,$10^{1}$ to $10^{2}$ ,"{'Hate Speech': 2, 'Harassment': 2, 'NSFW': 1, 'Illegal Content': 1, 'Automated tools': 1, 'Impersonation': 1, 'Advertising & Commercialization': 1, 'Spam': 1}","{'Action': 1, 'Behavior': 3, 'Content': 4, 'Distribution': 2}",1.8464393446710154
2384,ramble.space,$10^{2}$ to $10^{3}$,"{'Harassment': 1, 'Hate Speech': 1, 'NSFW': 1, 'Images': 1, 'Content Warnings': 1}","{'Action': 0, 'Behavior': 1, 'Content': 4, 'Distribution': 0}",0.7219280948873623
2385,raphus.social,$10^{3}$ to $10^{4}$,"{'Hate Speech': 1, 'Incitement of Violence': 1, 'Harassment': 1, 'Dogpiling': 1, 'Doxxing/ Personal Info': 1, 'Mis/Disinformation/Conspiracy': 1, 'Content Warnings': 1, 'Images': 1, 'Advertising & Commercialization': 1, 'Spam': 1}","{'Action': 0, 'Behavior': 3, 'Content': 5, 'Distribution': 2}",1.4854752972273344
2386,raptor-care.center,$10^{1}$ to $10^{2}$ ,"{'Hate Speech': 1, 'NSFW': 1, 'Doxxing/ Personal Info': 1, 'Spam': 1, 'Advertising & Commercialization': 1, 'Illegal Content': 2}","{'Action': 0, 'Behavior': 1, 'Content': 4, 'Distribution': 2}",1.3787834934861753
2387,rat.party,$10^{2}$ to $10^{3}$,"{'NSFW': 2, 'Illegal Content': 1, 'Links & Outside Content': 1, 'Images': 2}","{'Action': 0, 'Behavior': 0, 'Content': 6, 'Distribution': 0}",-0.0
2388,rathe.social,$10^{2}$ to $10^{3}$,"{'Illegal Content': 3, 'Incitement of Violence': 1, 'Hate Speech': 3, 'NSFW': 3, 'Content Warnings': 2, 'Images': 1, 'Spam': 1, 'Links & Outside Content': 1, 'Impersonation': 1}","{'Action': 0, 'Behavior': 1, 'Content': 14, 'Distribution': 1}",0.6685644431995964
2389,ratingen.social,$10^{1}$ to $10^{2}$ ,"{'Content Warnings': 1, 'Images': 1, 'Hate Speech': 1, 'Incitement of Violence': 1, 'Harassment': 1, 'Dogpiling': 1, 'Doxxing/ Personal Info': 1, 'Illegal Content': 1, 'Mis/Disinformation/Conspiracy': 1}","{'Action': 0, 'Behavior': 3, 'Content': 6, 'Distribution': 0}",0.9182958340544896
2390,ravenation.club,$10^{5}$ to $10^{6}$ ,"{'Doxxing/ Personal Info': 1, 'Illegal Content': 1, 'Mis/Disinformation/Conspiracy': 1, 'Spam': 1, 'Content Warnings': 1}","{'Action': 0, 'Behavior': 1, 'Content': 3, 'Distribution': 1}",1.3709505944546687
2391,rawr.tf,$10^{1}$ to $10^{2}$ ,"{'NSFW': 1, 'Content Warnings': 1}","{'Action': 0, 'Behavior': 0, 'Content': 2, 'Distribution': 0}",-0.0
2392,really.sleepytealcoder.com,$10^{1}$ to $10^{2}$ ,"{'NSFW': 1, 'Illegal Content': 1, 'Spam': 1}","{'Action': 0, 'Behavior': 0, 'Content': 2, 'Distribution': 1}",0.9182958340544896
2393,realms.jardin-des-slimes.fr,$10^{1}$ to $10^{2}$ ,"{'Illegal Content': 1, 'Hate Speech': 2, 'Harassment': 1, 'NSFW': 1}","{'Action': 0, 'Behavior': 1, 'Content': 4, 'Distribution': 0}",0.7219280948873623
2394,realsocial.life,$10^{2}$ to $10^{3}$,"{'Mis/Disinformation/Conspiracy': 2, 'Not Applicable': 1, 'Hate Speech': 2, 'Harassment': 1}","{'Action': 0, 'Behavior': 1, 'Content': 4, 'Distribution': 0}",0.7219280948873623
2395,rebel.ar,$10^{3}$ to $10^{4}$,"{'Illegal Content': 1, 'Hate Speech': 1, 'Spam': 1, 'Automated tools': 1, 'NSFW': 1, 'Content Warnings': 1}","{'Action': 1, 'Behavior': 0, 'Content': 4, 'Distribution': 1}",1.2516291673878228
2396,recht.social,$10^{2}$ to $10^{3}$,"{'Advertising & Commercialization': 1, 'Illegal Content': 1, 'Copyright/ Piracy': 1, 'Harassment': 1, 'Trolling': 1}","{'Action': 0, 'Behavior': 2, 'Content': 1, 'Distribution': 2}",1.5219280948873621
2397,recordplug.club,$10^{2}$ to $10^{3}$,"{'Illegal Content': 3, 'Incitement of Violence': 2, 'Hate Speech': 3, 'NSFW': 3, 'Spam': 1, 'Links & Outside Content': 1, 'Harassment': 1, 'Impersonation': 1, 'Content Warnings': 1}","{'Action': 0, 'Behavior': 2, 'Content': 13, 'Distribution': 1}",0.8683927290103626
2398,recsys.social,$10^{2}$ to $10^{3}$,"{'Hate Speech': 3, 'Incitement of Violence': 1}","{'Action': 0, 'Behavior': 0, 'Content': 4, 'Distribution': 0}",-0.0
2399,red.niboe.info,$10^{3}$ to $10^{4}$,"{'Hate Speech': 2, 'Mis/Disinformation/Conspiracy': 1, 'Spam': 1, 'Harassment': 1}","{'Action': 0, 'Behavior': 1, 'Content': 3, 'Distribution': 1}",1.3709505944546687
2400,redpawcollective.co,$10^{2}$ to $10^{3}$,"{'NSFW': 1, 'Content Warnings': 1, 'Images': 1, 'Hate Speech': 1, 'Advertising & Commercialization': 1, 'Reposting/Crossposting': 1}","{'Action': 0, 'Behavior': 0, 'Content': 4, 'Distribution': 2}",0.9182958340544896
2401,regenerate.social,$10^{2}$ to $10^{3}$,"{'Off-topic/topic specific': 1, 'Hate Speech': 1, 'Advertising & Commercialization': 1}","{'Action': 0, 'Behavior': 0, 'Content': 2, 'Distribution': 1}",0.9182958340544896
2402,region-bergstrasse.social,$10^{1}$ to $10^{2}$ ,"{'Illegal Content': 2, 'Content Warnings': 1, 'Mis/Disinformation/Conspiracy': 1, 'Harassment': 1, 'Doxxing/ Personal Info': 1, 'Hate Speech': 3, 'Spam': 1, 'Incitement of Violence': 1, 'Automated tools': 1}","{'Action': 1, 'Behavior': 2, 'Content': 8, 'Distribution': 1}",1.4182958340544896
2403,reidodon.net,$10^{1}$ to $10^{2}$ ,"{'Illegal Content': 1, 'Advertising & Commercialization': 1, 'Impersonation': 1}","{'Action': 0, 'Behavior': 1, 'Content': 1, 'Distribution': 1}",1.584962500721156
2404,religion.masto.host,$10^{3}$ to $10^{4}$,"{'Hate Speech': 1, 'Not Applicable': 2, 'Mis/Disinformation/Conspiracy': 1, 'Spam': 1, 'Impersonation': 1, 'Harassment': 1, 'Automated tools': 2, 'Reposting/Crossposting': 1, 'Images': 1, 'Advertising & Commercialization': 1, 'Links & Outside Content': 1}","{'Action': 2, 'Behavior': 2, 'Content': 4, 'Distribution': 3}",1.9362600275315276
2405,religious.social,$10^{2}$ to $10^{3}$,"{'NSFW': 1, 'Illegal Content': 1, 'Hate Speech': 1, 'Harassment': 1}","{'Action': 0, 'Behavior': 1, 'Content': 3, 'Distribution': 0}",0.8112781244591328
2406,reliverse.social,$10^{2}$ to $10^{3}$,"{'Harassment': 1, 'Doxxing/ Personal Info': 1, 'Hate Speech': 3, 'Incitement of Violence': 1, 'NSFW': 2, 'Images': 1, 'Automated tools': 1, 'Advertising & Commercialization': 1, 'Spam': 1, 'Illegal Content': 1}","{'Action': 1, 'Behavior': 2, 'Content': 8, 'Distribution': 2}",1.5465935642949382
2407,reporter.social,$10^{2}$ to $10^{3}$,"{'Harassment': 2, 'Doxxing/ Personal Info': 1, 'Hate Speech': 2, 'Incitement of Violence': 2, 'Dogpiling': 1, 'NSFW': 1, 'Content Warnings': 1, 'Advertising & Commercialization': 1, 'Automated tools': 1, 'Trolling': 1}","{'Action': 1, 'Behavior': 5, 'Content': 6, 'Distribution': 1}",1.6143308351592656
2408,researchbuzz.masto.host,$10^{2}$ to $10^{3}$,"{'Hate Speech': 1, 'Harassment': 1}","{'Action': 0, 'Behavior': 1, 'Content': 1, 'Distribution': 0}",1.0
2409,reshet.social,$10^{2}$ to $10^{3}$,"{'Incitement of Violence': 1, 'Hate Speech': 2, 'Mis/Disinformation/Conspiracy': 1, 'Illegal Content': 1, 'Doxxing/ Personal Info': 1}","{'Action': 0, 'Behavior': 1, 'Content': 5, 'Distribution': 0}",0.6500224216483541
2410,respublicae.eu,$10^{4}$ to $10^{5}$,{'Off-topic/topic specific': 1},"{'Action': 0, 'Behavior': 0, 'Content': 1, 'Distribution': 0}",-0.0
2411,restraint.social,$10^{2}$ to $10^{3}$,"{'Hate Speech': 1, 'Trolling': 1, 'Copyright/ Piracy': 1}","{'Action': 0, 'Behavior': 1, 'Content': 1, 'Distribution': 1}",1.584962500721156
2412,rethinkplaces.social,$10^{1}$ to $10^{2}$ ,"{'Hate Speech': 1, 'Incitement of Violence': 1, 'Harassment': 1, 'Mis/Disinformation/Conspiracy': 1}","{'Action': 0, 'Behavior': 1, 'Content': 3, 'Distribution': 0}",0.8112781244591328
2413,retro-gaiden.com,$10^{2}$ to $10^{3}$,"{'NSFW': 1, 'Images': 1, 'Off-topic/topic specific': 2, 'Spam': 1}","{'Action': 0, 'Behavior': 0, 'Content': 4, 'Distribution': 1}",0.7219280948873623
2414,retro.social,$10^{2}$ to $10^{3}$,"{'Hate Speech': 2, 'Harassment': 1}","{'Action': 0, 'Behavior': 1, 'Content': 2, 'Distribution': 0}",0.9182958340544896
2415,retrochat.online,$10^{2}$ to $10^{3}$,"{'Harassment': 1, 'NSFW': 1, 'Content Warnings': 1, 'Advertising & Commercialization': 1, 'Links & Outside Content': 1, 'Copyright/ Piracy': 1}","{'Action': 0, 'Behavior': 1, 'Content': 3, 'Distribution': 2}",1.4591479170272446
2416,retrogaming.social,$10^{2}$ to $10^{3}$,"{'Hate Speech': 2, 'Harassment': 1, 'NSFW': 3, 'Images': 1, 'Spam': 2, 'Automated tools': 1, 'Doxxing/ Personal Info': 1, 'Content Warnings': 1, 'Illegal Content': 1}","{'Action': 1, 'Behavior': 2, 'Content': 8, 'Distribution': 2}",1.5465935642949382
2417,retrohangout.club,$10^{1}$ to $10^{2}$ ,"{'Hate Speech': 1, 'Harassment': 1, 'Trolling': 1, 'Doxxing/ Personal Info': 1}","{'Action': 0, 'Behavior': 3, 'Content': 1, 'Distribution': 0}",0.8112781244591328
2418,retrorewind.social,$10^{2}$ to $10^{3}$,"{'Hate Speech': 1, 'NSFW': 1, 'Content Warnings': 1}","{'Action': 0, 'Behavior': 0, 'Content': 3, 'Distribution': 0}",-0.0
2419,retroverse.social,$10^{2}$ to $10^{3}$,"{'Off-topic/topic specific': 2, 'NSFW': 1, 'Hate Speech': 1}","{'Action': 0, 'Behavior': 0, 'Content': 4, 'Distribution': 0}",-0.0
2420,revcybertrucker.com,$10^{1}$ to $10^{2}$ ,{'Illegal Content': 1},"{'Action': 0, 'Behavior': 0, 'Content': 1, 'Distribution': 0}",-0.0
2421,rheinhessen.social,$10^{3}$ to $10^{4}$,"{'Hate Speech': 1, 'Harassment': 1, 'Doxxing/ Personal Info': 1, 'Mis/Disinformation/Conspiracy': 1, 'Illegal Content': 1, 'Content Warnings': 1}","{'Action': 0, 'Behavior': 2, 'Content': 4, 'Distribution': 0}",0.9182958340544896
2422,ribbit.froggirl.club,$10^{1}$ to $10^{2}$ ,"{'Hate Speech': 1, 'Harassment': 1}","{'Action': 0, 'Behavior': 1, 'Content': 1, 'Distribution': 0}",1.0
2423,ricorda.social,$10^{1}$ to $10^{2}$ ,"{'Doxxing/ Personal Info': 1, 'Illegal Content': 1, 'Mis/Disinformation/Conspiracy': 1, 'Spam': 1, 'Content Warnings': 1}","{'Action': 0, 'Behavior': 1, 'Content': 3, 'Distribution': 1}",1.3709505944546687
2424,riedstadt.social,$10^{1}$ to $10^{2}$ ,"{'Hate Speech': 1, 'Harassment': 1, 'Doxxing/ Personal Info': 1, 'Illegal Content': 1, 'Automated tools': 1, 'Mis/Disinformation/Conspiracy': 1, 'Copyright/ Piracy': 1}","{'Action': 1, 'Behavior': 2, 'Content': 3, 'Distribution': 1}",1.8423709931771084
2425,riin.fr,$10^{2}$ to $10^{3}$,"{'Illegal Content': 1, 'Hate Speech': 2, 'NSFW': 1, 'Incitement of Violence': 1}","{'Action': 0, 'Behavior': 0, 'Content': 5, 'Distribution': 0}",-0.0
2426,rincha.club,$10^{2}$ to $10^{3}$,"{'Illegal Content': 1, 'NSFW': 1}","{'Action': 0, 'Behavior': 0, 'Content': 2, 'Distribution': 0}",-0.0
2427,risk.social,$10^{2}$ to $10^{3}$,"{'Incitement of Violence': 3, 'NSFW': 1, 'Harassment': 2, 'Hate Speech': 1, 'Doxxing/ Personal Info': 1, 'Mis/Disinformation/Conspiracy': 1, 'Impersonation': 1, 'Advertising & Commercialization': 1, 'Spam': 1}","{'Action': 0, 'Behavior': 4, 'Content': 6, 'Distribution': 2}",1.4591479170272448
2428,rivals.space,$10^{4}$ to $10^{5}$,"{'Hate Speech': 1, 'Content Warnings': 1}","{'Action': 0, 'Behavior': 0, 'Content': 2, 'Distribution': 0}",-0.0
2429,river.group.lt,$10^{2}$ to $10^{3}$,"{'Hate Speech': 1, 'Harassment': 1, 'Illegal Content': 1, 'Incitement of Violence': 1, 'Spam': 1, 'Off-topic/topic specific': 1, 'Doxxing/ Personal Info': 1, 'Advertising & Commercialization': 1}","{'Action': 0, 'Behavior': 2, 'Content': 4, 'Distribution': 2}",1.5
2430,rlidea.com,$10^{1}$ to $10^{2}$ ,"{'Hate Speech': 1, 'NSFW': 1, 'Not Applicable': 1}","{'Action': 0, 'Behavior': 0, 'Content': 2, 'Distribution': 0}",-0.0
2431,rly.at,$10^{3}$ to $10^{4}$,"{'Hate Speech': 3, 'Illegal Content': 1, 'NSFW': 1, 'Content Warnings': 1}","{'Action': 0, 'Behavior': 0, 'Content': 6, 'Distribution': 0}",-0.0
2432,robertparker.se,$10^{1}$ to $10^{2}$ ,{'Hate Speech': 2},"{'Action': 0, 'Behavior': 0, 'Content': 2, 'Distribution': 0}",-0.0
2433,rockcd.jp,$10^{2}$ to $10^{3}$,"{'Hate Speech': 3, 'Harassment': 1, 'Illegal Content': 1}","{'Action': 0, 'Behavior': 1, 'Content': 4, 'Distribution': 0}",0.7219280948873623
2434,rocketsnail.masto.host,$10^{1}$ to $10^{2}$ ,"{'NSFW': 2, 'Illegal Content': 1, 'Images': 1, 'Hate Speech': 3, 'Mis/Disinformation/Conspiracy': 1}","{'Action': 0, 'Behavior': 0, 'Content': 8, 'Distribution': 0}",-0.0
2435,rodent.life,$10^{2}$ to $10^{3}$,"{'Impersonation': 1, 'Automated tools': 1, 'NSFW': 5, 'Images': 4, 'Illegal Content': 1, 'Incitement of Violence': 1, 'Hate Speech': 1, 'Content Warnings': 2, 'Copyright/ Piracy': 1}","{'Action': 1, 'Behavior': 1, 'Content': 14, 'Distribution': 1}",0.951994081908783
2436,rollenspiel.social,$10^{4}$ to $10^{5}$,"{'Incitement of Violence': 2, 'Hate Speech': 2, 'Illegal Content': 2, 'NSFW': 2, 'Advertising & Commercialization': 1, 'Spam': 1, 'Images': 1, 'Reposting/Crossposting': 1}","{'Action': 0, 'Behavior': 0, 'Content': 9, 'Distribution': 3}",0.8112781244591328
2437,romancelandia.club,$10^{4}$ to $10^{5}$,"{'Harassment': 2, 'Doxxing/ Personal Info': 1, 'Trolling': 1, 'Off-topic/topic specific': 1, 'Illegal Content': 1, 'Hate Speech': 1, 'Mis/Disinformation/Conspiracy': 1}","{'Action': 0, 'Behavior': 4, 'Content': 4, 'Distribution': 0}",1.0
2438,room19.com,$10^{2}$ to $10^{3}$,{'Off-topic/topic specific': 1},"{'Action': 0, 'Behavior': 0, 'Content': 1, 'Distribution': 0}",-0.0
2439,rope-access-work.com,$10^{1}$ to $10^{2}$ ,"{'Hate Speech': 1, 'Harassment': 1, 'Advertising & Commercialization': 1, 'Illegal Content': 1}","{'Action': 0, 'Behavior': 1, 'Content': 2, 'Distribution': 1}",1.5
2440,rosti.social,$10^{1}$ to $10^{2}$ ,"{'Illegal Content': 1, 'Mis/Disinformation/Conspiracy': 1}","{'Action': 0, 'Behavior': 0, 'Content': 2, 'Distribution': 0}",-0.0
2441,rouge.eu.org,$10^{1}$ to $10^{2}$ ,"{'Hate Speech': 2, 'Incitement of Violence': 1, 'Mis/Disinformation/Conspiracy': 1, 'Harassment': 1, 'Dogpiling': 1, 'Doxxing/ Personal Info': 2, 'Impersonation': 1, 'Spam': 1, 'NSFW': 1}","{'Action': 0, 'Behavior': 5, 'Content': 5, 'Distribution': 1}",1.3485878960124222
2442,routing.center,$10^{1}$ to $10^{2}$ ,"{'Harassment': 1, 'Trolling': 1, 'NSFW': 2, 'Links & Outside Content': 1, 'Images': 1, 'Impersonation': 1, 'Spam': 3, 'Hate Speech': 1, 'Doxxing/ Personal Info': 1, 'Advertising & Commercialization': 1}","{'Action': 0, 'Behavior': 4, 'Content': 5, 'Distribution': 4}",1.5766212201074912
2443,routingmagic.club,$10^{1}$ to $10^{2}$ ,"{'NSFW': 1, 'Content Warnings': 1, 'Images': 1, 'Harassment': 1, 'Incitement of Violence': 1, 'Advertising & Commercialization': 1, 'Spam': 1, 'Impersonation': 1}","{'Action': 0, 'Behavior': 2, 'Content': 4, 'Distribution': 2}",1.5
2444,rssfeed.media,$10^{1}$ to $10^{2}$ ,"{'Illegal Content': 1, 'Links & Outside Content': 1}","{'Action': 0, 'Behavior': 0, 'Content': 2, 'Distribution': 0}",-0.0
2445,rstats.me,$10^{2}$ to $10^{3}$,"{'Harassment': 2, 'Dogpiling': 1, 'Doxxing/ Personal Info': 1, 'Trolling': 1, 'NSFW': 1, 'Images': 1, 'Advertising & Commercialization': 1, 'Spam': 1, 'Not Applicable': 1, 'Automated tools': 1, 'Content Warnings': 1}","{'Action': 1, 'Behavior': 5, 'Content': 3, 'Distribution': 2}",1.789929075309999
2446,rubber.social,$10^{4}$ to $10^{5}$,"{'Hate Speech': 1, 'Harassment': 1, 'NSFW': 1, 'Illegal Content': 1, 'Content Warnings': 1, 'Images': 1, 'Advertising & Commercialization': 1, 'Spam': 2, 'Reposting/Crossposting': 1}","{'Action': 0, 'Behavior': 1, 'Content': 5, 'Distribution': 4}",1.360964047443681
2447,rubberchicken.social,$10^{1}$ to $10^{2}$ ,"{'Hate Speech': 2, 'Harassment': 1, 'Dogpiling': 1, 'Doxxing/ Personal Info': 1, 'Trolling': 1, 'Incitement of Violence': 1, 'NSFW': 1, 'Images': 1, 'Mis/Disinformation/Conspiracy': 1, 'Illegal Content': 1}","{'Action': 0, 'Behavior': 4, 'Content': 7, 'Distribution': 0}",0.9456603046006401
2448,ruhr.social,$10^{5}$ to $10^{6}$ ,"{'Harassment': 1, 'Doxxing/ Personal Info': 1, 'Illegal Content': 2, 'Hate Speech': 3, 'NSFW': 2, 'Advertising & Commercialization': 1, 'Spam': 1, 'Mis/Disinformation/Conspiracy': 2, 'Incitement of Violence': 1, 'Content Warnings': 1}","{'Action': 0, 'Behavior': 2, 'Content': 11, 'Distribution': 2}",1.103307408607834
2449,ruhrpott.social,$10^{3}$ to $10^{4}$,"{'Harassment': 1, 'Hate Speech': 1, 'Illegal Content': 1, 'Advertising & Commercialization': 1, 'Spam': 1}","{'Action': 0, 'Behavior': 1, 'Content': 2, 'Distribution': 2}",1.5219280948873621
2450,rukii.net,$10^{1}$ to $10^{2}$ ,{'Illegal Content': 1},"{'Action': 0, 'Behavior': 0, 'Content': 1, 'Distribution': 0}",-0.0
2451,rustedneuron.com,$10^{1}$ to $10^{2}$ ,"{'Hate Speech': 2, 'Harassment': 1, 'Dogpiling': 1, 'Doxxing/ Personal Info': 1, 'Illegal Content': 1}","{'Action': 0, 'Behavior': 3, 'Content': 3, 'Distribution': 0}",1.0
2452,rusty.cat,$10^{1}$ to $10^{2}$ ,{'Hate Speech': 2},"{'Action': 0, 'Behavior': 0, 'Content': 2, 'Distribution': 0}",-0.0
2453,rva.fyi,$10^{3}$ to $10^{4}$,"{'Spam': 1, 'Harassment': 1, 'Trolling': 1, 'Hate Speech': 1, 'Content Warnings': 1, 'Images': 1, 'Mis/Disinformation/Conspiracy': 1, 'Incitement of Violence': 1, 'Illegal Content': 1}","{'Action': 0, 'Behavior': 2, 'Content': 6, 'Distribution': 1}",1.224394445405986
2454,rwfertilizer.mydns.jp,$10^{1}$ to $10^{2}$ ,{'Illegal Content': 1},"{'Action': 0, 'Behavior': 0, 'Content': 1, 'Distribution': 0}",-0.0
2455,rwx.ch,$10^{1}$ to $10^{2}$ ,"{'Content Warnings': 1, 'Images': 1, 'Hate Speech': 1, 'Incitement of Violence': 1, 'Harassment': 1, 'Doxxing/ Personal Info': 1, 'Illegal Content': 1, 'Mis/Disinformation/Conspiracy': 1}","{'Action': 0, 'Behavior': 2, 'Content': 6, 'Distribution': 0}",0.8112781244591328
2456,s-h.social,$10^{1}$ to $10^{2}$ ,"{'Hate Speech': 2, 'Harassment': 1, 'Mis/Disinformation/Conspiracy': 1, 'Illegal Content': 2, 'Links & Outside Content': 1, 'Advertising & Commercialization': 1, 'Spam': 1}","{'Action': 0, 'Behavior': 1, 'Content': 6, 'Distribution': 2}",1.224394445405986
2457,s.mysw.moe,$10^{1}$ to $10^{2}$ ,"{'Hate Speech': 1, 'Content Warnings': 2, 'Off-topic/topic specific': 1, 'Illegal Content': 1, 'Harassment': 1, 'Trolling': 1}","{'Action': 0, 'Behavior': 2, 'Content': 5, 'Distribution': 0}",0.863120568566631
2458,s.pebcak.de,$10^{1}$ to $10^{2}$ ,"{'Illegal Content': 1, 'Advertising & Commercialization': 1, 'Spam': 1, 'Hate Speech': 1, 'Harassment': 1, 'Impersonation': 1}","{'Action': 0, 'Behavior': 2, 'Content': 2, 'Distribution': 2}",1.584962500721156
2459,s.poweredbydev.com,$10^{1}$ to $10^{2}$ ,{'Illegal Content': 1},"{'Action': 0, 'Behavior': 0, 'Content': 1, 'Distribution': 0}",-0.0
2460,sachsen-medien.social,$10^{2}$ to $10^{3}$,"{'Hate Speech': 2, 'Harassment': 1, 'Doxxing/ Personal Info': 1, 'Illegal Content': 1, 'Mis/Disinformation/Conspiracy': 1, 'Images': 1}","{'Action': 0, 'Behavior': 2, 'Content': 5, 'Distribution': 0}",0.863120568566631
2461,sadoway.com,$10^{1}$ to $10^{2}$ ,"{'Hate Speech': 1, 'Illegal Content': 2, 'Incitement of Violence': 1, 'Mis/Disinformation/Conspiracy': 1, 'Harassment': 1, 'Doxxing/ Personal Info': 1, 'Content Warnings': 1, 'Images': 1}","{'Action': 0, 'Behavior': 2, 'Content': 7, 'Distribution': 0}",0.7642045065086203
2462,safejust.space,$10^{2}$ to $10^{3}$,"{'Not Applicable': 1, 'Links & Outside Content': 1}","{'Action': 0, 'Behavior': 0, 'Content': 1, 'Distribution': 0}",-0.0
2463,saint-paul.us,$10^{1}$ to $10^{2}$ ,"{'Advertising & Commercialization': 1, 'Spam': 2, 'Automated tools': 1, 'Content Warnings': 2, 'Images': 1, 'NSFW': 1, 'Illegal Content': 2, 'Hate Speech': 1, 'Mis/Disinformation/Conspiracy': 1, 'Harassment': 1, 'Doxxing/ Personal Info': 1}","{'Action': 1, 'Behavior': 2, 'Content': 8, 'Distribution': 3}",1.610577243331642
2464,sajin.life,$10^{2}$ to $10^{3}$,"{'Impersonation': 1, 'Hate Speech': 2, 'Harassment': 1, 'NSFW': 2, 'Content Warnings': 1, 'Doxxing/ Personal Info': 1, 'Advertising & Commercialization': 1, 'Spam': 1}","{'Action': 0, 'Behavior': 3, 'Content': 5, 'Distribution': 2}",1.4854752972273344
2465,sakh.social,$10^{2}$ to $10^{3}$,"{'Hate Speech': 1, 'Harassment': 1, 'Doxxing/ Personal Info': 1, 'NSFW': 1, 'Content Warnings': 1, 'Advertising & Commercialization': 1, 'Links & Outside Content': 1}","{'Action': 0, 'Behavior': 2, 'Content': 4, 'Distribution': 1}",1.3787834934861753
2466,sakurajima.moe,$10^{4}$ to $10^{5}$,"{'Incitement of Violence': 1, 'Trolling': 1, 'Dogpiling': 1, 'Harassment': 1, 'Hate Speech': 3, 'Doxxing/ Personal Info': 1, 'Mis/Disinformation/Conspiracy': 1, 'Images': 2, 'NSFW': 2, 'Illegal Content': 3, 'Content Warnings': 2, 'Not Applicable': 2, 'Spam': 1, 'Links & Outside Content': 1, 'Copyright/ Piracy': 1, 'Automated tools': 1, 'Impersonation': 1}","{'Action': 1, 'Behavior': 5, 'Content': 15, 'Distribution': 2}",1.383866329597683
2467,salieri.hostdon.ne.jp,$10^{2}$ to $10^{3}$,"{'Illegal Content': 1, 'Hate Speech': 1}","{'Action': 0, 'Behavior': 0, 'Content': 2, 'Distribution': 0}",-0.0
2468,saltylike.us,$10^{2}$ to $10^{3}$,{'NSFW': 1},"{'Action': 0, 'Behavior': 0, 'Content': 1, 'Distribution': 0}",-0.0
2469,samenet.social,$10^{2}$ to $10^{3}$,"{'Off-topic/topic specific': 1, 'Harassment': 1, 'Mis/Disinformation/Conspiracy': 1}","{'Action': 0, 'Behavior': 1, 'Content': 2, 'Distribution': 0}",0.9182958340544896
2470,samstodon.net,$10^{2}$ to $10^{3}$,"{'Hate Speech': 1, 'Harassment': 1, 'NSFW': 1, 'Content Warnings': 1, 'Off-topic/topic specific': 1}","{'Action': 0, 'Behavior': 1, 'Content': 4, 'Distribution': 0}",0.7219280948873623
2471,sandbox.mastodon.iftas.org,$10^{2}$ to $10^{3}$,"{'Illegal Content': 3, 'Copyright/ Piracy': 1, 'Mis/Disinformation/Conspiracy': 1, 'Doxxing/ Personal Info': 1, 'NSFW': 1, 'Images': 2, 'Harassment': 1, 'Hate Speech': 1, 'Impersonation': 1, 'Incitement of Violence': 3, 'Spam': 1, 'Trolling': 1}","{'Action': 0, 'Behavior': 4, 'Content': 11, 'Distribution': 2}",1.2607717938967942
2472,sandiegourbanists.com,$10^{2}$ to $10^{3}$,"{'Hate Speech': 2, 'Trolling': 1, 'Harassment': 3, 'Impersonation': 1, 'Reposting/Crossposting': 1, 'Incitement of Violence': 1, 'Doxxing/ Personal Info': 1, 'NSFW': 1}","{'Action': 0, 'Behavior': 6, 'Content': 4, 'Distribution': 1}",1.3221793455166666
2473,sanjuans.life,$10^{2}$ to $10^{3}$,"{'Advertising & Commercialization': 1, 'Spam': 1, 'Illegal Content': 1, 'Hate Speech': 1, 'Harassment': 1}","{'Action': 0, 'Behavior': 1, 'Content': 2, 'Distribution': 2}",1.5219280948873621
2474,santos.social,$10^{1}$ to $10^{2}$ ,"{'Illegal Content': 1, 'Harassment': 1}","{'Action': 0, 'Behavior': 1, 'Content': 1, 'Distribution': 0}",1.0
2475,saptodon.org,$10^{3}$ to $10^{4}$,"{'Hate Speech': 2, 'Harassment': 2, 'Dogpiling': 1, 'Doxxing/ Personal Info': 1, 'Trolling': 1, 'NSFW': 2, 'Images': 1, 'Not Applicable': 2, 'Automated tools': 1, 'Off-topic/topic specific': 2, 'Advertising & Commercialization': 1, 'Spam': 1, 'Content Warnings': 1, 'Illegal Content': 1, 'Incitement of Violence': 1}","{'Action': 1, 'Behavior': 5, 'Content': 10, 'Distribution': 2}",1.5683182557028437
2476,sardegna.social,$10^{2}$ to $10^{3}$,"{'Harassment': 2, 'Trolling': 1, 'Hate Speech': 3, 'NSFW': 1, 'Spam': 1, 'Automated tools': 1, 'Dogpiling': 1, 'Doxxing/ Personal Info': 1, 'Mis/Disinformation/Conspiracy': 1}","{'Action': 1, 'Behavior': 5, 'Content': 5, 'Distribution': 1}",1.650022421648354
2477,sasa.africa,$10^{1}$ to $10^{2}$ ,"{'Off-topic/topic specific': 1, 'Hate Speech': 1, 'Mis/Disinformation/Conspiracy': 1, 'Advertising & Commercialization': 1, 'Spam': 1, 'Images': 1, 'Links & Outside Content': 1}","{'Action': 0, 'Behavior': 0, 'Content': 5, 'Distribution': 2}",0.863120568566631
2478,sassafras.social,$10^{1}$ to $10^{2}$ ,"{'Incitement of Violence': 1, 'Harassment': 2, 'Dogpiling': 1, 'Hate Speech': 2, 'Content Warnings': 1, 'Images': 1, 'Doxxing/ Personal Info': 1, 'NSFW': 2, 'Illegal Content': 2, 'Advertising & Commercialization': 1, 'Spam': 1}","{'Action': 0, 'Behavior': 4, 'Content': 9, 'Distribution': 2}",1.3382689280764646
2479,satori.cafe,$10^{1}$ to $10^{2}$ ,"{'Hate Speech': 1, 'Advertising & Commercialization': 1, 'Spam': 1, 'Automated tools': 1, 'NSFW': 1, 'Incitement of Violence': 2, 'Illegal Content': 1}","{'Action': 1, 'Behavior': 0, 'Content': 5, 'Distribution': 2}",1.2987949406953985
2480,sauropods.win,$10^{3}$ to $10^{4}$,"{'Harassment': 1, 'Spam': 1, 'Automated tools': 1, 'Hate Speech': 1, 'NSFW': 2, 'Content Warnings': 1}","{'Action': 1, 'Behavior': 1, 'Content': 4, 'Distribution': 1}",1.6644977792004614
2481,savageworlds.social,$10^{2}$ to $10^{3}$,"{'Hate Speech': 1, 'Harassment': 1, 'Copyright/ Piracy': 1}","{'Action': 0, 'Behavior': 1, 'Content': 1, 'Distribution': 1}",1.584962500721156
2482,sb17.space,$10^{2}$ to $10^{3}$,"{'Mis/Disinformation/Conspiracy': 1, 'Content Warnings': 1, 'Images': 1}","{'Action': 0, 'Behavior': 0, 'Content': 3, 'Distribution': 0}",-0.0
2483,sbg-social.at,$10^{2}$ to $10^{3}$,"{'Hate Speech': 1, 'Incitement of Violence': 1, 'NSFW': 1, 'Content Warnings': 1, 'Spam': 1}","{'Action': 0, 'Behavior': 0, 'Content': 4, 'Distribution': 1}",0.7219280948873623
2484,sc.skrlet13.xyz,$10^{1}$ to $10^{2}$ ,{'Hate Speech': 1},"{'Action': 0, 'Behavior': 0, 'Content': 1, 'Distribution': 0}",-0.0
2485,scalie.business,$10^{1}$ to $10^{2}$ ,{'Hate Speech': 1},"{'Action': 0, 'Behavior': 0, 'Content': 1, 'Distribution': 0}",-0.0
2486,scalie.zone,$10^{1}$ to $10^{2}$ ,"{'NSFW': 1, 'Content Warnings': 1, 'Hate Speech': 1, 'Harassment': 1, 'Illegal Content': 1, 'Mis/Disinformation/Conspiracy': 1}","{'Action': 0, 'Behavior': 1, 'Content': 5, 'Distribution': 0}",0.6500224216483541
2487,schach.social,$10^{2}$ to $10^{3}$,"{'Hate Speech': 1, 'Harassment': 1, 'Illegal Content': 1, 'Spam': 1, 'NSFW': 1, 'Incitement of Violence': 1}","{'Action': 0, 'Behavior': 1, 'Content': 4, 'Distribution': 1}",1.2516291673878228
2488,scholar.social,$10^{4}$ to $10^{5}$,"{'Hate Speech': 1, 'Not Applicable': 1, 'Mis/Disinformation/Conspiracy': 1, 'Spam': 1, 'Impersonation': 2, 'Harassment': 1, 'Automated tools': 2, 'Reposting/Crossposting': 1, 'Images': 1, 'Links & Outside Content': 1, 'Advertising & Commercialization': 1}","{'Action': 2, 'Behavior': 3, 'Content': 4, 'Distribution': 3}",1.9591479170272446
2489,sci.kiwi,$10^{1}$ to $10^{2}$ ,"{'NSFW': 1, 'Illegal Content': 1, 'Incitement of Violence': 1, 'Hate Speech': 1, 'Mis/Disinformation/Conspiracy': 1, 'Harassment': 1, 'Dogpiling': 1, 'Doxxing/ Personal Info': 1}","{'Action': 0, 'Behavior': 3, 'Content': 5, 'Distribution': 0}",0.954434002924965
2490,scicomm.xyz,$10^{4}$ to $10^{5}$,"{'Content Warnings': 1, 'Reposting/Crossposting': 1, 'Links & Outside Content': 3, 'NSFW': 1, 'Hate Speech': 1, 'Spam': 1, 'Harassment': 1, 'Not Applicable': 2, 'Automated tools': 1, 'Images': 1}","{'Action': 1, 'Behavior': 1, 'Content': 7, 'Distribution': 2}",1.4911148500551854
2491,sciencemastodon.com,$10^{4}$ to $10^{5}$,"{'Hate Speech': 1, 'Harassment': 1, 'Trolling': 1, 'Mis/Disinformation/Conspiracy': 2, 'Off-topic/topic specific': 1, 'NSFW': 1, 'Content Warnings': 1}","{'Action': 0, 'Behavior': 2, 'Content': 6, 'Distribution': 0}",0.8112781244591328
2492,scientificnetwork.de,$10^{2}$ to $10^{3}$,"{'Incitement of Violence': 5, 'Illegal Content': 4, 'Harassment': 3, 'Hate Speech': 1, 'NSFW': 2, 'Images': 1, 'Doxxing/ Personal Info': 2, 'Spam': 1, 'Mis/Disinformation/Conspiracy': 3, 'Copyright/ Piracy': 1, 'Advertising & Commercialization': 1}","{'Action': 0, 'Behavior': 5, 'Content': 16, 'Distribution': 3}",1.2364405016961446
2493,scientists.today,$10^{1}$ to $10^{2}$ ,"{'Harassment': 1, 'Dogpiling': 1, 'Doxxing/ Personal Info': 1, 'Illegal Content': 1, 'Mis/Disinformation/Conspiracy': 1, 'Incitement of Violence': 1, 'Hate Speech': 1, 'NSFW': 1, 'Images': 1}","{'Action': 0, 'Behavior': 3, 'Content': 6, 'Distribution': 0}",0.9182958340544896
2494,scorpinc.social,$10^{1}$ to $10^{2}$ ,"{'Hate Speech': 3, 'Harassment': 2, 'Spam': 1}","{'Action': 0, 'Behavior': 2, 'Content': 3, 'Distribution': 1}",1.4591479170272448
2495,scrappydog.com,$10^{1}$ to $10^{2}$ ,"{'Hate Speech': 1, 'Advertising & Commercialization': 1, 'Spam': 1, 'Harassment': 1, 'Trolling': 1}","{'Action': 0, 'Behavior': 2, 'Content': 1, 'Distribution': 2}",1.5219280948873621
2496,screaminginsi.de,$10^{1}$ to $10^{2}$ ,"{'Incitement of Violence': 1, 'Hate Speech': 4, 'NSFW': 1}","{'Action': 0, 'Behavior': 0, 'Content': 6, 'Distribution': 0}",-0.0
2497,screencastsonline.social,$10^{2}$ to $10^{3}$,"{'Hate Speech': 1, 'Spam': 1, 'Harassment': 2, 'Incitement of Violence': 1}","{'Action': 0, 'Behavior': 2, 'Content': 2, 'Distribution': 1}",1.5219280948873621
2498,scruffy.parts,$10^{1}$ to $10^{2}$ ,"{'NSFW': 2, 'Content Warnings': 1, 'Images': 1, 'Illegal Content': 1, 'Trolling': 1, 'Harassment': 1, 'Dogpiling': 1, 'Doxxing/ Personal Info': 1, 'Incitement of Violence': 1, 'Hate Speech': 1, 'Mis/Disinformation/Conspiracy': 1, 'Advertising & Commercialization': 1, 'Spam': 1}","{'Action': 0, 'Behavior': 4, 'Content': 8, 'Distribution': 2}",1.3787834934861753
2499,scz.social,$10^{2}$ to $10^{3}$,{'Hate Speech': 1},"{'Action': 0, 'Behavior': 0, 'Content': 1, 'Distribution': 0}",-0.0
2500,sddn.space,$10^{2}$ to $10^{3}$,"{'Advertising & Commercialization': 1, 'Spam': 1, 'Incitement of Violence': 1, 'Hate Speech': 1}","{'Action': 0, 'Behavior': 0, 'Content': 2, 'Distribution': 2}",1.0
2501,sebitech.social,$10^{2}$ to $10^{3}$,"{'Hate Speech': 1, 'Mis/Disinformation/Conspiracy': 1}","{'Action': 0, 'Behavior': 0, 'Content': 2, 'Distribution': 0}",-0.0
2502,secretbearsociety.org,$10^{1}$ to $10^{2}$ ,"{'Hate Speech': 4, 'Incitement of Violence': 1, 'Harassment': 1, 'Doxxing/ Personal Info': 1, 'Mis/Disinformation/Conspiracy': 1, 'Advertising & Commercialization': 1, 'Spam': 1}","{'Action': 0, 'Behavior': 2, 'Content': 6, 'Distribution': 2}",1.3709505944546687
2503,sector25.de,$10^{1}$ to $10^{2}$ ,"{'Hate Speech': 1, 'Illegal Content': 3, 'Copyright/ Piracy': 1, 'NSFW': 4, 'Content Warnings': 2}","{'Action': 0, 'Behavior': 0, 'Content': 10, 'Distribution': 1}",0.4394969869215134
2504,securitycafe.ca,$10^{2}$ to $10^{3}$,"{'Hate Speech': 3, 'NSFW': 2, 'Images': 1, 'Doxxing/ Personal Info': 1, 'Harassment': 4, 'Incitement of Violence': 2, 'Trolling': 1}","{'Action': 0, 'Behavior': 6, 'Content': 8, 'Distribution': 0}",0.9852281360342515
2505,secuwing.social,$10^{1}$ to $10^{2}$ ,"{'Copyright/ Piracy': 1, 'Mis/Disinformation/Conspiracy': 1}","{'Action': 0, 'Behavior': 0, 'Content': 1, 'Distribution': 1}",1.0
2506,seda.social,$10^{3}$ to $10^{4}$,"{'Hate Speech': 2, 'Harassment': 1, 'Content Warnings': 1, 'Images': 1, 'Mis/Disinformation/Conspiracy': 1}","{'Action': 0, 'Behavior': 1, 'Content': 5, 'Distribution': 0}",0.6500224216483541
2507,seepocke.at,$10^{1}$ to $10^{2}$ ,"{'Content Warnings': 1, 'Images': 1, 'Hate Speech': 1, 'Incitement of Violence': 1, 'Harassment': 1, 'Doxxing/ Personal Info': 1, 'Mis/Disinformation/Conspiracy': 1}","{'Action': 0, 'Behavior': 2, 'Content': 5, 'Distribution': 0}",0.863120568566631
2508,seine.fleuv.es,$10^{1}$ to $10^{2}$ ,{'Hate Speech': 1},"{'Action': 0, 'Behavior': 0, 'Content': 1, 'Distribution': 0}",-0.0
2509,selfhosted.cafe,$10^{2}$ to $10^{3}$,"{'Hate Speech': 1, 'Harassment': 1, 'Spam': 2, 'Copyright/ Piracy': 1, 'NSFW': 1, 'Advertising & Commercialization': 1}","{'Action': 0, 'Behavior': 1, 'Content': 2, 'Distribution': 4}",1.3787834934861753
2510,seo.chat,$10^{4}$ to $10^{5}$,"{'Hate Speech': 1, 'Harassment': 1, 'Advertising & Commercialization': 1, 'Spam': 1, 'Off-topic/topic specific': 1}","{'Action': 0, 'Behavior': 1, 'Content': 2, 'Distribution': 2}",1.5219280948873621
2511,seocommunity.social,$10^{4}$ to $10^{5}$,"{'Hate Speech': 1, 'Incitement of Violence': 1, 'Harassment': 1, 'Doxxing/ Personal Info': 1, 'Illegal Content': 1, 'Mis/Disinformation/Conspiracy': 1, 'Spam': 1, 'Links & Outside Content': 1}","{'Action': 0, 'Behavior': 2, 'Content': 5, 'Distribution': 1}",1.2987949406953985
2512,serenityos.social,$10^{2}$ to $10^{3}$,"{'Hate Speech': 1, 'Harassment': 1, 'Doxxing/ Personal Info': 1, 'Illegal Content': 1, 'Off-topic/topic specific': 1, 'Copyright/ Piracy': 1, 'NSFW': 1, 'Content Warnings': 1}","{'Action': 0, 'Behavior': 2, 'Content': 5, 'Distribution': 1}",1.2987949406953985
2513,setouchi.social,$10^{1}$ to $10^{2}$ ,{'Hate Speech': 1},"{'Action': 0, 'Behavior': 0, 'Content': 1, 'Distribution': 0}",-0.0
2514,sevenscreens.net,$10^{1}$ to $10^{2}$ ,{'Hate Speech': 1},"{'Action': 0, 'Behavior': 0, 'Content': 1, 'Distribution': 0}",-0.0
2515,sfba.social,$10^{5}$ to $10^{6}$ ,"{'Illegal Content': 1, 'Copyright/ Piracy': 1, 'Hate Speech': 1, 'NSFW': 1, 'Content Warnings': 2, 'Incitement of Violence': 1, 'Harassment': 2, 'Doxxing/ Personal Info': 1, 'Trolling': 1, 'Advertising & Commercialization': 1, 'Spam': 1, 'Not Applicable': 1}","{'Action': 0, 'Behavior': 4, 'Content': 6, 'Distribution': 3}",1.5262349099495227
2516,sgb075.fedicity.net,$10^{1}$ to $10^{2}$ ,{'Illegal Content': 1},"{'Action': 0, 'Behavior': 0, 'Content': 1, 'Distribution': 0}",-0.0
2517,shabsters.social,$10^{2}$ to $10^{3}$,{'Hate Speech': 1},"{'Action': 0, 'Behavior': 0, 'Content': 1, 'Distribution': 0}",-0.0
2518,shadowland.social,$10^{2}$ to $10^{3}$,"{'NSFW': 1, 'Content Warnings': 1, 'Images': 1, 'Advertising & Commercialization': 1, 'Spam': 1, 'Hate Speech': 1, 'Incitement of Violence': 1, 'Harassment': 1, 'Dogpiling': 1, 'Doxxing/ Personal Info': 1, 'Illegal Content': 1}","{'Action': 0, 'Behavior': 3, 'Content': 6, 'Distribution': 2}",1.4353713907745331
2519,shadows.rest,$10^{2}$ to $10^{3}$,"{'Harassment': 3, 'Trolling': 1, 'Advertising & Commercialization': 1, 'Spam': 1, 'Automated tools': 1, 'Hate Speech': 2, 'Illegal Content': 1, 'Incitement of Violence': 1}","{'Action': 1, 'Behavior': 4, 'Content': 4, 'Distribution': 2}",1.823067982273661
2520,shakedown.social,$10^{4}$ to $10^{5}$,"{'Content Warnings': 1, 'Images': 1, 'Hate Speech': 2, 'Incitement of Violence': 1, 'Harassment': 1, 'Doxxing/ Personal Info': 1, 'Mis/Disinformation/Conspiracy': 1, 'Illegal Content': 1, 'Impersonation': 2}","{'Action': 0, 'Behavior': 4, 'Content': 7, 'Distribution': 0}",0.9456603046006401
2521,shakuhachi.social,$10^{2}$ to $10^{3}$,"{'Content Warnings': 1, 'Images': 1, 'Hate Speech': 1, 'Incitement of Violence': 2, 'Harassment': 1, 'Doxxing/ Personal Info': 1, 'Illegal Content': 1, 'Mis/Disinformation/Conspiracy': 1, 'Advertising & Commercialization': 1, 'Spam': 1, 'Automated tools': 1}","{'Action': 1, 'Behavior': 2, 'Content': 7, 'Distribution': 2}",1.6140054628542202
2522,shark.community,$10^{2}$ to $10^{3}$,"{'Hate Speech': 1, 'Illegal Content': 1, 'Content Warnings': 1}","{'Action': 0, 'Behavior': 0, 'Content': 3, 'Distribution': 0}",-0.0
2523,sharlayan.in,$10^{2}$ to $10^{3}$,"{'Hate Speech': 1, 'Harassment': 1, 'Doxxing/ Personal Info': 1, 'Content Warnings': 1, 'Off-topic/topic specific': 1}","{'Action': 0, 'Behavior': 2, 'Content': 3, 'Distribution': 0}",0.9709505944546686
2524,shelter.moe,$10^{4}$ to $10^{5}$,"{'Illegal Content': 1, 'NSFW': 1, 'Content Warnings': 1, 'Doxxing/ Personal Info': 1, 'Hate Speech': 1, 'Mis/Disinformation/Conspiracy': 1, 'Harassment': 1, 'Spam': 1}","{'Action': 0, 'Behavior': 2, 'Content': 5, 'Distribution': 1}",1.2987949406953985
2525,shitpost.school,$10^{2}$ to $10^{3}$,"{'Hate Speech': 1, 'Harassment': 1, 'Spam': 1, 'NSFW': 1, 'Content Warnings': 1}","{'Action': 0, 'Behavior': 1, 'Content': 3, 'Distribution': 1}",1.3709505944546687
2526,shoddy.site,$10^{1}$ to $10^{2}$ ,"{'Harassment': 1, 'Doxxing/ Personal Info': 1, 'Hate Speech': 4, 'Advertising & Commercialization': 1, 'Mis/Disinformation/Conspiracy': 1, 'Illegal Content': 1}","{'Action': 0, 'Behavior': 2, 'Content': 6, 'Distribution': 1}",1.224394445405986
2527,shout.3xd.eu,$10^{2}$ to $10^{3}$,"{'Harassment': 2, 'Off-topic/topic specific': 1, 'Doxxing/ Personal Info': 1, 'Illegal Content': 1, 'Hate Speech': 1}","{'Action': 0, 'Behavior': 3, 'Content': 3, 'Distribution': 0}",1.0
2528,shrike.club,$10^{3}$ to $10^{4}$,"{'Not Applicable': 1, 'Harassment': 1}","{'Action': 0, 'Behavior': 1, 'Content': 0, 'Distribution': 0}",-0.0
2529,shrimply.social,$10^{2}$ to $10^{3}$,"{'Spam': 1, 'Links & Outside Content': 1, 'Hate Speech': 3, 'Harassment': 1, 'NSFW': 1, 'Illegal Content': 1, 'Mis/Disinformation/Conspiracy': 1, 'Off-topic/topic specific': 1}","{'Action': 0, 'Behavior': 1, 'Content': 8, 'Distribution': 1}",0.9219280948873623
2530,shutinnerd.space,$10^{1}$ to $10^{2}$ ,"{'Hate Speech': 1, 'NSFW': 1, 'Images': 1, 'Incitement of Violence': 2, 'Mis/Disinformation/Conspiracy': 1}","{'Action': 0, 'Behavior': 0, 'Content': 6, 'Distribution': 0}",-0.0
2531,si.okin-jp.net,$10^{2}$ to $10^{3}$,"{'Illegal Content': 1, 'Doxxing/ Personal Info': 2, 'NSFW': 1, 'Harassment': 1, 'Links & Outside Content': 2}","{'Action': 0, 'Behavior': 3, 'Content': 4, 'Distribution': 0}",0.9852281360342515
2532,sick.pictures,$10^{2}$ to $10^{3}$,"{'Content Warnings': 1, 'Images': 1, 'Hate Speech': 1, 'Incitement of Violence': 1, 'Harassment': 1, 'Doxxing/ Personal Info': 1, 'Illegal Content': 1}","{'Action': 0, 'Behavior': 2, 'Content': 5, 'Distribution': 0}",0.863120568566631
2533,sieg-dragon.blue,$10^{1}$ to $10^{2}$ ,"{'NSFW': 1, 'Illegal Content': 1}","{'Action': 0, 'Behavior': 0, 'Content': 2, 'Distribution': 0}",-0.0
2534,sigmoid.social,$10^{5}$ to $10^{6}$ ,"{'Hate Speech': 1, 'NSFW': 1, 'Images': 1, 'Harassment': 1, 'Doxxing/ Personal Info': 1, 'Mis/Disinformation/Conspiracy': 1, 'Advertising & Commercialization': 1, 'Spam': 2, 'Automated tools': 1}","{'Action': 1, 'Behavior': 2, 'Content': 4, 'Distribution': 3}",1.8464393446710154
2535,silicorn.social,$10^{1}$ to $10^{2}$ ,"{'NSFW': 1, 'Content Warnings': 1, 'Hate Speech': 1, 'Illegal Content': 1}","{'Action': 0, 'Behavior': 0, 'Content': 4, 'Distribution': 0}",-0.0
2536,silvan.cloud,$10^{1}$ to $10^{2}$ ,"{'Harassment': 2, 'Doxxing/ Personal Info': 1, 'Hate Speech': 1, 'Mis/Disinformation/Conspiracy': 1, 'Trolling': 1, 'Advertising & Commercialization': 1, 'Spam': 2, 'Off-topic/topic specific': 1}","{'Action': 0, 'Behavior': 4, 'Content': 3, 'Distribution': 3}",1.5709505944546684
2537,silversword.online,$10^{3}$ to $10^{4}$,{'Off-topic/topic specific': 2},"{'Action': 0, 'Behavior': 0, 'Content': 2, 'Distribution': 0}",-0.0
2538,simian.rodeo,$10^{2}$ to $10^{3}$,"{'Hate Speech': 2, 'Harassment': 1}","{'Action': 0, 'Behavior': 1, 'Content': 2, 'Distribution': 0}",0.9182958340544896
2539,sisterkiss.ing,$10^{3}$ to $10^{4}$,"{'Harassment': 1, 'NSFW': 2, 'Hate Speech': 2, 'Content Warnings': 1, 'Illegal Content': 1}","{'Action': 0, 'Behavior': 1, 'Content': 6, 'Distribution': 0}",0.5916727785823275
2540,sizeriot.com,$10^{1}$ to $10^{2}$ ,"{'Hate Speech': 1, 'Advertising & Commercialization': 1, 'Spam': 1, 'Content Warnings': 1, 'Images': 2, 'Incitement of Violence': 1, 'Harassment': 1, 'Dogpiling': 1, 'Doxxing/ Personal Info': 1, 'Mis/Disinformation/Conspiracy': 1, 'Copyright/ Piracy': 1}","{'Action': 0, 'Behavior': 3, 'Content': 6, 'Distribution': 3}",1.5
2541,sizestation.com,$10^{1}$ to $10^{2}$ ,"{'NSFW': 2, 'Not Applicable': 1, 'Spam': 1, 'Harassment': 1, 'Trolling': 1}","{'Action': 0, 'Behavior': 2, 'Content': 2, 'Distribution': 1}",1.5219280948873621
2542,skastodon.com,$10^{3}$ to $10^{4}$,"{'Hate Speech': 1, 'Illegal Content': 2, 'Incitement of Violence': 1, 'Advertising & Commercialization': 1, 'Spam': 1, 'NSFW': 1, 'Links & Outside Content': 1, 'Copyright/ Piracy': 1}","{'Action': 0, 'Behavior': 0, 'Content': 6, 'Distribution': 3}",0.9182958340544896
2543,skeptics.social,$10^{2}$ to $10^{3}$,"{'Content Warnings': 1, 'Images': 1, 'Hate Speech': 1, 'Incitement of Violence': 1, 'Harassment': 1, 'Doxxing/ Personal Info': 1, 'Illegal Content': 1}","{'Action': 0, 'Behavior': 2, 'Content': 5, 'Distribution': 0}",0.863120568566631
2544,skinheads.social,$10^{2}$ to $10^{3}$,"{'Illegal Content': 3, 'Incitement of Violence': 2, 'Hate Speech': 2, 'Harassment': 2, 'Links & Outside Content': 1, 'Doxxing/ Personal Info': 1, 'Spam': 2, 'Trolling': 1, 'Impersonation': 2, 'Automated tools': 2, 'Advertising & Commercialization': 1, 'NSFW': 2, 'Images': 2, 'Content Warnings': 1}","{'Action': 2, 'Behavior': 6, 'Content': 13, 'Distribution': 3}",1.6528633822909644
2545,skrivel.se,$10^{2}$ to $10^{3}$,"{'Hate Speech': 3, 'Spam': 2, 'NSFW': 1, 'Illegal Content': 1, 'Not Applicable': 1}","{'Action': 0, 'Behavior': 0, 'Content': 5, 'Distribution': 2}",0.863120568566631
2546,skull.town,$10^{1}$ to $10^{2}$ ,{'Hate Speech': 1},"{'Action': 0, 'Behavior': 0, 'Content': 1, 'Distribution': 0}",-0.0
2547,slap.masterdan.net,$10^{1}$ to $10^{2}$ ,"{'Hate Speech': 1, 'Copyright/ Piracy': 1, 'Links & Outside Content': 1}","{'Action': 0, 'Behavior': 0, 'Content': 2, 'Distribution': 1}",0.9182958340544896
2548,slashine.onl,$10^{3}$ to $10^{4}$,"{'Harassment': 1, 'NSFW': 1, 'Content Warnings': 1, 'Copyright/ Piracy': 1}","{'Action': 0, 'Behavior': 1, 'Content': 2, 'Distribution': 1}",1.5
2549,sleepybear.dev,$10^{1}$ to $10^{2}$ ,"{'Hate Speech': 1, 'Content Warnings': 1, 'Images': 1, 'Illegal Content': 1, 'Links & Outside Content': 1}","{'Action': 0, 'Behavior': 0, 'Content': 5, 'Distribution': 0}",-0.0
2550,slime.computer,$10^{1}$ to $10^{2}$ ,"{'Hate Speech': 1, 'Incitement of Violence': 1, 'Harassment': 2, 'Trolling': 1}","{'Action': 0, 'Behavior': 3, 'Content': 2, 'Distribution': 0}",0.9709505944546686
2551,slkr.space,$10^{1}$ to $10^{2}$ ,"{'Images': 2, 'Content Warnings': 1, 'Incitement of Violence': 1, 'Harassment': 1, 'Doxxing/ Personal Info': 1, 'Mis/Disinformation/Conspiracy': 1}","{'Action': 0, 'Behavior': 2, 'Content': 5, 'Distribution': 0}",0.863120568566631
2552,slonik.0chan.ru,$10^{2}$ to $10^{3}$,"{'NSFW': 1, 'Illegal Content': 2, 'Incitement of Violence': 1, 'Doxxing/ Personal Info': 1, 'Harassment': 1}","{'Action': 0, 'Behavior': 2, 'Content': 4, 'Distribution': 0}",0.9182958340544896
2553,slut.town,$10^{1}$ to $10^{2}$ ,"{'Content Warnings': 1, 'Images': 1, 'Hate Speech': 2, 'Harassment': 1, 'Doxxing/ Personal Info': 1, 'Illegal Content': 1, 'Mis/Disinformation/Conspiracy': 1}","{'Action': 0, 'Behavior': 2, 'Content': 6, 'Distribution': 0}",0.8112781244591328
2554,smilodon.chatslibres.com,$10^{1}$ to $10^{2}$ ,"{'Illegal Content': 2, 'NSFW': 1, 'Images': 2, 'Advertising & Commercialization': 1, 'Spam': 1, 'Harassment': 3, 'Off-topic/topic specific': 1, 'Hate Speech': 3, 'Doxxing/ Personal Info': 2, 'Mis/Disinformation/Conspiracy': 1}","{'Action': 0, 'Behavior': 5, 'Content': 10, 'Distribution': 2}",1.3328204045850196
2555,smutlandia.com,$10^{3}$ to $10^{4}$,"{'Hate Speech': 2, 'Harassment': 2, 'Trolling': 1, 'Content Warnings': 1, 'Doxxing/ Personal Info': 1}","{'Action': 0, 'Behavior': 4, 'Content': 3, 'Distribution': 0}",0.9852281360342515
2556,snabelen.no,$10^{4}$ to $10^{5}$,"{'Content Warnings': 2, 'NSFW': 1, 'Illegal Content': 1, 'Incitement of Violence': 1, 'Hate Speech': 1, 'Automated tools': 1, 'Reposting/Crossposting': 1}","{'Action': 1, 'Behavior': 0, 'Content': 6, 'Distribution': 1}",1.061278124459133
2557,snailedit.social,$10^{2}$ to $10^{3}$,"{'Harassment': 1, 'Dogpiling': 1, 'Doxxing/ Personal Info': 1, 'Hate Speech': 1, 'Incitement of Violence': 1, 'NSFW': 1, 'Images': 1, 'Illegal Content': 1}","{'Action': 0, 'Behavior': 3, 'Content': 5, 'Distribution': 0}",0.954434002924965
2558,snake.club,$10^{2}$ to $10^{3}$,"{'Not Applicable': 1, 'Content Warnings': 1, 'Illegal Content': 1, 'NSFW': 1, 'Hate Speech': 1, 'Harassment': 1, 'Incitement of Violence': 1}","{'Action': 0, 'Behavior': 1, 'Content': 5, 'Distribution': 0}",0.6500224216483541
2559,snoot.tube,$10^{1}$ to $10^{2}$ ,"{'Hate Speech': 1, 'Content Warnings': 1, 'Illegal Content': 1}","{'Action': 0, 'Behavior': 0, 'Content': 3, 'Distribution': 0}",-0.0
2560,snowdon.jp,$10^{2}$ to $10^{3}$,{'Off-topic/topic specific': 1},"{'Action': 0, 'Behavior': 0, 'Content': 1, 'Distribution': 0}",-0.0
2561,snowfan.masto.host,$10^{2}$ to $10^{3}$,"{'Mis/Disinformation/Conspiracy': 1, 'Hate Speech': 1}","{'Action': 0, 'Behavior': 0, 'Content': 2, 'Distribution': 0}",-0.0
2562,snug.town,$10^{1}$ to $10^{2}$ ,{'Hate Speech': 1},"{'Action': 0, 'Behavior': 0, 'Content': 1, 'Distribution': 0}",-0.0
2563,soc.bosio.info,$10^{1}$ to $10^{2}$ ,{'Advertising & Commercialization': 1},"{'Action': 0, 'Behavior': 0, 'Content': 0, 'Distribution': 1}",-0.0
2564,soc.eli173.com,$10^{1}$ to $10^{2}$ ,"{'Harassment': 1, 'Hate Speech': 1, 'Incitement of Violence': 1}","{'Action': 0, 'Behavior': 1, 'Content': 2, 'Distribution': 0}",0.9182958340544896
2565,soc.jrconlin.com,$10^{1}$ to $10^{2}$ ,"{'Not Applicable': 1, 'Hate Speech': 4, 'Incitement of Violence': 1, 'Harassment': 1}","{'Action': 0, 'Behavior': 1, 'Content': 5, 'Distribution': 0}",0.6500224216483541
2566,soc.mod-12.com,$10^{1}$ to $10^{2}$ ,{'Spam': 1},"{'Action': 0, 'Behavior': 0, 'Content': 0, 'Distribution': 1}",-0.0
2567,soc.nes.sh,$10^{1}$ to $10^{2}$ ,{'Links & Outside Content': 1},"{'Action': 0, 'Behavior': 0, 'Content': 1, 'Distribution': 0}",-0.0
2568,soc.ottr.uk,$10^{1}$ to $10^{2}$ ,"{'Hate Speech': 1, 'Content Warnings': 2, 'NSFW': 2, 'Illegal Content': 3, 'Harassment': 1}","{'Action': 0, 'Behavior': 1, 'Content': 8, 'Distribution': 0}",0.5032583347756457
2569,soc.ua-fediland.de,$10^{3}$ to $10^{4}$,"{'Doxxing/ Personal Info': 1, 'Illegal Content': 1, 'Mis/Disinformation/Conspiracy': 1}","{'Action': 0, 'Behavior': 1, 'Content': 2, 'Distribution': 0}",0.9182958340544896
2570,soc.umrath.net,$10^{1}$ to $10^{2}$ ,{'Hate Speech': 1},"{'Action': 0, 'Behavior': 0, 'Content': 1, 'Distribution': 0}",-0.0
2571,sociabl.be,$10^{2}$ to $10^{3}$,"{'Illegal Content': 1, 'Incitement of Violence': 1, 'Hate Speech': 1}","{'Action': 0, 'Behavior': 0, 'Content': 3, 'Distribution': 0}",-0.0
2572,sociafk.mym41l.co.uk,$10^{2}$ to $10^{3}$,"{'Automated tools': 1, 'Hate Speech': 1, 'Harassment': 1, 'Dogpiling': 1, 'Doxxing/ Personal Info': 1, 'Mis/Disinformation/Conspiracy': 1}","{'Action': 1, 'Behavior': 3, 'Content': 2, 'Distribution': 0}",1.4591479170272446
2573,social.01840.casa,$10^{1}$ to $10^{2}$ ,"{'Content Warnings': 1, 'NSFW': 1, 'Illegal Content': 2, 'Advertising & Commercialization': 1, 'Spam': 2, 'Hate Speech': 1, 'Harassment': 2, 'Impersonation': 1, 'Doxxing/ Personal Info': 1, 'Copyright/ Piracy': 1, 'Links & Outside Content': 1}","{'Action': 0, 'Behavior': 4, 'Content': 6, 'Distribution': 4}",1.5566567074628228
2574,social.aa.net.uk,$10^{1}$ to $10^{2}$ ,"{'Advertising & Commercialization': 1, 'Not Applicable': 1}","{'Action': 0, 'Behavior': 0, 'Content': 0, 'Distribution': 1}",-0.0
2575,social.accum.se,$10^{1}$ to $10^{2}$ ,"{'Advertising & Commercialization': 1, 'Illegal Content': 2, 'Copyright/ Piracy': 1, 'Content Warnings': 1, 'Images': 1, 'Harassment': 1, 'Doxxing/ Personal Info': 1, 'Incitement of Violence': 1, 'Hate Speech': 1, 'Mis/Disinformation/Conspiracy': 1}","{'Action': 0, 'Behavior': 2, 'Content': 7, 'Distribution': 2}",1.3092966682370037
2576,social.adlerhorst.net,$10^{1}$ to $10^{2}$ ,{'Mis/Disinformation/Conspiracy': 1},"{'Action': 0, 'Behavior': 0, 'Content': 1, 'Distribution': 0}",-0.0
2577,social.adm.ink,$10^{1}$ to $10^{2}$ ,"{'Hate Speech': 1, 'Harassment': 1}","{'Action': 0, 'Behavior': 1, 'Content': 1, 'Distribution': 0}",1.0
2578,social.advancedsoftware.engineering,$10^{1}$ to $10^{2}$ ,{'Illegal Content': 1},"{'Action': 0, 'Behavior': 0, 'Content': 1, 'Distribution': 0}",-0.0
2579,social.am-networks.fr,$10^{1}$ to $10^{2}$ ,"{'Hate Speech': 2, 'Harassment': 1, 'NSFW': 1, 'Content Warnings': 1, 'Spam': 2, 'Links & Outside Content': 1, 'Copyright/ Piracy': 1, 'Illegal Content': 2, 'Incitement of Violence': 1, 'Mis/Disinformation/Conspiracy': 1, 'Impersonation': 1, 'Off-topic/topic specific': 1, 'Automated tools': 1}","{'Action': 1, 'Behavior': 2, 'Content': 10, 'Distribution': 3}",1.5016144718101816
2580,social.amichan.de,$10^{1}$ to $10^{2}$ ,"{'Incitement of Violence': 1, 'Harassment': 1, 'Copyright/ Piracy': 1, 'Illegal Content': 1, 'Advertising & Commercialization': 1, 'Spam': 1}","{'Action': 0, 'Behavior': 1, 'Content': 2, 'Distribution': 3}",1.4591479170272448
2581,social.amsterdam.nl,$10^{1}$ to $10^{2}$ ,"{'Off-topic/topic specific': 1, 'Advertising & Commercialization': 1, 'Spam': 1, 'Incitement of Violence': 1, 'Hate Speech': 1, 'Harassment': 1, 'Impersonation': 1, 'Doxxing/ Personal Info': 1}","{'Action': 0, 'Behavior': 3, 'Content': 3, 'Distribution': 2}",1.561278124459133
2582,social.ancow.name,$10^{1}$ to $10^{2}$ ,"{'Content Warnings': 1, 'Images': 1, 'Hate Speech': 1, 'Incitement of Violence': 1, 'Harassment': 1, 'Doxxing/ Personal Info': 1, 'Illegal Content': 1, 'Mis/Disinformation/Conspiracy': 1}","{'Action': 0, 'Behavior': 2, 'Content': 6, 'Distribution': 0}",0.8112781244591328
2583,social.antifa.gmbh,$10^{2}$ to $10^{3}$,"{'Impersonation': 1, 'Doxxing/ Personal Info': 1, 'Hate Speech': 1}","{'Action': 0, 'Behavior': 2, 'Content': 1, 'Distribution': 0}",0.9182958340544896
2584,social.apes.org.uk,$10^{1}$ to $10^{2}$ ,"{'Doxxing/ Personal Info': 1, 'Spam': 1, 'Links & Outside Content': 1, 'Off-topic/topic specific': 1}","{'Action': 0, 'Behavior': 1, 'Content': 2, 'Distribution': 1}",1.5
2585,social.aptx-4869.de,$10^{1}$ to $10^{2}$ ,"{'Hate Speech': 1, 'Harassment': 1, 'Doxxing/ Personal Info': 1, 'Illegal Content': 1, 'Mis/Disinformation/Conspiracy': 1, 'Advertising & Commercialization': 1, 'Spam': 1, 'Not Applicable': 1, 'Automated tools': 2, 'Impersonation': 1}","{'Action': 2, 'Behavior': 3, 'Content': 3, 'Distribution': 2}",1.9709505944546686
2586,social.archworks.co,$10^{1}$ to $10^{2}$ ,"{'NSFW': 1, 'Illegal Content': 1}","{'Action': 0, 'Behavior': 0, 'Content': 2, 'Distribution': 0}",-0.0
2587,social.asgardius.company,$10^{1}$ to $10^{2}$ ,"{'NSFW': 1, 'Illegal Content': 2, 'Hate Speech': 3, 'Impersonation': 2, 'Harassment': 1, 'Copyright/ Piracy': 1}","{'Action': 0, 'Behavior': 3, 'Content': 6, 'Distribution': 1}",1.295461844238322
2588,social.asraelvudogel.de,$10^{2}$ to $10^{3}$,{'Hate Speech': 1},"{'Action': 0, 'Behavior': 0, 'Content': 1, 'Distribution': 0}",-0.0
2589,social.asturias.red,$10^{1}$ to $10^{2}$ ,"{'Hate Speech': 1, 'Spam': 1, 'Harassment': 1}","{'Action': 0, 'Behavior': 1, 'Content': 1, 'Distribution': 1}",1.584962500721156
2590,social.authorhelp.uk,$10^{1}$ to $10^{2}$ ,"{'Content Warnings': 1, 'Images': 1, 'Spam': 1, 'Links & Outside Content': 1, 'Hate Speech': 3, 'Mis/Disinformation/Conspiracy': 1, 'Harassment': 2}","{'Action': 0, 'Behavior': 2, 'Content': 7, 'Distribution': 1}",1.1567796494470395
2591,social.azuki.co,$10^{2}$ to $10^{3}$,"{'Illegal Content': 1, 'Links & Outside Content': 1, 'Copyright/ Piracy': 1, 'NSFW': 1, 'Harassment': 2, 'Advertising & Commercialization': 1, 'Spam': 1}","{'Action': 0, 'Behavior': 2, 'Content': 3, 'Distribution': 3}",1.561278124459133
2592,social.b4tech.cc,$10^{1}$ to $10^{2}$ ,"{'Incitement of Violence': 1, 'NSFW': 1, 'Images': 1, 'Hate Speech': 2, 'Harassment': 1, 'Doxxing/ Personal Info': 1, 'Illegal Content': 1, 'Advertising & Commercialization': 1, 'Spam': 1}","{'Action': 0, 'Behavior': 2, 'Content': 6, 'Distribution': 2}",1.3709505944546687
2593,social.bakunin.nohost.me,$10^{1}$ to $10^{2}$ ,"{'Hate Speech': 1, 'Advertising & Commercialization': 1, 'Not Applicable': 1, 'Links & Outside Content': 1}","{'Action': 0, 'Behavior': 0, 'Content': 2, 'Distribution': 1}",0.9182958340544896
2594,social.bau-ha.us,$10^{3}$ to $10^{4}$,"{'Doxxing/ Personal Info': 1, 'Hate Speech': 1, 'Harassment': 1, 'Content Warnings': 1, 'Not Applicable': 1, 'Automated tools': 1, 'Links & Outside Content': 1, 'Off-topic/topic specific': 1, 'Advertising & Commercialization': 1}","{'Action': 1, 'Behavior': 2, 'Content': 4, 'Distribution': 1}",1.75
2595,social.baubs.net,$10^{1}$ to $10^{2}$ ,"{'Content Warnings': 1, 'Images': 1, 'Hate Speech': 1, 'Incitement of Violence': 1, 'Harassment': 1, 'Doxxing/ Personal Info': 1, 'Illegal Content': 1, 'Mis/Disinformation/Conspiracy': 1}","{'Action': 0, 'Behavior': 2, 'Content': 6, 'Distribution': 0}",0.8112781244591328
2596,social.besties.house,$10^{2}$ to $10^{3}$,"{'Illegal Content': 1, 'Hate Speech': 1, 'Harassment': 1, 'Content Warnings': 2, 'NSFW': 1}","{'Action': 0, 'Behavior': 1, 'Content': 5, 'Distribution': 0}",0.6500224216483541
2597,social.bethejustin.com,$10^{1}$ to $10^{2}$ ,"{'Illegal Content': 1, 'Hate Speech': 1, 'Off-topic/topic specific': 1}","{'Action': 0, 'Behavior': 0, 'Content': 3, 'Distribution': 0}",-0.0
2598,social.bigcavemaps.com,$10^{1}$ to $10^{2}$ ,{'Links & Outside Content': 1},"{'Action': 0, 'Behavior': 0, 'Content': 1, 'Distribution': 0}",-0.0
2599,social.birdinter.net,$10^{1}$ to $10^{2}$ ,{'Illegal Content': 1},"{'Action': 0, 'Behavior': 0, 'Content': 1, 'Distribution': 0}",-0.0
2600,social.bitwig.community,$10^{3}$ to $10^{4}$,"{'Content Warnings': 1, 'Images': 1, 'Hate Speech': 1, 'Incitement of Violence': 1, 'Harassment': 1, 'Doxxing/ Personal Info': 1, 'Illegal Content': 1, 'Mis/Disinformation/Conspiracy': 1}","{'Action': 0, 'Behavior': 2, 'Content': 6, 'Distribution': 0}",0.8112781244591328
2601,social.blogsofwar.com,$10^{1}$ to $10^{2}$ ,{'Impersonation': 1},"{'Action': 0, 'Behavior': 1, 'Content': 0, 'Distribution': 0}",-0.0
2602,social.breisgaucave.de,$10^{1}$ to $10^{2}$ ,"{'Hate Speech': 1, 'Harassment': 1, 'Doxxing/ Personal Info': 1, 'Illegal Content': 1, 'Mis/Disinformation/Conspiracy': 1, 'Advertising & Commercialization': 1, 'Spam': 1, 'Automated tools': 2, 'Reposting/Crossposting': 1, 'Not Applicable': 1, 'Impersonation': 1}","{'Action': 2, 'Behavior': 3, 'Content': 3, 'Distribution': 3}",1.9808259362290785
2603,social.bternes.com,$10^{1}$ to $10^{2}$ ,"{'Illegal Content': 1, 'Harassment': 1}","{'Action': 0, 'Behavior': 1, 'Content': 1, 'Distribution': 0}",1.0
2604,social.bytten-studio.com,$10^{1}$ to $10^{2}$ ,"{'Hate Speech': 1, 'Harassment': 1, 'Illegal Content': 1, 'NSFW': 1}","{'Action': 0, 'Behavior': 1, 'Content': 3, 'Distribution': 0}",0.8112781244591328
2605,social.c3l.lu,$10^{2}$ to $10^{3}$,"{'Hate Speech': 2, 'Illegal Content': 1, 'Mis/Disinformation/Conspiracy': 1, 'Content Warnings': 1, 'Images': 1, 'Harassment': 1, 'Dogpiling': 1, 'Doxxing/ Personal Info': 1}","{'Action': 0, 'Behavior': 3, 'Content': 6, 'Distribution': 0}",0.9182958340544896
2606,social.ccc-ffm.space,$10^{1}$ to $10^{2}$ ,{'Automated tools': 1},"{'Action': 1, 'Behavior': 0, 'Content': 0, 'Distribution': 0}",-0.0
2607,social.ceod.net,$10^{1}$ to $10^{2}$ ,"{'Content Warnings': 1, 'Images': 1, 'Hate Speech': 1, 'Incitement of Violence': 1, 'Harassment': 1, 'Doxxing/ Personal Info': 1, 'Mis/Disinformation/Conspiracy': 1}","{'Action': 0, 'Behavior': 2, 'Content': 5, 'Distribution': 0}",0.863120568566631
2608,social.cezeri.tech,$10^{2}$ to $10^{3}$,"{'Spam': 1, 'Illegal Content': 2, 'Hate Speech': 2, 'Harassment': 1}","{'Action': 0, 'Behavior': 1, 'Content': 4, 'Distribution': 1}",1.2516291673878228
2609,social.chatty.monster,$10^{1}$ to $10^{2}$ ,"{'Harassment': 2, 'Hate Speech': 1, 'Illegal Content': 1, 'Images': 1}","{'Action': 0, 'Behavior': 2, 'Content': 3, 'Distribution': 0}",0.9709505944546686
2610,social.chiefgyk3d.com,$10^{2}$ to $10^{3}$,"{'Hate Speech': 4, 'NSFW': 1, 'Content Warnings': 1, 'Harassment': 2, 'Copyright/ Piracy': 1, 'Doxxing/ Personal Info': 1, 'Spam': 2, 'Off-topic/topic specific': 1, 'Incitement of Violence': 1, 'Illegal Content': 1, 'Mis/Disinformation/Conspiracy': 1, 'Automated tools': 1}","{'Action': 1, 'Behavior': 3, 'Content': 10, 'Distribution': 3}",1.5739889616503064
2611,social.coletivos.org,$10^{4}$ to $10^{5}$,"{'Hate Speech': 2, 'Off-topic/topic specific': 1, 'Harassment': 2, 'Advertising & Commercialization': 1}","{'Action': 0, 'Behavior': 2, 'Content': 3, 'Distribution': 1}",1.4591479170272448
2612,social.cologne,$10^{5}$ to $10^{6}$ ,"{'Doxxing/ Personal Info': 1, 'Illegal Content': 1, 'Mis/Disinformation/Conspiracy': 1, 'Spam': 1, 'Content Warnings': 1}","{'Action': 0, 'Behavior': 1, 'Content': 3, 'Distribution': 1}",1.3709505944546687
2613,social.cooltux.net,$10^{1}$ to $10^{2}$ ,"{'Harassment': 2, 'Doxxing/ Personal Info': 1, 'Mis/Disinformation/Conspiracy': 1, 'Hate Speech': 3, 'Incitement of Violence': 2, 'Dogpiling': 1, 'Advertising & Commercialization': 2, 'Spam': 1, 'NSFW': 1, 'Automated tools': 1}","{'Action': 1, 'Behavior': 4, 'Content': 7, 'Distribution': 3}",1.746465798504072
2614,social.cpress.org,$10^{1}$ to $10^{2}$ ,"{'Content Warnings': 1, 'NSFW': 1, 'Illegal Content': 2, 'Advertising & Commercialization': 1, 'Spam': 1, 'Hate Speech': 1, 'Harassment': 2, 'Impersonation': 1, 'Doxxing/ Personal Info': 1}","{'Action': 0, 'Behavior': 4, 'Content': 5, 'Distribution': 2}",1.4949188482339508
2615,social.crablab.uk,$10^{1}$ to $10^{2}$ ,"{'Hate Speech': 1, 'Harassment': 1, 'Doxxing/ Personal Info': 1, 'Illegal Content': 1, 'Mis/Disinformation/Conspiracy': 1, 'Content Warnings': 1, 'Images': 1}","{'Action': 0, 'Behavior': 2, 'Content': 5, 'Distribution': 0}",0.863120568566631
2616,social.crinstamcamp.com,$10^{1}$ to $10^{2}$ ,"{'Hate Speech': 2, 'Automated tools': 1, 'Harassment': 1, 'NSFW': 1, 'Content Warnings': 1, 'Illegal Content': 1, 'Incitement of Violence': 1}","{'Action': 1, 'Behavior': 1, 'Content': 6, 'Distribution': 0}",1.061278124459133
2617,social.cryptography.dog,$10^{1}$ to $10^{2}$ ,"{'Hate Speech': 1, 'Not Applicable': 1, 'Reposting/Crossposting': 1}","{'Action': 0, 'Behavior': 0, 'Content': 1, 'Distribution': 1}",1.0
2618,social.cwts.nl,$10^{2}$ to $10^{3}$,"{'Hate Speech': 1, 'Incitement of Violence': 1, 'Harassment': 2, 'Dogpiling': 1, 'Doxxing/ Personal Info': 2, 'Illegal Content': 1}","{'Action': 0, 'Behavior': 5, 'Content': 3, 'Distribution': 0}",0.954434002924965
2619,social.cybertalk.io,$10^{1}$ to $10^{2}$ ,"{'Harassment': 1, 'Doxxing/ Personal Info': 1, 'Hate Speech': 2, 'Advertising & Commercialization': 1, 'Spam': 1, 'NSFW': 1}","{'Action': 0, 'Behavior': 2, 'Content': 3, 'Distribution': 2}",1.5566567074628228
2620,social.daleth.cafe,$10^{1}$ to $10^{2}$ ,"{'Harassment': 1, 'Doxxing/ Personal Info': 1, 'Hate Speech': 3, 'Illegal Content': 3, 'Content Warnings': 1, 'Incitement of Violence': 1, 'Images': 1, 'Advertising & Commercialization': 1, 'Automated tools': 1, 'Spam': 1, 'NSFW': 1}","{'Action': 1, 'Behavior': 2, 'Content': 10, 'Distribution': 2}",1.4256051990169436
2621,social.daspr.io,$10^{2}$ to $10^{3}$,"{'Illegal Content': 1, 'Advertising & Commercialization': 1, 'Spam': 1}","{'Action': 0, 'Behavior': 0, 'Content': 1, 'Distribution': 2}",0.9182958340544896
2622,social.data.coop,$10^{2}$ to $10^{3}$,"{'Hate Speech': 1, 'Harassment': 1, 'Advertising & Commercialization': 1, 'Spam': 1}","{'Action': 0, 'Behavior': 1, 'Content': 1, 'Distribution': 2}",1.5
2623,social.datalabour.com,$10^{3}$ to $10^{4}$,"{'Advertising & Commercialization': 1, 'Not Applicable': 1, 'Harassment': 1}","{'Action': 0, 'Behavior': 1, 'Content': 0, 'Distribution': 1}",1.0
2624,social.dayvancowboy.net,$10^{1}$ to $10^{2}$ ,"{'Content Warnings': 1, 'Images': 1, 'Hate Speech': 1, 'Incitement of Violence': 1, 'Harassment': 1, 'Doxxing/ Personal Info': 1, 'Illegal Content': 1, 'Mis/Disinformation/Conspiracy': 1}","{'Action': 0, 'Behavior': 2, 'Content': 6, 'Distribution': 0}",0.8112781244591328
2625,social.demi-sec.org,$10^{1}$ to $10^{2}$ ,"{'Hate Speech': 3, 'Harassment': 1, 'Illegal Content': 1, 'Advertising & Commercialization': 1, 'Spam': 1, 'Mis/Disinformation/Conspiracy': 1}","{'Action': 0, 'Behavior': 1, 'Content': 5, 'Distribution': 2}",1.2987949406953985
2626,social.desbasques.com,$10^{1}$ to $10^{2}$ ,"{'Mis/Disinformation/Conspiracy': 1, 'Illegal Content': 1, 'Incitement of Violence': 1, 'Hate Speech': 1, 'Harassment': 1, 'NSFW': 1, 'Content Warnings': 1, 'Images': 1}","{'Action': 0, 'Behavior': 1, 'Content': 7, 'Distribution': 0}",0.5435644431995964
2627,social.design.systems,$10^{2}$ to $10^{3}$,"{'Harassment': 1, 'NSFW': 1, 'Spam': 1}","{'Action': 0, 'Behavior': 1, 'Content': 1, 'Distribution': 1}",1.584962500721156
2628,social.detektor.fm,$10^{1}$ to $10^{2}$ ,"{'Hate Speech': 2, 'Harassment': 1, 'Doxxing/ Personal Info': 1, 'Illegal Content': 1, 'Mis/Disinformation/Conspiracy': 1, 'Images': 1}","{'Action': 0, 'Behavior': 2, 'Content': 5, 'Distribution': 0}",0.863120568566631
2629,social.detroit.hockey,$10^{1}$ to $10^{2}$ ,"{'Content Warnings': 1, 'Images': 1, 'Hate Speech': 1, 'Incitement of Violence': 1, 'Harassment': 1, 'Doxxing/ Personal Info': 1, 'Illegal Content': 1}","{'Action': 0, 'Behavior': 2, 'Content': 5, 'Distribution': 0}",0.863120568566631
2630,social.devteams.at,$10^{1}$ to $10^{2}$ ,"{'Illegal Content': 1, 'Content Warnings': 2, 'Images': 1, 'Hate Speech': 1, 'Incitement of Violence': 1, 'Harassment': 1, 'Doxxing/ Personal Info': 1, 'Mis/Disinformation/Conspiracy': 1}","{'Action': 0, 'Behavior': 2, 'Content': 7, 'Distribution': 0}",0.7642045065086203
2631,social.dib.de,$10^{1}$ to $10^{2}$ ,"{'Content Warnings': 1, 'Images': 1, 'Hate Speech': 1, 'Incitement of Violence': 1, 'Harassment': 1, 'Dogpiling': 1, 'Doxxing/ Personal Info': 1, 'Illegal Content': 1, 'Mis/Disinformation/Conspiracy': 1}","{'Action': 0, 'Behavior': 3, 'Content': 6, 'Distribution': 0}",0.9182958340544896
2632,social.digitalmountains.co.uk,$10^{1}$ to $10^{2}$ ,{'Illegal Content': 1},"{'Action': 0, 'Behavior': 0, 'Content': 1, 'Distribution': 0}",-0.0
2633,social.digitalundso.net,$10^{1}$ to $10^{2}$ ,"{'Illegal Content': 3, 'Hate Speech': 3, 'Incitement of Violence': 1, 'Advertising & Commercialization': 1, 'Spam': 1, 'Mis/Disinformation/Conspiracy': 1}","{'Action': 0, 'Behavior': 0, 'Content': 8, 'Distribution': 2}",0.7219280948873623
2634,social.dino.icu,$10^{2}$ to $10^{3}$,{'Hate Speech': 1},"{'Action': 0, 'Behavior': 0, 'Content': 1, 'Distribution': 0}",-0.0
2635,social.dog-s.global,$10^{2}$ to $10^{3}$,"{'Hate Speech': 1, 'Incitement of Violence': 1, 'Harassment': 1, 'Doxxing/ Personal Info': 1, 'Mis/Disinformation/Conspiracy': 1, 'Illegal Content': 1}","{'Action': 0, 'Behavior': 2, 'Content': 4, 'Distribution': 0}",0.9182958340544896
2636,social.dogondo.de,$10^{1}$ to $10^{2}$ ,"{'Incitement of Violence': 2, 'Harassment': 1, 'Illegal Content': 1, 'Hate Speech': 1, 'NSFW': 1, 'Copyright/ Piracy': 1, 'Doxxing/ Personal Info': 1}","{'Action': 0, 'Behavior': 2, 'Content': 5, 'Distribution': 1}",1.2987949406953985
2637,social.eb8.org,$10^{1}$ to $10^{2}$ ,"{'Incitement of Violence': 1, 'Hate Speech': 1, 'Harassment': 1}","{'Action': 0, 'Behavior': 1, 'Content': 2, 'Distribution': 0}",0.9182958340544896
2638,social.edist.ro,$10^{2}$ to $10^{3}$,"{'Hate Speech': 3, 'Off-topic/topic specific': 1, 'Harassment': 1, 'Doxxing/ Personal Info': 1, 'Illegal Content': 2}","{'Action': 0, 'Behavior': 2, 'Content': 6, 'Distribution': 0}",0.8112781244591328
2639,social.edu.nl,$10^{3}$ to $10^{4}$,"{'Advertising & Commercialization': 1, 'Spam': 1, 'Mis/Disinformation/Conspiracy': 1, 'Illegal Content': 1}","{'Action': 0, 'Behavior': 0, 'Content': 2, 'Distribution': 2}",1.0
2640,social.edzilla.info,$10^{1}$ to $10^{2}$ ,{'Illegal Content': 1},"{'Action': 0, 'Behavior': 0, 'Content': 1, 'Distribution': 0}",-0.0
2641,social.erw.ink,$10^{1}$ to $10^{2}$ ,"{'Hate Speech': 1, 'Harassment': 1}","{'Action': 0, 'Behavior': 1, 'Content': 1, 'Distribution': 0}",1.0
2642,social.esmarconf.org,$10^{2}$ to $10^{3}$,"{'Hate Speech': 3, 'Harassment': 2}","{'Action': 0, 'Behavior': 2, 'Content': 3, 'Distribution': 0}",0.9709505944546686
2643,social.etwas42.de,$10^{1}$ to $10^{2}$ ,"{'Hate Speech': 1, 'Mis/Disinformation/Conspiracy': 1, 'Advertising & Commercialization': 1, 'Links & Outside Content': 1}","{'Action': 0, 'Behavior': 0, 'Content': 3, 'Distribution': 1}",0.8112781244591328
2644,social.europlus.zone,$10^{1}$ to $10^{2}$ ,"{'Hate Speech': 5, 'Mis/Disinformation/Conspiracy': 1}","{'Action': 0, 'Behavior': 0, 'Content': 6, 'Distribution': 0}",-0.0
2645,social.evl.im,$10^{1}$ to $10^{2}$ ,"{'Hate Speech': 3, 'Incitement of Violence': 1}","{'Action': 0, 'Behavior': 0, 'Content': 4, 'Distribution': 0}",-0.0
2646,social.exo.icu,$10^{1}$ to $10^{2}$ ,{'Illegal Content': 1},"{'Action': 0, 'Behavior': 0, 'Content': 1, 'Distribution': 0}",-0.0
2647,social.exs.gay,$10^{1}$ to $10^{2}$ ,"{'NSFW': 1, 'Hate Speech': 1}","{'Action': 0, 'Behavior': 0, 'Content': 2, 'Distribution': 0}",-0.0
2648,social.eyluldogruel.com,$10^{1}$ to $10^{2}$ ,"{'Hate Speech': 1, 'Illegal Content': 1, 'NSFW': 1, 'Content Warnings': 1}","{'Action': 0, 'Behavior': 0, 'Content': 4, 'Distribution': 0}",-0.0
2649,social.fairphone.community,$10^{2}$ to $10^{3}$,"{'Hate Speech': 2, 'Illegal Content': 1, 'Incitement of Violence': 1, 'Trolling': 1, 'NSFW': 1, 'Spam': 1, 'Harassment': 1, 'Mis/Disinformation/Conspiracy': 1, 'Automated tools': 1, 'Reposting/Crossposting': 1}","{'Action': 1, 'Behavior': 2, 'Content': 6, 'Distribution': 2}",1.6858157091530304
2650,social.fantorovevo.com,$10^{1}$ to $10^{2}$ ,"{'Harassment': 1, 'Off-topic/topic specific': 1}","{'Action': 0, 'Behavior': 1, 'Content': 1, 'Distribution': 0}",1.0
2651,social.fedida.com,$10^{1}$ to $10^{2}$ ,{'Off-topic/topic specific': 1},"{'Action': 0, 'Behavior': 0, 'Content': 1, 'Distribution': 0}",-0.0
2652,social.feep.org,$10^{1}$ to $10^{2}$ ,"{'Content Warnings': 1, 'Images': 1, 'Advertising & Commercialization': 1, 'Spam': 1, 'Hate Speech': 1, 'Incitement of Violence': 1, 'Harassment': 1, 'Doxxing/ Personal Info': 1, 'Illegal Content': 1}","{'Action': 0, 'Behavior': 2, 'Content': 5, 'Distribution': 2}",1.4355205042826666
2653,social.ferrocarril.net,$10^{2}$ to $10^{3}$,"{'Incitement of Violence': 3, 'Hate Speech': 2, 'Harassment': 3, 'Illegal Content': 2, 'Doxxing/ Personal Info': 2, 'Images': 2, 'Impersonation': 1, 'Mis/Disinformation/Conspiracy': 1, 'NSFW': 1, 'Content Warnings': 2}","{'Action': 0, 'Behavior': 6, 'Content': 13, 'Distribution': 0}",0.8997437586982626
2654,social.fetedelamusique.de,$10^{1}$ to $10^{2}$ ,"{'Hate Speech': 4, 'Harassment': 4, 'Trolling': 1, 'Advertising & Commercialization': 1, 'Spam': 1, 'Off-topic/topic specific': 1, 'Doxxing/ Personal Info': 1}","{'Action': 0, 'Behavior': 6, 'Content': 5, 'Distribution': 2}",1.4604846813131116
2655,social.fidart.it,$10^{1}$ to $10^{2}$ ,"{'Harassment': 2, 'Trolling': 1, 'Mis/Disinformation/Conspiracy': 1, 'Dogpiling': 1, 'Doxxing/ Personal Info': 1, 'Hate Speech': 3, 'NSFW': 1, 'Spam': 1, 'Automated tools': 1}","{'Action': 1, 'Behavior': 5, 'Content': 5, 'Distribution': 1}",1.650022421648354
2656,social.fifteen40.com,$10^{1}$ to $10^{2}$ ,"{'NSFW': 1, 'Spam': 1}","{'Action': 0, 'Behavior': 0, 'Content': 1, 'Distribution': 1}",1.0
2657,social.filik.eu,$10^{1}$ to $10^{2}$ ,"{'Hate Speech': 2, 'NSFW': 1, 'Content Warnings': 1, 'Spam': 1, 'Illegal Content': 1, 'Incitement of Violence': 1}","{'Action': 0, 'Behavior': 0, 'Content': 6, 'Distribution': 1}",0.5916727785823275
2658,social.filipesm.eu,$10^{1}$ to $10^{2}$ ,{'Illegal Content': 1},"{'Action': 0, 'Behavior': 0, 'Content': 1, 'Distribution': 0}",-0.0
2659,social.findmyown.space,$10^{1}$ to $10^{2}$ ,"{'Hate Speech': 1, 'Trolling': 1}","{'Action': 0, 'Behavior': 1, 'Content': 1, 'Distribution': 0}",1.0
2660,social.fluxfox.dev,$10^{1}$ to $10^{2}$ ,"{'Trolling': 1, 'Off-topic/topic specific': 1, 'Harassment': 1, 'Hate Speech': 1, 'Content Warnings': 1}","{'Action': 0, 'Behavior': 2, 'Content': 3, 'Distribution': 0}",0.9709505944546686
2661,social.foederiert.de,$10^{1}$ to $10^{2}$ ,"{'Hate Speech': 2, 'Harassment': 1}","{'Action': 0, 'Behavior': 1, 'Content': 2, 'Distribution': 0}",0.9182958340544896
2662,social.fops.one,$10^{1}$ to $10^{2}$ ,"{'Hate Speech': 1, 'Harassment': 1, 'Advertising & Commercialization': 1, 'Spam': 1, 'NSFW': 1, 'Content Warnings': 2, 'Images': 1, 'Doxxing/ Personal Info': 1, 'Trolling': 1, 'Illegal Content': 2, 'Copyright/ Piracy': 1, 'Links & Outside Content': 1, 'Off-topic/topic specific': 1}","{'Action': 0, 'Behavior': 3, 'Content': 9, 'Distribution': 3}",1.3709505944546687
2663,social.fossdle.org,$10^{2}$ to $10^{3}$,"{'Advertising & Commercialization': 1, 'Automated tools': 2, 'Reposting/Crossposting': 1, 'Spam': 1, 'Hate Speech': 1, 'Harassment': 1, 'Impersonation': 1, 'Images': 1, 'Copyright/ Piracy': 1}","{'Action': 2, 'Behavior': 2, 'Content': 2, 'Distribution': 4}",1.9219280948873623
2664,social.futurnumerique.com,$10^{1}$ to $10^{2}$ ,"{'Hate Speech': 1, 'NSFW': 1, 'Content Warnings': 1, 'Images': 1, 'Harassment': 1, 'Illegal Content': 1, 'Incitement of Violence': 1, 'Mis/Disinformation/Conspiracy': 1, 'Advertising & Commercialization': 1, 'Spam': 1}","{'Action': 0, 'Behavior': 1, 'Content': 7, 'Distribution': 2}",1.1567796494470395
2665,social.galacticcoders.com,$10^{2}$ to $10^{3}$,"{'Content Warnings': 1, 'Hate Speech': 1, 'Illegal Content': 1, 'Harassment': 1}","{'Action': 0, 'Behavior': 1, 'Content': 3, 'Distribution': 0}",0.8112781244591328
2666,social.galaxy-control.org,$10^{1}$ to $10^{2}$ ,"{'Harassment': 1, 'Trolling': 1, 'Hate Speech': 1, 'NSFW': 1, 'Copyright/ Piracy': 1, 'Advertising & Commercialization': 1, 'Automated tools': 1}","{'Action': 1, 'Behavior': 2, 'Content': 2, 'Distribution': 2}",1.9502120649147465
2667,social.gamingecke.space,$10^{2}$ to $10^{3}$,"{'NSFW': 1, 'Hate Speech': 1, 'Harassment': 1, 'Spam': 2}","{'Action': 0, 'Behavior': 1, 'Content': 2, 'Distribution': 2}",1.5219280948873621
2668,social.garudalinux.org,$10^{3}$ to $10^{4}$,{'Copyright/ Piracy': 1},"{'Action': 0, 'Behavior': 0, 'Content': 0, 'Distribution': 1}",-0.0
2669,social.glennfitzpatrick.com,$10^{1}$ to $10^{2}$ ,"{'Spam': 1, 'Trolling': 1, 'Harassment': 1, 'Dogpiling': 1, 'Doxxing/ Personal Info': 1}","{'Action': 0, 'Behavior': 4, 'Content': 0, 'Distribution': 1}",0.7219280948873623
2670,social.globalpirates.net,$10^{2}$ to $10^{3}$,{'Illegal Content': 1},"{'Action': 0, 'Behavior': 0, 'Content': 1, 'Distribution': 0}",-0.0
2671,social.gnuweeb.org,$10^{2}$ to $10^{3}$,"{'Content Warnings': 1, 'Images': 1, 'Hate Speech': 1, 'Incitement of Violence': 1, 'Harassment': 1, 'Doxxing/ Personal Info': 1, 'Mis/Disinformation/Conspiracy': 1}","{'Action': 0, 'Behavior': 2, 'Content': 5, 'Distribution': 0}",0.863120568566631
2672,social.goonj.xyz,$10^{2}$ to $10^{3}$,"{'Harassment': 1, 'Trolling': 1, 'NSFW': 2, 'Content Warnings': 1, 'Illegal Content': 1, 'Hate Speech': 1, 'Copyright/ Piracy': 1, 'Impersonation': 1, 'Spam': 1}","{'Action': 0, 'Behavior': 3, 'Content': 5, 'Distribution': 2}",1.4854752972273344
2673,social.goose.rodeo,$10^{1}$ to $10^{2}$ ,"{'Hate Speech': 2, 'Harassment': 1, 'Incitement of Violence': 1, 'Content Warnings': 1, 'Off-topic/topic specific': 1, 'Mis/Disinformation/Conspiracy': 1, 'NSFW': 1, 'Illegal Content': 1}","{'Action': 0, 'Behavior': 1, 'Content': 8, 'Distribution': 0}",0.5032583347756457
2674,social.gravitons.org,$10^{1}$ to $10^{2}$ ,{'Hate Speech': 1},"{'Action': 0, 'Behavior': 0, 'Content': 1, 'Distribution': 0}",-0.0
2675,social.growyourown.services,$10^{1}$ to $10^{2}$ ,"{'Hate Speech': 1, 'Illegal Content': 2, 'Links & Outside Content': 1, 'Harassment': 1, 'Incitement of Violence': 1, 'NSFW': 1, 'Spam': 1}","{'Action': 0, 'Behavior': 1, 'Content': 6, 'Distribution': 1}",1.061278124459133
2676,social.gunju.de,$10^{1}$ to $10^{2}$ ,"{'Harassment': 2, 'Trolling': 1, 'Hate Speech': 2, 'Incitement of Violence': 1, 'Illegal Content': 1, 'NSFW': 1}","{'Action': 0, 'Behavior': 3, 'Content': 5, 'Distribution': 0}",0.954434002924965
2677,social.gyahunkoubou.com,$10^{1}$ to $10^{2}$ ,{'Copyright/ Piracy': 1},"{'Action': 0, 'Behavior': 0, 'Content': 0, 'Distribution': 1}",-0.0
2678,social.gyt.is,$10^{1}$ to $10^{2}$ ,"{'Illegal Content': 1, 'Hate Speech': 1, 'Mis/Disinformation/Conspiracy': 1, 'Not Applicable': 1, 'Automated tools': 1, 'Advertising & Commercialization': 1, 'Links & Outside Content': 3, 'Off-topic/topic specific': 1, 'Reposting/Crossposting': 1, 'Copyright/ Piracy': 1, 'Content Warnings': 1, 'Images': 1}","{'Action': 1, 'Behavior': 0, 'Content': 9, 'Distribution': 3}",1.1401156785146092
2679,social.hackerspace.pl,$10^{2}$ to $10^{3}$,"{'Hate Speech': 1, 'Content Warnings': 1}","{'Action': 0, 'Behavior': 0, 'Content': 2, 'Distribution': 0}",-0.0
2680,social.halfling13.com,$10^{1}$ to $10^{2}$ ,"{'NSFW': 1, 'Hate Speech': 1, 'Incitement of Violence': 1, 'Harassment': 1, 'Doxxing/ Personal Info': 1, 'Mis/Disinformation/Conspiracy': 1}","{'Action': 0, 'Behavior': 2, 'Content': 4, 'Distribution': 0}",0.9182958340544896
2681,social.harter.us,$10^{1}$ to $10^{2}$ ,{'Illegal Content': 1},"{'Action': 0, 'Behavior': 0, 'Content': 1, 'Distribution': 0}",-0.0
2682,social.harukizaemon.com,$10^{1}$ to $10^{2}$ ,{'Hate Speech': 5},"{'Action': 0, 'Behavior': 0, 'Content': 5, 'Distribution': 0}",-0.0
2683,social.haveyouevenmet.me,$10^{1}$ to $10^{2}$ ,"{'Hate Speech': 2, 'Incitement of Violence': 1, 'Advertising & Commercialization': 1, 'Spam': 1, 'Harassment': 2, 'Trolling': 1, 'Illegal Content': 1}","{'Action': 0, 'Behavior': 3, 'Content': 4, 'Distribution': 2}",1.5304930567574824
2684,social.headbright.eu,$10^{1}$ to $10^{2}$ ,"{'Hate Speech': 1, 'Spam': 1, 'Illegal Content': 1}","{'Action': 0, 'Behavior': 0, 'Content': 2, 'Distribution': 1}",0.9182958340544896
2685,social.horrorhub.club,$10^{3}$ to $10^{4}$,"{'Hate Speech': 1, 'NSFW': 1, 'Content Warnings': 1, 'Illegal Content': 1, 'Mis/Disinformation/Conspiracy': 1, 'Harassment': 1, 'Doxxing/ Personal Info': 1}","{'Action': 0, 'Behavior': 2, 'Content': 5, 'Distribution': 0}",0.863120568566631
2686,social.hostpath.de,$10^{1}$ to $10^{2}$ ,"{'Advertising & Commercialization': 1, 'Spam': 1, 'Illegal Content': 1}","{'Action': 0, 'Behavior': 0, 'Content': 1, 'Distribution': 2}",0.9182958340544896
2687,social.igotout.de,$10^{1}$ to $10^{2}$ ,{'Hate Speech': 1},"{'Action': 0, 'Behavior': 0, 'Content': 1, 'Distribution': 0}",-0.0
2688,social.iheartmichelle.com,$10^{1}$ to $10^{2}$ ,"{'NSFW': 1, 'Content Warnings': 1, 'Images': 1, 'Hate Speech': 1, 'Incitement of Violence': 1, 'Harassment': 2, 'Doxxing/ Personal Info': 2, 'Illegal Content': 1, 'Mis/Disinformation/Conspiracy': 1}","{'Action': 0, 'Behavior': 4, 'Content': 7, 'Distribution': 0}",0.9456603046006401
2689,social.illusory.ink,$10^{2}$ to $10^{3}$,"{'Illegal Content': 1, 'Hate Speech': 1, 'Harassment': 1}","{'Action': 0, 'Behavior': 1, 'Content': 2, 'Distribution': 0}",0.9182958340544896
2690,social.inter-mundos.de,$10^{1}$ to $10^{2}$ ,"{'Mis/Disinformation/Conspiracy': 1, 'Incitement of Violence': 1, 'Hate Speech': 1, 'Harassment': 1, 'Doxxing/ Personal Info': 1}","{'Action': 0, 'Behavior': 2, 'Content': 3, 'Distribution': 0}",0.9709505944546686
2691,social.interferencias.tech,$10^{1}$ to $10^{2}$ ,"{'Hate Speech': 6, 'Harassment': 2, 'Illegal Content': 1, 'Spam': 1, 'Incitement of Violence': 1, 'NSFW': 1, 'Images': 2}","{'Action': 0, 'Behavior': 2, 'Content': 11, 'Distribution': 1}",0.9463729359854419
2692,social.intothecloud.net,$10^{1}$ to $10^{2}$ ,"{'Hate Speech': 2, 'Harassment': 1, 'NSFW': 1, 'Content Warnings': 1, 'Images': 1, 'Illegal Content': 1, 'Incitement of Violence': 1, 'Mis/Disinformation/Conspiracy': 1, 'Advertising & Commercialization': 1, 'Spam': 1, 'Impersonation': 1}","{'Action': 0, 'Behavior': 2, 'Content': 8, 'Distribution': 2}",1.2516291673878228
2693,social.ipsyn.net,$10^{1}$ to $10^{2}$ ,"{'Not Applicable': 1, 'Off-topic/topic specific': 1}","{'Action': 0, 'Behavior': 0, 'Content': 1, 'Distribution': 0}",-0.0
2694,social.isaa.it,$10^{2}$ to $10^{3}$,{'Off-topic/topic specific': 1},"{'Action': 0, 'Behavior': 0, 'Content': 1, 'Distribution': 0}",-0.0
2695,social.itfm.xyz,$10^{1}$ to $10^{2}$ ,"{'Advertising & Commercialization': 1, 'Automated tools': 1, 'Mis/Disinformation/Conspiracy': 1, 'NSFW': 2, 'Images': 2, 'Hate Speech': 5, 'Incitement of Violence': 1, 'Illegal Content': 1, 'Harassment': 3, 'Doxxing/ Personal Info': 1, 'Dogpiling': 1}","{'Action': 1, 'Behavior': 5, 'Content': 12, 'Distribution': 1}",1.3727069617019705
2696,social.itu.dk,$10^{2}$ to $10^{3}$,"{'NSFW': 1, 'Harassment': 2, 'Trolling': 1, 'Doxxing/ Personal Info': 1, 'Links & Outside Content': 1}","{'Action': 0, 'Behavior': 4, 'Content': 2, 'Distribution': 0}",0.9182958340544896
2697,social.ivor.org,$10^{1}$ to $10^{2}$ ,"{'Illegal Content': 1, 'Hate Speech': 1, 'Harassment': 1}","{'Action': 0, 'Behavior': 1, 'Content': 2, 'Distribution': 0}",0.9182958340544896
2698,social.ivydra.com,$10^{1}$ to $10^{2}$ ,"{'Content Warnings': 1, 'Images': 1, 'Hate Speech': 1, 'Incitement of Violence': 1, 'Harassment': 1, 'Dogpiling': 1, 'Doxxing/ Personal Info': 2, 'Mis/Disinformation/Conspiracy': 1, 'Copyright/ Piracy': 1}","{'Action': 0, 'Behavior': 4, 'Content': 5, 'Distribution': 1}",1.3609640474436813
2699,social.j62.de,$10^{1}$ to $10^{2}$ ,"{'Illegal Content': 1, 'Hate Speech': 1}","{'Action': 0, 'Behavior': 0, 'Content': 2, 'Distribution': 0}",-0.0
2700,social.jabjab.de,$10^{1}$ to $10^{2}$ ,"{'Hate Speech': 1, 'Harassment': 1}","{'Action': 0, 'Behavior': 1, 'Content': 1, 'Distribution': 0}",1.0
2701,social.jamstation.ddns.net,$10^{1}$ to $10^{2}$ ,"{'Hate Speech': 2, 'Advertising & Commercialization': 1, 'Spam': 1, 'Illegal Content': 1}","{'Action': 0, 'Behavior': 0, 'Content': 3, 'Distribution': 2}",0.9709505944546686
2702,social.jdbnet.co.uk,$10^{1}$ to $10^{2}$ ,"{'Hate Speech': 1, 'Harassment': 1, 'Spam': 1, 'NSFW': 1, 'Content Warnings': 1, 'Illegal Content': 1, 'Incitement of Violence': 1, 'Copyright/ Piracy': 1, 'Doxxing/ Personal Info': 1, 'Impersonation': 1}","{'Action': 0, 'Behavior': 3, 'Content': 5, 'Distribution': 2}",1.4854752972273344
2703,social.jeffl.es,$10^{1}$ to $10^{2}$ ,{'Hate Speech': 1},"{'Action': 0, 'Behavior': 0, 'Content': 1, 'Distribution': 0}",-0.0
2704,social.jellejansen.eu,$10^{1}$ to $10^{2}$ ,{'Illegal Content': 1},"{'Action': 0, 'Behavior': 0, 'Content': 1, 'Distribution': 0}",-0.0
2705,social.jelliefrontier.net,$10^{1}$ to $10^{2}$ ,{'Doxxing/ Personal Info': 1},"{'Action': 0, 'Behavior': 1, 'Content': 0, 'Distribution': 0}",-0.0
2706,social.jigmedatse.com,$10^{1}$ to $10^{2}$ ,"{'Mis/Disinformation/Conspiracy': 1, 'Hate Speech': 1}","{'Action': 0, 'Behavior': 0, 'Content': 2, 'Distribution': 0}",-0.0
2707,social.joncamfield.com,$10^{1}$ to $10^{2}$ ,"{'Content Warnings': 1, 'Images': 1, 'Hate Speech': 1, 'Incitement of Violence': 1, 'Harassment': 1, 'Doxxing/ Personal Info': 1, 'Illegal Content': 1, 'Mis/Disinformation/Conspiracy': 1}","{'Action': 0, 'Behavior': 2, 'Content': 6, 'Distribution': 0}",0.8112781244591328
2708,social.jondev.lol,$10^{1}$ to $10^{2}$ ,{'Hate Speech': 1},"{'Action': 0, 'Behavior': 0, 'Content': 1, 'Distribution': 0}",-0.0
2709,social.jsr.com,$10^{1}$ to $10^{2}$ ,{'Hate Speech': 1},"{'Action': 0, 'Behavior': 0, 'Content': 1, 'Distribution': 0}",-0.0
2710,social.kapellen.onl,$10^{1}$ to $10^{2}$ ,"{'Illegal Content': 1, 'Advertising & Commercialization': 1, 'Automated tools': 2, 'NSFW': 1, 'Images': 1}","{'Action': 2, 'Behavior': 0, 'Content': 3, 'Distribution': 1}",1.4591479170272448
2711,social.keiths-place.com,$10^{1}$ to $10^{2}$ ,"{'Incitement of Violence': 1, 'Spam': 1, 'Hate Speech': 1, 'Illegal Content': 1}","{'Action': 0, 'Behavior': 0, 'Content': 3, 'Distribution': 1}",0.8112781244591328
2712,social.kharkiv.dcomm.net.ua,$10^{2}$ to $10^{3}$,"{'Illegal Content': 1, 'Mis/Disinformation/Conspiracy': 2, 'Incitement of Violence': 1, 'Hate Speech': 1}","{'Action': 0, 'Behavior': 0, 'Content': 5, 'Distribution': 0}",-0.0
2713,social.kherson.dcomm.net.ua,$10^{1}$ to $10^{2}$ ,"{'Illegal Content': 1, 'Mis/Disinformation/Conspiracy': 2, 'Incitement of Violence': 1, 'Hate Speech': 1}","{'Action': 0, 'Behavior': 0, 'Content': 5, 'Distribution': 0}",-0.0
2714,social.khmelnytskyi.dcomm.net.ua,$10^{2}$ to $10^{3}$,"{'Illegal Content': 1, 'Mis/Disinformation/Conspiracy': 2, 'Incitement of Violence': 1, 'Hate Speech': 1}","{'Action': 0, 'Behavior': 0, 'Content': 5, 'Distribution': 0}",-0.0
2715,social.kiziah.cloud,$10^{1}$ to $10^{2}$ ,"{'Harassment': 1, 'Dogpiling': 1, 'Doxxing/ Personal Info': 1, 'Advertising & Commercialization': 1, 'Spam': 1, 'NSFW': 1, 'Images': 1, 'Not Applicable': 1, 'Automated tools': 1, 'Off-topic/topic specific': 1}","{'Action': 1, 'Behavior': 3, 'Content': 3, 'Distribution': 2}",1.8910611120726528
2716,social.knot.space,$10^{1}$ to $10^{2}$ ,"{'Hate Speech': 1, 'NSFW': 1, 'Content Warnings': 1}","{'Action': 0, 'Behavior': 0, 'Content': 3, 'Distribution': 0}",-0.0
2717,social.kryta.app,$10^{2}$ to $10^{3}$,"{'Illegal Content': 1, 'NSFW': 1, 'Content Warnings': 1, 'Mis/Disinformation/Conspiracy': 1, 'Copyright/ Piracy': 1, 'Harassment': 1}","{'Action': 0, 'Behavior': 1, 'Content': 4, 'Distribution': 1}",1.2516291673878228
2718,social.ksite.de,$10^{2}$ to $10^{3}$,"{'Harassment': 2, 'Doxxing/ Personal Info': 1, 'Hate Speech': 3, 'Incitement of Violence': 2, 'Dogpiling': 1, 'NSFW': 1, 'Mis/Disinformation/Conspiracy': 1, 'Advertising & Commercialization': 1, 'Spam': 1, 'Illegal Content': 1}","{'Action': 0, 'Behavior': 4, 'Content': 8, 'Distribution': 2}",1.3787834934861753
2719,social.lauercloud.de,$10^{1}$ to $10^{2}$ ,{'Links & Outside Content': 1},"{'Action': 0, 'Behavior': 0, 'Content': 1, 'Distribution': 0}",-0.0
2720,social.learnlangs.com,$10^{1}$ to $10^{2}$ ,"{'Not Applicable': 1, 'Harassment': 1, 'Hate Speech': 2, 'Advertising & Commercialization': 1, 'Spam': 1, 'Illegal Content': 1}","{'Action': 0, 'Behavior': 1, 'Content': 3, 'Distribution': 2}",1.4591479170272446
2721,social.lecker.coffee,$10^{1}$ to $10^{2}$ ,"{'NSFW': 1, 'Images': 1, 'Hate Speech': 1, 'Incitement of Violence': 1, 'Harassment': 1, 'Doxxing/ Personal Info': 1, 'Illegal Content': 1, 'Mis/Disinformation/Conspiracy': 1}","{'Action': 0, 'Behavior': 2, 'Content': 6, 'Distribution': 0}",0.8112781244591328
2722,social.leinde.de,$10^{2}$ to $10^{3}$,"{'Hate Speech': 2, 'Harassment': 1, 'Doxxing/ Personal Info': 1, 'Illegal Content': 1, 'Mis/Disinformation/Conspiracy': 1, 'Automated tools': 1, 'NSFW': 1, 'Content Warnings': 1, 'Images': 1}","{'Action': 1, 'Behavior': 2, 'Content': 7, 'Distribution': 0}",1.1567796494470395
2723,social.liip.ch,$10^{2}$ to $10^{3}$,"{'Incitement of Violence': 1, 'Hate Speech': 1, 'Harassment': 1, 'Trolling': 1, 'Mis/Disinformation/Conspiracy': 1}","{'Action': 0, 'Behavior': 2, 'Content': 3, 'Distribution': 0}",0.9709505944546686
2724,social.likeadragonmaid.dev,$10^{1}$ to $10^{2}$ ,"{'Spam': 1, 'Illegal Content': 1, 'Harassment': 1}","{'Action': 0, 'Behavior': 1, 'Content': 1, 'Distribution': 1}",1.584962500721156
2725,social.lila.network,$10^{1}$ to $10^{2}$ ,"{'Hate Speech': 2, 'Harassment': 1, 'Doxxing/ Personal Info': 1, 'Illegal Content': 1, 'Mis/Disinformation/Conspiracy': 1, 'Automated tools': 1, 'Content Warnings': 1, 'Images': 1}","{'Action': 1, 'Behavior': 2, 'Content': 6, 'Distribution': 0}",1.224394445405986
2726,social.lillin.net,$10^{1}$ to $10^{2}$ ,{'Illegal Content': 1},"{'Action': 0, 'Behavior': 0, 'Content': 1, 'Distribution': 0}",-0.0
2727,social.lindhom.no,$10^{1}$ to $10^{2}$ ,"{'Advertising & Commercialization': 1, 'Spam': 1}","{'Action': 0, 'Behavior': 0, 'Content': 0, 'Distribution': 2}",-0.0
2728,social.linux-help.org,$10^{1}$ to $10^{2}$ ,"{'Hate Speech': 1, 'Harassment': 1}","{'Action': 0, 'Behavior': 1, 'Content': 1, 'Distribution': 0}",1.0
2729,social.linux.pizza,$10^{5}$ to $10^{6}$ ,"{'NSFW': 1, 'Content Warnings': 1, 'Advertising & Commercialization': 2, 'Spam': 3, 'Incitement of Violence': 1, 'Hate Speech': 1, 'Harassment': 1, 'Off-topic/topic specific': 1}","{'Action': 0, 'Behavior': 1, 'Content': 5, 'Distribution': 5}",1.3485878960124222
2730,social.litehell.info,$10^{1}$ to $10^{2}$ ,"{'Hate Speech': 1, 'Content Warnings': 1, 'Images': 1}","{'Action': 0, 'Behavior': 0, 'Content': 3, 'Distribution': 0}",-0.0
2731,social.lol,$10^{4}$ to $10^{5}$,"{'Hate Speech': 1, 'Harassment': 1, 'Trolling': 1, 'Mis/Disinformation/Conspiracy': 1, 'Automated tools': 1}","{'Action': 1, 'Behavior': 2, 'Content': 2, 'Distribution': 0}",1.5219280948873621
2732,social.losno.co,$10^{1}$ to $10^{2}$ ,"{'Illegal Content': 1, 'Hate Speech': 1}","{'Action': 0, 'Behavior': 0, 'Content': 2, 'Distribution': 0}",-0.0
2733,social.lostcoastoutpost.com,$10^{2}$ to $10^{3}$,{'Hate Speech': 1},"{'Action': 0, 'Behavior': 0, 'Content': 1, 'Distribution': 0}",-0.0
2734,social.luca.run,$10^{1}$ to $10^{2}$ ,"{'Trolling': 1, 'Doxxing/ Personal Info': 1, 'NSFW': 1, 'Hate Speech': 1, 'Harassment': 1}","{'Action': 0, 'Behavior': 3, 'Content': 2, 'Distribution': 0}",0.9709505944546686
2735,social.lviv.dcomm.net.ua,$10^{3}$ to $10^{4}$,"{'Illegal Content': 1, 'Mis/Disinformation/Conspiracy': 2, 'Incitement of Violence': 1, 'Hate Speech': 1}","{'Action': 0, 'Behavior': 0, 'Content': 5, 'Distribution': 0}",-0.0
2736,social.lviv2.dcomm.net.ua,$10^{2}$ to $10^{3}$,"{'Illegal Content': 1, 'Mis/Disinformation/Conspiracy': 2, 'Incitement of Violence': 1, 'Hate Speech': 1}","{'Action': 0, 'Behavior': 0, 'Content': 5, 'Distribution': 0}",-0.0
2737,social.lyrenhex.com,$10^{1}$ to $10^{2}$ ,"{'Hate Speech': 1, 'Illegal Content': 1}","{'Action': 0, 'Behavior': 0, 'Content': 2, 'Distribution': 0}",-0.0
2738,social.lysand.org,$10^{2}$ to $10^{3}$,"{'Harassment': 1, 'Spam': 1, 'Illegal Content': 1}","{'Action': 0, 'Behavior': 1, 'Content': 1, 'Distribution': 1}",1.584962500721156
2739,social.m1n1ster.com,$10^{1}$ to $10^{2}$ ,"{'Hate Speech': 1, 'Harassment': 1, 'NSFW': 1, 'Advertising & Commercialization': 1}","{'Action': 0, 'Behavior': 1, 'Content': 2, 'Distribution': 1}",1.5
2740,social.main-angler.de,$10^{1}$ to $10^{2}$ ,"{'NSFW': 1, 'Images': 1, 'Hate Speech': 1, 'Incitement of Violence': 1, 'Harassment': 1, 'Doxxing/ Personal Info': 1, 'Illegal Content': 1}","{'Action': 0, 'Behavior': 2, 'Content': 5, 'Distribution': 0}",0.863120568566631
2741,social.makerforums.info,$10^{2}$ to $10^{3}$,"{'Harassment': 1, 'NSFW': 1, 'Advertising & Commercialization': 1, 'Spam': 1}","{'Action': 0, 'Behavior': 1, 'Content': 1, 'Distribution': 2}",1.5
2742,social.mango.vg,$10^{1}$ to $10^{2}$ ,"{'NSFW': 2, 'Content Warnings': 1, 'Illegal Content': 1, 'Images': 1}","{'Action': 0, 'Behavior': 0, 'Content': 5, 'Distribution': 0}",-0.0
2743,social.maou-maou.fr,$10^{1}$ to $10^{2}$ ,"{'Harassment': 1, 'Illegal Content': 1, 'NSFW': 1, 'Hate Speech': 1, 'Images': 1}","{'Action': 0, 'Behavior': 1, 'Content': 4, 'Distribution': 0}",0.7219280948873623
2744,social.mapolist.com,$10^{2}$ to $10^{3}$,"{'Hate Speech': 2, 'Harassment': 2, 'Spam': 2, 'Off-topic/topic specific': 1, 'Advertising & Commercialization': 1, 'Doxxing/ Personal Info': 1, 'Mis/Disinformation/Conspiracy': 1, 'Trolling': 1}","{'Action': 0, 'Behavior': 4, 'Content': 4, 'Distribution': 3}",1.5726236638951638
2745,social.markofall.com,$10^{1}$ to $10^{2}$ ,"{'NSFW': 1, 'Harassment': 3, 'Trolling': 1, 'Doxxing/ Personal Info': 1, 'Images': 1}","{'Action': 0, 'Behavior': 5, 'Content': 2, 'Distribution': 0}",0.863120568566631
2746,social.matriphe.net,$10^{1}$ to $10^{2}$ ,{'Illegal Content': 1},"{'Action': 0, 'Behavior': 0, 'Content': 1, 'Distribution': 0}",-0.0
2747,social.mclegoman.com,$10^{1}$ to $10^{2}$ ,"{'Hate Speech': 3, 'Harassment': 1, 'NSFW': 1, 'Illegal Content': 1, 'Off-topic/topic specific': 1}","{'Action': 0, 'Behavior': 1, 'Content': 6, 'Distribution': 0}",0.5916727785823275
2748,social.meissa-gmbh.de,$10^{1}$ to $10^{2}$ ,{'Mis/Disinformation/Conspiracy': 1},"{'Action': 0, 'Behavior': 0, 'Content': 1, 'Distribution': 0}",-0.0
2749,social.memes.nz,$10^{1}$ to $10^{2}$ ,"{'Hate Speech': 3, 'Mis/Disinformation/Conspiracy': 1}","{'Action': 0, 'Behavior': 0, 'Content': 4, 'Distribution': 0}",-0.0
2750,social.metaccount.de,$10^{1}$ to $10^{2}$ ,{'Hate Speech': 1},"{'Action': 0, 'Behavior': 0, 'Content': 1, 'Distribution': 0}",-0.0
2751,social.milktea.io,$10^{1}$ to $10^{2}$ ,"{'Illegal Content': 1, 'Copyright/ Piracy': 1, 'Content Warnings': 1}","{'Action': 0, 'Behavior': 0, 'Content': 2, 'Distribution': 1}",0.9182958340544896
2752,social.minx.space,$10^{1}$ to $10^{2}$ ,"{'Hate Speech': 1, 'Harassment': 1, 'Doxxing/ Personal Info': 1, 'Illegal Content': 1, 'Mis/Disinformation/Conspiracy': 2, 'Incitement of Violence': 2, 'Content Warnings': 1, 'Images': 1, 'NSFW': 1}","{'Action': 0, 'Behavior': 2, 'Content': 9, 'Distribution': 0}",0.6840384356390417
2753,social.modding.games,$10^{1}$ to $10^{2}$ ,"{'Hate Speech': 1, 'NSFW': 1, 'Harassment': 1, 'Dogpiling': 1, 'Illegal Content': 1, 'Copyright/ Piracy': 1}","{'Action': 0, 'Behavior': 2, 'Content': 3, 'Distribution': 1}",1.4591479170272448
2754,social.moment.at,$10^{2}$ to $10^{3}$,"{'Hate Speech': 3, 'Off-topic/topic specific': 1, 'Harassment': 2, 'Doxxing/ Personal Info': 1, 'Spam': 1, 'Mis/Disinformation/Conspiracy': 1}","{'Action': 0, 'Behavior': 3, 'Content': 5, 'Distribution': 1}",1.3516441151533922
2755,social.mondoweiss.net,$10^{1}$ to $10^{2}$ ,"{'Content Warnings': 1, 'Images': 1}","{'Action': 0, 'Behavior': 0, 'Content': 2, 'Distribution': 0}",-0.0
2756,social.mootech.eu,$10^{2}$ to $10^{3}$,"{'Harassment': 1, 'Incitement of Violence': 1, 'Hate Speech': 1}","{'Action': 0, 'Behavior': 1, 'Content': 2, 'Distribution': 0}",0.9182958340544896
2757,social.mpdl.mpg.de,$10^{3}$ to $10^{4}$,"{'Hate Speech': 1, 'NSFW': 1, 'Images': 1, 'Illegal Content': 1, 'Links & Outside Content': 1, 'Incitement of Violence': 1, 'Harassment': 1, 'Doxxing/ Personal Info': 1, 'Spam': 1}","{'Action': 0, 'Behavior': 2, 'Content': 6, 'Distribution': 1}",1.224394445405986
2758,social.mrks.network,$10^{1}$ to $10^{2}$ ,"{'Impersonation': 1, 'Links & Outside Content': 2}","{'Action': 0, 'Behavior': 1, 'Content': 2, 'Distribution': 0}",0.9182958340544896
2759,social.myexp.de,$10^{1}$ to $10^{2}$ ,"{'Incitement of Violence': 1, 'Hate Speech': 2, 'Harassment': 1, 'Doxxing/ Personal Info': 1, 'NSFW': 1, 'Images': 1, 'Illegal Content': 1}","{'Action': 0, 'Behavior': 2, 'Content': 6, 'Distribution': 0}",0.8112781244591328
2760,social.mykolayiv.dcomm.net.ua,$10^{2}$ to $10^{3}$,"{'Illegal Content': 1, 'Mis/Disinformation/Conspiracy': 2, 'Incitement of Violence': 1, 'Hate Speech': 1}","{'Action': 0, 'Behavior': 0, 'Content': 5, 'Distribution': 0}",-0.0
2761,social.nah.re,$10^{1}$ to $10^{2}$ ,"{'Illegal Content': 1, 'Advertising & Commercialization': 1, 'Spam': 1, 'Hate Speech': 1, 'Mis/Disinformation/Conspiracy': 1, 'Harassment': 1, 'NSFW': 1, 'Content Warnings': 1}","{'Action': 0, 'Behavior': 1, 'Content': 5, 'Distribution': 2}",1.2987949406953985
2762,social.nebula.lgbt,$10^{1}$ to $10^{2}$ ,"{'Hate Speech': 2, 'Incitement of Violence': 1, 'NSFW': 1, 'Content Warnings': 1, 'Harassment': 1, 'Trolling': 1}","{'Action': 0, 'Behavior': 2, 'Content': 5, 'Distribution': 0}",0.863120568566631
2763,social.neocloradas.com,$10^{1}$ to $10^{2}$ ,{'Illegal Content': 1},"{'Action': 0, 'Behavior': 0, 'Content': 1, 'Distribution': 0}",-0.0
2764,social.nerd.net,$10^{1}$ to $10^{2}$ ,"{'Content Warnings': 1, 'Illegal Content': 1, 'Advertising & Commercialization': 1, 'Spam': 1, 'Hate Speech': 1, 'Harassment': 1, 'Copyright/ Piracy': 1}","{'Action': 0, 'Behavior': 1, 'Content': 3, 'Distribution': 3}",1.4488156357251847
2765,social.nibis.de,$10^{1}$ to $10^{2}$ ,"{'NSFW': 1, 'Illegal Content': 1, 'Incitement of Violence': 1, 'Hate Speech': 1}","{'Action': 0, 'Behavior': 0, 'Content': 4, 'Distribution': 0}",-0.0
2766,social.nog.community,$10^{2}$ to $10^{3}$,"{'Hate Speech': 2, 'Harassment': 1, 'Incitement of Violence': 1, 'Mis/Disinformation/Conspiracy': 1}","{'Action': 0, 'Behavior': 1, 'Content': 4, 'Distribution': 0}",0.7219280948873623
2767,social.nokes.name,$10^{1}$ to $10^{2}$ ,{'Spam': 1},"{'Action': 0, 'Behavior': 0, 'Content': 0, 'Distribution': 1}",-0.0
2768,social.noraa.gay,$10^{1}$ to $10^{2}$ ,{'Illegal Content': 1},"{'Action': 0, 'Behavior': 0, 'Content': 1, 'Distribution': 0}",-0.0
2769,social.nordgaming.eu,$10^{1}$ to $10^{2}$ ,"{'Harassment': 1, 'Doxxing/ Personal Info': 2, 'Hate Speech': 3, 'Illegal Content': 3, 'Incitement of Violence': 1, 'Automated tools': 1, 'Advertising & Commercialization': 1, 'Spam': 1, 'NSFW': 2, 'Copyright/ Piracy': 1, 'Mis/Disinformation/Conspiracy': 1, 'Off-topic/topic specific': 1}","{'Action': 1, 'Behavior': 3, 'Content': 11, 'Distribution': 3}",1.5275070675902451
2770,social.nortel.cloud,$10^{1}$ to $10^{2}$ ,{'Hate Speech': 1},"{'Action': 0, 'Behavior': 0, 'Content': 1, 'Distribution': 0}",-0.0
2771,social.npo.nl,$10^{2}$ to $10^{3}$,"{'Incitement of Violence': 1, 'Hate Speech': 1, 'Harassment': 1}","{'Action': 0, 'Behavior': 1, 'Content': 2, 'Distribution': 0}",0.9182958340544896
2772,social.obeygravity.de,$10^{1}$ to $10^{2}$ ,"{'Content Warnings': 1, 'Images': 1, 'Harassment': 1, 'Doxxing/ Personal Info': 1, 'Mis/Disinformation/Conspiracy': 1, 'Illegal Content': 1}","{'Action': 0, 'Behavior': 2, 'Content': 4, 'Distribution': 0}",0.9182958340544896
2773,social.oddly-influenced.dev,$10^{2}$ to $10^{3}$,"{'Off-topic/topic specific': 1, 'Hate Speech': 1, 'Harassment': 1, 'Illegal Content': 1, 'Copyright/ Piracy': 1}","{'Action': 0, 'Behavior': 1, 'Content': 3, 'Distribution': 1}",1.3709505944546687
2774,social.olchis.net,$10^{1}$ to $10^{2}$ ,{'Illegal Content': 1},"{'Action': 0, 'Behavior': 0, 'Content': 1, 'Distribution': 0}",-0.0
2775,social.openhood.ru,$10^{2}$ to $10^{3}$,"{'NSFW': 1, 'Images': 1}","{'Action': 0, 'Behavior': 0, 'Content': 2, 'Distribution': 0}",-0.0
2776,social.ourwebgrove.com,$10^{2}$ to $10^{3}$,"{'NSFW': 1, 'Images': 1, 'Hate Speech': 1, 'Incitement of Violence': 1, 'Harassment': 1, 'Doxxing/ Personal Info': 1, 'Advertising & Commercialization': 1, 'Spam': 1}","{'Action': 0, 'Behavior': 2, 'Content': 4, 'Distribution': 2}",1.5
2777,social.outof.coffee,$10^{1}$ to $10^{2}$ ,"{'Harassment': 4, 'Hate Speech': 2}","{'Action': 0, 'Behavior': 4, 'Content': 2, 'Distribution': 0}",0.9182958340544896
2778,social.overheid.nl,$10^{2}$ to $10^{3}$,"{'Hate Speech': 3, 'Harassment': 1, 'Off-topic/topic specific': 2, 'Incitement of Violence': 1, 'Mis/Disinformation/Conspiracy': 2, 'Doxxing/ Personal Info': 1, 'Advertising & Commercialization': 1}","{'Action': 0, 'Behavior': 2, 'Content': 8, 'Distribution': 1}",1.0957952550009336
2779,social.owlcode.tech,$10^{1}$ to $10^{2}$ ,"{'Automated tools': 1, 'Hate Speech': 5, 'Mis/Disinformation/Conspiracy': 2}","{'Action': 1, 'Behavior': 0, 'Content': 7, 'Distribution': 0}",0.5435644431995964
2780,social.partnerwerk.de,$10^{1}$ to $10^{2}$ ,"{'Links & Outside Content': 1, 'Mis/Disinformation/Conspiracy': 1, 'Not Applicable': 1, 'Automated tools': 1}","{'Action': 1, 'Behavior': 0, 'Content': 2, 'Distribution': 0}",0.9182958340544896
2781,social.patchmixolydic.com,$10^{1}$ to $10^{2}$ ,"{'Hate Speech': 1, 'Illegal Content': 1, 'Harassment': 1}","{'Action': 0, 'Behavior': 1, 'Content': 2, 'Distribution': 0}",0.9182958340544896
2782,social.pawsitiv.space,$10^{2}$ to $10^{3}$,"{'Content Warnings': 2, 'Images': 1, 'Illegal Content': 1}","{'Action': 0, 'Behavior': 0, 'Content': 4, 'Distribution': 0}",-0.0
2783,social.photo,$10^{3}$ to $10^{4}$,"{'Content Warnings': 1, 'Images': 1, 'Hate Speech': 1, 'Incitement of Violence': 1, 'Harassment': 1, 'Doxxing/ Personal Info': 1, 'Illegal Content': 1}","{'Action': 0, 'Behavior': 2, 'Content': 5, 'Distribution': 0}",0.863120568566631
2784,social.pifferi.io,$10^{1}$ to $10^{2}$ ,"{'Hate Speech': 2, 'Harassment': 1, 'Doxxing/ Personal Info': 1, 'Illegal Content': 1, 'Mis/Disinformation/Conspiracy': 1, 'Content Warnings': 1, 'Images': 1, 'Off-topic/topic specific': 1}","{'Action': 0, 'Behavior': 2, 'Content': 7, 'Distribution': 0}",0.7642045065086203
2785,social.pincade.com.au,$10^{1}$ to $10^{2}$ ,"{'NSFW': 2, 'Harassment': 1, 'Trolling': 1, 'Content Warnings': 1, 'Images': 1, 'Illegal Content': 1, 'Hate Speech': 1}","{'Action': 0, 'Behavior': 2, 'Content': 6, 'Distribution': 0}",0.8112781244591328
2786,social.plux.wtf,$10^{1}$ to $10^{2}$ ,"{'Content Warnings': 1, 'Images': 1, 'Hate Speech': 1, 'Incitement of Violence': 1, 'Harassment': 1, 'Doxxing/ Personal Info': 1, 'Mis/Disinformation/Conspiracy': 1}","{'Action': 0, 'Behavior': 2, 'Content': 5, 'Distribution': 0}",0.863120568566631
2787,social.pmj.rocks,$10^{1}$ to $10^{2}$ ,{'Hate Speech': 1},"{'Action': 0, 'Behavior': 0, 'Content': 1, 'Distribution': 0}",-0.0
2788,social.pogo.community,$10^{2}$ to $10^{3}$,"{'Hate Speech': 1, 'Harassment': 1, 'NSFW': 1, 'Not Applicable': 1, 'Automated tools': 1, 'Illegal Content': 1, 'Spam': 1, 'Impersonation': 1}","{'Action': 1, 'Behavior': 2, 'Content': 3, 'Distribution': 1}",1.8423709931771084
2789,social.politicaconciencia.org,$10^{4}$ to $10^{5}$,"{'Hate Speech': 4, 'Harassment': 2, 'Images': 2, 'Trolling': 1, 'Off-topic/topic specific': 1, 'NSFW': 2, 'Illegal Content': 2, 'Content Warnings': 2}","{'Action': 0, 'Behavior': 3, 'Content': 13, 'Distribution': 0}",0.6962122601251458
2790,social.pornstarpromote.com,$10^{1}$ to $10^{2}$ ,"{'Content Warnings': 1, 'Copyright/ Piracy': 1, 'Illegal Content': 1, 'NSFW': 1, 'Hate Speech': 1, 'Harassment': 4, 'Impersonation': 1, 'Incitement of Violence': 1, 'Doxxing/ Personal Info': 1, 'Automated tools': 1}","{'Action': 1, 'Behavior': 6, 'Content': 5, 'Distribution': 1}",1.6143308351592656
2791,social.pp.lu,$10^{1}$ to $10^{2}$ ,"{'Harassment': 1, 'Trolling': 1}","{'Action': 0, 'Behavior': 2, 'Content': 0, 'Distribution': 0}",-0.0
2792,social.psychodog.co.uk,$10^{1}$ to $10^{2}$ ,{'Illegal Content': 1},"{'Action': 0, 'Behavior': 0, 'Content': 1, 'Distribution': 0}",-0.0
2793,social.pupsplus.fans,$10^{1}$ to $10^{2}$ ,"{'NSFW': 2, 'Content Warnings': 1, 'Images': 1, 'Hate Speech': 1}","{'Action': 0, 'Behavior': 0, 'Content': 5, 'Distribution': 0}",-0.0
2794,social.purple-horizon-clan.net,$10^{1}$ to $10^{2}$ ,"{'Harassment': 3, 'Trolling': 1, 'NSFW': 1}","{'Action': 0, 'Behavior': 4, 'Content': 1, 'Distribution': 0}",0.7219280948873623
2795,social.purrucker.de,$10^{1}$ to $10^{2}$ ,"{'Mis/Disinformation/Conspiracy': 1, 'Illegal Content': 1, 'Hate Speech': 1, 'Reposting/Crossposting': 1}","{'Action': 0, 'Behavior': 0, 'Content': 3, 'Distribution': 1}",0.8112781244591328
2796,social.r0r1.de,$10^{1}$ to $10^{2}$ ,"{'Content Warnings': 1, 'Images': 1, 'Hate Speech': 1, 'Incitement of Violence': 1, 'Harassment': 1, 'Doxxing/ Personal Info': 1, 'Illegal Content': 1, 'Mis/Disinformation/Conspiracy': 1}","{'Action': 0, 'Behavior': 2, 'Content': 6, 'Distribution': 0}",0.8112781244591328
2797,social.r4v3.party,$10^{1}$ to $10^{2}$ ,"{'Incitement of Violence': 1, 'Hate Speech': 1, 'Harassment': 1, 'Doxxing/ Personal Info': 1, 'Mis/Disinformation/Conspiracy': 1, 'NSFW': 1, 'Copyright/ Piracy': 1}","{'Action': 0, 'Behavior': 2, 'Content': 4, 'Distribution': 1}",1.3787834934861753
2798,social.randomsonicnet.org,$10^{1}$ to $10^{2}$ ,"{'Illegal Content': 1, 'Advertising & Commercialization': 1, 'Spam': 2}","{'Action': 0, 'Behavior': 0, 'Content': 1, 'Distribution': 3}",0.8112781244591328
2799,social.remoteplay.im,$10^{1}$ to $10^{2}$ ,"{'Hate Speech': 1, 'NSFW': 1}","{'Action': 0, 'Behavior': 0, 'Content': 2, 'Distribution': 0}",-0.0
2800,social.retronerd.at,$10^{1}$ to $10^{2}$ ,"{'Harassment': 1, 'Doxxing/ Personal Info': 1, 'Hate Speech': 3, 'Incitement of Violence': 1, 'NSFW': 2, 'Images': 1, 'Automated tools': 1, 'Advertising & Commercialization': 1, 'Spam': 1, 'Illegal Content': 1}","{'Action': 1, 'Behavior': 2, 'Content': 8, 'Distribution': 2}",1.5465935642949382
2801,social.rhea.art,$10^{1}$ to $10^{2}$ ,"{'Hate Speech': 1, 'Copyright/ Piracy': 1}","{'Action': 0, 'Behavior': 0, 'Content': 1, 'Distribution': 1}",1.0
2802,social.rickelobe.com,$10^{1}$ to $10^{2}$ ,"{'Content Warnings': 1, 'Illegal Content': 1, 'Impersonation': 1, 'Spam': 1}","{'Action': 0, 'Behavior': 1, 'Content': 2, 'Distribution': 1}",1.5
2803,social.rivne.dcomm.net.ua,$10^{2}$ to $10^{3}$,"{'Illegal Content': 1, 'Mis/Disinformation/Conspiracy': 2, 'Incitement of Violence': 1, 'Hate Speech': 1}","{'Action': 0, 'Behavior': 0, 'Content': 5, 'Distribution': 0}",-0.0
2804,social.roeckoe.be,$10^{1}$ to $10^{2}$ ,"{'Harassment': 2, 'Content Warnings': 1}","{'Action': 0, 'Behavior': 2, 'Content': 1, 'Distribution': 0}",0.9182958340544896
2805,social.rossabaker.com,$10^{1}$ to $10^{2}$ ,{'Mis/Disinformation/Conspiracy': 1},"{'Action': 0, 'Behavior': 0, 'Content': 1, 'Distribution': 0}",-0.0
2806,social.roteserver.de,$10^{1}$ to $10^{2}$ ,"{'NSFW': 1, 'Illegal Content': 1, 'Hate Speech': 1}","{'Action': 0, 'Behavior': 0, 'Content': 3, 'Distribution': 0}",-0.0
2807,social.running.cafe,$10^{2}$ to $10^{3}$,"{'Hate Speech': 1, 'Harassment': 1, 'NSFW': 1, 'Illegal Content': 1}","{'Action': 0, 'Behavior': 1, 'Content': 3, 'Distribution': 0}",0.8112781244591328
2808,social.saarland,$10^{3}$ to $10^{4}$,"{'Harassment': 2, 'Doxxing/ Personal Info': 1, 'Hate Speech': 3, 'Incitement of Violence': 1, 'Dogpiling': 1, 'Advertising & Commercialization': 2, 'NSFW': 1, 'Images': 1, 'Automated tools': 1}","{'Action': 1, 'Behavior': 4, 'Content': 6, 'Distribution': 2}",1.7381493331928664
2809,social.sargasso.nl,$10^{2}$ to $10^{3}$,"{'Incitement of Violence': 1, 'Hate Speech': 1, 'Mis/Disinformation/Conspiracy': 1, 'Doxxing/ Personal Info': 1, 'Automated tools': 1, 'NSFW': 1, 'Content Warnings': 1, 'Trolling': 1}","{'Action': 1, 'Behavior': 2, 'Content': 5, 'Distribution': 0}",1.2987949406953985
2810,social.savemy.name,$10^{1}$ to $10^{2}$ ,"{'Hate Speech': 2, 'Harassment': 1, 'Doxxing/ Personal Info': 1, 'Incitement of Violence': 1, 'Illegal Content': 1}","{'Action': 0, 'Behavior': 2, 'Content': 4, 'Distribution': 0}",0.9182958340544896
2811,social.schleswig-holstein.de,$10^{2}$ to $10^{3}$,"{'NSFW': 1, 'Incitement of Violence': 2, 'Images': 1, 'Hate Speech': 1, 'Illegal Content': 1, 'Mis/Disinformation/Conspiracy': 1, 'Spam': 2, 'Advertising & Commercialization': 1, 'Content Warnings': 1}","{'Action': 0, 'Behavior': 0, 'Content': 8, 'Distribution': 3}",0.8453509366224364
2812,social.sdf-cn.org,$10^{1}$ to $10^{2}$ ,"{'Advertising & Commercialization': 2, 'NSFW': 1, 'Illegal Content': 1, 'Hate Speech': 1, 'Harassment': 1, 'Spam': 1, 'Copyright/ Piracy': 1}","{'Action': 0, 'Behavior': 1, 'Content': 3, 'Distribution': 4}",1.4056390622295665
2813,social.sdfeu.org,$10^{2}$ to $10^{3}$,"{'Hate Speech': 1, 'Harassment': 1, 'Advertising & Commercialization': 1, 'Spam': 1, 'Copyright/ Piracy': 1}","{'Action': 0, 'Behavior': 1, 'Content': 1, 'Distribution': 3}",1.3709505944546687
2814,social.seattle.wa.us,$10^{3}$ to $10^{4}$,"{'Images': 1, 'Hate Speech': 1, 'Incitement of Violence': 1, 'Harassment': 1, 'Doxxing/ Personal Info': 1, 'Illegal Content': 1, 'Mis/Disinformation/Conspiracy': 1, 'Advertising & Commercialization': 2, 'Spam': 1}","{'Action': 0, 'Behavior': 2, 'Content': 5, 'Distribution': 3}",1.4854752972273344
2815,social.secret-wg.org,$10^{2}$ to $10^{3}$,"{'Incitement of Violence': 3, 'Harassment': 2, 'Content Warnings': 1, 'Images': 1, 'Advertising & Commercialization': 1, 'Spam': 1, 'Illegal Content': 1}","{'Action': 0, 'Behavior': 2, 'Content': 6, 'Distribution': 2}",1.3709505944546687
2816,social.security.plumbing,$10^{1}$ to $10^{2}$ ,"{'Spam': 1, 'Illegal Content': 1, 'Advertising & Commercialization': 1, 'Automated tools': 1}","{'Action': 1, 'Behavior': 0, 'Content': 1, 'Distribution': 2}",1.5
2817,social.secwarz.com,$10^{1}$ to $10^{2}$ ,"{'Illegal Content': 1, 'Hate Speech': 1}","{'Action': 0, 'Behavior': 0, 'Content': 2, 'Distribution': 0}",-0.0
2818,social.server17.net,$10^{1}$ to $10^{2}$ ,{'Hate Speech': 1},"{'Action': 0, 'Behavior': 0, 'Content': 1, 'Distribution': 0}",-0.0
2819,social.sgf.dev,$10^{2}$ to $10^{3}$,"{'Content Warnings': 1, 'Images': 1, 'Hate Speech': 1, 'Incitement of Violence': 2, 'Harassment': 1, 'Doxxing/ Personal Info': 1, 'Illegal Content': 1, 'Mis/Disinformation/Conspiracy': 1, 'Advertising & Commercialization': 1, 'Spam': 1, 'Automated tools': 1}","{'Action': 1, 'Behavior': 2, 'Content': 7, 'Distribution': 2}",1.6140054628542202
2820,social.shadow-corporation.com,$10^{1}$ to $10^{2}$ ,"{'Illegal Content': 1, 'Off-topic/topic specific': 1, 'Doxxing/ Personal Info': 1, 'Advertising & Commercialization': 1, 'Spam': 1, 'Mis/Disinformation/Conspiracy': 1, 'Automated tools': 1}","{'Action': 1, 'Behavior': 1, 'Content': 3, 'Distribution': 2}",1.8423709931771084
2821,social.shas.am,$10^{1}$ to $10^{2}$ ,"{'Content Warnings': 1, 'Off-topic/topic specific': 1, 'Not Applicable': 1, 'Reposting/Crossposting': 1}","{'Action': 0, 'Behavior': 0, 'Content': 2, 'Distribution': 1}",0.9182958340544896
2822,social.shinyuploads.com,$10^{2}$ to $10^{3}$,"{'Harassment': 1, 'Doxxing/ Personal Info': 1, 'Spam': 1}","{'Action': 0, 'Behavior': 2, 'Content': 0, 'Distribution': 1}",0.9182958340544896
2823,social.sigb.us,$10^{1}$ to $10^{2}$ ,"{'Incitement of Violence': 1, 'Hate Speech': 1, 'NSFW': 1, 'Content Warnings': 1, 'Illegal Content': 1}","{'Action': 0, 'Behavior': 0, 'Content': 5, 'Distribution': 0}",-0.0
2824,social.silicon.moe,$10^{3}$ to $10^{4}$,"{'Hate Speech': 1, 'Incitement of Violence': 1, 'Harassment': 1, 'NSFW': 1, 'Content Warnings': 1, 'Spam': 1, 'Not Applicable': 1, 'Automated tools': 1}","{'Action': 1, 'Behavior': 1, 'Content': 4, 'Distribution': 1}",1.6644977792004614
2825,social.sineware.ca,$10^{2}$ to $10^{3}$,"{'Content Warnings': 1, 'Images': 1, 'Hate Speech': 1, 'Incitement of Violence': 1, 'Harassment': 1, 'Doxxing/ Personal Info': 1, 'Illegal Content': 1, 'Mis/Disinformation/Conspiracy': 1}","{'Action': 0, 'Behavior': 2, 'Content': 6, 'Distribution': 0}",0.8112781244591328
2826,social.sitedethib.com,$10^{1}$ to $10^{2}$ ,{'Spam': 1},"{'Action': 0, 'Behavior': 0, 'Content': 0, 'Distribution': 1}",-0.0
2827,social.sixi.me,$10^{1}$ to $10^{2}$ ,"{'Advertising & Commercialization': 1, 'Illegal Content': 1, 'Doxxing/ Personal Info': 2, 'NSFW': 1, 'Hate Speech': 1, 'Harassment': 1, 'Links & Outside Content': 2, 'Off-topic/topic specific': 1}","{'Action': 0, 'Behavior': 3, 'Content': 6, 'Distribution': 1}",1.295461844238322
2828,social.skbo.net,$10^{1}$ to $10^{2}$ ,"{'Content Warnings': 1, 'Images': 1, 'Mis/Disinformation/Conspiracy': 1, 'Incitement of Violence': 1, 'Hate Speech': 1}","{'Action': 0, 'Behavior': 0, 'Content': 5, 'Distribution': 0}",-0.0
2829,social.skynetcloud.site,$10^{1}$ to $10^{2}$ ,{'Advertising & Commercialization': 1},"{'Action': 0, 'Behavior': 0, 'Content': 0, 'Distribution': 1}",-0.0
2830,social.slat.org,$10^{4}$ to $10^{5}$,"{'Links & Outside Content': 1, 'Advertising & Commercialization': 1, 'Spam': 1}","{'Action': 0, 'Behavior': 0, 'Content': 1, 'Distribution': 2}",0.9182958340544896
2831,social.smaier.net,$10^{1}$ to $10^{2}$ ,"{'Images': 1, 'Hate Speech': 1, 'Incitement of Violence': 1, 'Harassment': 1, 'Doxxing/ Personal Info': 1, 'Illegal Content': 1, 'Mis/Disinformation/Conspiracy': 1}","{'Action': 0, 'Behavior': 2, 'Content': 5, 'Distribution': 0}",0.863120568566631
2832,social.smalldog.club,$10^{1}$ to $10^{2}$ ,"{'Hate Speech': 1, 'Harassment': 1}","{'Action': 0, 'Behavior': 1, 'Content': 1, 'Distribution': 0}",1.0
2833,social.smnz.de,$10^{2}$ to $10^{3}$,"{'Spam': 1, 'Illegal Content': 1, 'NSFW': 1, 'Content Warnings': 1, 'Automated tools': 1}","{'Action': 1, 'Behavior': 0, 'Content': 3, 'Distribution': 1}",1.3709505944546687
2834,social.sndevs.com,$10^{3}$ to $10^{4}$,"{'NSFW': 1, 'Hate Speech': 1, 'Incitement of Violence': 1, 'Harassment': 1, 'Doxxing/ Personal Info': 1, 'Illegal Content': 1, 'Mis/Disinformation/Conspiracy': 1}","{'Action': 0, 'Behavior': 2, 'Content': 5, 'Distribution': 0}",0.863120568566631
2835,social.snowcat.link,$10^{1}$ to $10^{2}$ ,{'Illegal Content': 1},"{'Action': 0, 'Behavior': 0, 'Content': 1, 'Distribution': 0}",-0.0
2836,social.soraharu.com,$10^{2}$ to $10^{3}$,"{'Off-topic/topic specific': 1, 'NSFW': 3, 'Content Warnings': 2, 'Images': 1, 'Harassment': 1, 'Trolling': 1, 'Illegal Content': 1, 'Advertising & Commercialization': 1, 'Spam': 1}","{'Action': 0, 'Behavior': 2, 'Content': 8, 'Distribution': 2}",1.2516291673878228
2837,social.sp-codes.de,$10^{2}$ to $10^{3}$,"{'Harassment': 2, 'Doxxing/ Personal Info': 1, 'Hate Speech': 3, 'Incitement of Violence': 2, 'Dogpiling': 1, 'NSFW': 1, 'Mis/Disinformation/Conspiracy': 1, 'Advertising & Commercialization': 1, 'Spam': 1, 'Illegal Content': 1}","{'Action': 0, 'Behavior': 4, 'Content': 8, 'Distribution': 2}",1.3787834934861753
2838,social.sparkforge.pro,$10^{1}$ to $10^{2}$ ,"{'Harassment': 1, 'Trolling': 1}","{'Action': 0, 'Behavior': 2, 'Content': 0, 'Distribution': 0}",-0.0
2839,social.sparkles.cafe,$10^{1}$ to $10^{2}$ ,"{'NSFW': 1, 'Content Warnings': 1, 'Hate Speech': 1}","{'Action': 0, 'Behavior': 0, 'Content': 3, 'Distribution': 0}",-0.0
2840,social.spejset.org,$10^{3}$ to $10^{4}$,"{'Hate Speech': 1, 'Incitement of Violence': 1, 'Harassment': 1, 'Mis/Disinformation/Conspiracy': 1, 'Illegal Content': 1, 'Advertising & Commercialization': 1, 'Spam': 1, 'NSFW': 1, 'Not Applicable': 2, 'Automated tools': 2}","{'Action': 2, 'Behavior': 1, 'Content': 5, 'Distribution': 2}",1.7609640474436812
2841,social.spork.gg,$10^{1}$ to $10^{2}$ ,{'Hate Speech': 1},"{'Action': 0, 'Behavior': 0, 'Content': 1, 'Distribution': 0}",-0.0
2842,social.starmade.de,$10^{1}$ to $10^{2}$ ,{'Hate Speech': 5},"{'Action': 0, 'Behavior': 0, 'Content': 5, 'Distribution': 0}",-0.0
2843,social.storydragon.nl,$10^{1}$ to $10^{2}$ ,"{'Harassment': 1, 'Doxxing/ Personal Info': 1, 'Mis/Disinformation/Conspiracy': 1, 'NSFW': 2, 'Content Warnings': 2, 'Illegal Content': 1, 'Images': 1}","{'Action': 0, 'Behavior': 2, 'Content': 7, 'Distribution': 0}",0.7642045065086203
2844,social.subpolygon.com,$10^{1}$ to $10^{2}$ ,"{'Illegal Content': 1, 'NSFW': 1}","{'Action': 0, 'Behavior': 0, 'Content': 2, 'Distribution': 0}",-0.0
2845,social.suchtbasis.de,$10^{1}$ to $10^{2}$ ,"{'Content Warnings': 2, 'Images': 1, 'Hate Speech': 1, 'Incitement of Violence': 1, 'Harassment': 1, 'Doxxing/ Personal Info': 1, 'Illegal Content': 1, 'Mis/Disinformation/Conspiracy': 1}","{'Action': 0, 'Behavior': 2, 'Content': 7, 'Distribution': 0}",0.7642045065086203
2846,social.sunet.se,$10^{3}$ to $10^{4}$,"{'Illegal Content': 1, 'Mis/Disinformation/Conspiracy': 1}","{'Action': 0, 'Behavior': 0, 'Content': 2, 'Distribution': 0}",-0.0
2847,social.sveken.au,$10^{1}$ to $10^{2}$ ,"{'Illegal Content': 1, 'Hate Speech': 1, 'Content Warnings': 1, 'Impersonation': 1}","{'Action': 0, 'Behavior': 1, 'Content': 3, 'Distribution': 0}",0.8112781244591328
2848,social.synesthesia.co.uk,$10^{1}$ to $10^{2}$ ,{'Illegal Content': 1},"{'Action': 0, 'Behavior': 0, 'Content': 1, 'Distribution': 0}",-0.0
2849,social.tcpcat.net,$10^{2}$ to $10^{3}$,"{'Illegal Content': 2, 'NSFW': 2, 'Images': 1}","{'Action': 0, 'Behavior': 0, 'Content': 5, 'Distribution': 0}",-0.0
2850,social.team-unix.de,$10^{1}$ to $10^{2}$ ,"{'Hate Speech': 1, 'Content Warnings': 1, 'Images': 1, 'Incitement of Violence': 1, 'Harassment': 1, 'Doxxing/ Personal Info': 1, 'Illegal Content': 1, 'Mis/Disinformation/Conspiracy': 1}","{'Action': 0, 'Behavior': 2, 'Content': 6, 'Distribution': 0}",0.8112781244591328
2851,social.teamb.space,$10^{1}$ to $10^{2}$ ,"{'Hate Speech': 1, 'Mis/Disinformation/Conspiracy': 1, 'Not Applicable': 1, 'Links & Outside Content': 3}","{'Action': 0, 'Behavior': 0, 'Content': 5, 'Distribution': 0}",-0.0
2852,social.techliminal.com,$10^{2}$ to $10^{3}$,"{'Hate Speech': 1, 'Trolling': 1, 'Harassment': 1, 'Advertising & Commercialization': 1, 'Spam': 1}","{'Action': 0, 'Behavior': 2, 'Content': 1, 'Distribution': 2}",1.5219280948873621
2853,social.territorisostenibili.org,$10^{1}$ to $10^{2}$ ,"{'Illegal Content': 2, 'NSFW': 2, 'Images': 2, 'Advertising & Commercialization': 1, 'Spam': 1, 'Hate Speech': 3, 'Harassment': 2, 'Doxxing/ Personal Info': 1, 'Mis/Disinformation/Conspiracy': 1}","{'Action': 0, 'Behavior': 3, 'Content': 10, 'Distribution': 2}",1.2419460322060458
2854,social.thearchitects.world,$10^{1}$ to $10^{2}$ ,"{'Harassment': 1, 'Trolling': 1, 'Hate Speech': 1, 'Advertising & Commercialization': 1, 'Spam': 1, 'Illegal Content': 1, 'Mis/Disinformation/Conspiracy': 1}","{'Action': 0, 'Behavior': 2, 'Content': 3, 'Distribution': 2}",1.5566567074628228
2855,social.thedevane.family,$10^{1}$ to $10^{2}$ ,{'NSFW': 1},"{'Action': 0, 'Behavior': 0, 'Content': 1, 'Distribution': 0}",-0.0
2856,social.thegeneral.chat,$10^{1}$ to $10^{2}$ ,"{'Hate Speech': 2, 'NSFW': 1, 'Content Warnings': 1}","{'Action': 0, 'Behavior': 0, 'Content': 4, 'Distribution': 0}",-0.0
2857,social.theindiestone.com,$10^{1}$ to $10^{2}$ ,{'Hate Speech': 1},"{'Action': 0, 'Behavior': 0, 'Content': 1, 'Distribution': 0}",-0.0
2858,social.thisisjoes.site,$10^{2}$ to $10^{3}$,"{'Illegal Content': 1, 'Harassment': 1, 'Spam': 1, 'Advertising & Commercialization': 1, 'NSFW': 1, 'Content Warnings': 1}","{'Action': 0, 'Behavior': 1, 'Content': 3, 'Distribution': 2}",1.4591479170272446
2859,social.thms.uk,$10^{1}$ to $10^{2}$ ,"{'Hate Speech': 1, 'Incitement of Violence': 2, 'Harassment': 1, 'Doxxing/ Personal Info': 1, 'Illegal Content': 1, 'NSFW': 1, 'Content Warnings': 1}","{'Action': 0, 'Behavior': 2, 'Content': 6, 'Distribution': 0}",0.8112781244591328
2860,social.thunderkeys.net,$10^{1}$ to $10^{2}$ ,{'Mis/Disinformation/Conspiracy': 1},"{'Action': 0, 'Behavior': 0, 'Content': 1, 'Distribution': 0}",-0.0
2861,social.toot9.de,$10^{1}$ to $10^{2}$ ,"{'Hate Speech': 3, 'Harassment': 3, 'Not Applicable': 1, 'Doxxing/ Personal Info': 1, 'NSFW': 1, 'Dogpiling': 1, 'Incitement of Violence': 1, 'Illegal Content': 1, 'Trolling': 1, 'Automated tools': 1, 'Reposting/Crossposting': 1}","{'Action': 1, 'Behavior': 6, 'Content': 6, 'Distribution': 1}",1.5916727785823275
2862,social.toplap.org,$10^{3}$ to $10^{4}$,"{'Hate Speech': 1, 'Harassment': 1, 'Images': 1, 'Advertising & Commercialization': 1, 'Spam': 1}","{'Action': 0, 'Behavior': 1, 'Content': 2, 'Distribution': 2}",1.5219280948873621
2863,social.transrights.art,$10^{1}$ to $10^{2}$ ,{'Hate Speech': 1},"{'Action': 0, 'Behavior': 0, 'Content': 1, 'Distribution': 0}",-0.0
2864,social.transsafety.network,$10^{1}$ to $10^{2}$ ,"{'Harassment': 1, 'Hate Speech': 1}","{'Action': 0, 'Behavior': 1, 'Content': 1, 'Distribution': 0}",1.0
2865,social.treehouse.systems,$10^{4}$ to $10^{5}$,"{'Incitement of Violence': 1, 'Hate Speech': 4, 'NSFW': 1, 'Content Warnings': 1, 'Links & Outside Content': 1}","{'Action': 0, 'Behavior': 0, 'Content': 8, 'Distribution': 0}",-0.0
2866,social.tripelix.com,$10^{2}$ to $10^{3}$,"{'Content Warnings': 1, 'Images': 1, 'Hate Speech': 1, 'Harassment': 1, 'Doxxing/ Personal Info': 1, 'Mis/Disinformation/Conspiracy': 1}","{'Action': 0, 'Behavior': 2, 'Content': 4, 'Distribution': 0}",0.9182958340544896
2867,social.trizz.io,$10^{1}$ to $10^{2}$ ,"{'Illegal Content': 3, 'Incitement of Violence': 2, 'Hate Speech': 3, 'NSFW': 3, 'Content Warnings': 1, 'Spam': 1, 'Links & Outside Content': 1, 'Harassment': 1, 'Impersonation': 1}","{'Action': 0, 'Behavior': 2, 'Content': 13, 'Distribution': 1}",0.8683927290103626
2868,social.trout.garden,$10^{1}$ to $10^{2}$ ,{'Harassment': 1},"{'Action': 0, 'Behavior': 1, 'Content': 0, 'Distribution': 0}",-0.0
2869,social.ttnrtsite.me,$10^{1}$ to $10^{2}$ ,"{'Harassment': 1, 'Illegal Content': 1, 'Hate Speech': 1, 'NSFW': 1}","{'Action': 0, 'Behavior': 1, 'Content': 3, 'Distribution': 0}",0.8112781244591328
2870,social.tulsa.ok.us,$10^{2}$ to $10^{3}$,"{'NSFW': 1, 'Content Warnings': 2, 'Hate Speech': 1, 'Illegal Content': 1, 'Mis/Disinformation/Conspiracy': 1}","{'Action': 0, 'Behavior': 0, 'Content': 6, 'Distribution': 0}",-0.0
2871,social.twotenlabs.net,$10^{2}$ to $10^{3}$,"{'Hate Speech': 1, 'Incitement of Violence': 2, 'Harassment': 1, 'Doxxing/ Personal Info': 1, 'Illegal Content': 1, 'Mis/Disinformation/Conspiracy': 1, 'Advertising & Commercialization': 1, 'Spam': 1, 'Automated tools': 1}","{'Action': 1, 'Behavior': 2, 'Content': 5, 'Distribution': 2}",1.7609640474436812
2872,social.uggs.io,$10^{1}$ to $10^{2}$ ,"{'Content Warnings': 1, 'Images': 1}","{'Action': 0, 'Behavior': 0, 'Content': 2, 'Distribution': 0}",-0.0
2873,social.underdesk.net,$10^{1}$ to $10^{2}$ ,"{'Hate Speech': 3, 'Trolling': 1, 'Mis/Disinformation/Conspiracy': 1, 'NSFW': 1, 'Illegal Content': 2, 'Incitement of Violence': 1, 'Spam': 1}","{'Action': 0, 'Behavior': 1, 'Content': 8, 'Distribution': 1}",0.9219280948873623
2874,social.undrground.org,$10^{2}$ to $10^{3}$,"{'Hate Speech': 1, 'NSFW': 1, 'Images': 2, 'Content Warnings': 1}","{'Action': 0, 'Behavior': 0, 'Content': 5, 'Distribution': 0}",-0.0
2875,social.validpostage.com,$10^{2}$ to $10^{3}$,"{'Content Warnings': 1, 'Illegal Content': 1, 'Spam': 1, 'Hate Speech': 1, 'Harassment': 1}","{'Action': 0, 'Behavior': 1, 'Content': 3, 'Distribution': 1}",1.3709505944546687
2876,social.van-hemmen.com,$10^{1}$ to $10^{2}$ ,"{'Content Warnings': 1, 'Images': 1, 'Hate Speech': 1, 'Incitement of Violence': 1, 'Harassment': 1, 'Doxxing/ Personal Info': 1, 'Illegal Content': 1, 'Advertising & Commercialization': 1, 'Spam': 1}","{'Action': 0, 'Behavior': 2, 'Content': 5, 'Distribution': 2}",1.4355205042826666
2877,social.vasilis.nl,$10^{1}$ to $10^{2}$ ,{'Automated tools': 1},"{'Action': 1, 'Behavior': 0, 'Content': 0, 'Distribution': 0}",-0.0
2878,social.vegan.im.it,$10^{1}$ to $10^{2}$ ,{'Impersonation': 1},"{'Action': 0, 'Behavior': 1, 'Content': 0, 'Distribution': 0}",-0.0
2879,social.veraciousnetwork.com,$10^{4}$ to $10^{5}$,"{'Hate Speech': 1, 'Harassment': 1, 'Off-topic/topic specific': 1, 'Advertising & Commercialization': 1, 'Spam': 1, 'Links & Outside Content': 1, 'Mis/Disinformation/Conspiracy': 1, 'NSFW': 1, 'Content Warnings': 1, 'Illegal Content': 1}","{'Action': 0, 'Behavior': 1, 'Content': 7, 'Distribution': 2}",1.1567796494470395
2880,social.vivaldi.net,$10^{5}$ to $10^{6}$ ,"{'NSFW': 1, 'Images': 1, 'Hate Speech': 1, 'Incitement of Violence': 1, 'Harassment': 1, 'Doxxing/ Personal Info': 1, 'Illegal Content': 1, 'Mis/Disinformation/Conspiracy': 1}","{'Action': 0, 'Behavior': 2, 'Content': 6, 'Distribution': 0}",0.8112781244591328
2881,social.vouaix.com,$10^{1}$ to $10^{2}$ ,"{'Content Warnings': 1, 'Copyright/ Piracy': 1, 'Illegal Content': 1, 'NSFW': 1, 'Hate Speech': 1, 'Harassment': 4, 'Impersonation': 1, 'Doxxing/ Personal Info': 2, 'Automated tools': 1}","{'Action': 1, 'Behavior': 7, 'Content': 4, 'Distribution': 1}",1.573402452417767
2882,social.vsp.ink,$10^{1}$ to $10^{2}$ ,"{'Links & Outside Content': 1, 'Off-topic/topic specific': 1}","{'Action': 0, 'Behavior': 0, 'Content': 2, 'Distribution': 0}",-0.0
2883,social.vvdog.net,$10^{1}$ to $10^{2}$ ,"{'Illegal Content': 1, 'Incitement of Violence': 1, 'Hate Speech': 2, 'NSFW': 2, 'Content Warnings': 3, 'Off-topic/topic specific': 1, 'Mis/Disinformation/Conspiracy': 1}","{'Action': 0, 'Behavior': 0, 'Content': 11, 'Distribution': 0}",-0.0
2884,social.vyvojari.dev,$10^{2}$ to $10^{3}$,"{'NSFW': 1, 'Hate Speech': 1}","{'Action': 0, 'Behavior': 0, 'Content': 2, 'Distribution': 0}",-0.0
2885,social.wakemu.fr,$10^{1}$ to $10^{2}$ ,"{'Illegal Content': 1, 'NSFW': 1, 'Content Warnings': 1, 'Incitement of Violence': 1, 'Hate Speech': 1, 'Advertising & Commercialization': 1, 'Spam': 1}","{'Action': 0, 'Behavior': 0, 'Content': 5, 'Distribution': 2}",0.863120568566631
2886,social.wastaken.xyz,$10^{1}$ to $10^{2}$ ,"{'Hate Speech': 2, 'Content Warnings': 1, 'Illegal Content': 1, 'NSFW': 1, 'Incitement of Violence': 1}","{'Action': 0, 'Behavior': 0, 'Content': 6, 'Distribution': 0}",-0.0
2887,social.wastedalpaca.wtf,$10^{2}$ to $10^{3}$,"{'Hate Speech': 2, 'NSFW': 1, 'Content Warnings': 1, 'Spam': 1, 'Automated tools': 1}","{'Action': 1, 'Behavior': 0, 'Content': 4, 'Distribution': 1}",1.2516291673878228
2888,social.wierenga.net,$10^{1}$ to $10^{2}$ ,{'Off-topic/topic specific': 1},"{'Action': 0, 'Behavior': 0, 'Content': 1, 'Distribution': 0}",-0.0
2889,social.wigger.one,$10^{1}$ to $10^{2}$ ,"{'Hate Speech': 2, 'Harassment': 1, 'Illegal Content': 2, 'Automated tools': 1, 'Mis/Disinformation/Conspiracy': 1, 'Incitement of Violence': 1, 'Impersonation': 1, 'Images': 2, 'Advertising & Commercialization': 1, 'Spam': 1, 'NSFW': 1}","{'Action': 1, 'Behavior': 2, 'Content': 9, 'Distribution': 2}",1.483831706844689
2890,social.wikimedia.de,$10^{2}$ to $10^{3}$,"{'Hate Speech': 2, 'Spam': 1, 'Trolling': 1, 'Harassment': 1, 'Doxxing/ Personal Info': 1, 'Mis/Disinformation/Conspiracy': 1, 'NSFW': 1, 'Content Warnings': 1}","{'Action': 0, 'Behavior': 3, 'Content': 5, 'Distribution': 1}",1.3516441151533922
2891,social.wildeboer.net,$10^{1}$ to $10^{2}$ ,{'Copyright/ Piracy': 1},"{'Action': 0, 'Behavior': 0, 'Content': 0, 'Distribution': 1}",-0.0
2892,social.wiredancer.hu,$10^{1}$ to $10^{2}$ ,"{'Doxxing/ Personal Info': 1, 'Mis/Disinformation/Conspiracy': 1, 'Incitement of Violence': 1, 'Harassment': 1, 'Advertising & Commercialization': 1, 'Spam': 1, 'Content Warnings': 1}","{'Action': 0, 'Behavior': 2, 'Content': 3, 'Distribution': 2}",1.5566567074628228
2893,social.wjt.je,$10^{1}$ to $10^{2}$ ,"{'Hate Speech': 1, 'Impersonation': 1}","{'Action': 0, 'Behavior': 1, 'Content': 1, 'Distribution': 0}",1.0
2894,social.worldc.one,$10^{1}$ to $10^{2}$ ,"{'NSFW': 1, 'Illegal Content': 2, 'Hate Speech': 2, 'Harassment': 1, 'Spam': 1}","{'Action': 0, 'Behavior': 1, 'Content': 5, 'Distribution': 1}",1.1488348542809166
2895,social.xavierbigfox.net,$10^{1}$ to $10^{2}$ ,"{'NSFW': 4, 'Content Warnings': 1, 'Hate Speech': 1, 'Illegal Content': 3}","{'Action': 0, 'Behavior': 0, 'Content': 9, 'Distribution': 0}",-0.0
2896,social.xwyqi.org,$10^{1}$ to $10^{2}$ ,"{'Hate Speech': 2, 'Harassment': 1}","{'Action': 0, 'Behavior': 1, 'Content': 2, 'Distribution': 0}",0.9182958340544896
2897,social.y-gallery.net,$10^{3}$ to $10^{4}$,"{'Reposting/Crossposting': 2, 'Copyright/ Piracy': 3, 'Hate Speech': 1, 'Trolling': 1, 'Harassment': 1, 'Not Applicable': 1, 'Spam': 1, 'Images': 7, 'Impersonation': 1, 'Automated tools': 1, 'NSFW': 3}","{'Action': 1, 'Behavior': 3, 'Content': 11, 'Distribution': 6}",1.6152502650882519
2898,social.yewdar.world,$10^{1}$ to $10^{2}$ ,"{'Hate Speech': 1, 'Harassment': 1, 'Dogpiling': 1, 'Mis/Disinformation/Conspiracy': 1, 'Content Warnings': 1, 'Images': 1, 'Doxxing/ Personal Info': 1, 'Advertising & Commercialization': 1}","{'Action': 0, 'Behavior': 3, 'Content': 4, 'Distribution': 1}",1.4056390622295665
2899,social.yjsoft.me,$10^{1}$ to $10^{2}$ ,"{'Hate Speech': 1, 'Spam': 1}","{'Action': 0, 'Behavior': 0, 'Content': 1, 'Distribution': 1}",1.0
2900,social.ymstnt.com,$10^{1}$ to $10^{2}$ ,"{'Images': 1, 'Advertising & Commercialization': 1, 'Spam': 1, 'Hate Speech': 1, 'Incitement of Violence': 1, 'Mis/Disinformation/Conspiracy': 1, 'Illegal Content': 1, 'Copyright/ Piracy': 1}","{'Action': 0, 'Behavior': 0, 'Content': 5, 'Distribution': 3}",0.954434002924965
2901,social.yussuv.com,$10^{1}$ to $10^{2}$ ,"{'Content Warnings': 1, 'Images': 1, 'Incitement of Violence': 1, 'Harassment': 1, 'Doxxing/ Personal Info': 1, 'Mis/Disinformation/Conspiracy': 1}","{'Action': 0, 'Behavior': 2, 'Content': 4, 'Distribution': 0}",0.9182958340544896
2902,social.zedpro.me,$10^{1}$ to $10^{2}$ ,{'Hate Speech': 1},"{'Action': 0, 'Behavior': 0, 'Content': 1, 'Distribution': 0}",-0.0
2903,social.ziez.eu,$10^{1}$ to $10^{2}$ ,"{'Images': 1, 'Hate Speech': 1, 'Incitement of Violence': 1, 'Harassment': 1, 'Doxxing/ Personal Info': 1, 'Illegal Content': 1, 'Mis/Disinformation/Conspiracy': 1}","{'Action': 0, 'Behavior': 2, 'Content': 5, 'Distribution': 0}",0.863120568566631
2904,social.zoc.me,$10^{1}$ to $10^{2}$ ,"{'Illegal Content': 1, 'NSFW': 1, 'Images': 2, 'Advertising & Commercialization': 1, 'Spam': 1, 'Harassment': 3, 'Hate Speech': 3, 'Doxxing/ Personal Info': 2, 'Mis/Disinformation/Conspiracy': 1}","{'Action': 0, 'Behavior': 5, 'Content': 8, 'Distribution': 2}",1.3995812306460644
2905,social.zocradio.info,$10^{1}$ to $10^{2}$ ,"{'Advertising & Commercialization': 1, 'Automated tools': 1}","{'Action': 1, 'Behavior': 0, 'Content': 0, 'Distribution': 1}",1.0
2906,social.zvavybir.eu,$10^{1}$ to $10^{2}$ ,"{'Incitement of Violence': 1, 'Hate Speech': 2}","{'Action': 0, 'Behavior': 0, 'Content': 3, 'Distribution': 0}",-0.0
2907,social.zym.lol,$10^{2}$ to $10^{3}$,"{'Harassment': 1, 'Hate Speech': 2, 'Spam': 1, 'Impersonation': 1, 'Incitement of Violence': 1, 'Mis/Disinformation/Conspiracy': 1, 'Content Warnings': 1, 'Images': 1}","{'Action': 0, 'Behavior': 2, 'Content': 6, 'Distribution': 1}",1.224394445405986
2908,social.zyphyr.de,$10^{1}$ to $10^{2}$ ,{'Hate Speech': 1},"{'Action': 0, 'Behavior': 0, 'Content': 1, 'Distribution': 0}",-0.0
2909,socialclub.nyc,$10^{3}$ to $10^{4}$,"{'Hate Speech': 1, 'Harassment': 1, 'Doxxing/ Personal Info': 1, 'Illegal Content': 1, 'Incitement of Violence': 1, 'Spam': 1, 'Automated tools': 1, 'NSFW': 1, 'Content Warnings': 1}","{'Action': 1, 'Behavior': 2, 'Content': 5, 'Distribution': 1}",1.6577427265048887
2910,sociale.network,$10^{4}$ to $10^{5}$,"{'Hate Speech': 3, 'Mis/Disinformation/Conspiracy': 2, 'Harassment': 1, 'Doxxing/ Personal Info': 1}","{'Action': 0, 'Behavior': 2, 'Content': 5, 'Distribution': 0}",0.863120568566631
2911,socialnotwork.net,$10^{2}$ to $10^{3}$,"{'Hate Speech': 1, 'Spam': 1}","{'Action': 0, 'Behavior': 0, 'Content': 1, 'Distribution': 1}",1.0
2912,socialpa.ws,$10^{2}$ to $10^{3}$,"{'NSFW': 1, 'Content Warnings': 1, 'Off-topic/topic specific': 1, 'Hate Speech': 1, 'Illegal Content': 1, 'Copyright/ Piracy': 1, 'Links & Outside Content': 1}","{'Action': 0, 'Behavior': 0, 'Content': 6, 'Distribution': 1}",0.5916727785823275
2913,socialserver.science,$10^{2}$ to $10^{3}$,{'Hate Speech': 3},"{'Action': 0, 'Behavior': 0, 'Content': 3, 'Distribution': 0}",-0.0
2914,socialturtle.eu,$10^{1}$ to $10^{2}$ ,"{'Hate Speech': 1, 'Harassment': 1, 'Doxxing/ Personal Info': 1, 'Content Warnings': 2, 'NSFW': 1, 'Advertising & Commercialization': 1, 'Spam': 1}","{'Action': 0, 'Behavior': 2, 'Content': 4, 'Distribution': 2}",1.5
2915,socl.win,$10^{1}$ to $10^{2}$ ,"{'Hate Speech': 2, 'Harassment': 1, 'Illegal Content': 2, 'Spam': 1, 'Links & Outside Content': 1, 'Doxxing/ Personal Info': 1, 'NSFW': 1, 'Content Warnings': 2, 'Mis/Disinformation/Conspiracy': 1, 'Images': 1}","{'Action': 0, 'Behavior': 2, 'Content': 10, 'Distribution': 1}",0.9912642605354288
2916,solarpunk.moe,$10^{3}$ to $10^{4}$,"{'Content Warnings': 1, 'Images': 1, 'Hate Speech': 2, 'Incitement of Violence': 1, 'Harassment': 2, 'Doxxing/ Personal Info': 1}","{'Action': 0, 'Behavior': 3, 'Content': 5, 'Distribution': 0}",0.954434002924965
2917,solarsystem.social,$10^{2}$ to $10^{3}$,"{'Images': 1, 'Content Warnings': 1}","{'Action': 0, 'Behavior': 0, 'Content': 2, 'Distribution': 0}",-0.0
2918,solderma.sk,$10^{1}$ to $10^{2}$ ,"{'Advertising & Commercialization': 1, 'Copyright/ Piracy': 1, 'NSFW': 1}","{'Action': 0, 'Behavior': 0, 'Content': 1, 'Distribution': 2}",0.9182958340544896
2919,solutionpoint.in,$10^{1}$ to $10^{2}$ ,"{'Links & Outside Content': 1, 'Off-topic/topic specific': 1}","{'Action': 0, 'Behavior': 0, 'Content': 2, 'Distribution': 0}",-0.0
2920,someone.elses.computer,$10^{2}$ to $10^{3}$,"{'Content Warnings': 1, 'Images': 1, 'Hate Speech': 1, 'Incitement of Violence': 1, 'Harassment': 1, 'Doxxing/ Personal Info': 1, 'Illegal Content': 1, 'Mis/Disinformation/Conspiracy': 1}","{'Action': 0, 'Behavior': 2, 'Content': 6, 'Distribution': 0}",0.8112781244591328
2921,somewhy.net,$10^{1}$ to $10^{2}$ ,"{'Illegal Content': 1, 'Copyright/ Piracy': 1, 'NSFW': 1, 'Content Warnings': 1}","{'Action': 0, 'Behavior': 0, 'Content': 3, 'Distribution': 1}",0.8112781244591328
2922,songbird.cloud,$10^{3}$ to $10^{4}$,"{'NSFW': 1, 'Content Warnings': 1, 'Hate Speech': 1, 'Harassment': 2, 'Dogpiling': 1, 'Doxxing/ Personal Info': 1, 'Incitement of Violence': 1, 'Mis/Disinformation/Conspiracy': 1, 'Illegal Content': 2, 'Impersonation': 1, 'Spam': 1, 'Automated tools': 1}","{'Action': 1, 'Behavior': 5, 'Content': 7, 'Distribution': 1}",1.5744174271404583
2923,sonomaca.social,$10^{1}$ to $10^{2}$ ,"{'Illegal Content': 1, 'Hate Speech': 1}","{'Action': 0, 'Behavior': 0, 'Content': 2, 'Distribution': 0}",-0.0
2924,sonomu.club,$10^{3}$ to $10^{4}$,"{'Hate Speech': 3, 'Doxxing/ Personal Info': 2, 'Harassment': 2, 'Dogpiling': 1, 'Mis/Disinformation/Conspiracy': 1, 'Advertising & Commercialization': 1, 'Spam': 1, 'Automated tools': 1, 'NSFW': 1, 'Content Warnings': 1, 'Illegal Content': 1}","{'Action': 1, 'Behavior': 5, 'Content': 7, 'Distribution': 2}",1.6894822670191825
2925,sosialist.party,$10^{2}$ to $10^{3}$,"{'Hate Speech': 3, 'Mis/Disinformation/Conspiracy': 1, 'NSFW': 1, 'Content Warnings': 1, 'Links & Outside Content': 1}","{'Action': 0, 'Behavior': 0, 'Content': 7, 'Distribution': 0}",-0.0
2926,sosialt.datasenter.drammen.no,$10^{1}$ to $10^{2}$ ,"{'Doxxing/ Personal Info': 1, 'Hate Speech': 1, 'Harassment': 1, 'NSFW': 1, 'Content Warnings': 1, 'Incitement of Violence': 1, 'Spam': 2, 'Copyright/ Piracy': 2, 'Illegal Content': 1, 'Impersonation': 1, 'Mis/Disinformation/Conspiracy': 1}","{'Action': 0, 'Behavior': 3, 'Content': 6, 'Distribution': 4}",1.5262349099495225
2927,sosyal.ihlal.net.tr,$10^{1}$ to $10^{2}$ ,"{'Content Warnings': 1, 'Images': 1, 'Hate Speech': 1, 'Incitement of Violence': 1, 'Harassment': 1, 'Doxxing/ Personal Info': 1, 'Advertising & Commercialization': 1, 'Spam': 1}","{'Action': 0, 'Behavior': 2, 'Content': 4, 'Distribution': 2}",1.5
2928,soundbyte.social,$10^{1}$ to $10^{2}$ ,"{'Not Applicable': 1, 'Mis/Disinformation/Conspiracy': 1, 'Content Warnings': 1, 'Incitement of Violence': 2, 'Trolling': 2, 'Dogpiling': 1, 'Harassment': 1, 'Doxxing/ Personal Info': 1, 'Hate Speech': 2, 'Spam': 1, 'Illegal Content': 1, 'Links & Outside Content': 1}","{'Action': 0, 'Behavior': 5, 'Content': 8, 'Distribution': 1}",1.2638091738835462
2929,soundcafe.nl,$10^{1}$ to $10^{2}$ ,"{'Hate Speech': 1, 'Mis/Disinformation/Conspiracy': 1, 'NSFW': 1, 'Illegal Content': 1}","{'Action': 0, 'Behavior': 0, 'Content': 4, 'Distribution': 0}",-0.0
2930,southampton.social,$10^{2}$ to $10^{3}$,"{'NSFW': 1, 'Content Warnings': 1, 'Hate Speech': 1, 'Incitement of Violence': 1, 'Harassment': 1, 'Dogpiling': 1, 'Doxxing/ Personal Info': 1, 'Mis/Disinformation/Conspiracy': 1, 'Copyright/ Piracy': 1}","{'Action': 0, 'Behavior': 3, 'Content': 5, 'Distribution': 1}",1.3516441151533922
2931,sp.kub2091.ru,$10^{2}$ to $10^{3}$,"{'Not Applicable': 1, 'Links & Outside Content': 1}","{'Action': 0, 'Behavior': 0, 'Content': 1, 'Distribution': 0}",-0.0
2932,space.ministryoftesting.com,$10^{2}$ to $10^{3}$,{'Hate Speech': 1},"{'Action': 0, 'Behavior': 0, 'Content': 1, 'Distribution': 0}",-0.0
2933,spaceballs.masto.host,$10^{2}$ to $10^{3}$,"{'Hate Speech': 1, 'Harassment': 1, 'Doxxing/ Personal Info': 1, 'Not Applicable': 1, 'Mis/Disinformation/Conspiracy': 1}","{'Action': 0, 'Behavior': 2, 'Content': 2, 'Distribution': 0}",1.0
2934,spacelase.rs,$10^{2}$ to $10^{3}$,"{'Content Warnings': 1, 'Images': 1, 'Advertising & Commercialization': 1, 'Spam': 1, 'Hate Speech': 1, 'Incitement of Violence': 1, 'Harassment': 1, 'Doxxing/ Personal Info': 1, 'Illegal Content': 1}","{'Action': 0, 'Behavior': 2, 'Content': 5, 'Distribution': 2}",1.4355205042826666
2935,spacerslike.us,$10^{1}$ to $10^{2}$ ,"{'Hate Speech': 1, 'Harassment': 1}","{'Action': 0, 'Behavior': 1, 'Content': 1, 'Distribution': 0}",1.0
2936,spaceup.city,$10^{1}$ to $10^{2}$ ,"{'Mis/Disinformation/Conspiracy': 1, 'Hate Speech': 1, 'Harassment': 1, 'Doxxing/ Personal Info': 1, 'Incitement of Violence': 1, 'Images': 1}","{'Action': 0, 'Behavior': 2, 'Content': 4, 'Distribution': 0}",0.9182958340544896
2937,spacey.space,$10^{3}$ to $10^{4}$,"{'Harassment': 1, 'Off-topic/topic specific': 1}","{'Action': 0, 'Behavior': 1, 'Content': 1, 'Distribution': 0}",1.0
2938,sparkly.uni.horse,$10^{1}$ to $10^{2}$ ,{'Impersonation': 1},"{'Action': 0, 'Behavior': 1, 'Content': 0, 'Distribution': 0}",-0.0
2939,spartanburg.social,$10^{2}$ to $10^{3}$,"{'NSFW': 1, 'Images': 1, 'Hate Speech': 1, 'Incitement of Violence': 1, 'Harassment': 1, 'Doxxing/ Personal Info': 1, 'Illegal Content': 1, 'Mis/Disinformation/Conspiracy': 1}","{'Action': 0, 'Behavior': 2, 'Content': 6, 'Distribution': 0}",0.8112781244591328
2940,spd.social,$10^{2}$ to $10^{3}$,"{'Hate Speech': 1, 'Harassment': 1, 'Illegal Content': 1, 'Mis/Disinformation/Conspiracy': 1}","{'Action': 0, 'Behavior': 1, 'Content': 3, 'Distribution': 0}",0.8112781244591328
2941,speedlines.stctp.zone,$10^{2}$ to $10^{3}$,"{'Harassment': 1, 'Trolling': 1, 'Copyright/ Piracy': 1, 'NSFW': 1, 'Content Warnings': 2, 'Hate Speech': 4, 'Incitement of Violence': 1, 'Spam': 1, 'Automated tools': 1}","{'Action': 1, 'Behavior': 2, 'Content': 8, 'Distribution': 2}",1.5465935642949382
2942,spezi.social,$10^{1}$ to $10^{2}$ ,"{'Incitement of Violence': 1, 'Hate Speech': 7, 'Illegal Content': 1}","{'Action': 0, 'Behavior': 0, 'Content': 9, 'Distribution': 0}",-0.0
2943,splat00n.ink,$10^{2}$ to $10^{3}$,"{'Hate Speech': 1, 'Incitement of Violence': 1, 'Harassment': 1, 'NSFW': 1, 'Content Warnings': 1, 'Spam': 1, 'Not Applicable': 1, 'Links & Outside Content': 1}","{'Action': 0, 'Behavior': 1, 'Content': 5, 'Distribution': 1}",1.1488348542809166
2944,spojnik.works,$10^{3}$ to $10^{4}$,{'Hate Speech': 2},"{'Action': 0, 'Behavior': 0, 'Content': 2, 'Distribution': 0}",-0.0
2945,spoonie.community,$10^{2}$ to $10^{3}$,"{'Hate Speech': 1, 'Content Warnings': 2, 'Images': 1, 'Incitement of Violence': 1, 'Harassment': 1, 'Doxxing/ Personal Info': 1, 'Mis/Disinformation/Conspiracy': 1, 'Illegal Content': 1}","{'Action': 0, 'Behavior': 2, 'Content': 7, 'Distribution': 0}",0.7642045065086203
2946,spore.social,$10^{4}$ to $10^{5}$,"{'Hate Speech': 6, 'Content Warnings': 1, 'NSFW': 1, 'Not Applicable': 1, 'Mis/Disinformation/Conspiracy': 1}","{'Action': 0, 'Behavior': 0, 'Content': 9, 'Distribution': 0}",-0.0
2947,sportsball.host,$10^{1}$ to $10^{2}$ ,{'Links & Outside Content': 1},"{'Action': 0, 'Behavior': 0, 'Content': 1, 'Distribution': 0}",-0.0
2948,sportsfeed.me,$10^{3}$ to $10^{4}$,"{'Hate Speech': 1, 'Doxxing/ Personal Info': 1, 'Automated tools': 1}","{'Action': 1, 'Behavior': 1, 'Content': 1, 'Distribution': 0}",1.584962500721156
2949,spragleknas.no,$10^{1}$ to $10^{2}$ ,"{'Hate Speech': 1, 'NSFW': 1, 'Content Warnings': 1, 'Advertising & Commercialization': 1, 'Spam': 1}","{'Action': 0, 'Behavior': 0, 'Content': 3, 'Distribution': 2}",0.9709505944546686
2950,spurlock.social,$10^{1}$ to $10^{2}$ ,{'Hate Speech': 1},"{'Action': 0, 'Behavior': 0, 'Content': 1, 'Distribution': 0}",-0.0
2951,sqrt.to,$10^{1}$ to $10^{2}$ ,"{'Content Warnings': 1, 'Images': 1, 'Hate Speech': 1, 'Incitement of Violence': 1, 'Harassment': 1, 'Doxxing/ Personal Info': 1, 'Illegal Content': 1, 'Mis/Disinformation/Conspiracy': 1}","{'Action': 0, 'Behavior': 2, 'Content': 6, 'Distribution': 0}",0.8112781244591328
2952,squawk.mytransponder.com,$10^{3}$ to $10^{4}$,"{'Hate Speech': 1, 'Harassment': 1, 'Advertising & Commercialization': 1, 'Spam': 1, 'Off-topic/topic specific': 1}","{'Action': 0, 'Behavior': 1, 'Content': 2, 'Distribution': 2}",1.5219280948873621
2953,squawk.social,$10^{3}$ to $10^{4}$,"{'Illegal Content': 1, 'NSFW': 1, 'Content Warnings': 1, 'Incitement of Violence': 1, 'Hate Speech': 1}","{'Action': 0, 'Behavior': 0, 'Content': 5, 'Distribution': 0}",-0.0
2954,squeak.games,$10^{1}$ to $10^{2}$ ,"{'Illegal Content': 1, 'Hate Speech': 1, 'Harassment': 1, 'Spam': 1, 'Automated tools': 1, 'NSFW': 1, 'Content Warnings': 1}","{'Action': 1, 'Behavior': 1, 'Content': 4, 'Distribution': 1}",1.6644977792004614
2955,squeak.social,$10^{3}$ to $10^{4}$,"{'NSFW': 1, 'Content Warnings': 1}","{'Action': 0, 'Behavior': 0, 'Content': 2, 'Distribution': 0}",-0.0
2956,squeet.me,$10^{4}$ to $10^{5}$,"{'Hate Speech': 1, 'NSFW': 1, 'Advertising & Commercialization': 1, 'Spam': 1, 'Trolling': 1, 'Mis/Disinformation/Conspiracy': 1}","{'Action': 0, 'Behavior': 1, 'Content': 3, 'Distribution': 2}",1.4591479170272446
2957,squidnet.net,$10^{1}$ to $10^{2}$ ,{'Hate Speech': 1},"{'Action': 0, 'Behavior': 0, 'Content': 1, 'Distribution': 0}",-0.0
2958,squirrelmob.com,$10^{1}$ to $10^{2}$ ,"{'Illegal Content': 1, 'Spam': 1, 'Mis/Disinformation/Conspiracy': 1, 'Automated tools': 1, 'Content Warnings': 1}","{'Action': 1, 'Behavior': 0, 'Content': 3, 'Distribution': 1}",1.3709505944546687
2959,sre.masto.host,$10^{2}$ to $10^{3}$,"{'Spam': 1, 'Harassment': 1}","{'Action': 0, 'Behavior': 1, 'Content': 0, 'Distribution': 1}",1.0
2960,ssda.me,$10^{1}$ to $10^{2}$ ,"{'Content Warnings': 1, 'Hate Speech': 1}","{'Action': 0, 'Behavior': 0, 'Content': 2, 'Distribution': 0}",-0.0
2961,stade.social,$10^{1}$ to $10^{2}$ ,"{'Hate Speech': 4, 'Harassment': 3, 'Doxxing/ Personal Info': 1, 'NSFW': 1, 'Incitement of Violence': 1, 'Illegal Content': 1}","{'Action': 0, 'Behavior': 4, 'Content': 7, 'Distribution': 0}",0.9456603046006401
2962,stage.pixelfed.de,$10^{2}$ to $10^{3}$,{'Links & Outside Content': 1},"{'Action': 0, 'Behavior': 0, 'Content': 1, 'Distribution': 0}",-0.0
2963,staging.pixelfed.net,$10^{3}$ to $10^{4}$,"{'Doxxing/ Personal Info': 1, 'Hate Speech': 1, 'Harassment': 1, 'NSFW': 1, 'Content Warnings': 1, 'Incitement of Violence': 1, 'Spam': 2, 'Copyright/ Piracy': 2, 'Illegal Content': 1, 'Impersonation': 1, 'Mis/Disinformation/Conspiracy': 1}","{'Action': 0, 'Behavior': 3, 'Content': 6, 'Distribution': 4}",1.5262349099495225
2964,stamps.town,$10^{1}$ to $10^{2}$ ,"{'Content Warnings': 1, 'Images': 1}","{'Action': 0, 'Behavior': 0, 'Content': 2, 'Distribution': 0}",-0.0
2965,standup-comics.net,$10^{2}$ to $10^{3}$,"{'Hate Speech': 1, 'Off-topic/topic specific': 1}","{'Action': 0, 'Behavior': 0, 'Content': 2, 'Distribution': 0}",-0.0
2966,stansells.org,$10^{1}$ to $10^{2}$ ,"{'Illegal Content': 1, 'Advertising & Commercialization': 1, 'Spam': 1, 'Hate Speech': 1}","{'Action': 0, 'Behavior': 0, 'Content': 2, 'Distribution': 2}",1.0
2967,star.shaped.dog,$10^{1}$ to $10^{2}$ ,{'Illegal Content': 1},"{'Action': 0, 'Behavior': 0, 'Content': 1, 'Distribution': 0}",-0.0
2968,starbase80.wtf,$10^{2}$ to $10^{3}$,"{'NSFW': 1, 'Content Warnings': 1}","{'Action': 0, 'Behavior': 0, 'Content': 2, 'Distribution': 0}",-0.0
2969,starcitizen.name,$10^{2}$ to $10^{3}$,"{'Hate Speech': 1, 'Harassment': 1, 'Doxxing/ Personal Info': 1, 'Incitement of Violence': 1, 'NSFW': 1, 'Images': 1}","{'Action': 0, 'Behavior': 2, 'Content': 4, 'Distribution': 0}",0.9182958340544896
2970,stars.eroaward.com,$10^{3}$ to $10^{4}$,"{'Illegal Content': 2, 'Images': 1, 'Copyright/ Piracy': 1, 'NSFW': 1, 'Spam': 1, 'Incitement of Violence': 1, 'Hate Speech': 1, 'Harassment': 1}","{'Action': 0, 'Behavior': 1, 'Content': 6, 'Distribution': 2}",1.224394445405986
2971,stay.woke.institute,$10^{2}$ to $10^{3}$,"{'Content Warnings': 1, 'Images': 1, 'Hate Speech': 1, 'Incitement of Violence': 1, 'Harassment': 1, 'Doxxing/ Personal Info': 1, 'Advertising & Commercialization': 1, 'Spam': 1}","{'Action': 0, 'Behavior': 2, 'Content': 4, 'Distribution': 2}",1.5
2972,steamedbread.pro,$10^{1}$ to $10^{2}$ ,"{'Illegal Content': 2, 'Hate Speech': 1, 'Harassment': 1, 'Copyright/ Piracy': 1, 'NSFW': 1, 'Content Warnings': 1, 'Images': 1, 'Links & Outside Content': 1, 'Mis/Disinformation/Conspiracy': 1, 'Doxxing/ Personal Info': 1}","{'Action': 0, 'Behavior': 2, 'Content': 8, 'Distribution': 1}",1.0957952550009336
2973,stormwaltz.net,$10^{1}$ to $10^{2}$ ,"{'Hate Speech': 3, 'Mis/Disinformation/Conspiracy': 1, 'Off-topic/topic specific': 1}","{'Action': 0, 'Behavior': 0, 'Content': 5, 'Distribution': 0}",-0.0
2974,straightouttacotton.com,$10^{2}$ to $10^{3}$,{'Images': 1},"{'Action': 0, 'Behavior': 0, 'Content': 1, 'Distribution': 0}",-0.0
2975,strangeminds.social,$10^{1}$ to $10^{2}$ ,"{'Content Warnings': 1, 'Images': 1, 'Hate Speech': 1, 'Incitement of Violence': 1, 'Harassment': 1, 'Doxxing/ Personal Info': 1, 'Mis/Disinformation/Conspiracy': 1}","{'Action': 0, 'Behavior': 2, 'Content': 5, 'Distribution': 0}",0.863120568566631
2976,strangeobject.space,$10^{3}$ to $10^{4}$,"{'Hate Speech': 1, 'Automated tools': 1, 'Images': 2, 'NSFW': 1, 'Illegal Content': 1, 'Content Warnings': 1, 'Not Applicable': 1, 'Copyright/ Piracy': 1}","{'Action': 1, 'Behavior': 0, 'Content': 6, 'Distribution': 1}",1.061278124459133
2977,strangeplace.me,$10^{2}$ to $10^{3}$,"{'Mis/Disinformation/Conspiracy': 1, 'Hate Speech': 1, 'NSFW': 1, 'Content Warnings': 1, 'Images': 1, 'Harassment': 1, 'Advertising & Commercialization': 1, 'Spam': 1, 'Incitement of Violence': 1}","{'Action': 0, 'Behavior': 1, 'Content': 6, 'Distribution': 2}",1.224394445405986
2978,stranger.social,$10^{4}$ to $10^{5}$,"{'Hate Speech': 1, 'Harassment': 1, 'NSFW': 1, 'Content Warnings': 1, 'Illegal Content': 1, 'Reposting/Crossposting': 1, 'Links & Outside Content': 1, 'Spam': 1, 'Mis/Disinformation/Conspiracy': 1, 'Advertising & Commercialization': 1, 'Impersonation': 1}","{'Action': 0, 'Behavior': 2, 'Content': 6, 'Distribution': 3}",1.4353713907745331
2979,strangeweb.page,$10^{1}$ to $10^{2}$ ,"{'Hate Speech': 1, 'Incitement of Violence': 1, 'Harassment': 1, 'Doxxing/ Personal Info': 1, 'Mis/Disinformation/Conspiracy': 1, 'Content Warnings': 1, 'Images': 1}","{'Action': 0, 'Behavior': 2, 'Content': 5, 'Distribution': 0}",0.863120568566631
2980,straylight.expectnomore.net,$10^{2}$ to $10^{3}$,"{'Hate Speech': 1, 'Harassment': 1}","{'Action': 0, 'Behavior': 1, 'Content': 1, 'Distribution': 0}",1.0
2981,streamers.social,$10^{2}$ to $10^{3}$,"{'NSFW': 1, 'Images': 1, 'Hate Speech': 1, 'Harassment': 1, 'Doxxing/ Personal Info': 1, 'Illegal Content': 1}","{'Action': 0, 'Behavior': 2, 'Content': 4, 'Distribution': 0}",0.9182958340544896
2982,subdued.social,$10^{2}$ to $10^{3}$,"{'Hate Speech': 1, 'Harassment': 1, 'Automated tools': 1}","{'Action': 1, 'Behavior': 1, 'Content': 1, 'Distribution': 0}",1.584962500721156
2983,subversive.zone,$10^{2}$ to $10^{3}$,"{'Harassment': 2, 'Hate Speech': 2, 'Off-topic/topic specific': 1, 'Automated tools': 1, 'Content Warnings': 1, 'Images': 1}","{'Action': 1, 'Behavior': 2, 'Content': 5, 'Distribution': 0}",1.2987949406953985
2984,sudojudo.com,$10^{1}$ to $10^{2}$ ,"{'Hate Speech': 1, 'Harassment': 1, 'Copyright/ Piracy': 1, 'Illegal Content': 1}","{'Action': 0, 'Behavior': 1, 'Content': 2, 'Distribution': 1}",1.5
2985,sueden.social,$10^{5}$ to $10^{6}$ ,"{'Hate Speech': 3, 'Harassment': 3, 'Not Applicable': 1, 'Doxxing/ Personal Info': 1, 'Spam': 1, 'Reposting/Crossposting': 2, 'Links & Outside Content': 1, 'NSFW': 1, 'Dogpiling': 1, 'Incitement of Violence': 1, 'Illegal Content': 1, 'Trolling': 1, 'Automated tools': 1, 'Mis/Disinformation/Conspiracy': 1}","{'Action': 1, 'Behavior': 6, 'Content': 8, 'Distribution': 3}",1.7107770844150674
2986,suma-ev.social,$10^{2}$ to $10^{3}$,"{'Spam': 1, 'NSFW': 1, 'Advertising & Commercialization': 1}","{'Action': 0, 'Behavior': 0, 'Content': 1, 'Distribution': 2}",0.9182958340544896
2987,suomi.social,$10^{2}$ to $10^{3}$,"{'Impersonation': 1, 'Not Applicable': 1, 'Illegal Content': 1, 'Hate Speech': 1, 'Harassment': 1}","{'Action': 0, 'Behavior': 2, 'Content': 2, 'Distribution': 0}",1.0
2988,super-gay.co,$10^{3}$ to $10^{4}$,"{'Spam': 1, 'NSFW': 1, 'Content Warnings': 1, 'Images': 1, 'Hate Speech': 1, 'Illegal Content': 1}","{'Action': 0, 'Behavior': 0, 'Content': 5, 'Distribution': 1}",0.6500224216483541
2989,superhappy.social,$10^{2}$ to $10^{3}$,"{'Advertising & Commercialization': 1, 'Spam': 1, 'Hate Speech': 1, 'Harassment': 1, 'Doxxing/ Personal Info': 1, 'Illegal Content': 1, 'Copyright/ Piracy': 1}","{'Action': 0, 'Behavior': 2, 'Content': 2, 'Distribution': 3}",1.5566567074628228
2990,superheronecromancer.games,$10^{1}$ to $10^{2}$ ,"{'Incitement of Violence': 1, 'Hate Speech': 1, 'Harassment': 1, 'Advertising & Commercialization': 1}","{'Action': 0, 'Behavior': 1, 'Content': 2, 'Distribution': 1}",1.5
2991,supernatural.fans,$10^{2}$ to $10^{3}$,"{'Hate Speech': 4, 'NSFW': 1, 'Content Warnings': 1, 'Images': 2, 'Copyright/ Piracy': 1, 'Advertising & Commercialization': 1, 'Incitement of Violence': 1, 'Doxxing/ Personal Info': 1, 'Dogpiling': 1, 'Harassment': 1, 'Illegal Content': 1, 'Mis/Disinformation/Conspiracy': 1}","{'Action': 0, 'Behavior': 3, 'Content': 11, 'Distribution': 2}",1.1994602933016414
2992,supersocial.space,$10^{1}$ to $10^{2}$ ,"{'Hate Speech': 1, 'Incitement of Violence': 1, 'Harassment': 1, 'Doxxing/ Personal Info': 1, 'Mis/Disinformation/Conspiracy': 1}","{'Action': 0, 'Behavior': 2, 'Content': 3, 'Distribution': 0}",0.9709505944546686
2993,surf.cyberspace.club,$10^{1}$ to $10^{2}$ ,"{'Hate Speech': 1, 'Harassment': 1}","{'Action': 0, 'Behavior': 1, 'Content': 1, 'Distribution': 0}",1.0
2994,surreptitious.ly,$10^{1}$ to $10^{2}$ ,{'Hate Speech': 2},"{'Action': 0, 'Behavior': 0, 'Content': 2, 'Distribution': 0}",-0.0
2995,surutodon.net,$10^{1}$ to $10^{2}$ ,"{'Hate Speech': 1, 'NSFW': 2, 'Copyright/ Piracy': 1}","{'Action': 0, 'Behavior': 0, 'Content': 3, 'Distribution': 1}",0.8112781244591328
2996,swecyb.com,$10^{2}$ to $10^{3}$,"{'Illegal Content': 1, 'Links & Outside Content': 2, 'Spam': 1, 'Hate Speech': 1}","{'Action': 0, 'Behavior': 0, 'Content': 4, 'Distribution': 1}",0.7219280948873623
2997,swiss.social,$10^{4}$ to $10^{5}$,"{'Hate Speech': 2, 'NSFW': 2, 'Content Warnings': 1, 'Images': 1, 'Harassment': 1, 'Dogpiling': 1, 'Doxxing/ Personal Info': 1, 'Illegal Content': 1, 'Incitement of Violence': 1, 'Mis/Disinformation/Conspiracy': 1, 'Advertising & Commercialization': 1, 'Spam': 1, 'Automated tools': 2}","{'Action': 2, 'Behavior': 3, 'Content': 9, 'Distribution': 2}",1.6697367178034825
2998,swissodon.ch,$10^{1}$ to $10^{2}$ ,"{'Harassment': 1, 'Doxxing/ Personal Info': 1, 'Hate Speech': 3, 'Illegal Content': 2, 'Incitement of Violence': 1, 'NSFW': 1, 'Images': 1, 'Automated tools': 1, 'Advertising & Commercialization': 1, 'Spam': 1}","{'Action': 1, 'Behavior': 2, 'Content': 8, 'Distribution': 2}",1.5465935642949382
2999,symas.social,$10^{1}$ to $10^{2}$ ,"{'NSFW': 1, 'Content Warnings': 1, 'Off-topic/topic specific': 1}","{'Action': 0, 'Behavior': 0, 'Content': 3, 'Distribution': 0}",-0.0
3000,syndicat.solidaires.org,$10^{2}$ to $10^{3}$,"{'Hate Speech': 1, 'Mis/Disinformation/Conspiracy': 1}","{'Action': 0, 'Behavior': 0, 'Content': 2, 'Distribution': 0}",-0.0
3001,syringa.social,$10^{3}$ to $10^{4}$,"{'Content Warnings': 1, 'Images': 1, 'Hate Speech': 1, 'Incitement of Violence': 1, 'Harassment': 1, 'Doxxing/ Personal Info': 1, 'Illegal Content': 1}","{'Action': 0, 'Behavior': 2, 'Content': 5, 'Distribution': 0}",0.863120568566631
3002,systerserver.town,$10^{3}$ to $10^{4}$,"{'Hate Speech': 1, 'Harassment': 1, 'Content Warnings': 1, 'Reposting/Crossposting': 1, 'Off-topic/topic specific': 1, 'Advertising & Commercialization': 1, 'Not Applicable': 1, 'Images': 1, 'Copyright/ Piracy': 1}","{'Action': 0, 'Behavior': 1, 'Content': 4, 'Distribution': 3}",1.4056390622295665
3003,syzito.xyz,$10^{2}$ to $10^{3}$,"{'Incitement of Violence': 1, 'Hate Speech': 2, 'Trolling': 2, 'Harassment': 2, 'Mis/Disinformation/Conspiracy': 1, 'Illegal Content': 1}","{'Action': 0, 'Behavior': 4, 'Content': 5, 'Distribution': 0}",0.9910760598382222
3004,t.fred.social,$10^{1}$ to $10^{2}$ ,"{'Content Warnings': 1, 'NSFW': 1, 'Illegal Content': 2, 'Advertising & Commercialization': 1, 'Spam': 1, 'Hate Speech': 1, 'Harassment': 2, 'Doxxing/ Personal Info': 1, 'Links & Outside Content': 1}","{'Action': 0, 'Behavior': 3, 'Content': 6, 'Distribution': 2}",1.4353713907745331
3005,t.testitfor.me,$10^{1}$ to $10^{2}$ ,{'Hate Speech': 1},"{'Action': 0, 'Behavior': 0, 'Content': 1, 'Distribution': 0}",-0.0
3006,tablegame.mstdn.cloud,$10^{4}$ to $10^{5}$,{'Illegal Content': 1},"{'Action': 0, 'Behavior': 0, 'Content': 1, 'Distribution': 0}",-0.0
3007,tabletop.vip,$10^{3}$ to $10^{4}$,{'Harassment': 1},"{'Action': 0, 'Behavior': 1, 'Content': 0, 'Distribution': 0}",-0.0
3008,taedcke.social,$10^{1}$ to $10^{2}$ ,"{'Harassment': 1, 'Doxxing/ Personal Info': 1, 'Hate Speech': 2, 'Illegal Content': 1, 'NSFW': 1, 'Incitement of Violence': 1}","{'Action': 0, 'Behavior': 2, 'Content': 5, 'Distribution': 0}",0.863120568566631
3009,taidum.social,$10^{2}$ to $10^{3}$,"{'Content Warnings': 1, 'Images': 1, 'Hate Speech': 1, 'Incitement of Violence': 1, 'Harassment': 1, 'Doxxing/ Personal Info': 1, 'Illegal Content': 1, 'Mis/Disinformation/Conspiracy': 1}","{'Action': 0, 'Behavior': 2, 'Content': 6, 'Distribution': 0}",0.8112781244591328
3010,tailored.social,$10^{1}$ to $10^{2}$ ,"{'Content Warnings': 1, 'Images': 1, 'Advertising & Commercialization': 1, 'Spam': 1, 'Hate Speech': 1, 'Incitement of Violence': 1, 'Harassment': 1, 'Doxxing/ Personal Info': 1, 'Illegal Content': 1}","{'Action': 0, 'Behavior': 2, 'Content': 5, 'Distribution': 2}",1.4355205042826666
3011,talamanca.social,$10^{2}$ to $10^{3}$,"{'Incitement of Violence': 1, 'Hate Speech': 1, 'Illegal Content': 1, 'Mis/Disinformation/Conspiracy': 1, 'Content Warnings': 1, 'Images': 1, 'Spam': 1}","{'Action': 0, 'Behavior': 0, 'Content': 6, 'Distribution': 1}",0.5916727785823275
3012,talipallopeli.club,$10^{1}$ to $10^{2}$ ,"{'Hate Speech': 2, 'Illegal Content': 2, 'Mis/Disinformation/Conspiracy': 1, 'NSFW': 2, 'Content Warnings': 3, 'Images': 1, 'Off-topic/topic specific': 2, 'Not Applicable': 1, 'Automated tools': 1, 'Harassment': 1}","{'Action': 1, 'Behavior': 1, 'Content': 13, 'Distribution': 0}",0.6998428398862386
3013,talk.drdiddlybadger.com,$10^{1}$ to $10^{2}$ ,"{'NSFW': 1, 'Content Warnings': 1, 'Images': 1, 'Hate Speech': 1}","{'Action': 0, 'Behavior': 0, 'Content': 4, 'Distribution': 0}",-0.0
3014,talk.mls20.de,$10^{1}$ to $10^{2}$ ,"{'Harassment': 2, 'Mis/Disinformation/Conspiracy': 1, 'Doxxing/ Personal Info': 1, 'Hate Speech': 1, 'Incitement of Violence': 1, 'Automated tools': 1, 'Dogpiling': 1, 'Advertising & Commercialization': 1, 'NSFW': 1, 'Illegal Content': 1}","{'Action': 1, 'Behavior': 4, 'Content': 5, 'Distribution': 1}",1.6767370300521325
3015,talk.stayas.one,$10^{1}$ to $10^{2}$ ,{'Hate Speech': 1},"{'Action': 0, 'Behavior': 0, 'Content': 1, 'Distribution': 0}",-0.0
3016,talkedabout.social,$10^{2}$ to $10^{3}$,"{'Advertising & Commercialization': 1, 'Hate Speech': 1}","{'Action': 0, 'Behavior': 0, 'Content': 1, 'Distribution': 1}",1.0
3017,tallahasseesocial.org,$10^{2}$ to $10^{3}$,"{'Incitement of Violence': 1, 'Hate Speech': 1}","{'Action': 0, 'Behavior': 0, 'Content': 2, 'Distribution': 0}",-0.0
3018,tangofam.space,$10^{1}$ to $10^{2}$ ,"{'Illegal Content': 1, 'Impersonation': 1}","{'Action': 0, 'Behavior': 1, 'Content': 1, 'Distribution': 0}",1.0
3019,tankchat.it,$10^{4}$ to $10^{5}$,"{'Hate Speech': 3, 'Harassment': 1, 'Off-topic/topic specific': 1, 'Doxxing/ Personal Info': 1}","{'Action': 0, 'Behavior': 2, 'Content': 4, 'Distribution': 0}",0.9182958340544896
3020,tanuki.hostdon.ne.jp,$10^{2}$ to $10^{3}$,"{'Harassment': 1, 'Illegal Content': 1}","{'Action': 0, 'Behavior': 1, 'Content': 1, 'Distribution': 0}",1.0
3021,tapbots.social,$10^{1}$ to $10^{2}$ ,"{'Harassment': 1, 'Hate Speech': 1, 'NSFW': 1}","{'Action': 0, 'Behavior': 1, 'Content': 2, 'Distribution': 0}",0.9182958340544896
3022,tarasupadon.com,$10^{1}$ to $10^{2}$ ,{'Mis/Disinformation/Conspiracy': 1},"{'Action': 0, 'Behavior': 0, 'Content': 1, 'Distribution': 0}",-0.0
3023,tardis.pw,$10^{1}$ to $10^{2}$ ,"{'Automated tools': 1, 'Reposting/Crossposting': 1, 'Spam': 1, 'Copyright/ Piracy': 1}","{'Action': 1, 'Behavior': 0, 'Content': 0, 'Distribution': 3}",0.8112781244591328
3024,taruntarun.net,$10^{2}$ to $10^{3}$,"{'Illegal Content': 1, 'NSFW': 1, 'Content Warnings': 1}","{'Action': 0, 'Behavior': 0, 'Content': 3, 'Distribution': 0}",-0.0
3025,tassaron.com,$10^{1}$ to $10^{2}$ ,"{'Hate Speech': 1, 'Incitement of Violence': 1, 'Harassment': 1, 'Mis/Disinformation/Conspiracy': 1}","{'Action': 0, 'Behavior': 1, 'Content': 3, 'Distribution': 0}",0.8112781244591328
3026,tatooine.club,$10^{2}$ to $10^{3}$,"{'Content Warnings': 1, 'Illegal Content': 1, 'Advertising & Commercialization': 1, 'Spam': 1, 'Impersonation': 1, 'NSFW': 1, 'Hate Speech': 1, 'Harassment': 1}","{'Action': 0, 'Behavior': 2, 'Content': 4, 'Distribution': 2}",1.5
3027,tau-ceti.space,$10^{1}$ to $10^{2}$ ,"{'Hate Speech': 3, 'Doxxing/ Personal Info': 1, 'Dogpiling': 1, 'Harassment': 1, 'Incitement of Violence': 1, 'Mis/Disinformation/Conspiracy': 2, 'NSFW': 2, 'Illegal Content': 3, 'Content Warnings': 2}","{'Action': 0, 'Behavior': 3, 'Content': 13, 'Distribution': 0}",0.6962122601251458
3028,taverne-zum-wanderer.de,$10^{1}$ to $10^{2}$ ,"{'Harassment': 1, 'Doxxing/ Personal Info': 1, 'Hate Speech': 3, 'Illegal Content': 2, 'Incitement of Violence': 1, 'NSFW': 2, 'Images': 1, 'Automated tools': 1, 'Advertising & Commercialization': 1, 'Spam': 1, 'Mis/Disinformation/Conspiracy': 1}","{'Action': 1, 'Behavior': 2, 'Content': 10, 'Distribution': 2}",1.4256051990169436
3029,taxes.theron.kane-il.us,$10^{1}$ to $10^{2}$ ,{'Off-topic/topic specific': 1},"{'Action': 0, 'Behavior': 0, 'Content': 1, 'Distribution': 0}",-0.0
3030,tbs.social,$10^{2}$ to $10^{3}$,"{'Hate Speech': 2, 'Incitement of Violence': 1, 'Harassment': 1, 'Doxxing/ Personal Info': 1, 'NSFW': 1, 'Content Warnings': 1, 'Illegal Content': 1, 'Advertising & Commercialization': 1, 'Spam': 1, 'Automated tools': 1}","{'Action': 1, 'Behavior': 2, 'Content': 6, 'Distribution': 2}",1.6858157091530304
3031,tchafia.be,$10^{3}$ to $10^{4}$,"{'Hate Speech': 5, 'Images': 1, 'NSFW': 2, 'Harassment': 3, 'Doxxing/ Personal Info': 2, 'Advertising & Commercialization': 1, 'Spam': 1, 'Content Warnings': 1, 'Illegal Content': 1, 'Mis/Disinformation/Conspiracy': 2, 'Off-topic/topic specific': 1}","{'Action': 0, 'Behavior': 5, 'Content': 13, 'Distribution': 2}",1.236160254373812
3032,tcp.fm,$10^{1}$ to $10^{2}$ ,"{'NSFW': 1, 'Harassment': 1, 'Doxxing/ Personal Info': 1}","{'Action': 0, 'Behavior': 2, 'Content': 1, 'Distribution': 0}",0.9182958340544896
3033,tea.codes,$10^{4}$ to $10^{5}$,"{'Incitement of Violence': 1, 'Hate Speech': 1, 'Advertising & Commercialization': 1, 'Illegal Content': 1, 'NSFW': 1}","{'Action': 0, 'Behavior': 0, 'Content': 4, 'Distribution': 1}",0.7219280948873623
3034,teal.social,$10^{3}$ to $10^{4}$,"{'Hate Speech': 2, 'Harassment': 1, 'Doxxing/ Personal Info': 1, 'Content Warnings': 1, 'Images': 1, 'Links & Outside Content': 1, 'Copyright/ Piracy': 1, 'Illegal Content': 1, 'Not Applicable': 1}","{'Action': 0, 'Behavior': 2, 'Content': 6, 'Distribution': 1}",1.224394445405986
3035,tech-nico.de,$10^{1}$ to $10^{2}$ ,"{'Content Warnings': 1, 'Images': 1, 'Hate Speech': 1, 'Incitement of Violence': 2, 'Harassment': 1, 'Doxxing/ Personal Info': 1, 'Illegal Content': 1, 'Mis/Disinformation/Conspiracy': 1}","{'Action': 0, 'Behavior': 2, 'Content': 7, 'Distribution': 0}",0.7642045065086203
3036,tech.lgbt,$10^{5}$ to $10^{6}$ ,"{'Hate Speech': 2, 'Not Applicable': 1, 'Content Warnings': 1, 'Illegal Content': 1, 'NSFW': 1, 'Incitement of Violence': 1}","{'Action': 0, 'Behavior': 0, 'Content': 6, 'Distribution': 0}",-0.0
3037,techdon.dev,$10^{1}$ to $10^{2}$ ,"{'Advertising & Commercialization': 1, 'Automated tools': 1, 'Mis/Disinformation/Conspiracy': 2, 'NSFW': 2, 'Images': 2, 'Spam': 1, 'Illegal Content': 2, 'Hate Speech': 1}","{'Action': 1, 'Behavior': 0, 'Content': 9, 'Distribution': 2}",1.0408520829727552
3038,techdonuts.uk,$10^{1}$ to $10^{2}$ ,"{'Content Warnings': 1, 'NSFW': 1, 'Illegal Content': 2, 'Advertising & Commercialization': 1, 'Spam': 1, 'Hate Speech': 1, 'Harassment': 2, 'Impersonation': 1, 'Doxxing/ Personal Info': 1}","{'Action': 0, 'Behavior': 4, 'Content': 5, 'Distribution': 2}",1.4949188482339508
3039,techfieldday.net,$10^{2}$ to $10^{3}$,"{'Spam': 1, 'NSFW': 1}","{'Action': 0, 'Behavior': 0, 'Content': 1, 'Distribution': 1}",1.0
3040,techforgood.social,$10^{2}$ to $10^{3}$,"{'NSFW': 1, 'Images': 1, 'Hate Speech': 2, 'Incitement of Violence': 1, 'Harassment': 1, 'Doxxing/ Personal Info': 1, 'Illegal Content': 2, 'Mis/Disinformation/Conspiracy': 1}","{'Action': 0, 'Behavior': 2, 'Content': 8, 'Distribution': 0}",0.7219280948873623
3041,techhangout.social,$10^{2}$ to $10^{3}$,"{'NSFW': 1, 'Illegal Content': 1, 'Copyright/ Piracy': 1, 'Hate Speech': 1, 'Spam': 1, 'Links & Outside Content': 1, 'Images': 1, 'Incitement of Violence': 1, 'Harassment': 1, 'Doxxing/ Personal Info': 1, 'Advertising & Commercialization': 1}","{'Action': 0, 'Behavior': 2, 'Content': 6, 'Distribution': 3}",1.4353713907745331
3042,techhub.social,$10^{5}$ to $10^{6}$ ,"{'Content Warnings': 1, 'Images': 1, 'Hate Speech': 1, 'Incitement of Violence': 2, 'Harassment': 1, 'Doxxing/ Personal Info': 1, 'Illegal Content': 1, 'Mis/Disinformation/Conspiracy': 1, 'Advertising & Commercialization': 1, 'Spam': 1, 'Automated tools': 1}","{'Action': 1, 'Behavior': 2, 'Content': 7, 'Distribution': 2}",1.6140054628542202
3043,technodon.org,$10^{2}$ to $10^{3}$,"{'Images': 1, 'Hate Speech': 1, 'Incitement of Violence': 1, 'Harassment': 1, 'Doxxing/ Personal Info': 1, 'Illegal Content': 1, 'Mis/Disinformation/Conspiracy': 1}","{'Action': 0, 'Behavior': 2, 'Content': 5, 'Distribution': 0}",0.863120568566631
3044,tecnfy.com,$10^{1}$ to $10^{2}$ ,{'Illegal Content': 1},"{'Action': 0, 'Behavior': 0, 'Content': 1, 'Distribution': 0}",-0.0
3045,teh.entar.net,$10^{2}$ to $10^{3}$,"{'Content Warnings': 1, 'Images': 1, 'Hate Speech': 1, 'Incitement of Violence': 1, 'Trolling': 1, 'Harassment': 1, 'Dogpiling': 1, 'Doxxing/ Personal Info': 1, 'Illegal Content': 1}","{'Action': 0, 'Behavior': 4, 'Content': 5, 'Distribution': 0}",0.9910760598382222
3046,telegrafverket.cc,$10^{2}$ to $10^{3}$,{'Illegal Content': 1},"{'Action': 0, 'Behavior': 0, 'Content': 1, 'Distribution': 0}",-0.0
3047,tender-hearted.com,$10^{1}$ to $10^{2}$ ,"{'Illegal Content': 1, 'Spam': 1, 'Harassment': 1}","{'Action': 0, 'Behavior': 1, 'Content': 1, 'Distribution': 1}",1.584962500721156
3048,tenforward.social,$10^{3}$ to $10^{4}$,{'Hate Speech': 5},"{'Action': 0, 'Behavior': 0, 'Content': 5, 'Distribution': 0}",-0.0
3049,tentacle.social,$10^{1}$ to $10^{2}$ ,{'Illegal Content': 1},"{'Action': 0, 'Behavior': 0, 'Content': 1, 'Distribution': 0}",-0.0
3050,terapeldigitaal.nl,$10^{2}$ to $10^{3}$,"{'NSFW': 1, 'Incitement of Violence': 1, 'Harassment': 1}","{'Action': 0, 'Behavior': 1, 'Content': 2, 'Distribution': 0}",0.9182958340544896
3051,terere.social,$10^{3}$ to $10^{4}$,"{'Hate Speech': 2, 'Harassment': 1, 'Illegal Content': 1, 'Advertising & Commercialization': 1, 'Spam': 1, 'Impersonation': 1, 'Content Warnings': 1, 'Incitement of Violence': 1}","{'Action': 0, 'Behavior': 2, 'Content': 5, 'Distribution': 2}",1.4355205042826666
3052,terrible.city,$10^{1}$ to $10^{2}$ ,"{'Hate Speech': 1, 'Spam': 1, 'Harassment': 1, 'Illegal Content': 1, 'NSFW': 1, 'Content Warnings': 1}","{'Action': 0, 'Behavior': 1, 'Content': 4, 'Distribution': 1}",1.2516291673878228
3053,terror.black,$10^{1}$ to $10^{2}$ ,"{'Hate Speech': 1, 'NSFW': 1, 'Content Warnings': 1, 'Harassment': 2, 'Illegal Content': 1}","{'Action': 0, 'Behavior': 2, 'Content': 4, 'Distribution': 0}",0.9182958340544896
3054,tester.social,$10^{1}$ to $10^{2}$ ,"{'Hate Speech': 1, 'Harassment': 1, 'NSFW': 1, 'Content Warnings': 1, 'Illegal Content': 1, 'Incitement of Violence': 1}","{'Action': 0, 'Behavior': 1, 'Content': 5, 'Distribution': 0}",0.6500224216483541
3055,texasobserver.social,$10^{2}$ to $10^{3}$,"{'Content Warnings': 1, 'Images': 1, 'Hate Speech': 1}","{'Action': 0, 'Behavior': 0, 'Content': 3, 'Distribution': 0}",-0.0
3056,tffp.masto.host,$10^{1}$ to $10^{2}$ ,"{'Images': 1, 'Spam': 1}","{'Action': 0, 'Behavior': 0, 'Content': 1, 'Distribution': 1}",1.0
3057,tfq.social,$10^{1}$ to $10^{2}$ ,"{'Illegal Content': 1, 'Copyright/ Piracy': 1, 'Hate Speech': 1, 'Harassment': 1, 'Dogpiling': 1, 'Doxxing/ Personal Info': 1, 'Advertising & Commercialization': 1, 'Spam': 1, 'NSFW': 1, 'Content Warnings': 1}","{'Action': 0, 'Behavior': 3, 'Content': 4, 'Distribution': 3}",1.5709505944546684
3058,the-gathering.space,$10^{1}$ to $10^{2}$ ,"{'Incitement of Violence': 1, 'Hate Speech': 1, 'Harassment': 1, 'Links & Outside Content': 2, 'Not Applicable': 1, 'NSFW': 1}","{'Action': 0, 'Behavior': 1, 'Content': 5, 'Distribution': 0}",0.6500224216483541
3059,the.unforgiven.pl,$10^{1}$ to $10^{2}$ ,"{'Mis/Disinformation/Conspiracy': 1, 'Advertising & Commercialization': 1, 'Spam': 1}","{'Action': 0, 'Behavior': 0, 'Content': 1, 'Distribution': 2}",0.9182958340544896
3060,the.voiceover.bar,$10^{2}$ to $10^{3}$,"{'Hate Speech': 2, 'NSFW': 1, 'Links & Outside Content': 1, 'Advertising & Commercialization': 1, 'Spam': 1, 'Mis/Disinformation/Conspiracy': 1}","{'Action': 0, 'Behavior': 0, 'Content': 5, 'Distribution': 2}",0.863120568566631
3061,the.zymocosm.com,$10^{1}$ to $10^{2}$ ,"{'Hate Speech': 1, 'Harassment': 1, 'Mis/Disinformation/Conspiracy': 1, 'Content Warnings': 2, 'Images': 1}","{'Action': 0, 'Behavior': 1, 'Content': 5, 'Distribution': 0}",0.6500224216483541
3062,theatrez.day,$10^{2}$ to $10^{3}$,"{'Hate Speech': 1, 'Advertising & Commercialization': 1, 'Spam': 1, 'Content Warnings': 2, 'Harassment': 2, 'NSFW': 1, 'Impersonation': 1, 'Illegal Content': 1, 'Incitement of Violence': 1}","{'Action': 0, 'Behavior': 3, 'Content': 6, 'Distribution': 2}",1.4353713907745331
3063,thebristol.social,$10^{1}$ to $10^{2}$ ,"{'Content Warnings': 1, 'Images': 1, 'Hate Speech': 1, 'Incitement of Violence': 1, 'Harassment': 1, 'Doxxing/ Personal Info': 1, 'Mis/Disinformation/Conspiracy': 1}","{'Action': 0, 'Behavior': 2, 'Content': 5, 'Distribution': 0}",0.863120568566631
3064,thecanadian.social,$10^{4}$ to $10^{5}$,"{'Content Warnings': 1, 'Illegal Content': 1, 'NSFW': 2, 'Hate Speech': 1, 'Harassment': 1, 'Impersonation': 1}","{'Action': 0, 'Behavior': 2, 'Content': 5, 'Distribution': 0}",0.863120568566631
3065,theexpan.se,$10^{2}$ to $10^{3}$,"{'Hate Speech': 1, 'Harassment': 1, 'Doxxing/ Personal Info': 1, 'Automated tools': 1, 'Reposting/Crossposting': 1, 'Content Warnings': 1, 'Images': 1}","{'Action': 1, 'Behavior': 2, 'Content': 3, 'Distribution': 1}",1.8423709931771084
3066,thegem.city,$10^{2}$ to $10^{3}$,"{'Content Warnings': 1, 'Images': 1, 'Hate Speech': 1, 'Incitement of Violence': 1, 'Harassment': 1, 'Doxxing/ Personal Info': 1, 'Illegal Content': 1, 'Mis/Disinformation/Conspiracy': 1}","{'Action': 0, 'Behavior': 2, 'Content': 6, 'Distribution': 0}",0.8112781244591328
3067,thegoblin.market,$10^{1}$ to $10^{2}$ ,"{'Copyright/ Piracy': 1, 'Spam': 3, 'Reposting/Crossposting': 1, 'NSFW': 1, 'Content Warnings': 1, 'Images': 2, 'Harassment': 3, 'Trolling': 1, 'Advertising & Commercialization': 1, 'Automated tools': 1, 'Hate Speech': 2, 'Illegal Content': 1, 'Incitement of Violence': 1}","{'Action': 1, 'Behavior': 4, 'Content': 8, 'Distribution': 6}",1.7474130395316414
3068,thehappyfamily.stream,$10^{2}$ to $10^{3}$,"{'Hate Speech': 2, 'NSFW': 1, 'Content Warnings': 1, 'Images': 1, 'Advertising & Commercialization': 2}","{'Action': 0, 'Behavior': 0, 'Content': 5, 'Distribution': 2}",0.863120568566631
3069,theinternet.social,$10^{2}$ to $10^{3}$,"{'Hate Speech': 1, 'Harassment': 1}","{'Action': 0, 'Behavior': 1, 'Content': 1, 'Distribution': 0}",1.0
3070,thejuniverse.no,$10^{3}$ to $10^{4}$,"{'Hate Speech': 1, 'Harassment': 1, 'Illegal Content': 1, 'Incitement of Violence': 1, 'Impersonation': 1, 'Mis/Disinformation/Conspiracy': 1, 'Doxxing/ Personal Info': 1, 'NSFW': 1, 'Images': 1, 'Spam': 1, 'Off-topic/topic specific': 1, 'Copyright/ Piracy': 1}","{'Action': 0, 'Behavior': 3, 'Content': 7, 'Distribution': 2}",1.384431504340598
3071,themeparks.social,$10^{1}$ to $10^{2}$ ,"{'Content Warnings': 1, 'Images': 1, 'Hate Speech': 1, 'Incitement of Violence': 1, 'Harassment': 1, 'Dogpiling': 1, 'Doxxing/ Personal Info': 1, 'Illegal Content': 1, 'Mis/Disinformation/Conspiracy': 1}","{'Action': 0, 'Behavior': 3, 'Content': 6, 'Distribution': 0}",0.9182958340544896
3072,themondragons.com,$10^{1}$ to $10^{2}$ ,"{'Hate Speech': 1, 'Content Warnings': 1, 'Images': 1, 'Incitement of Violence': 2, 'Harassment': 1, 'Doxxing/ Personal Info': 1, 'Illegal Content': 1, 'Mis/Disinformation/Conspiracy': 1}","{'Action': 0, 'Behavior': 2, 'Content': 7, 'Distribution': 0}",0.7642045065086203
3073,thepathbegins.social,$10^{1}$ to $10^{2}$ ,"{'Images': 1, 'Hate Speech': 1, 'Incitement of Violence': 1, 'Harassment': 1, 'Illegal Content': 1, 'Mis/Disinformation/Conspiracy': 1}","{'Action': 0, 'Behavior': 1, 'Content': 5, 'Distribution': 0}",0.6500224216483541
3074,thepit.social,$10^{3}$ to $10^{4}$,"{'Not Applicable': 1, 'Harassment': 1}","{'Action': 0, 'Behavior': 1, 'Content': 0, 'Distribution': 0}",-0.0
3075,theres.life,$10^{3}$ to $10^{4}$,"{'Illegal Content': 1, 'NSFW': 1, 'Hate Speech': 1, 'Harassment': 1, 'Spam': 2, 'Advertising & Commercialization': 1, 'Incitement of Violence': 1}","{'Action': 0, 'Behavior': 1, 'Content': 4, 'Distribution': 3}",1.4056390622295665
3076,thesinalab.de,$10^{1}$ to $10^{2}$ ,"{'Hate Speech': 2, 'Harassment': 1, 'Not Applicable': 1, 'Doxxing/ Personal Info': 1, 'Spam': 1, 'Reposting/Crossposting': 1, 'Links & Outside Content': 1}","{'Action': 0, 'Behavior': 2, 'Content': 3, 'Distribution': 2}",1.5566567074628228
3077,thetare.tech,$10^{2}$ to $10^{3}$,"{'NSFW': 1, 'Content Warnings': 1, 'Off-topic/topic specific': 1}","{'Action': 0, 'Behavior': 0, 'Content': 3, 'Distribution': 0}",-0.0
3078,thetavern.social,$10^{1}$ to $10^{2}$ ,"{'Hate Speech': 1, 'Content Warnings': 1, 'Images': 1}","{'Action': 0, 'Behavior': 0, 'Content': 3, 'Distribution': 0}",-0.0
3079,thewalkingdeaf.social,$10^{1}$ to $10^{2}$ ,{'Hate Speech': 2},"{'Action': 0, 'Behavior': 0, 'Content': 2, 'Distribution': 0}",-0.0
3080,theweird.space,$10^{2}$ to $10^{3}$,"{'Hate Speech': 1, 'NSFW': 1, 'Content Warnings': 1, 'Harassment': 1, 'Dogpiling': 1, 'Doxxing/ Personal Info': 1, 'Mis/Disinformation/Conspiracy': 1, 'Illegal Content': 1, 'Incitement of Violence': 1}","{'Action': 0, 'Behavior': 3, 'Content': 6, 'Distribution': 0}",0.9182958340544896
3081,thewizardingworld.com,$10^{2}$ to $10^{3}$,"{'Hate Speech': 2, 'Harassment': 1, 'Spam': 1, 'Off-topic/topic specific': 1, 'Doxxing/ Personal Info': 1, 'Illegal Content': 1}","{'Action': 0, 'Behavior': 2, 'Content': 4, 'Distribution': 1}",1.3787834934861753
3082,thicc.horse,$10^{3}$ to $10^{4}$,"{'NSFW': 2, 'Content Warnings': 2, 'Images': 1, 'Hate Speech': 1, 'Impersonation': 1, 'Illegal Content': 1, 'Copyright/ Piracy': 1, 'Spam': 1, 'Automated tools': 1, 'Incitement of Violence': 1, 'Doxxing/ Personal Info': 1}","{'Action': 1, 'Behavior': 2, 'Content': 8, 'Distribution': 2}",1.5465935642949382
3083,things.uk,$10^{1}$ to $10^{2}$ ,"{'Hate Speech': 1, 'Incitement of Violence': 1, 'Harassment': 1, 'Doxxing/ Personal Info': 1, 'Mis/Disinformation/Conspiracy': 1, 'Illegal Content': 1}","{'Action': 0, 'Behavior': 2, 'Content': 4, 'Distribution': 0}",0.9182958340544896
3084,thinktanki.social,$10^{2}$ to $10^{3}$,"{'Illegal Content': 1, 'Hate Speech': 1}","{'Action': 0, 'Behavior': 0, 'Content': 2, 'Distribution': 0}",-0.0
3085,thinkydoers.social,$10^{2}$ to $10^{3}$,"{'Hate Speech': 4, 'Content Warnings': 2, 'Harassment': 2, 'Advertising & Commercialization': 1, 'Impersonation': 1, 'Spam': 1, 'Illegal Content': 1}","{'Action': 0, 'Behavior': 3, 'Content': 7, 'Distribution': 2}",1.384431504340598
3086,thoughtbot.social,$10^{2}$ to $10^{3}$,"{'NSFW': 2, 'Hate Speech': 1, 'Harassment': 1}","{'Action': 0, 'Behavior': 1, 'Content': 3, 'Distribution': 0}",0.8112781244591328
3087,thu.closed.social,$10^{5}$ to $10^{6}$ ,"{'Hate Speech': 1, 'Mis/Disinformation/Conspiracy': 1, 'Content Warnings': 1}","{'Action': 0, 'Behavior': 0, 'Content': 3, 'Distribution': 0}",-0.0
3088,thx.gg,$10^{1}$ to $10^{2}$ ,"{'Hate Speech': 1, 'Content Warnings': 1}","{'Action': 0, 'Behavior': 0, 'Content': 2, 'Distribution': 0}",-0.0
3089,ti22.pro,$10^{1}$ to $10^{2}$ ,"{'Hate Speech': 2, 'Harassment': 1, 'Illegal Content': 2, 'Incitement of Violence': 1, 'Doxxing/ Personal Info': 1, 'Spam': 1}","{'Action': 0, 'Behavior': 2, 'Content': 5, 'Distribution': 1}",1.2987949406953985
3090,tiphon.nerv-project.eu,$10^{1}$ to $10^{2}$ ,"{'Links & Outside Content': 1, 'Harassment': 2, 'Doxxing/ Personal Info': 2, 'Copyright/ Piracy': 3, 'Hate Speech': 6, 'Incitement of Violence': 2, 'Illegal Content': 5, 'Mis/Disinformation/Conspiracy': 1, 'NSFW': 1, 'Images': 1}","{'Action': 0, 'Behavior': 4, 'Content': 17, 'Distribution': 3}",1.158222675578688
3091,tippetarius.ru,$10^{1}$ to $10^{2}$ ,"{'Advertising & Commercialization': 2, 'Illegal Content': 2, 'Spam': 2}","{'Action': 0, 'Behavior': 0, 'Content': 2, 'Distribution': 4}",0.9182958340544896
3092,tivia.social,$10^{2}$ to $10^{3}$,"{'Hate Speech': 1, 'Harassment': 1, 'Illegal Content': 1, 'Content Warnings': 1, 'Advertising & Commercialization': 1}","{'Action': 0, 'Behavior': 1, 'Content': 3, 'Distribution': 1}",1.3709505944546687
3093,tjatse.no,$10^{1}$ to $10^{2}$ ,{'Illegal Content': 1},"{'Action': 0, 'Behavior': 0, 'Content': 1, 'Distribution': 0}",-0.0
3094,tkz.one,$10^{5}$ to $10^{6}$ ,"{'Off-topic/topic specific': 1, 'Hate Speech': 2, 'Harassment': 1, 'Illegal Content': 1, 'Incitement of Violence': 1, 'Not Applicable': 1, 'Mis/Disinformation/Conspiracy': 2, 'NSFW': 1, 'Content Warnings': 1, 'Spam': 2, 'Reposting/Crossposting': 1}","{'Action': 0, 'Behavior': 1, 'Content': 9, 'Distribution': 3}",1.1401156785146092
3095,tmi.community,$10^{2}$ to $10^{3}$,{'Off-topic/topic specific': 1},"{'Action': 0, 'Behavior': 0, 'Content': 1, 'Distribution': 0}",-0.0
3096,tmi.pics,$10^{1}$ to $10^{2}$ ,"{'Doxxing/ Personal Info': 1, 'NSFW': 1, 'Content Warnings': 1, 'Images': 1, 'Advertising & Commercialization': 1}","{'Action': 0, 'Behavior': 1, 'Content': 3, 'Distribution': 1}",1.3709505944546687
3097,tmux.f5.si,$10^{1}$ to $10^{2}$ ,"{'Hate Speech': 1, 'Harassment': 1, 'Content Warnings': 1}","{'Action': 0, 'Behavior': 1, 'Content': 2, 'Distribution': 0}",0.9182958340544896
3098,tny.social,$10^{1}$ to $10^{2}$ ,"{'Content Warnings': 1, 'Images': 1, 'Hate Speech': 1, 'Incitement of Violence': 1, 'Harassment': 1, 'Doxxing/ Personal Info': 1, 'Illegal Content': 1, 'Mis/Disinformation/Conspiracy': 1}","{'Action': 0, 'Behavior': 2, 'Content': 6, 'Distribution': 0}",0.8112781244591328
3099,toad.social,$10^{4}$ to $10^{5}$,"{'Harassment': 1, 'Illegal Content': 1, 'Hate Speech': 1, 'Impersonation': 1}","{'Action': 0, 'Behavior': 2, 'Content': 2, 'Distribution': 0}",1.0
3100,todon.eu,$10^{4}$ to $10^{5}$,"{'Hate Speech': 9, 'Harassment': 1, 'Trolling': 1, 'Illegal Content': 1, 'Incitement of Violence': 1, 'Not Applicable': 1, 'Mis/Disinformation/Conspiracy': 2}","{'Action': 0, 'Behavior': 2, 'Content': 13, 'Distribution': 0}",0.5665095065529053
3101,todon.nl,$10^{4}$ to $10^{5}$,"{'Hate Speech': 9, 'Harassment': 1, 'Trolling': 1, 'Illegal Content': 1, 'Incitement of Violence': 1, 'Not Applicable': 1, 'Mis/Disinformation/Conspiracy': 2}","{'Action': 0, 'Behavior': 2, 'Content': 13, 'Distribution': 0}",0.5665095065529053
3102,togl.me,$10^{1}$ to $10^{2}$ ,"{'Hate Speech': 1, 'Automated tools': 1, 'Reposting/Crossposting': 1}","{'Action': 1, 'Behavior': 0, 'Content': 1, 'Distribution': 1}",1.584962500721156
3103,tokonatsu.social,$10^{1}$ to $10^{2}$ ,"{'Illegal Content': 1, 'Hate Speech': 1, 'Content Warnings': 1}","{'Action': 0, 'Behavior': 0, 'Content': 3, 'Distribution': 0}",-0.0
3104,tombraidersocial.com,$10^{2}$ to $10^{3}$,"{'Hate Speech': 1, 'NSFW': 1, 'Incitement of Violence': 2, 'Impersonation': 1, 'Harassment': 1, 'Dogpiling': 1, 'Doxxing/ Personal Info': 1, 'Illegal Content': 1, 'Advertising & Commercialization': 1, 'Spam': 1}","{'Action': 0, 'Behavior': 4, 'Content': 5, 'Distribution': 2}",1.4949188482339508
3105,ton-ton.link,$10^{2}$ to $10^{3}$,{'Off-topic/topic specific': 1},"{'Action': 0, 'Behavior': 0, 'Content': 1, 'Distribution': 0}",-0.0
3106,tonybark.art,$10^{1}$ to $10^{2}$ ,"{'NSFW': 2, 'Content Warnings': 1, 'Mis/Disinformation/Conspiracy': 1, 'Spam': 1, 'Harassment': 1, 'Images': 1, 'Automated tools': 1, 'Illegal Content': 1}","{'Action': 1, 'Behavior': 1, 'Content': 6, 'Distribution': 1}",1.4466166676282082
3107,tonybark.com,$10^{1}$ to $10^{2}$ ,"{'NSFW': 2, 'Content Warnings': 1, 'Mis/Disinformation/Conspiracy': 1, 'Spam': 1, 'Harassment': 1, 'Images': 1, 'Not Applicable': 1, 'Automated tools': 1, 'Illegal Content': 1, 'Doxxing/ Personal Info': 1}","{'Action': 1, 'Behavior': 2, 'Content': 6, 'Distribution': 1}",1.5709505944546687
3108,tooot.im,$10^{4}$ to $10^{5}$,"{'Incitement of Violence': 2, 'Harassment': 2, 'Content Warnings': 1, 'NSFW': 1, 'Images': 1, 'Hate Speech': 1}","{'Action': 0, 'Behavior': 2, 'Content': 6, 'Distribution': 0}",0.8112781244591328
3109,toot.ale.gd,$10^{1}$ to $10^{2}$ ,"{'Hate Speech': 4, 'NSFW': 1, 'Content Warnings': 1}","{'Action': 0, 'Behavior': 0, 'Content': 6, 'Distribution': 0}",-0.0
3110,toot.aornis.dev,$10^{1}$ to $10^{2}$ ,{'Hate Speech': 1},"{'Action': 0, 'Behavior': 0, 'Content': 1, 'Distribution': 0}",-0.0
3111,toot.aquilenet.fr,$10^{4}$ to $10^{5}$,"{'Hate Speech': 2, 'Harassment': 1, 'Advertising & Commercialization': 1, 'Impersonation': 1, 'Automated tools': 1, 'Reposting/Crossposting': 1, 'Content Warnings': 1}","{'Action': 1, 'Behavior': 2, 'Content': 3, 'Distribution': 2}",1.9056390622295665
3112,toot.ballioljcr.org,$10^{2}$ to $10^{3}$,"{'Hate Speech': 1, 'Incitement of Violence': 1, 'Harassment': 1, 'Doxxing/ Personal Info': 1, 'Illegal Content': 1, 'Mis/Disinformation/Conspiracy': 1}","{'Action': 0, 'Behavior': 2, 'Content': 4, 'Distribution': 0}",0.9182958340544896
3113,toot.beep.computer,$10^{2}$ to $10^{3}$,"{'Illegal Content': 1, 'NSFW': 1, 'Content Warnings': 2, 'Harassment': 1, 'Hate Speech': 1, 'Images': 1}","{'Action': 0, 'Behavior': 1, 'Content': 6, 'Distribution': 0}",0.5916727785823275
3114,toot.beer,$10^{1}$ to $10^{2}$ ,"{'Hate Speech': 1, 'Illegal Content': 1, 'NSFW': 2, 'Images': 1, 'Doxxing/ Personal Info': 1, 'Harassment': 1, 'Impersonation': 1, 'Spam': 1, 'Off-topic/topic specific': 1, 'Copyright/ Piracy': 1}","{'Action': 0, 'Behavior': 3, 'Content': 6, 'Distribution': 2}",1.4353713907745331
3115,toot.bike,$10^{3}$ to $10^{4}$,"{'Harassment': 1, 'Doxxing/ Personal Info': 1, 'Hate Speech': 2, 'Mis/Disinformation/Conspiracy': 1, 'NSFW': 2, 'Spam': 1, 'Illegal Content': 1, 'Content Warnings': 1, 'Off-topic/topic specific': 1}","{'Action': 0, 'Behavior': 2, 'Content': 8, 'Distribution': 1}",1.0957952550009336
3116,toot.bldrweb.org,$10^{3}$ to $10^{4}$,"{'Incitement of Violence': 1, 'Hate Speech': 7}","{'Action': 0, 'Behavior': 0, 'Content': 8, 'Distribution': 0}",-0.0
3117,toot.blue,$10^{3}$ to $10^{4}$,"{'NSFW': 2, 'Illegal Content': 2, 'Spam': 1, 'Doxxing/ Personal Info': 1, 'Hate Speech': 1}","{'Action': 0, 'Behavior': 1, 'Content': 5, 'Distribution': 1}",1.1488348542809166
3118,toot.boston,$10^{2}$ to $10^{3}$,"{'Hate Speech': 2, 'Harassment': 1, 'Content Warnings': 1, 'Images': 1}","{'Action': 0, 'Behavior': 1, 'Content': 4, 'Distribution': 0}",0.7219280948873623
3119,toot.community,$10^{5}$ to $10^{6}$ ,"{'Content Warnings': 2, 'Images': 1, 'Hate Speech': 1, 'Incitement of Violence': 1, 'Harassment': 1, 'Doxxing/ Personal Info': 1, 'Illegal Content': 1, 'Mis/Disinformation/Conspiracy': 1}","{'Action': 0, 'Behavior': 2, 'Content': 7, 'Distribution': 0}",0.7642045065086203
3120,toot.cyano.uk,$10^{1}$ to $10^{2}$ ,"{'Harassment': 1, 'Off-topic/topic specific': 1}","{'Action': 0, 'Behavior': 1, 'Content': 1, 'Distribution': 0}",1.0
3121,toot.darkcooger.net,$10^{1}$ to $10^{2}$ ,"{'Hate Speech': 1, 'Harassment': 1}","{'Action': 0, 'Behavior': 1, 'Content': 1, 'Distribution': 0}",1.0
3122,toot.diglet.ca,$10^{1}$ to $10^{2}$ ,"{'NSFW': 1, 'Content Warnings': 1, 'Illegal Content': 1, 'Hate Speech': 1, 'Harassment': 1}","{'Action': 0, 'Behavior': 1, 'Content': 4, 'Distribution': 0}",0.7219280948873623
3123,toot.dswhi.com,$10^{1}$ to $10^{2}$ ,{'Illegal Content': 1},"{'Action': 0, 'Behavior': 0, 'Content': 1, 'Distribution': 0}",-0.0
3124,toot.dusepo.co.uk,$10^{1}$ to $10^{2}$ ,{'Hate Speech': 1},"{'Action': 0, 'Behavior': 0, 'Content': 1, 'Distribution': 0}",-0.0
3125,toot.earth,$10^{2}$ to $10^{3}$,"{'Incitement of Violence': 1, 'Hate Speech': 2, 'Harassment': 3}","{'Action': 0, 'Behavior': 3, 'Content': 3, 'Distribution': 0}",1.0
3126,toot.empathyintech.com,$10^{1}$ to $10^{2}$ ,{'Hate Speech': 1},"{'Action': 0, 'Behavior': 0, 'Content': 1, 'Distribution': 0}",-0.0
3127,toot.fan,$10^{1}$ to $10^{2}$ ,"{'Illegal Content': 1, 'Hate Speech': 1, 'NSFW': 1, 'Content Warnings': 1}","{'Action': 0, 'Behavior': 0, 'Content': 4, 'Distribution': 0}",-0.0
3128,toot.finfur.net,$10^{2}$ to $10^{3}$,{'NSFW': 1},"{'Action': 0, 'Behavior': 0, 'Content': 1, 'Distribution': 0}",-0.0
3129,toot.fs.al,$10^{1}$ to $10^{2}$ ,"{'Illegal Content': 1, 'Hate Speech': 1}","{'Action': 0, 'Behavior': 0, 'Content': 2, 'Distribution': 0}",-0.0
3130,toot.funami.tech,$10^{4}$ to $10^{5}$,"{'Harassment': 1, 'Content Warnings': 1, 'Spam': 1, 'Hate Speech': 1, 'Not Applicable': 1, 'Links & Outside Content': 1}","{'Action': 0, 'Behavior': 1, 'Content': 3, 'Distribution': 1}",1.3709505944546687
3131,toot.gaiac.io,$10^{1}$ to $10^{2}$ ,"{'Illegal Content': 1, 'NSFW': 1, 'Images': 2, 'Advertising & Commercialization': 1, 'Spam': 1, 'Harassment': 3, 'Off-topic/topic specific': 1, 'Hate Speech': 3, 'Doxxing/ Personal Info': 2, 'Mis/Disinformation/Conspiracy': 1}","{'Action': 0, 'Behavior': 5, 'Content': 9, 'Distribution': 2}",1.3663146570363986
3132,toot.houbahouba.de,$10^{1}$ to $10^{2}$ ,"{'Hate Speech': 2, 'Mis/Disinformation/Conspiracy': 1, 'Harassment': 1}","{'Action': 0, 'Behavior': 1, 'Content': 3, 'Distribution': 0}",0.8112781244591328
3133,toot.iamninja.ru,$10^{1}$ to $10^{2}$ ,"{'Hate Speech': 1, 'Harassment': 1, 'Doxxing/ Personal Info': 1, 'NSFW': 1, 'Content Warnings': 1, 'Advertising & Commercialization': 1, 'Links & Outside Content': 1}","{'Action': 0, 'Behavior': 2, 'Content': 4, 'Distribution': 1}",1.3787834934861753
3134,toot.imowl.net,$10^{1}$ to $10^{2}$ ,"{'Illegal Content': 1, 'Harassment': 1, 'Doxxing/ Personal Info': 1, 'Hate Speech': 2, 'Mis/Disinformation/Conspiracy': 1, 'Content Warnings': 1, 'Images': 1, 'Copyright/ Piracy': 1}","{'Action': 0, 'Behavior': 2, 'Content': 6, 'Distribution': 1}",1.224394445405986
3135,toot.io,$10^{5}$ to $10^{6}$ ,"{'Harassment': 1, 'Hate Speech': 2, 'Advertising & Commercialization': 1, 'Automated tools': 1, 'NSFW': 1, 'Incitement of Violence': 1, 'Spam': 2, 'Links & Outside Content': 1, 'Not Applicable': 1}","{'Action': 1, 'Behavior': 1, 'Content': 5, 'Distribution': 3}",1.6854752972273346
3136,toot.jeena.net,$10^{1}$ to $10^{2}$ ,{'Illegal Content': 1},"{'Action': 0, 'Behavior': 0, 'Content': 1, 'Distribution': 0}",-0.0
3137,toot.kif.rocks,$10^{3}$ to $10^{4}$,"{'Hate Speech': 1, 'Harassment': 1}","{'Action': 0, 'Behavior': 1, 'Content': 1, 'Distribution': 0}",1.0
3138,toot.kotocoop.org,$10^{1}$ to $10^{2}$ ,"{'Harassment': 2, 'Hate Speech': 4}","{'Action': 0, 'Behavior': 2, 'Content': 4, 'Distribution': 0}",0.9182958340544896
3139,toot.lgbt,$10^{3}$ to $10^{4}$,"{'NSFW': 3, 'Images': 2, 'Illegal Content': 2, 'Harassment': 3, 'Doxxing/ Personal Info': 1, 'Mis/Disinformation/Conspiracy': 1, 'Hate Speech': 1, 'Off-topic/topic specific': 1, 'Advertising & Commercialization': 1, 'Spam': 1, 'Content Warnings': 1, 'Trolling': 1}","{'Action': 0, 'Behavior': 5, 'Content': 11, 'Distribution': 2}",1.2997367636952522
3140,toot.lugbz.social,$10^{2}$ to $10^{3}$,"{'Harassment': 2, 'Hate Speech': 2, 'Illegal Content': 3, 'Doxxing/ Personal Info': 1, 'NSFW': 1, 'Dogpiling': 1, 'Automated tools': 1, 'Reposting/Crossposting': 1, 'Mis/Disinformation/Conspiracy': 1, 'Copyright/ Piracy': 1, 'Spam': 1, 'Off-topic/topic specific': 1}","{'Action': 1, 'Behavior': 4, 'Content': 8, 'Distribution': 3}",1.7028195311147831
3141,toot.lv,$10^{4}$ to $10^{5}$,"{'Content Warnings': 1, 'Images': 1, 'Hate Speech': 2, 'Incitement of Violence': 1, 'Doxxing/ Personal Info': 1, 'Illegal Content': 1, 'Mis/Disinformation/Conspiracy': 1}","{'Action': 0, 'Behavior': 1, 'Content': 7, 'Distribution': 0}",0.5435644431995964
3142,toot.majorshouse.com,$10^{2}$ to $10^{3}$,{'Hate Speech': 1},"{'Action': 0, 'Behavior': 0, 'Content': 1, 'Distribution': 0}",-0.0
3143,toot.monny.cloud,$10^{1}$ to $10^{2}$ ,"{'Hate Speech': 1, 'NSFW': 1, 'Harassment': 1, 'Illegal Content': 1, 'Incitement of Violence': 1, 'Mis/Disinformation/Conspiracy': 1}","{'Action': 0, 'Behavior': 1, 'Content': 5, 'Distribution': 0}",0.6500224216483541
3144,toot.monster,$10^{1}$ to $10^{2}$ ,"{'Images': 1, 'Hate Speech': 1, 'Incitement of Violence': 1, 'Harassment': 1, 'Doxxing/ Personal Info': 1, 'Illegal Content': 1, 'Mis/Disinformation/Conspiracy': 1, 'Spam': 1}","{'Action': 0, 'Behavior': 2, 'Content': 5, 'Distribution': 1}",1.2987949406953985
3145,toot.mrah.live,$10^{1}$ to $10^{2}$ ,"{'Hate Speech': 1, 'NSFW': 3, 'Content Warnings': 1, 'Images': 1}","{'Action': 0, 'Behavior': 0, 'Content': 6, 'Distribution': 0}",-0.0
3146,toot.nclf.net,$10^{1}$ to $10^{2}$ ,{'Hate Speech': 2},"{'Action': 0, 'Behavior': 0, 'Content': 2, 'Distribution': 0}",-0.0
3147,toot.niflheim.monster,$10^{1}$ to $10^{2}$ ,"{'Hate Speech': 3, 'Mis/Disinformation/Conspiracy': 1, 'Illegal Content': 1}","{'Action': 0, 'Behavior': 0, 'Content': 5, 'Distribution': 0}",-0.0
3148,toot.onlyfans.tokyo,$10^{1}$ to $10^{2}$ ,"{'Content Warnings': 1, 'Images': 1, 'Hate Speech': 1, 'Incitement of Violence': 1, 'Harassment': 1, 'Doxxing/ Personal Info': 1, 'Illegal Content': 1, 'Mis/Disinformation/Conspiracy': 1}","{'Action': 0, 'Behavior': 2, 'Content': 6, 'Distribution': 0}",0.8112781244591328
3149,toot.paris,$10^{2}$ to $10^{3}$,"{'Illegal Content': 1, 'NSFW': 1, 'Images': 2, 'Advertising & Commercialization': 1, 'Spam': 1, 'Harassment': 3, 'Off-topic/topic specific': 1, 'Hate Speech': 3, 'Doxxing/ Personal Info': 2, 'Mis/Disinformation/Conspiracy': 1}","{'Action': 0, 'Behavior': 5, 'Content': 9, 'Distribution': 2}",1.3663146570363986
3150,toot.pingu4.me,$10^{2}$ to $10^{3}$,"{'Hate Speech': 3, 'Harassment': 2, 'Mis/Disinformation/Conspiracy': 1, 'NSFW': 1, 'Illegal Content': 2, 'Copyright/ Piracy': 1, 'Incitement of Violence': 1, 'Advertising & Commercialization': 1, 'Spam': 1, 'Links & Outside Content': 1, 'Automated tools': 1}","{'Action': 1, 'Behavior': 2, 'Content': 9, 'Distribution': 3}",1.5546097612655667
3151,toot.portes-imaginaire.org,$10^{3}$ to $10^{4}$,"{'Hate Speech': 1, 'NSFW': 1, 'Content Warnings': 1, 'Illegal Content': 1, 'Mis/Disinformation/Conspiracy': 1}","{'Action': 0, 'Behavior': 0, 'Content': 5, 'Distribution': 0}",-0.0
3152,toot.quest,$10^{1}$ to $10^{2}$ ,"{'Content Warnings': 1, 'Hate Speech': 1}","{'Action': 0, 'Behavior': 0, 'Content': 2, 'Distribution': 0}",-0.0
3153,toot.rayonnant.org,$10^{1}$ to $10^{2}$ ,"{'NSFW': 1, 'Content Warnings': 1, 'Illegal Content': 1, 'Hate Speech': 1, 'Incitement of Violence': 1, 'Harassment': 1, 'Dogpiling': 1, 'Doxxing/ Personal Info': 1}","{'Action': 0, 'Behavior': 3, 'Content': 5, 'Distribution': 0}",0.954434002924965
3154,toot.re,$10^{3}$ to $10^{4}$,"{'Hate Speech': 1, 'Illegal Content': 1, 'Spam': 1, 'NSFW': 1, 'Content Warnings': 1, 'Impersonation': 1, 'Not Applicable': 1}","{'Action': 0, 'Behavior': 1, 'Content': 4, 'Distribution': 1}",1.2516291673878228
3155,toot.renn.es,$10^{1}$ to $10^{2}$ ,"{'Hate Speech': 1, 'Harassment': 1, 'Incitement of Violence': 1, 'Images': 1, 'Mis/Disinformation/Conspiracy': 1}","{'Action': 0, 'Behavior': 1, 'Content': 4, 'Distribution': 0}",0.7219280948873623
3156,toot.rhetro.de,$10^{1}$ to $10^{2}$ ,"{'Illegal Content': 1, 'Hate Speech': 1, 'Content Warnings': 1}","{'Action': 0, 'Behavior': 0, 'Content': 3, 'Distribution': 0}",-0.0
3157,toot.sh,$10^{1}$ to $10^{2}$ ,"{'Advertising & Commercialization': 1, 'Spam': 1, 'Not Applicable': 1, 'Automated tools': 1, 'NSFW': 2, 'Content Warnings': 1, 'Hate Speech': 1, 'Illegal Content': 1, 'Doxxing/ Personal Info': 1, 'Mis/Disinformation/Conspiracy': 1}","{'Action': 1, 'Behavior': 1, 'Content': 6, 'Distribution': 2}",1.5709505944546687
3158,toot.shoes,$10^{2}$ to $10^{3}$,"{'Illegal Content': 2, 'Spam': 1, 'Harassment': 2, 'Hate Speech': 2, 'NSFW': 1}","{'Action': 0, 'Behavior': 2, 'Content': 5, 'Distribution': 1}",1.2987949406953985
3159,toot.si,$10^{3}$ to $10^{4}$,"{'Hate Speech': 3, 'Doxxing/ Personal Info': 2, 'Harassment': 2, 'Dogpiling': 1, 'Mis/Disinformation/Conspiracy': 1, 'Advertising & Commercialization': 1, 'Spam': 1, 'Automated tools': 1, 'NSFW': 1, 'Content Warnings': 1, 'Illegal Content': 1}","{'Action': 1, 'Behavior': 5, 'Content': 7, 'Distribution': 2}",1.6894822670191825
3160,toot.snipesearch.co.uk,$10^{2}$ to $10^{3}$,"{'Hate Speech': 3, 'NSFW': 2, 'Images': 1, 'Illegal Content': 1, 'Advertising & Commercialization': 1, 'Spam': 1}","{'Action': 0, 'Behavior': 0, 'Content': 7, 'Distribution': 2}",0.7642045065086203
3161,toot.spooky.computer,$10^{1}$ to $10^{2}$ ,{'Harassment': 1},"{'Action': 0, 'Behavior': 1, 'Content': 0, 'Distribution': 0}",-0.0
3162,toot.team.jetzt,$10^{1}$ to $10^{2}$ ,"{'Harassment': 1, 'Off-topic/topic specific': 1, 'NSFW': 1, 'Content Warnings': 1, 'Hate Speech': 1, 'Illegal Content': 1}","{'Action': 0, 'Behavior': 1, 'Content': 5, 'Distribution': 0}",0.6500224216483541
3163,toot.the-cloud.io,$10^{1}$ to $10^{2}$ ,"{'Illegal Content': 1, 'Content Warnings': 1, 'Advertising & Commercialization': 1, 'Spam': 1, 'Hate Speech': 1, 'Harassment': 3, 'Impersonation': 1, 'Doxxing/ Personal Info': 1}","{'Action': 0, 'Behavior': 5, 'Content': 3, 'Distribution': 2}",1.4854752972273344
3164,toot.turbo.chat,$10^{4}$ to $10^{5}$,"{'Harassment': 1, 'Hate Speech': 1, 'Content Warnings': 1}","{'Action': 0, 'Behavior': 1, 'Content': 2, 'Distribution': 0}",0.9182958340544896
3165,toot.wales,$10^{5}$ to $10^{6}$ ,"{'Illegal Content': 1, 'Hate Speech': 1, 'Spam': 1, 'Trolling': 1, 'Doxxing/ Personal Info': 1}","{'Action': 0, 'Behavior': 2, 'Content': 2, 'Distribution': 1}",1.5219280948873621
3166,toot.works,$10^{2}$ to $10^{3}$,"{'Content Warnings': 1, 'Images': 1, 'Hate Speech': 1, 'Incitement of Violence': 1, 'Harassment': 1, 'Doxxing/ Personal Info': 1, 'Mis/Disinformation/Conspiracy': 1, 'Illegal Content': 1}","{'Action': 0, 'Behavior': 2, 'Content': 6, 'Distribution': 0}",0.8112781244591328
3167,toot.xdncs.com,$10^{1}$ to $10^{2}$ ,"{'Hate Speech': 1, 'NSFW': 1, 'Images': 1, 'Incitement of Violence': 1, 'Mis/Disinformation/Conspiracy': 1, 'Harassment': 1, 'Doxxing/ Personal Info': 1}","{'Action': 0, 'Behavior': 2, 'Content': 5, 'Distribution': 0}",0.863120568566631
3168,tooter.kr,$10^{2}$ to $10^{3}$,"{'Hate Speech': 3, 'Harassment': 5, 'Not Applicable': 1, 'Incitement of Violence': 2, 'NSFW': 1, 'Illegal Content': 1, 'Impersonation': 1, 'Mis/Disinformation/Conspiracy': 2, 'Trolling': 1, 'Doxxing/ Personal Info': 1, 'Advertising & Commercialization': 1}","{'Action': 0, 'Behavior': 8, 'Content': 9, 'Distribution': 1}",1.2516291673878228
3169,tooter.sftn.eu,$10^{2}$ to $10^{3}$,"{'Incitement of Violence': 4, 'Illegal Content': 3, 'Harassment': 1, 'Dogpiling': 1, 'Hate Speech': 2, 'Not Applicable': 1, 'NSFW': 2, 'Content Warnings': 1, 'Images': 3, 'Doxxing/ Personal Info': 1, 'Spam': 1, 'Mis/Disinformation/Conspiracy': 3, 'Impersonation': 1, 'Copyright/ Piracy': 1}","{'Action': 0, 'Behavior': 4, 'Content': 18, 'Distribution': 2}",1.0408520829727552
3170,tootr.co,$10^{2}$ to $10^{3}$,"{'Hate Speech': 1, 'Illegal Content': 1, 'Doxxing/ Personal Info': 1, 'Spam': 1, 'Links & Outside Content': 1}","{'Action': 0, 'Behavior': 1, 'Content': 3, 'Distribution': 1}",1.3709505944546687
3171,toots.ch,$10^{1}$ to $10^{2}$ ,"{'Content Warnings': 1, 'Images': 1, 'Hate Speech': 1, 'Incitement of Violence': 2, 'Harassment': 1, 'Doxxing/ Personal Info': 1, 'Illegal Content': 1, 'Mis/Disinformation/Conspiracy': 1, 'Advertising & Commercialization': 1, 'Spam': 1, 'Automated tools': 1}","{'Action': 1, 'Behavior': 2, 'Content': 7, 'Distribution': 2}",1.6140054628542202
3172,toots.cordelya.net,$10^{1}$ to $10^{2}$ ,"{'Illegal Content': 1, 'Hate Speech': 1, 'Advertising & Commercialization': 1, 'Content Warnings': 1, 'Images': 1}","{'Action': 0, 'Behavior': 0, 'Content': 4, 'Distribution': 1}",0.7219280948873623
3173,toots.deds.nl,$10^{2}$ to $10^{3}$,"{'Doxxing/ Personal Info': 1, 'Harassment': 1, 'Advertising & Commercialization': 1, 'Spam': 1}","{'Action': 0, 'Behavior': 2, 'Content': 0, 'Distribution': 2}",1.0
3174,toots.hd0.eu,$10^{1}$ to $10^{2}$ ,{'Hate Speech': 1},"{'Action': 0, 'Behavior': 0, 'Content': 1, 'Distribution': 0}",-0.0
3175,toots.im,$10^{1}$ to $10^{2}$ ,"{'Hate Speech': 1, 'Incitement of Violence': 1, 'Mis/Disinformation/Conspiracy': 1}","{'Action': 0, 'Behavior': 0, 'Content': 3, 'Distribution': 0}",-0.0
3176,toots.matapacos.dog,$10^{3}$ to $10^{4}$,"{'Hate Speech': 3, 'NSFW': 1, 'Content Warnings': 1, 'Illegal Content': 1, 'Incitement of Violence': 1, 'Trolling': 1}","{'Action': 0, 'Behavior': 1, 'Content': 7, 'Distribution': 0}",0.5435644431995964
3177,toots.social,$10^{3}$ to $10^{4}$,"{'NSFW': 1, 'Illegal Content': 1, 'Spam': 1, 'Links & Outside Content': 1}","{'Action': 0, 'Behavior': 0, 'Content': 3, 'Distribution': 1}",0.8112781244591328
3178,toots.tangoit.net,$10^{1}$ to $10^{2}$ ,"{'Images': 2, 'Doxxing/ Personal Info': 1, 'Illegal Content': 2, 'Incitement of Violence': 3, 'Hate Speech': 1, 'NSFW': 1, 'Content Warnings': 1}","{'Action': 0, 'Behavior': 1, 'Content': 10, 'Distribution': 0}",0.4394969869215134
3179,toots.toby.ink,$10^{1}$ to $10^{2}$ ,"{'Links & Outside Content': 1, 'Hate Speech': 1}","{'Action': 0, 'Behavior': 0, 'Content': 2, 'Distribution': 0}",-0.0
3180,toots.tylerdavis.xyz,$10^{1}$ to $10^{2}$ ,{'NSFW': 1},"{'Action': 0, 'Behavior': 0, 'Content': 1, 'Distribution': 0}",-0.0
3181,tootsmcgoots.io,$10^{1}$ to $10^{2}$ ,"{'Content Warnings': 1, 'Images': 1, 'Hate Speech': 1, 'Incitement of Violence': 1, 'Harassment': 1, 'Doxxing/ Personal Info': 1, 'Illegal Content': 1, 'Mis/Disinformation/Conspiracy': 1}","{'Action': 0, 'Behavior': 2, 'Content': 6, 'Distribution': 0}",0.8112781244591328
3182,tootsmygoots.com,$10^{1}$ to $10^{2}$ ,{'Hate Speech': 1},"{'Action': 0, 'Behavior': 0, 'Content': 1, 'Distribution': 0}",-0.0
3183,toottoot.eu,$10^{1}$ to $10^{2}$ ,"{'Hate Speech': 2, 'Off-topic/topic specific': 1}","{'Action': 0, 'Behavior': 0, 'Content': 3, 'Distribution': 0}",-0.0
3184,top-netz.de,$10^{1}$ to $10^{2}$ ,"{'Hate Speech': 2, 'Harassment': 2}","{'Action': 0, 'Behavior': 2, 'Content': 2, 'Distribution': 0}",1.0
3185,topofthe.city,$10^{1}$ to $10^{2}$ ,"{'Hate Speech': 1, 'NSFW': 1, 'Content Warnings': 1, 'Images': 2}","{'Action': 0, 'Behavior': 0, 'Content': 5, 'Distribution': 0}",-0.0
3186,topspicy.social,$10^{3}$ to $10^{4}$,"{'Hate Speech': 1, 'Content Warnings': 2, 'NSFW': 1}","{'Action': 0, 'Behavior': 0, 'Content': 4, 'Distribution': 0}",-0.0
3187,tor.lat,$10^{1}$ to $10^{2}$ ,"{'Hate Speech': 1, 'Harassment': 1, 'Doxxing/ Personal Info': 1, 'NSFW': 2, 'Illegal Content': 1, 'Content Warnings': 2, 'Images': 1}","{'Action': 0, 'Behavior': 2, 'Content': 7, 'Distribution': 0}",0.7642045065086203
3188,torguard.social,$10^{3}$ to $10^{4}$,"{'Content Warnings': 1, 'Images': 1, 'Hate Speech': 1, 'Incitement of Violence': 1, 'Harassment': 1, 'Doxxing/ Personal Info': 1, 'Mis/Disinformation/Conspiracy': 1}","{'Action': 0, 'Behavior': 2, 'Content': 5, 'Distribution': 0}",0.863120568566631
3189,tormentnexus.dev,$10^{1}$ to $10^{2}$ ,"{'Hate Speech': 2, 'Content Warnings': 1, 'Images': 1}","{'Action': 0, 'Behavior': 0, 'Content': 4, 'Distribution': 0}",-0.0
3190,toulouse.social,$10^{2}$ to $10^{3}$,"{'Illegal Content': 1, 'NSFW': 1, 'Content Warnings': 1, 'Hate Speech': 1, 'Harassment': 1, 'Doxxing/ Personal Info': 1}","{'Action': 0, 'Behavior': 2, 'Content': 4, 'Distribution': 0}",0.9182958340544896
3191,town.friendmaterial.lgbt,$10^{2}$ to $10^{3}$,"{'Hate Speech': 1, 'NSFW': 1, 'Content Warnings': 1, 'Advertising & Commercialization': 1}","{'Action': 0, 'Behavior': 0, 'Content': 3, 'Distribution': 1}",0.8112781244591328
3192,town.voyager.blue,$10^{3}$ to $10^{4}$,"{'Links & Outside Content': 1, 'Advertising & Commercialization': 1, 'Automated tools': 1, 'Hate Speech': 2, 'Incitement of Violence': 1, 'Off-topic/topic specific': 1, 'Harassment': 1, 'Content Warnings': 2, 'Images': 2, 'Mis/Disinformation/Conspiracy': 1, 'Doxxing/ Personal Info': 1, 'Copyright/ Piracy': 1}","{'Action': 1, 'Behavior': 2, 'Content': 10, 'Distribution': 2}",1.4256051990169436
3193,toyvey.xyz,$10^{1}$ to $10^{2}$ ,"{'NSFW': 1, 'Content Warnings': 1, 'Harassment': 1, 'Doxxing/ Personal Info': 1, 'Incitement of Violence': 1, 'Hate Speech': 1}","{'Action': 0, 'Behavior': 2, 'Content': 4, 'Distribution': 0}",0.9182958340544896
3194,trada.day,$10^{1}$ to $10^{2}$ ,{'Mis/Disinformation/Conspiracy': 1},"{'Action': 0, 'Behavior': 0, 'Content': 1, 'Distribution': 0}",-0.0
3195,tragically.social,$10^{1}$ to $10^{2}$ ,"{'Hate Speech': 1, 'Harassment': 1}","{'Action': 0, 'Behavior': 1, 'Content': 1, 'Distribution': 0}",1.0
3196,transden.lgbt,$10^{2}$ to $10^{3}$,{'Hate Speech': 1},"{'Action': 0, 'Behavior': 0, 'Content': 1, 'Distribution': 0}",-0.0
3197,transfur.social,$10^{3}$ to $10^{4}$,"{'Illegal Content': 1, 'Content Warnings': 1, 'Doxxing/ Personal Info': 1, 'Hate Speech': 1, 'Links & Outside Content': 1}","{'Action': 0, 'Behavior': 1, 'Content': 4, 'Distribution': 0}",0.7219280948873623
3198,transmom.love,$10^{2}$ to $10^{3}$,"{'Hate Speech': 5, 'Off-topic/topic specific': 1, 'Dogpiling': 1, 'Content Warnings': 4, 'Images': 1, 'Not Applicable': 1, 'NSFW': 1, 'Mis/Disinformation/Conspiracy': 1}","{'Action': 0, 'Behavior': 1, 'Content': 13, 'Distribution': 0}",0.37123232664087563
3199,travel-friends.chat,$10^{2}$ to $10^{3}$,"{'Illegal Content': 1, 'Spam': 1, 'Copyright/ Piracy': 1}","{'Action': 0, 'Behavior': 0, 'Content': 1, 'Distribution': 2}",0.9182958340544896
3200,travelpandas.fr,$10^{2}$ to $10^{3}$,"{'Spam': 2, 'Hate Speech': 1, 'Illegal Content': 1, 'Links & Outside Content': 1, 'NSFW': 1, 'Content Warnings': 2, 'Automated tools': 1}","{'Action': 1, 'Behavior': 0, 'Content': 6, 'Distribution': 2}",1.224394445405986
3201,trekkies.social,$10^{2}$ to $10^{3}$,"{'Hate Speech': 1, 'Harassment': 2, 'Off-topic/topic specific': 1}","{'Action': 0, 'Behavior': 2, 'Content': 2, 'Distribution': 0}",1.0
3202,trg.social,$10^{2}$ to $10^{3}$,"{'NSFW': 1, 'Content Warnings': 1, 'Images': 1, 'Incitement of Violence': 1, 'Harassment': 1, 'Dogpiling': 1, 'Doxxing/ Personal Info': 1, 'Illegal Content': 1, 'Advertising & Commercialization': 1, 'Spam': 1, 'Mis/Disinformation/Conspiracy': 1, 'Impersonation': 1, 'Hate Speech': 1}","{'Action': 0, 'Behavior': 4, 'Content': 7, 'Distribution': 2}",1.419556298571613
3203,triangletoot.party,$10^{3}$ to $10^{4}$,"{'NSFW': 1, 'Content Warnings': 1, 'Advertising & Commercialization': 1, 'Spam': 1}","{'Action': 0, 'Behavior': 0, 'Content': 2, 'Distribution': 2}",1.0
3204,tribe.net,$10^{4}$ to $10^{5}$,"{'Advertising & Commercialization': 2, 'Spam': 1, 'Harassment': 1}","{'Action': 0, 'Behavior': 1, 'Content': 0, 'Distribution': 3}",0.8112781244591328
3205,trivia.town,$10^{1}$ to $10^{2}$ ,"{'Content Warnings': 1, 'Images': 1, 'Hate Speech': 1, 'Incitement of Violence': 1, 'Harassment': 1, 'Doxxing/ Personal Info': 1, 'Mis/Disinformation/Conspiracy': 1}","{'Action': 0, 'Behavior': 2, 'Content': 5, 'Distribution': 0}",0.863120568566631
3206,troet.burg-halle.de,$10^{2}$ to $10^{3}$,"{'Mis/Disinformation/Conspiracy': 1, 'Illegal Content': 1, 'Harassment': 1, 'Incitement of Violence': 1, 'Hate Speech': 1, 'Content Warnings': 1, 'Images': 1, 'Advertising & Commercialization': 1, 'Spam': 1, 'Automated tools': 1, 'Reposting/Crossposting': 1}","{'Action': 1, 'Behavior': 1, 'Content': 6, 'Distribution': 3}",1.617189572592715
3207,troet.cafe,$10^{5}$ to $10^{6}$ ,"{'Harassment': 2, 'Doxxing/ Personal Info': 1, 'Hate Speech': 4, 'Illegal Content': 2, 'Incitement of Violence': 1, 'NSFW': 2, 'Images': 1, 'Automated tools': 1, 'Advertising & Commercialization': 1, 'Spam': 1}","{'Action': 1, 'Behavior': 3, 'Content': 10, 'Distribution': 2}",1.5016144718101818
3208,troet.tay-tec.de,$10^{1}$ to $10^{2}$ ,{'Links & Outside Content': 3},"{'Action': 0, 'Behavior': 0, 'Content': 3, 'Distribution': 0}",-0.0
3209,troetmund.de,$10^{1}$ to $10^{2}$ ,"{'Hate Speech': 1, 'NSFW': 1, 'Advertising & Commercialization': 1, 'Spam': 1}","{'Action': 0, 'Behavior': 0, 'Content': 2, 'Distribution': 2}",1.0
3210,troettroet.de,$10^{1}$ to $10^{2}$ ,{'Hate Speech': 1},"{'Action': 0, 'Behavior': 0, 'Content': 1, 'Distribution': 0}",-0.0
3211,trollian.space,$10^{2}$ to $10^{3}$,{'Off-topic/topic specific': 1},"{'Action': 0, 'Behavior': 0, 'Content': 1, 'Distribution': 0}",-0.0
3212,trpg-o.xyz,$10^{3}$ to $10^{4}$,"{'Content Warnings': 2, 'Hate Speech': 1}","{'Action': 0, 'Behavior': 0, 'Content': 3, 'Distribution': 0}",-0.0
3213,trpg.cloud,$10^{4}$ to $10^{5}$,{'Content Warnings': 1},"{'Action': 0, 'Behavior': 0, 'Content': 1, 'Distribution': 0}",-0.0
3214,trunk.jmtr.org,$10^{1}$ to $10^{2}$ ,"{'Illegal Content': 1, 'Trolling': 1, 'Harassment': 1, 'Dogpiling': 1, 'Doxxing/ Personal Info': 1, 'Incitement of Violence': 1, 'Hate Speech': 1, 'Mis/Disinformation/Conspiracy': 1, 'Advertising & Commercialization': 1, 'Spam': 1}","{'Action': 0, 'Behavior': 4, 'Content': 4, 'Distribution': 2}",1.5219280948873621
3215,truthandfreedom.social,$10^{1}$ to $10^{2}$ ,{'Hate Speech': 1},"{'Action': 0, 'Behavior': 0, 'Content': 1, 'Distribution': 0}",-0.0
3216,truthsocial.co.in,$10^{4}$ to $10^{5}$,"{'Illegal Content': 2, 'Incitement of Violence': 1, 'Impersonation': 1, 'Copyright/ Piracy': 1, 'NSFW': 1, 'Content Warnings': 1, 'Images': 1}","{'Action': 0, 'Behavior': 1, 'Content': 6, 'Distribution': 1}",1.061278124459133
3217,tty.icu,$10^{2}$ to $10^{3}$,{'Harassment': 1},"{'Action': 0, 'Behavior': 1, 'Content': 0, 'Distribution': 0}",-0.0
3218,tty0.social,$10^{3}$ to $10^{4}$,{'Hate Speech': 1},"{'Action': 0, 'Behavior': 0, 'Content': 1, 'Distribution': 0}",-0.0
3219,tu.social,$10^{3}$ to $10^{4}$,"{'Illegal Content': 1, 'NSFW': 1, 'Harassment': 1, 'Mis/Disinformation/Conspiracy': 1, 'Advertising & Commercialization': 1, 'Spam': 1}","{'Action': 0, 'Behavior': 1, 'Content': 3, 'Distribution': 2}",1.4591479170272446
3220,tucows.social,$10^{2}$ to $10^{3}$,"{'NSFW': 1, 'Images': 1, 'Hate Speech': 1, 'Incitement of Violence': 1, 'Harassment': 1, 'Doxxing/ Personal Info': 1, 'Mis/Disinformation/Conspiracy': 1}","{'Action': 0, 'Behavior': 2, 'Content': 5, 'Distribution': 0}",0.863120568566631
3221,tuebingen.network,$10^{2}$ to $10^{3}$,"{'Hate Speech': 1, 'NSFW': 1, 'Illegal Content': 1, 'Images': 1}","{'Action': 0, 'Behavior': 0, 'Content': 4, 'Distribution': 0}",-0.0
3222,tuffidon.de,$10^{2}$ to $10^{3}$,"{'Advertising & Commercialization': 1, 'Hate Speech': 1, 'Harassment': 1}","{'Action': 0, 'Behavior': 1, 'Content': 1, 'Distribution': 1}",1.584962500721156
3223,tuiter.rocks,$10^{3}$ to $10^{4}$,"{'Hate Speech': 3, 'NSFW': 2, 'Content Warnings': 1, 'Harassment': 1, 'Dogpiling': 1, 'Illegal Content': 2, 'Copyright/ Piracy': 1, 'Mis/Disinformation/Conspiracy': 1, 'Automated tools': 1, 'Images': 1, 'Incitement of Violence': 1}","{'Action': 1, 'Behavior': 2, 'Content': 11, 'Distribution': 1}",1.2366407419411674
3224,tulipgardenshow.masto.host,$10^{1}$ to $10^{2}$ ,"{'Hate Speech': 1, 'Harassment': 1, 'Mis/Disinformation/Conspiracy': 1, 'Images': 2, 'NSFW': 1, 'Content Warnings': 2, 'Copyright/ Piracy': 1}","{'Action': 0, 'Behavior': 1, 'Content': 7, 'Distribution': 1}",0.9864267287308424
3225,tum.social,$10^{2}$ to $10^{3}$,"{'Hate Speech': 3, 'Harassment': 3, 'Doxxing/ Personal Info': 1, 'Dogpiling': 1, 'Incitement of Violence': 1, 'Mis/Disinformation/Conspiracy': 1, 'Illegal Content': 1}","{'Action': 0, 'Behavior': 5, 'Content': 6, 'Distribution': 0}",0.9940302114769565
3226,turath.tn,$10^{2}$ to $10^{3}$,{'Doxxing/ Personal Info': 1},"{'Action': 0, 'Behavior': 1, 'Content': 0, 'Distribution': 0}",-0.0
3227,turingfesten.dk,$10^{2}$ to $10^{3}$,{'Hate Speech': 1},"{'Action': 0, 'Behavior': 0, 'Content': 1, 'Distribution': 0}",-0.0
3228,turtleisland.social,$10^{2}$ to $10^{3}$,{'Hate Speech': 1},"{'Action': 0, 'Behavior': 0, 'Content': 1, 'Distribution': 0}",-0.0
3229,tutoteket.no,$10^{2}$ to $10^{3}$,{'Hate Speech': 1},"{'Action': 0, 'Behavior': 0, 'Content': 1, 'Distribution': 0}",-0.0
3230,tw.town,$10^{2}$ to $10^{3}$,"{'Hate Speech': 1, 'Incitement of Violence': 1, 'Harassment': 1}","{'Action': 0, 'Behavior': 1, 'Content': 2, 'Distribution': 0}",0.9182958340544896
3231,tweesecake.social,$10^{3}$ to $10^{4}$,"{'Harassment': 1, 'Mis/Disinformation/Conspiracy': 1, 'Advertising & Commercialization': 1, 'Automated tools': 1, 'Reposting/Crossposting': 1, 'Off-topic/topic specific': 1, 'Copyright/ Piracy': 1, 'Doxxing/ Personal Info': 1, 'NSFW': 1, 'Content Warnings': 3, 'Images': 1}","{'Action': 1, 'Behavior': 2, 'Content': 7, 'Distribution': 3}",1.6691803368667308
3232,twinports.us,$10^{1}$ to $10^{2}$ ,"{'Content Warnings': 1, 'Images': 1, 'Hate Speech': 1, 'Incitement of Violence': 1, 'Harassment': 1, 'Doxxing/ Personal Info': 1, 'Illegal Content': 1, 'Mis/Disinformation/Conspiracy': 1}","{'Action': 0, 'Behavior': 2, 'Content': 6, 'Distribution': 0}",0.8112781244591328
3233,twipped.social,$10^{1}$ to $10^{2}$ ,"{'Hate Speech': 2, 'Spam': 1}","{'Action': 0, 'Behavior': 0, 'Content': 2, 'Distribution': 1}",0.9182958340544896
3234,twit.social,$10^{4}$ to $10^{5}$,"{'Spam': 1, 'Harassment': 2, 'Dogpiling': 1}","{'Action': 0, 'Behavior': 3, 'Content': 0, 'Distribution': 1}",0.8112781244591328
3235,twitchfr.social,$10^{2}$ to $10^{3}$,"{'NSFW': 1, 'Content Warnings': 1, 'Illegal Content': 1, 'Hate Speech': 1, 'Harassment': 1, 'Advertising & Commercialization': 1}","{'Action': 0, 'Behavior': 1, 'Content': 4, 'Distribution': 1}",1.2516291673878228
3236,twiukraine.com,$10^{4}$ to $10^{5}$,{'Illegal Content': 1},"{'Action': 0, 'Behavior': 0, 'Content': 1, 'Distribution': 0}",-0.0
3237,twoot.site,$10^{2}$ to $10^{3}$,"{'Illegal Content': 1, 'Hate Speech': 3, 'NSFW': 2, 'Content Warnings': 3, 'Spam': 1, 'Images': 2, 'Mis/Disinformation/Conspiracy': 2, 'Incitement of Violence': 1, 'Advertising & Commercialization': 1, 'Automated tools': 1, 'Reposting/Crossposting': 1, 'Doxxing/ Personal Info': 1, 'Not Applicable': 1}","{'Action': 1, 'Behavior': 1, 'Content': 14, 'Distribution': 3}",1.192250860234642
3238,twoot.space,$10^{1}$ to $10^{2}$ ,"{'Hate Speech': 2, 'Harassment': 1, 'NSFW': 1, 'Content Warnings': 1}","{'Action': 0, 'Behavior': 1, 'Content': 4, 'Distribution': 0}",0.7219280948873623
3239,typing.ink,$10^{1}$ to $10^{2}$ ,"{'Advertising & Commercialization': 1, 'Spam': 1, 'Harassment': 1, 'Doxxing/ Personal Info': 1}","{'Action': 0, 'Behavior': 2, 'Content': 0, 'Distribution': 2}",1.0
3240,typo.social,$10^{4}$ to $10^{5}$,"{'Copyright/ Piracy': 1, 'Hate Speech': 1, 'Advertising & Commercialization': 1}","{'Action': 0, 'Behavior': 0, 'Content': 1, 'Distribution': 2}",0.9182958340544896
3241,typo3.social,$10^{2}$ to $10^{3}$,"{'Harassment': 2, 'Trolling': 1, 'Mis/Disinformation/Conspiracy': 1, 'NSFW': 1, 'Images': 1}","{'Action': 0, 'Behavior': 3, 'Content': 3, 'Distribution': 0}",1.0
3242,tyrol.social,$10^{4}$ to $10^{5}$,"{'Hate Speech': 3, 'Harassment': 3, 'Doxxing/ Personal Info': 1, 'NSFW': 1, 'Dogpiling': 1, 'Incitement of Violence': 1, 'Illegal Content': 1, 'Trolling': 1, 'Automated tools': 1, 'Reposting/Crossposting': 1, 'Mis/Disinformation/Conspiracy': 1}","{'Action': 1, 'Behavior': 6, 'Content': 7, 'Distribution': 1}",1.5628066316931741
3243,u.miaomiao.li,$10^{1}$ to $10^{2}$ ,"{'Advertising & Commercialization': 1, 'Illegal Content': 2, 'NSFW': 1, 'Content Warnings': 1, 'Spam': 1}","{'Action': 0, 'Behavior': 0, 'Content': 4, 'Distribution': 2}",0.9182958340544896
3244,ubuntu.social,$10^{2}$ to $10^{3}$,"{'Content Warnings': 1, 'Images': 1, 'Hate Speech': 1, 'Incitement of Violence': 1, 'Harassment': 1, 'Doxxing/ Personal Info': 1, 'Mis/Disinformation/Conspiracy': 1}","{'Action': 0, 'Behavior': 2, 'Content': 5, 'Distribution': 0}",0.863120568566631
3245,uestc.social,$10^{2}$ to $10^{3}$,"{'Illegal Content': 1, 'Hate Speech': 1, 'Mis/Disinformation/Conspiracy': 1, 'Harassment': 1, 'NSFW': 1, 'Off-topic/topic specific': 1, 'Automated tools': 1}","{'Action': 1, 'Behavior': 1, 'Content': 5, 'Distribution': 0}",1.1488348542809166
3246,ukadon.shillest.net,$10^{3}$ to $10^{4}$,{'Doxxing/ Personal Info': 1},"{'Action': 0, 'Behavior': 1, 'Content': 0, 'Distribution': 0}",-0.0
3247,ukraine.rs,$10^{1}$ to $10^{2}$ ,"{'Incitement of Violence': 2, 'Hate Speech': 2, 'Mis/Disinformation/Conspiracy': 1, 'Illegal Content': 1, 'Doxxing/ Personal Info': 1, 'Advertising & Commercialization': 1}","{'Action': 0, 'Behavior': 1, 'Content': 6, 'Distribution': 1}",1.061278124459133
3248,uldegrova.com,$10^{2}$ to $10^{3}$,"{'Advertising & Commercialization': 1, 'Spam': 1, 'Hate Speech': 1, 'Incitement of Violence': 1, 'Harassment': 1, 'Doxxing/ Personal Info': 1, 'Illegal Content': 1}","{'Action': 0, 'Behavior': 2, 'Content': 3, 'Distribution': 2}",1.5566567074628228
3249,undefined.social,$10^{2}$ to $10^{3}$,{'Automated tools': 1},"{'Action': 1, 'Behavior': 0, 'Content': 0, 'Distribution': 0}",-0.0
3250,under-bank.blue,$10^{2}$ to $10^{3}$,"{'Off-topic/topic specific': 1, 'NSFW': 1, 'Content Warnings': 2, 'Images': 1, 'Hate Speech': 1, 'Harassment': 1}","{'Action': 0, 'Behavior': 1, 'Content': 6, 'Distribution': 0}",0.5916727785823275
3251,underwear.social,$10^{2}$ to $10^{3}$,"{'Hate Speech': 1, 'Incitement of Violence': 1, 'Harassment': 1, 'Doxxing/ Personal Info': 1, 'NSFW': 1, 'Content Warnings': 1, 'Illegal Content': 1}","{'Action': 0, 'Behavior': 2, 'Content': 5, 'Distribution': 0}",0.863120568566631
3252,unitedmastodon.com,$10^{1}$ to $10^{2}$ ,"{'Hate Speech': 2, 'NSFW': 2, 'Content Warnings': 1, 'Images': 1, 'Illegal Content': 1, 'Doxxing/ Personal Info': 1}","{'Action': 0, 'Behavior': 1, 'Content': 7, 'Distribution': 0}",0.5435644431995964
3253,univention.social,$10^{2}$ to $10^{3}$,"{'Trolling': 1, 'Harassment': 2, 'Off-topic/topic specific': 1, 'Hate Speech': 2, 'Illegal Content': 1, 'Not Applicable': 1, 'Doxxing/ Personal Info': 1, 'Mis/Disinformation/Conspiracy': 1, 'Dogpiling': 1, 'Incitement of Violence': 1}","{'Action': 0, 'Behavior': 5, 'Content': 6, 'Distribution': 0}",0.9940302114769565
3254,universeodon.com,$10^{5}$ to $10^{6}$ ,"{'Content Warnings': 2, 'Images': 1, 'Hate Speech': 2, 'Incitement of Violence': 2, 'Spam': 1, 'Harassment': 1, 'Dogpiling': 1, 'Doxxing/ Personal Info': 1, 'Illegal Content': 2, 'Impersonation': 1, 'Mis/Disinformation/Conspiracy': 1, 'NSFW': 1}","{'Action': 0, 'Behavior': 4, 'Content': 11, 'Distribution': 1}",1.1216407621868583
3255,unstable.systems,$10^{2}$ to $10^{3}$,"{'Hate Speech': 1, 'NSFW': 1, 'Content Warnings': 1, 'Harassment': 1, 'Doxxing/ Personal Info': 1, 'Automated tools': 1}","{'Action': 1, 'Behavior': 2, 'Content': 3, 'Distribution': 0}",1.4591479170272448
3256,untrusted.website,$10^{2}$ to $10^{3}$,"{'Hate Speech': 1, 'Illegal Content': 1, 'Links & Outside Content': 1, 'Harassment': 2, 'Advertising & Commercialization': 1, 'Spam': 1, 'Doxxing/ Personal Info': 1}","{'Action': 0, 'Behavior': 3, 'Content': 3, 'Distribution': 2}",1.561278124459133
3257,upload.chat,$10^{1}$ to $10^{2}$ ,"{'Content Warnings': 1, 'Images': 1, 'Hate Speech': 1, 'Incitement of Violence': 1, 'Harassment': 1, 'Doxxing/ Personal Info': 1, 'Mis/Disinformation/Conspiracy': 1}","{'Action': 0, 'Behavior': 2, 'Content': 5, 'Distribution': 0}",0.863120568566631
3258,urbanists.social,$10^{4}$ to $10^{5}$,"{'Illegal Content': 1, 'Hate Speech': 2, 'Incitement of Violence': 1, 'NSFW': 2, 'Content Warnings': 2, 'Not Applicable': 1, 'Automated tools': 1, 'Harassment': 1}","{'Action': 1, 'Behavior': 1, 'Content': 8, 'Distribution': 0}",0.9219280948873623
3259,urface.social,$10^{1}$ to $10^{2}$ ,"{'Hate Speech': 1, 'Illegal Content': 1, 'Advertising & Commercialization': 1, 'Spam': 1, 'Content Warnings': 1, 'Images': 1}","{'Action': 0, 'Behavior': 0, 'Content': 4, 'Distribution': 2}",0.9182958340544896
3260,urgentcodex.com,$10^{2}$ to $10^{3}$,"{'NSFW': 1, 'Content Warnings': 2, 'Images': 1, 'Hate Speech': 1, 'Incitement of Violence': 1, 'Mis/Disinformation/Conspiracy': 1, 'Copyright/ Piracy': 1}","{'Action': 0, 'Behavior': 0, 'Content': 7, 'Distribution': 1}",0.5435644431995964
3261,uri.life,$10^{4}$ to $10^{5}$,"{'Hate Speech': 2, 'Harassment': 2, 'Dogpiling': 1, 'Mis/Disinformation/Conspiracy': 1, 'NSFW': 1, 'Content Warnings': 1}","{'Action': 0, 'Behavior': 3, 'Content': 5, 'Distribution': 0}",0.954434002924965
3262,usr.cloud,$10^{2}$ to $10^{3}$,"{'Content Warnings': 1, 'Images': 1, 'Hate Speech': 1, 'Incitement of Violence': 1, 'Harassment': 1, 'Doxxing/ Personal Info': 1, 'Illegal Content': 1, 'Mis/Disinformation/Conspiracy': 1}","{'Action': 0, 'Behavior': 2, 'Content': 6, 'Distribution': 0}",0.8112781244591328
3263,usuzakuraya.us,$10^{1}$ to $10^{2}$ ,{'Links & Outside Content': 1},"{'Action': 0, 'Behavior': 0, 'Content': 1, 'Distribution': 0}",-0.0
3264,utter.online,$10^{2}$ to $10^{3}$,"{'Content Warnings': 1, 'Images': 1, 'Hate Speech': 1, 'Incitement of Violence': 1, 'Harassment': 1, 'Doxxing/ Personal Info': 1, 'Mis/Disinformation/Conspiracy': 1}","{'Action': 0, 'Behavior': 2, 'Content': 5, 'Distribution': 0}",0.863120568566631
3265,utveckla.re,$10^{1}$ to $10^{2}$ ,"{'NSFW': 1, 'Illegal Content': 2, 'Advertising & Commercialization': 1, 'Spam': 1, 'Hate Speech': 1, 'Harassment': 1, 'Impersonation': 1, 'Incitement of Violence': 1}","{'Action': 0, 'Behavior': 2, 'Content': 5, 'Distribution': 2}",1.4355205042826666
3266,uuchten.lu,$10^{1}$ to $10^{2}$ ,"{'Incitement of Violence': 1, 'Images': 1, 'Harassment': 1, 'Hate Speech': 1, 'Mis/Disinformation/Conspiracy': 1}","{'Action': 0, 'Behavior': 1, 'Content': 4, 'Distribution': 0}",0.7219280948873623
3267,uuu.moe,$10^{1}$ to $10^{2}$ ,"{'Images': 1, 'Hate Speech': 1, 'Incitement of Violence': 1, 'Harassment': 1, 'Doxxing/ Personal Info': 1, 'Mis/Disinformation/Conspiracy': 1}","{'Action': 0, 'Behavior': 2, 'Content': 4, 'Distribution': 0}",0.9182958340544896
3268,uwu.town,$10^{3}$ to $10^{4}$,"{'Hate Speech': 2, 'Harassment': 1, 'NSFW': 1, 'Content Warnings': 1, 'Illegal Content': 1, 'Spam': 1, 'Automated tools': 1, 'Doxxing/ Personal Info': 1}","{'Action': 1, 'Behavior': 2, 'Content': 5, 'Distribution': 1}",1.6577427265048887
3269,v2.nyoki.club,$10^{2}$ to $10^{3}$,"{'Illegal Content': 1, 'Hate Speech': 1, 'NSFW': 1, 'Content Warnings': 1}","{'Action': 0, 'Behavior': 0, 'Content': 4, 'Distribution': 0}",-0.0
3270,v2br.social,$10^{3}$ to $10^{4}$,"{'Hate Speech': 1, 'Harassment': 1, 'Impersonation': 1, 'Spam': 1, 'NSFW': 1, 'Images': 1}","{'Action': 0, 'Behavior': 2, 'Content': 3, 'Distribution': 1}",1.4591479170272448
3271,vacatureforum.nl,$10^{2}$ to $10^{3}$,"{'NSFW': 1, 'Incitement of Violence': 1, 'Harassment': 1}","{'Action': 0, 'Behavior': 1, 'Content': 2, 'Distribution': 0}",0.9182958340544896
3272,vael.town,$10^{1}$ to $10^{2}$ ,"{'Harassment': 1, 'Trolling': 1}","{'Action': 0, 'Behavior': 2, 'Content': 0, 'Distribution': 0}",-0.0
3273,vandrare.page,$10^{2}$ to $10^{3}$,"{'Not Applicable': 1, 'Content Warnings': 1}","{'Action': 0, 'Behavior': 0, 'Content': 1, 'Distribution': 0}",-0.0
3274,vapers.jp,$10^{2}$ to $10^{3}$,"{'Illegal Content': 1, 'NSFW': 1, 'Content Warnings': 1}","{'Action': 0, 'Behavior': 0, 'Content': 3, 'Distribution': 0}",-0.0
3275,varjo.org,$10^{1}$ to $10^{2}$ ,"{'Hate Speech': 1, 'Spam': 1, 'Advertising & Commercialization': 1}","{'Action': 0, 'Behavior': 0, 'Content': 1, 'Distribution': 2}",0.9182958340544896
3276,varwest.fr,$10^{1}$ to $10^{2}$ ,{'Hate Speech': 1},"{'Action': 0, 'Behavior': 0, 'Content': 1, 'Distribution': 0}",-0.0
3277,vaughan.social,$10^{1}$ to $10^{2}$ ,{'Hate Speech': 1},"{'Action': 0, 'Behavior': 0, 'Content': 1, 'Distribution': 0}",-0.0
3278,vault37.xyz,$10^{1}$ to $10^{2}$ ,"{'Harassment': 1, 'Hate Speech': 1, 'NSFW': 1}","{'Action': 0, 'Behavior': 1, 'Content': 2, 'Distribution': 0}",0.9182958340544896
3279,vectemis.social,$10^{1}$ to $10^{2}$ ,"{'Content Warnings': 1, 'Images': 1, 'Illegal Content': 1}","{'Action': 0, 'Behavior': 0, 'Content': 3, 'Distribution': 0}",-0.0
3280,veganism.social,$10^{4}$ to $10^{5}$,"{'Content Warnings': 1, 'Images': 1, 'Hate Speech': 1, 'Incitement of Violence': 1, 'Harassment': 1, 'Doxxing/ Personal Info': 1, 'Mis/Disinformation/Conspiracy': 1}","{'Action': 0, 'Behavior': 2, 'Content': 5, 'Distribution': 0}",0.863120568566631
3281,veoh.social,$10^{1}$ to $10^{2}$ ,"{'NSFW': 1, 'Content Warnings': 1, 'Hate Speech': 1, 'Incitement of Violence': 1, 'Spam': 1, 'Harassment': 1, 'Illegal Content': 1}","{'Action': 0, 'Behavior': 1, 'Content': 5, 'Distribution': 1}",1.1488348542809166
3282,verified.coop,$10^{3}$ to $10^{4}$,"{'Harassment': 1, 'Illegal Content': 1}","{'Action': 0, 'Behavior': 1, 'Content': 1, 'Distribution': 0}",1.0
3283,verumsocial.com,$10^{1}$ to $10^{2}$ ,"{'Content Warnings': 1, 'Images': 2, 'Incitement of Violence': 1, 'Harassment': 1, 'Doxxing/ Personal Info': 1, 'NSFW': 1, 'Spam': 1, 'Automated tools': 1}","{'Action': 1, 'Behavior': 2, 'Content': 5, 'Distribution': 1}",1.6577427265048887
3284,vgg.lol,$10^{1}$ to $10^{2}$ ,"{'Links & Outside Content': 1, 'Off-topic/topic specific': 1, 'Illegal Content': 1}","{'Action': 0, 'Behavior': 0, 'Content': 3, 'Distribution': 0}",-0.0
3285,vhspace.social,$10^{2}$ to $10^{3}$,"{'Spam': 1, 'Harassment': 1}","{'Action': 0, 'Behavior': 1, 'Content': 0, 'Distribution': 1}",1.0
3286,videochina.net,$10^{2}$ to $10^{3}$,"{'NSFW': 2, 'Incitement of Violence': 1, 'Doxxing/ Personal Info': 1, 'Hate Speech': 1, 'Harassment': 1}","{'Action': 0, 'Behavior': 2, 'Content': 4, 'Distribution': 0}",0.9182958340544896
3287,vis.social,$10^{4}$ to $10^{5}$,"{'Hate Speech': 1, 'Off-topic/topic specific': 2, 'Harassment': 1, 'Not Applicable': 1, 'Images': 2, 'Automated tools': 1, 'Content Warnings': 2}","{'Action': 1, 'Behavior': 1, 'Content': 7, 'Distribution': 0}",0.9864267287308425
3288,vivatucson.net,$10^{1}$ to $10^{2}$ ,{'Hate Speech': 1},"{'Action': 0, 'Behavior': 0, 'Content': 1, 'Distribution': 0}",-0.0
3289,vivere.uno,$10^{2}$ to $10^{3}$,"{'Spam': 1, 'Trolling': 1, 'NSFW': 1, 'Content Warnings': 1, 'Mis/Disinformation/Conspiracy': 1, 'Hate Speech': 2, 'Harassment': 1, 'Dogpiling': 1, 'Doxxing/ Personal Info': 1}","{'Action': 0, 'Behavior': 4, 'Content': 5, 'Distribution': 1}",1.3609640474436813
3290,vixen.zone,$10^{2}$ to $10^{3}$,"{'Hate Speech': 1, 'Incitement of Violence': 1, 'Harassment': 1, 'Trolling': 1, 'Advertising & Commercialization': 1, 'Spam': 1, 'Automated tools': 1, 'Illegal Content': 1, 'NSFW': 1, 'Content Warnings': 1}","{'Action': 1, 'Behavior': 2, 'Content': 5, 'Distribution': 2}",1.7609640474436812
3291,vkl.world,$10^{4}$ to $10^{5}$,"{'Incitement of Violence': 1, 'Harassment': 2, 'Doxxing/ Personal Info': 1, 'NSFW': 1, 'Hate Speech': 2}","{'Action': 0, 'Behavior': 3, 'Content': 4, 'Distribution': 0}",0.9852281360342515
3292,vmh.rest,$10^{1}$ to $10^{2}$ ,"{'NSFW': 1, 'Content Warnings': 1, 'Images': 1}","{'Action': 0, 'Behavior': 0, 'Content': 3, 'Distribution': 0}",-0.0
3293,vocalodon.net,$10^{4}$ to $10^{5}$,{'Off-topic/topic specific': 1},"{'Action': 0, 'Behavior': 0, 'Content': 1, 'Distribution': 0}",-0.0
3294,vocalounge.cafe,$10^{4}$ to $10^{5}$,"{'Off-topic/topic specific': 1, 'Hate Speech': 1, 'NSFW': 1, 'Copyright/ Piracy': 2, 'Links & Outside Content': 1, 'Automated tools': 1, 'Reposting/Crossposting': 1}","{'Action': 1, 'Behavior': 0, 'Content': 4, 'Distribution': 3}",1.4056390622295665
3295,voiceover.actor,$10^{1}$ to $10^{2}$ ,"{'Hate Speech': 1, 'NSFW': 1, 'Content Warnings': 1, 'Images': 1, 'Harassment': 1, 'Illegal Content': 1, 'Incitement of Violence': 1, 'Mis/Disinformation/Conspiracy': 1, 'Advertising & Commercialization': 1, 'Spam': 1, 'Impersonation': 1}","{'Action': 0, 'Behavior': 2, 'Content': 7, 'Distribution': 2}",1.3092966682370037
3296,void.holdings,$10^{1}$ to $10^{2}$ ,"{'Hate Speech': 1, 'Harassment': 1, 'Illegal Content': 1}","{'Action': 0, 'Behavior': 1, 'Content': 2, 'Distribution': 0}",0.9182958340544896
3297,voidwood.online,$10^{1}$ to $10^{2}$ ,"{'Hate Speech': 1, 'Harassment': 1, 'NSFW': 1, 'Images': 1}","{'Action': 0, 'Behavior': 1, 'Content': 3, 'Distribution': 0}",0.8112781244591328
3298,voip.social,$10^{1}$ to $10^{2}$ ,"{'Images': 1, 'Hate Speech': 1, 'Incitement of Violence': 1, 'Harassment': 1, 'Doxxing/ Personal Info': 1, 'Illegal Content': 1}","{'Action': 0, 'Behavior': 2, 'Content': 4, 'Distribution': 0}",0.9182958340544896
3299,volksverpetzer.social,$10^{1}$ to $10^{2}$ ,"{'Mis/Disinformation/Conspiracy': 1, 'Hate Speech': 2, 'Illegal Content': 1}","{'Action': 0, 'Behavior': 0, 'Content': 4, 'Distribution': 0}",-0.0
3300,volumetrics.social,$10^{1}$ to $10^{2}$ ,{'NSFW': 1},"{'Action': 0, 'Behavior': 0, 'Content': 1, 'Distribution': 0}",-0.0
3301,vorny-animals.online,$10^{2}$ to $10^{3}$,"{'Illegal Content': 1, 'Hate Speech': 1, 'Content Warnings': 1}","{'Action': 0, 'Behavior': 0, 'Content': 3, 'Distribution': 0}",-0.0
3302,vran.as,$10^{1}$ to $10^{2}$ ,"{'Harassment': 1, 'Hate Speech': 7}","{'Action': 0, 'Behavior': 1, 'Content': 7, 'Distribution': 0}",0.5435644431995964
3303,vrc-ins.net,$10^{2}$ to $10^{3}$,"{'Illegal Content': 1, 'NSFW': 1}","{'Action': 0, 'Behavior': 0, 'Content': 2, 'Distribution': 0}",-0.0
3304,vrchat.today,$10^{1}$ to $10^{2}$ ,"{'Hate Speech': 1, 'NSFW': 1, 'Content Warnings': 1}","{'Action': 0, 'Behavior': 0, 'Content': 3, 'Distribution': 0}",-0.0
3305,vrcjp.hostdon.ne.jp,$10^{3}$ to $10^{4}$,"{'Off-topic/topic specific': 2, 'Links & Outside Content': 1, 'NSFW': 2, 'Content Warnings': 1, 'Images': 1}","{'Action': 0, 'Behavior': 0, 'Content': 7, 'Distribution': 0}",-0.0
3306,vrparty.social,$10^{2}$ to $10^{3}$,"{'NSFW': 2, 'Images': 1, 'Harassment': 1, 'Doxxing/ Personal Info': 1, 'Advertising & Commercialization': 1, 'Spam': 1, 'Hate Speech': 1, 'Not Applicable': 1, 'Automated tools': 1, 'Illegal Content': 2, 'Impersonation': 1}","{'Action': 1, 'Behavior': 3, 'Content': 6, 'Distribution': 2}",1.7295739585136223
3307,vt.social,$10^{4}$ to $10^{5}$,"{'NSFW': 1, 'Content Warnings': 2, 'Harassment': 1, 'Spam': 2, 'Automated tools': 1, 'Doxxing/ Personal Info': 1, 'Not Applicable': 1, 'Links & Outside Content': 1}","{'Action': 1, 'Behavior': 2, 'Content': 4, 'Distribution': 2}",1.836591668108979
3308,vyrse.social,$10^{2}$ to $10^{3}$,"{'Incitement of Violence': 1, 'Hate Speech': 4, 'Doxxing/ Personal Info': 1, 'Harassment': 2, 'Advertising & Commercialization': 1, 'Spam': 1, 'NSFW': 1, 'Content Warnings': 1, 'Images': 1, 'Automated tools': 1, 'Reposting/Crossposting': 1}","{'Action': 1, 'Behavior': 3, 'Content': 8, 'Distribution': 3}",1.672905595320056
3309,w3c.social,$10^{3}$ to $10^{4}$,"{'Off-topic/topic specific': 2, 'NSFW': 2, 'Content Warnings': 2}","{'Action': 0, 'Behavior': 0, 'Content': 6, 'Distribution': 0}",-0.0
3310,waag.social,$10^{2}$ to $10^{3}$,"{'Illegal Content': 1, 'Spam': 1, 'Mis/Disinformation/Conspiracy': 1}","{'Action': 0, 'Behavior': 0, 'Content': 2, 'Distribution': 1}",0.9182958340544896
3311,waldorf.fyi,$10^{1}$ to $10^{2}$ ,"{'Content Warnings': 1, 'Images': 1, 'Hate Speech': 1, 'Incitement of Violence': 1, 'Harassment': 1, 'Doxxing/ Personal Info': 1, 'Illegal Content': 1, 'Mis/Disinformation/Conspiracy': 1}","{'Action': 0, 'Behavior': 2, 'Content': 6, 'Distribution': 0}",0.8112781244591328
3312,wallonie-bruxelles.social,$10^{1}$ to $10^{2}$ ,"{'Hate Speech': 1, 'Incitement of Violence': 1, 'Harassment': 1, 'NSFW': 1, 'Illegal Content': 1, 'Mis/Disinformation/Conspiracy': 1}","{'Action': 0, 'Behavior': 1, 'Content': 5, 'Distribution': 0}",0.6500224216483541
3313,wandering.shop,$10^{4}$ to $10^{5}$,"{'Incitement of Violence': 1, 'Harassment': 2, 'Doxxing/ Personal Info': 1, 'Hate Speech': 2, 'Mis/Disinformation/Conspiracy': 1, 'Automated tools': 1, 'Reposting/Crossposting': 1, 'NSFW': 1, 'Spam': 2, 'Images': 1, 'Trolling': 1, 'Off-topic/topic specific': 1}","{'Action': 1, 'Behavior': 4, 'Content': 7, 'Distribution': 3}",1.746465798504072
3314,wandzeitung.xyz,$10^{2}$ to $10^{3}$,"{'Illegal Content': 1, 'Hate Speech': 1, 'Harassment': 1, 'Content Warnings': 1}","{'Action': 0, 'Behavior': 1, 'Content': 3, 'Distribution': 0}",0.8112781244591328
3315,wank.social,$10^{3}$ to $10^{4}$,"{'NSFW': 2, 'Illegal Content': 1, 'Links & Outside Content': 1, 'Off-topic/topic specific': 1}","{'Action': 0, 'Behavior': 0, 'Content': 5, 'Distribution': 0}",-0.0
3316,wargamers.social,$10^{3}$ to $10^{4}$,"{'Illegal Content': 1, 'Mis/Disinformation/Conspiracy': 1, 'NSFW': 1, 'Images': 1, 'Harassment': 1}","{'Action': 0, 'Behavior': 1, 'Content': 4, 'Distribution': 0}",0.7219280948873623
3317,warhammer.social,$10^{3}$ to $10^{4}$,"{'Off-topic/topic specific': 2, 'Hate Speech': 1, 'Harassment': 1, 'NSFW': 1, 'Links & Outside Content': 1, 'Images': 1, 'Impersonation': 1, 'Illegal Content': 1, 'Copyright/ Piracy': 1}","{'Action': 0, 'Behavior': 2, 'Content': 7, 'Distribution': 1}",1.1567796494470395
3318,waskuisland.com,$10^{2}$ to $10^{3}$,"{'Not Applicable': 1, 'Links & Outside Content': 1, 'Illegal Content': 1}","{'Action': 0, 'Behavior': 0, 'Content': 2, 'Distribution': 0}",-0.0
3319,waterford.international,$10^{2}$ to $10^{3}$,"{'Images': 1, 'Hate Speech': 1, 'Incitement of Violence': 1, 'Harassment': 1, 'Doxxing/ Personal Info': 1, 'Illegal Content': 1, 'Mis/Disinformation/Conspiracy': 1}","{'Action': 0, 'Behavior': 2, 'Content': 5, 'Distribution': 0}",0.863120568566631
3320,wayland.social,$10^{2}$ to $10^{3}$,{'Hate Speech': 1},"{'Action': 0, 'Behavior': 0, 'Content': 1, 'Distribution': 0}",-0.0
3321,wayne.social,$10^{2}$ to $10^{3}$,"{'Illegal Content': 3, 'Incitement of Violence': 1, 'Hate Speech': 4, 'Mis/Disinformation/Conspiracy': 1, 'NSFW': 2, 'Content Warnings': 1, 'Images': 2, 'Spam': 2, 'Links & Outside Content': 1, 'Harassment': 1, 'Automated tools': 1}","{'Action': 1, 'Behavior': 1, 'Content': 15, 'Distribution': 2}",1.058277043226334
3322,wbrew.radom.pl,$10^{1}$ to $10^{2}$ ,"{'Hate Speech': 2, 'Illegal Content': 1, 'Images': 1, 'Content Warnings': 1, 'Off-topic/topic specific': 1}","{'Action': 0, 'Behavior': 0, 'Content': 6, 'Distribution': 0}",-0.0
3323,we.tei.li,$10^{1}$ to $10^{2}$ ,{'Content Warnings': 1},"{'Action': 0, 'Behavior': 0, 'Content': 1, 'Distribution': 0}",-0.0
3324,webdev.so,$10^{2}$ to $10^{3}$,"{'Content Warnings': 1, 'Images': 1, 'Hate Speech': 1, 'Incitement of Violence': 1, 'Harassment': 1, 'Doxxing/ Personal Info': 1, 'Illegal Content': 1, 'Mis/Disinformation/Conspiracy': 1}","{'Action': 0, 'Behavior': 2, 'Content': 6, 'Distribution': 0}",0.8112781244591328
3325,webperf.social,$10^{3}$ to $10^{4}$,"{'Hate Speech': 1, 'Harassment': 1, 'Spam': 1, 'Illegal Content': 1, 'Automated tools': 1}","{'Action': 1, 'Behavior': 1, 'Content': 2, 'Distribution': 1}",1.9219280948873623
3326,weedyverse.de,$10^{2}$ to $10^{3}$,"{'Incitement of Violence': 2, 'Harassment': 1, 'Hate Speech': 1, 'Spam': 1, 'Reposting/Crossposting': 1, 'Illegal Content': 1}","{'Action': 0, 'Behavior': 1, 'Content': 4, 'Distribution': 2}",1.3787834934861753
3327,wehavecookies.social,$10^{4}$ to $10^{5}$,"{'Hate Speech': 2, 'Harassment': 3, 'Illegal Content': 2, 'Dogpiling': 1, 'Trolling': 1, 'Mis/Disinformation/Conspiracy': 1, 'NSFW': 1, 'Content Warnings': 1, 'Automated tools': 1, 'Reposting/Crossposting': 1, 'Advertising & Commercialization': 1}","{'Action': 1, 'Behavior': 5, 'Content': 7, 'Distribution': 2}",1.6894822670191825
3328,weilnboeck.social,$10^{1}$ to $10^{2}$ ,{'Hate Speech': 1},"{'Action': 0, 'Behavior': 0, 'Content': 1, 'Distribution': 0}",-0.0
3329,weird.autos,$10^{3}$ to $10^{4}$,"{'Hate Speech': 1, 'Content Warnings': 2, 'Off-topic/topic specific': 1, 'NSFW': 2, 'Images': 1, 'Incitement of Violence': 1, 'Illegal Content': 1, 'Mis/Disinformation/Conspiracy': 1, 'Harassment': 1, 'Dogpiling': 1, 'Doxxing/ Personal Info': 1, 'Impersonation': 1}","{'Action': 0, 'Behavior': 4, 'Content': 10, 'Distribution': 0}",0.863120568566631
3330,weirdo.network,$10^{3}$ to $10^{4}$,"{'NSFW': 1, 'Content Warnings': 1, 'Hate Speech': 2, 'Harassment': 2, 'Images': 1, 'Incitement of Violence': 1, 'Dogpiling': 1, 'Doxxing/ Personal Info': 1, 'Illegal Content': 1}","{'Action': 0, 'Behavior': 4, 'Content': 7, 'Distribution': 0}",0.9456603046006401
3331,welcometo.squelfland.com,$10^{1}$ to $10^{2}$ ,"{'Content Warnings': 1, 'Links & Outside Content': 1, 'Advertising & Commercialization': 1, 'Spam': 1, 'Trolling': 2, 'Images': 1, 'Harassment': 1, 'Illegal Content': 1, 'Hate Speech': 1}","{'Action': 0, 'Behavior': 3, 'Content': 5, 'Distribution': 2}",1.4854752972273344
3332,wellduck.me,$10^{1}$ to $10^{2}$ ,"{'Content Warnings': 1, 'Off-topic/topic specific': 1}","{'Action': 0, 'Behavior': 0, 'Content': 2, 'Distribution': 0}",-0.0
3333,wer.social,$10^{1}$ to $10^{2}$ ,{'Hate Speech': 1},"{'Action': 0, 'Behavior': 0, 'Content': 1, 'Distribution': 0}",-0.0
3334,werebeast.net,$10^{2}$ to $10^{3}$,"{'Content Warnings': 1, 'Images': 1, 'Hate Speech': 1, 'Incitement of Violence': 1, 'Harassment': 1, 'Doxxing/ Personal Info': 1, 'Illegal Content': 1, 'Mis/Disinformation/Conspiracy': 1}","{'Action': 0, 'Behavior': 2, 'Content': 6, 'Distribution': 0}",0.8112781244591328
3335,weserbergland.social,$10^{2}$ to $10^{3}$,"{'Hate Speech': 2, 'Harassment': 2}","{'Action': 0, 'Behavior': 2, 'Content': 2, 'Distribution': 0}",1.0
3336,westen.social,$10^{2}$ to $10^{3}$,"{'Harassment': 1, 'Doxxing/ Personal Info': 1, 'Hate Speech': 1, 'Mis/Disinformation/Conspiracy': 1}","{'Action': 0, 'Behavior': 2, 'Content': 2, 'Distribution': 0}",1.0
3337,wetdry.world,$10^{4}$ to $10^{5}$,"{'Hate Speech': 2, 'NSFW': 1, 'Content Warnings': 1, 'Harassment': 2, 'Incitement of Violence': 1, 'Doxxing/ Personal Info': 1, 'Illegal Content': 1}","{'Action': 0, 'Behavior': 3, 'Content': 6, 'Distribution': 0}",0.9182958340544896
3338,wetshaving.social,$10^{2}$ to $10^{3}$,"{'Hate Speech': 1, 'Incitement of Violence': 1, 'Harassment': 1, 'Doxxing/ Personal Info': 1, 'Illegal Content': 1, 'Mis/Disinformation/Conspiracy': 1, 'Images': 1}","{'Action': 0, 'Behavior': 2, 'Content': 5, 'Distribution': 0}",0.863120568566631
3339,weyr.social,$10^{1}$ to $10^{2}$ ,{'Hate Speech': 1},"{'Action': 0, 'Behavior': 0, 'Content': 1, 'Distribution': 0}",-0.0
3340,whitespashe.uk,$10^{1}$ to $10^{2}$ ,"{'Advertising & Commercialization': 1, 'Spam': 1, 'Not Applicable': 1, 'Automated tools': 1, 'NSFW': 2, 'Images': 1, 'Content Warnings': 1, 'Hate Speech': 5, 'Incitement of Violence': 1, 'Illegal Content': 2, 'Harassment': 1, 'Impersonation': 1}","{'Action': 1, 'Behavior': 2, 'Content': 12, 'Distribution': 2}",1.321606958388347
3341,whoneedsabudget.cheap,$10^{1}$ to $10^{2}$ ,{'Hate Speech': 1},"{'Action': 0, 'Behavior': 0, 'Content': 1, 'Distribution': 0}",-0.0
3342,widget.uk,$10^{1}$ to $10^{2}$ ,"{'Hate Speech': 1, 'Trolling': 1, 'Harassment': 1}","{'Action': 0, 'Behavior': 2, 'Content': 1, 'Distribution': 0}",0.9182958340544896
3343,wien.rocks,$10^{4}$ to $10^{5}$,"{'Illegal Content': 1, 'Incitement of Violence': 1, 'Trolling': 1, 'NSFW': 1, 'Hate Speech': 1, 'Spam': 1, 'Harassment': 1, 'Automated tools': 1, 'Reposting/Crossposting': 1, 'Mis/Disinformation/Conspiracy': 1, 'Advertising & Commercialization': 1, 'Links & Outside Content': 1}","{'Action': 1, 'Behavior': 2, 'Content': 6, 'Distribution': 3}",1.7295739585136223
3344,wiesbaden.social,$10^{2}$ to $10^{3}$,"{'Harassment': 1, 'Doxxing/ Personal Info': 1, 'Illegal Content': 2, 'Hate Speech': 3, 'NSFW': 2, 'Advertising & Commercialization': 1, 'Spam': 1, 'Mis/Disinformation/Conspiracy': 2, 'Incitement of Violence': 1, 'Content Warnings': 1}","{'Action': 0, 'Behavior': 2, 'Content': 11, 'Distribution': 2}",1.103307408607834
3345,wiggle.website,$10^{2}$ to $10^{3}$,{'Hate Speech': 1},"{'Action': 0, 'Behavior': 0, 'Content': 1, 'Distribution': 0}",-0.0
3346,wiki.style,$10^{1}$ to $10^{2}$ ,"{'Reposting/Crossposting': 1, 'Off-topic/topic specific': 1}","{'Action': 0, 'Behavior': 0, 'Content': 1, 'Distribution': 1}",1.0
3347,windscribe.social,$10^{1}$ to $10^{2}$ ,"{'Hate Speech': 1, 'Harassment': 1, 'Illegal Content': 2, 'Links & Outside Content': 3, 'Reposting/Crossposting': 1, 'Spam': 1}","{'Action': 0, 'Behavior': 1, 'Content': 6, 'Distribution': 2}",1.224394445405986
3348,wires.social,$10^{1}$ to $10^{2}$ ,{'Links & Outside Content': 1},"{'Action': 0, 'Behavior': 0, 'Content': 1, 'Distribution': 0}",-0.0
3349,wisskomm.social,$10^{3}$ to $10^{4}$,"{'Hate Speech': 4, 'Harassment': 2, 'Advertising & Commercialization': 1, 'Spam': 1, 'Illegal Content': 2, 'Incitement of Violence': 1, 'NSFW': 1, 'Links & Outside Content': 1}","{'Action': 0, 'Behavior': 2, 'Content': 9, 'Distribution': 2}",1.198183947911799
3350,witchlounge.ca,$10^{1}$ to $10^{2}$ ,"{'Hate Speech': 2, 'Incitement of Violence': 2, 'Harassment': 3, 'Trolling': 1, 'Doxxing/ Personal Info': 1, 'NSFW': 2, 'Illegal Content': 1}","{'Action': 0, 'Behavior': 5, 'Content': 7, 'Distribution': 0}",0.9798687566511528
3351,wobbl.xyz,$10^{4}$ to $10^{5}$,"{'Illegal Content': 1, 'Hate Speech': 1, 'Mis/Disinformation/Conspiracy': 1, 'Dogpiling': 1, 'Harassment': 2, 'Trolling': 1, 'Not Applicable': 1, 'Automated tools': 1, 'NSFW': 4, 'Content Warnings': 2}","{'Action': 1, 'Behavior': 4, 'Content': 9, 'Distribution': 0}",1.1981174211304033
3352,wolfhaus.me,$10^{1}$ to $10^{2}$ ,"{'Hate Speech': 2, 'Illegal Content': 1, 'Incitement of Violence': 1, 'Harassment': 1, 'Doxxing/ Personal Info': 1, 'NSFW': 2, 'Content Warnings': 1}","{'Action': 0, 'Behavior': 2, 'Content': 7, 'Distribution': 0}",0.7642045065086203
3353,wolvesare.sexy,$10^{1}$ to $10^{2}$ ,"{'Not Applicable': 1, 'Hate Speech': 1, 'NSFW': 1, 'Content Warnings': 1}","{'Action': 0, 'Behavior': 0, 'Content': 3, 'Distribution': 0}",-0.0
3354,wonderful.social,$10^{2}$ to $10^{3}$,"{'Spam': 1, 'Harassment': 2, 'Automated tools': 1}","{'Action': 1, 'Behavior': 2, 'Content': 0, 'Distribution': 1}",1.5
3355,woodworking.group,$10^{2}$ to $10^{3}$,"{'Content Warnings': 1, 'Images': 1, 'Hate Speech': 1, 'Incitement of Violence': 1, 'Harassment': 1, 'Doxxing/ Personal Info': 1, 'Illegal Content': 1, 'Mis/Disinformation/Conspiracy': 1}","{'Action': 0, 'Behavior': 2, 'Content': 6, 'Distribution': 0}",0.8112781244591328
3356,woof.group,$10^{4}$ to $10^{5}$,"{'Content Warnings': 1, 'Hate Speech': 1, 'Copyright/ Piracy': 1}","{'Action': 0, 'Behavior': 0, 'Content': 2, 'Distribution': 1}",0.9182958340544896
3357,woof.tech,$10^{3}$ to $10^{4}$,"{'Illegal Content': 2, 'Harassment': 1, 'Hate Speech': 1, 'NSFW': 3, 'Content Warnings': 2, 'Impersonation': 1, 'Copyright/ Piracy': 1, 'Images': 1}","{'Action': 0, 'Behavior': 2, 'Content': 9, 'Distribution': 1}",1.0408520829727552
3358,workaholic.cloud,$10^{2}$ to $10^{3}$,{'Spam': 1},"{'Action': 0, 'Behavior': 0, 'Content': 0, 'Distribution': 1}",-0.0
3359,worldkey.io,$10^{3}$ to $10^{4}$,"{'Doxxing/ Personal Info': 1, 'Incitement of Violence': 1, 'Hate Speech': 2, 'Harassment': 1, 'Mis/Disinformation/Conspiracy': 1, 'Links & Outside Content': 1}","{'Action': 0, 'Behavior': 2, 'Content': 5, 'Distribution': 0}",0.863120568566631
3360,worldtravel.photos,$10^{1}$ to $10^{2}$ ,"{'NSFW': 2, 'Illegal Content': 1, 'Links & Outside Content': 1, 'Spam': 1, 'Advertising & Commercialization': 1, 'Content Warnings': 1, 'Hate Speech': 1, 'Harassment': 1, 'Doxxing/ Personal Info': 1, 'Mis/Disinformation/Conspiracy': 1, 'Copyright/ Piracy': 1}","{'Action': 0, 'Behavior': 2, 'Content': 7, 'Distribution': 3}",1.384431504340598
3361,wp-punks.social,$10^{1}$ to $10^{2}$ ,"{'Hate Speech': 3, 'Harassment': 3, 'Doxxing/ Personal Info': 1, 'NSFW': 1, 'Dogpiling': 1, 'Incitement of Violence': 1, 'Illegal Content': 1, 'Trolling': 1, 'Automated tools': 1, 'Reposting/Crossposting': 1}","{'Action': 1, 'Behavior': 6, 'Content': 6, 'Distribution': 1}",1.5916727785823275
3362,wptoots.social,$10^{3}$ to $10^{4}$,"{'Advertising & Commercialization': 1, 'Hate Speech': 1, 'Not Applicable': 1, 'Automated tools': 1}","{'Action': 1, 'Behavior': 0, 'Content': 1, 'Distribution': 1}",1.584962500721156
3363,wrannek.me,$10^{1}$ to $10^{2}$ ,"{'Hate Speech': 2, 'Harassment': 1, 'Off-topic/topic specific': 3, 'Not Applicable': 1}","{'Action': 0, 'Behavior': 1, 'Content': 5, 'Distribution': 0}",0.6500224216483541
3364,writ.live,$10^{1}$ to $10^{2}$ ,"{'Hate Speech': 2, 'Trolling': 1, 'Harassment': 1, 'Advertising & Commercialization': 1, 'Spam': 1, 'Incitement of Violence': 1, 'Illegal Content': 1}","{'Action': 0, 'Behavior': 2, 'Content': 4, 'Distribution': 2}",1.5
3365,write.echoless.space,$10^{1}$ to $10^{2}$ ,"{'Mis/Disinformation/Conspiracy': 1, 'Hate Speech': 1}","{'Action': 0, 'Behavior': 0, 'Content': 2, 'Distribution': 0}",-0.0
3366,writeout.ink,$10^{2}$ to $10^{3}$,"{'Hate Speech': 1, 'Illegal Content': 2, 'Mis/Disinformation/Conspiracy': 1, 'Content Warnings': 1, 'Images': 2, 'Not Applicable': 1, 'Links & Outside Content': 1}","{'Action': 0, 'Behavior': 0, 'Content': 8, 'Distribution': 0}",-0.0
3367,wrong.tools,$10^{1}$ to $10^{2}$ ,{'Illegal Content': 1},"{'Action': 0, 'Behavior': 0, 'Content': 1, 'Distribution': 0}",-0.0
3368,wsb.social,$10^{1}$ to $10^{2}$ ,{'Illegal Content': 1},"{'Action': 0, 'Behavior': 0, 'Content': 1, 'Distribution': 0}",-0.0
3369,wulf.social,$10^{1}$ to $10^{2}$ ,"{'NSFW': 1, 'Images': 1, 'Hate Speech': 1, 'Incitement of Violence': 1, 'Harassment': 1, 'Doxxing/ Personal Info': 1, 'Illegal Content': 1, 'Mis/Disinformation/Conspiracy': 1, 'Advertising & Commercialization': 1, 'Spam': 1, 'Automated tools': 2}","{'Action': 2, 'Behavior': 2, 'Content': 6, 'Distribution': 2}",1.7924812503605778
3370,www.catswords.social,$10^{2}$ to $10^{3}$,{'Off-topic/topic specific': 1},"{'Action': 0, 'Behavior': 0, 'Content': 1, 'Distribution': 0}",-0.0
3371,www.librepunk.club,$10^{3}$ to $10^{4}$,"{'Hate Speech': 1, 'Spam': 1, 'Automated tools': 1, 'NSFW': 1, 'Content Warnings': 1}","{'Action': 1, 'Behavior': 0, 'Content': 3, 'Distribution': 1}",1.3709505944546687
3372,www.naturistlife.co.uk,$10^{1}$ to $10^{2}$ ,"{'NSFW': 2, 'Illegal Content': 1}","{'Action': 0, 'Behavior': 0, 'Content': 3, 'Distribution': 0}",-0.0
3373,www.polylux.xyz,$10^{2}$ to $10^{3}$,"{'Content Warnings': 1, 'Images': 1, 'Hate Speech': 1, 'Incitement of Violence': 1, 'Harassment': 1, 'Illegal Content': 1, 'Advertising & Commercialization': 1}","{'Action': 0, 'Behavior': 1, 'Content': 5, 'Distribution': 1}",1.1488348542809166
3374,wxcloud.social,$10^{2}$ to $10^{3}$,"{'Off-topic/topic specific': 2, 'Hate Speech': 1}","{'Action': 0, 'Behavior': 0, 'Content': 3, 'Distribution': 0}",-0.0
3375,wxw.moe,$10^{5}$ to $10^{6}$ ,"{'NSFW': 3, 'Off-topic/topic specific': 1, 'Illegal Content': 1, 'Images': 1, 'Content Warnings': 1, 'Advertising & Commercialization': 1, 'Spam': 1, 'Harassment': 1, 'Trolling': 1, 'Links & Outside Content': 1}","{'Action': 0, 'Behavior': 2, 'Content': 8, 'Distribution': 2}",1.2516291673878228
3376,wzrds.fun,$10^{1}$ to $10^{2}$ ,"{'Hate Speech': 2, 'Harassment': 1, 'NSFW': 1, 'Content Warnings': 1, 'Incitement of Violence': 1, 'Doxxing/ Personal Info': 1, 'Advertising & Commercialization': 1, 'Spam': 1, 'Illegal Content': 1}","{'Action': 0, 'Behavior': 2, 'Content': 6, 'Distribution': 2}",1.3709505944546687
3377,x.80px.com,$10^{1}$ to $10^{2}$ ,"{'Images': 1, 'Hate Speech': 1, 'Incitement of Violence': 1, 'Harassment': 1, 'Doxxing/ Personal Info': 1, 'Mis/Disinformation/Conspiracy': 1}","{'Action': 0, 'Behavior': 2, 'Content': 4, 'Distribution': 0}",0.9182958340544896
3378,x.coderblog.in,$10^{1}$ to $10^{2}$ ,"{'Hate Speech': 1, 'Harassment': 1, 'Copyright/ Piracy': 1, 'Content Warnings': 1, 'Automated tools': 1}","{'Action': 1, 'Behavior': 1, 'Content': 2, 'Distribution': 1}",1.9219280948873623
3379,x.goonj.xyz,$10^{2}$ to $10^{3}$,"{'Harassment': 1, 'Trolling': 1, 'NSFW': 2, 'Content Warnings': 1, 'Illegal Content': 1, 'Hate Speech': 1, 'Copyright/ Piracy': 1, 'Impersonation': 1, 'Spam': 1}","{'Action': 0, 'Behavior': 3, 'Content': 5, 'Distribution': 2}",1.4854752972273344
3380,x0f.org,$10^{2}$ to $10^{3}$,"{'Hate Speech': 1, 'Harassment': 1, 'Advertising & Commercialization': 1, 'Spam': 1}","{'Action': 0, 'Behavior': 1, 'Content': 1, 'Distribution': 2}",1.5
3381,x0r.be,$10^{3}$ to $10^{4}$,"{'Hate Speech': 1, 'Advertising & Commercialization': 1, 'Reposting/Crossposting': 1, 'Spam': 1, 'Automated tools': 1}","{'Action': 1, 'Behavior': 0, 'Content': 1, 'Distribution': 3}",1.3709505944546687
3382,xarxa.cloud,$10^{3}$ to $10^{4}$,"{'Spam': 1, 'Links & Outside Content': 1, 'Reposting/Crossposting': 1, 'Hate Speech': 5, 'Harassment': 1, 'NSFW': 1, 'Illegal Content': 1, 'Incitement of Violence': 1, 'Mis/Disinformation/Conspiracy': 1}","{'Action': 0, 'Behavior': 1, 'Content': 10, 'Distribution': 2}",0.9912642605354287
3383,xelebre.com,$10^{2}$ to $10^{3}$,"{'Harassment': 1, 'Dogpiling': 1, 'Hate Speech': 2, 'Illegal Content': 1, 'Spam': 1, 'Images': 1, 'NSFW': 1, 'Incitement of Violence': 1}","{'Action': 0, 'Behavior': 2, 'Content': 6, 'Distribution': 1}",1.224394445405986
3384,xerrem.xyz,$10^{1}$ to $10^{2}$ ,"{'Hate Speech': 1, 'Harassment': 1, 'Mis/Disinformation/Conspiracy': 1, 'Content Warnings': 3, 'Advertising & Commercialization': 2, 'Spam': 2, 'NSFW': 1, 'Automated tools': 1, 'Reposting/Crossposting': 2}","{'Action': 1, 'Behavior': 1, 'Content': 6, 'Distribution': 6}",1.5916727785823275
3385,xforum.dev,$10^{1}$ to $10^{2}$ ,"{'Doxxing/ Personal Info': 1, 'Images': 1, 'Hate Speech': 1, 'Harassment': 1, 'NSFW': 1, 'Content Warnings': 1}","{'Action': 0, 'Behavior': 2, 'Content': 4, 'Distribution': 0}",0.9182958340544896
3386,xn--80aaid7au.su,$10^{1}$ to $10^{2}$ ,"{'Doxxing/ Personal Info': 1, 'Spam': 1}","{'Action': 0, 'Behavior': 1, 'Content': 0, 'Distribution': 1}",1.0
3387,xn--ratatskr-r4a.de,$10^{2}$ to $10^{3}$,"{'Illegal Content': 1, 'Spam': 1, 'Hate Speech': 1, 'NSFW': 1, 'Content Warnings': 2, 'Impersonation': 1, 'Copyright/ Piracy': 2, 'Automated tools': 1, 'Images': 1, 'Reposting/Crossposting': 1}","{'Action': 1, 'Behavior': 1, 'Content': 6, 'Distribution': 4}",1.6258145836939115
3388,xn--y9a6bah4ck.xn--y9a3aq,$10^{2}$ to $10^{3}$,{'Illegal Content': 1},"{'Action': 0, 'Behavior': 0, 'Content': 1, 'Distribution': 0}",-0.0
3389,xno.social,$10^{3}$ to $10^{4}$,"{'Impersonation': 1, 'NSFW': 1, 'Spam': 1}","{'Action': 0, 'Behavior': 1, 'Content': 1, 'Distribution': 1}",1.584962500721156
3390,xoxo.zone,$10^{3}$ to $10^{4}$,"{'Harassment': 1, 'Hate Speech': 1, 'Illegal Content': 1, 'Content Warnings': 1, 'Doxxing/ Personal Info': 1, 'Mis/Disinformation/Conspiracy': 1, 'Advertising & Commercialization': 1, 'Spam': 1}","{'Action': 0, 'Behavior': 2, 'Content': 4, 'Distribution': 2}",1.5
3391,yabtm.us,$10^{1}$ to $10^{2}$ ,"{'Hate Speech': 1, 'Incitement of Violence': 1, 'Harassment': 1, 'Doxxing/ Personal Info': 1, 'Illegal Content': 1}","{'Action': 0, 'Behavior': 2, 'Content': 3, 'Distribution': 0}",0.9709505944546686
3392,yeen.exposed,$10^{1}$ to $10^{2}$ ,"{'Hate Speech': 3, 'NSFW': 1, 'Content Warnings': 1, 'Illegal Content': 1}","{'Action': 0, 'Behavior': 0, 'Content': 6, 'Distribution': 0}",-0.0
3393,yeg.bike,$10^{2}$ to $10^{3}$,"{'Harassment': 2, 'Dogpiling': 1, 'Doxxing/ Personal Info': 1, 'Hate Speech': 2, 'NSFW': 1, 'Content Warnings': 1, 'Images': 1, 'Illegal Content': 1, 'Copyright/ Piracy': 1, 'Incitement of Violence': 1, 'Mis/Disinformation/Conspiracy': 1}","{'Action': 0, 'Behavior': 4, 'Content': 8, 'Distribution': 1}",1.2389012566026305
3394,yelling.it,$10^{1}$ to $10^{2}$ ,{'Links & Outside Content': 1},"{'Action': 0, 'Behavior': 0, 'Content': 1, 'Distribution': 0}",-0.0
3395,yiff.life,$10^{4}$ to $10^{5}$,"{'NSFW': 2, 'Content Warnings': 1, 'Illegal Content': 2, 'Hate Speech': 1, 'Not Applicable': 1, 'Links & Outside Content': 1}","{'Action': 0, 'Behavior': 0, 'Content': 7, 'Distribution': 0}",-0.0
3396,yoitsu.moe,$10^{1}$ to $10^{2}$ ,"{'Impersonation': 1, 'Harassment': 1, 'Doxxing/ Personal Info': 1, 'Illegal Content': 1, 'NSFW': 1, 'Content Warnings': 1, 'Advertising & Commercialization': 1, 'Spam': 1}","{'Action': 0, 'Behavior': 3, 'Content': 3, 'Distribution': 2}",1.561278124459133
3397,yokonegi.hostdon.ne.jp,$10^{1}$ to $10^{2}$ ,"{'Hate Speech': 1, 'Harassment': 1}","{'Action': 0, 'Behavior': 1, 'Content': 1, 'Distribution': 0}",1.0
3398,yotie.blue,$10^{1}$ to $10^{2}$ ,{'Hate Speech': 1},"{'Action': 0, 'Behavior': 0, 'Content': 1, 'Distribution': 0}",-0.0
3399,youmewrite.com,$10^{1}$ to $10^{2}$ ,"{'Illegal Content': 1, 'Incitement of Violence': 1, 'Hate Speech': 1, 'Harassment': 1, 'Spam': 1, 'Mis/Disinformation/Conspiracy': 1}","{'Action': 0, 'Behavior': 1, 'Content': 4, 'Distribution': 1}",1.2516291673878228
3400,youtaite.xyz,$10^{1}$ to $10^{2}$ ,"{'Content Warnings': 1, 'Images': 1, 'Doxxing/ Personal Info': 1, 'Illegal Content': 1, 'Incitement of Violence': 1, 'Harassment': 1, 'Copyright/ Piracy': 1, 'Spam': 1}","{'Action': 0, 'Behavior': 2, 'Content': 4, 'Distribution': 2}",1.5
3401,youth.social,$10^{1}$ to $10^{2}$ ,{'Hate Speech': 5},"{'Action': 0, 'Behavior': 0, 'Content': 5, 'Distribution': 0}",-0.0
3402,youthweb.social,$10^{2}$ to $10^{3}$,"{'Hate Speech': 1, 'Harassment': 1, 'Doxxing/ Personal Info': 1, 'NSFW': 1, 'Incitement of Violence': 1, 'Impersonation': 1}","{'Action': 0, 'Behavior': 3, 'Content': 3, 'Distribution': 0}",1.0
3403,yttrx.com,$10^{3}$ to $10^{4}$,"{'Hate Speech': 2, 'Harassment': 1, 'Content Warnings': 2, 'Illegal Content': 1}","{'Action': 0, 'Behavior': 1, 'Content': 5, 'Distribution': 0}",0.6500224216483541
3404,yukari.cafe,$10^{2}$ to $10^{3}$,"{'Illegal Content': 1, 'NSFW': 2, 'Images': 1}","{'Action': 0, 'Behavior': 0, 'Content': 4, 'Distribution': 0}",-0.0
3405,yumeka.pw,$10^{1}$ to $10^{2}$ ,"{'Hate Speech': 1, 'Incitement of Violence': 1, 'Harassment': 1, 'NSFW': 1, 'Content Warnings': 1, 'Spam': 1, 'Not Applicable': 1, 'Links & Outside Content': 1}","{'Action': 0, 'Behavior': 1, 'Content': 5, 'Distribution': 1}",1.1488348542809166
3406,yunochi.moe,$10^{1}$ to $10^{2}$ ,"{'Harassment': 1, 'Hate Speech': 1, 'Spam': 1, 'Content Warnings': 1, 'Images': 1}","{'Action': 0, 'Behavior': 1, 'Content': 3, 'Distribution': 1}",1.3709505944546687
3407,yyc.bike,$10^{2}$ to $10^{3}$,"{'Hate Speech': 1, 'Incitement of Violence': 1, 'Harassment': 1, 'Illegal Content': 1, 'NSFW': 1, 'Images': 1, 'Impersonation': 1}","{'Action': 0, 'Behavior': 2, 'Content': 5, 'Distribution': 0}",0.863120568566631
3408,yysk.icu,$10^{1}$ to $10^{2}$ ,{'Illegal Content': 1},"{'Action': 0, 'Behavior': 0, 'Content': 1, 'Distribution': 0}",-0.0
3409,zarapito.cl,$10^{2}$ to $10^{3}$,"{'NSFW': 1, 'Content Warnings': 1, 'Images': 1, 'Hate Speech': 1, 'Incitement of Violence': 1, 'Harassment': 1, 'Doxxing/ Personal Info': 1, 'Mis/Disinformation/Conspiracy': 1}","{'Action': 0, 'Behavior': 2, 'Content': 6, 'Distribution': 0}",0.8112781244591328
3410,zarja.crq.systems,$10^{1}$ to $10^{2}$ ,{'Hate Speech': 1},"{'Action': 0, 'Behavior': 0, 'Content': 1, 'Distribution': 0}",-0.0
3411,zdf.social,$10^{1}$ to $10^{2}$ ,"{'Advertising & Commercialization': 1, 'Incitement of Violence': 1, 'Harassment': 1}","{'Action': 0, 'Behavior': 1, 'Content': 1, 'Distribution': 1}",1.584962500721156
3412,zeal.center,$10^{2}$ to $10^{3}$,"{'NSFW': 2, 'Images': 1, 'Illegal Content': 1, 'Hate Speech': 1, 'Harassment': 1}","{'Action': 0, 'Behavior': 1, 'Content': 5, 'Distribution': 0}",0.6500224216483541
3413,zentribe.social,$10^{1}$ to $10^{2}$ ,"{'Hate Speech': 13, 'Harassment': 1, 'Mis/Disinformation/Conspiracy': 2, 'Illegal Content': 2, 'Incitement of Violence': 1, 'Spam': 1, 'NSFW': 3, 'Content Warnings': 2, 'Images': 2, 'Copyright/ Piracy': 1}","{'Action': 0, 'Behavior': 1, 'Content': 25, 'Distribution': 2}",0.5896261811873141
3414,zeroes.ca,$10^{4}$ to $10^{5}$,"{'Mis/Disinformation/Conspiracy': 2, 'Illegal Content': 1, 'Incitement of Violence': 1, 'Harassment': 2, 'Dogpiling': 1, 'Doxxing/ Personal Info': 1, 'Hate Speech': 1, 'Impersonation': 1, 'NSFW': 1, 'Spam': 1, 'Off-topic/topic specific': 1}","{'Action': 0, 'Behavior': 5, 'Content': 7, 'Distribution': 1}",1.2957378005380122
3415,zettel.haus,$10^{1}$ to $10^{2}$ ,{'Hate Speech': 1},"{'Action': 0, 'Behavior': 0, 'Content': 1, 'Distribution': 0}",-0.0
3416,zirk.us,$10^{4}$ to $10^{5}$,"{'NSFW': 2, 'Illegal Content': 1, 'Images': 1, 'Hate Speech': 4, 'Harassment': 3, 'Mis/Disinformation/Conspiracy': 1, 'Spam': 1}","{'Action': 0, 'Behavior': 3, 'Content': 9, 'Distribution': 1}",1.1401156785146092
3417,zocial.ee,$10^{2}$ to $10^{3}$,"{'NSFW': 2, 'Illegal Content': 1, 'Spam': 1, 'Content Warnings': 1, 'Images': 1, 'Impersonation': 1}","{'Action': 0, 'Behavior': 1, 'Content': 5, 'Distribution': 1}",1.1488348542809166
3418,zombofant.net,$10^{1}$ to $10^{2}$ ,"{'Hate Speech': 2, 'Harassment': 4, 'Doxxing/ Personal Info': 1, 'Illegal Content': 2, 'Mis/Disinformation/Conspiracy': 1, 'Content Warnings': 1, 'NSFW': 1, 'Images': 1}","{'Action': 0, 'Behavior': 5, 'Content': 8, 'Distribution': 0}",0.9612366047228759
3419,zomglol.wtf,$10^{1}$ to $10^{2}$ ,{'Hate Speech': 1},"{'Action': 0, 'Behavior': 0, 'Content': 1, 'Distribution': 0}",-0.0
3420,zoot.fun,$10^{1}$ to $10^{2}$ ,"{'Content Warnings': 1, 'Images': 1, 'Hate Speech': 1, 'Incitement of Violence': 1, 'Harassment': 1, 'Doxxing/ Personal Info': 1, 'Illegal Content': 1, 'Mis/Disinformation/Conspiracy': 1}","{'Action': 0, 'Behavior': 2, 'Content': 6, 'Distribution': 0}",0.8112781244591328
3421,zoroark.cafe,$10^{1}$ to $10^{2}$ ,{'Hate Speech': 1},"{'Action': 0, 'Behavior': 0, 'Content': 1, 'Distribution': 0}",-0.0
3422,zpravobot.news,$10^{3}$ to $10^{4}$,{'Automated tools': 1},"{'Action': 1, 'Behavior': 0, 'Content': 0, 'Distribution': 0}",-0.0
3423,zug.network,$10^{3}$ to $10^{4}$,"{'Harassment': 2, 'Hate Speech': 4, 'Reposting/Crossposting': 1, 'Off-topic/topic specific': 1, 'NSFW': 1, 'Incitement of Violence': 1, 'Illegal Content': 1}","{'Action': 0, 'Behavior': 2, 'Content': 8, 'Distribution': 1}",1.0957952550009336
3424,zuhair.social,$10^{1}$ to $10^{2}$ ,"{'NSFW': 1, 'Illegal Content': 1}","{'Action': 0, 'Behavior': 0, 'Content': 2, 'Distribution': 0}",-0.0
3425,zusammenkunft.net,$10^{1}$ to $10^{2}$ ,{'Hate Speech': 1},"{'Action': 0, 'Behavior': 0, 'Content': 1, 'Distribution': 0}",-0.0
3426,zzuli.closed.social,$10^{2}$ to $10^{3}$,{'Content Warnings': 1},"{'Action': 0, 'Behavior': 0, 'Content': 1, 'Distribution': 0}",-0.0
3427,μ.computer,$10^{1}$ to $10^{2}$ ,"{'Content Warnings': 1, 'Images': 1, 'Hate Speech': 1, 'Incitement of Violence': 2, 'Harassment': 1, 'Doxxing/ Personal Info': 1, 'Illegal Content': 1, 'Mis/Disinformation/Conspiracy': 1}","{'Action': 0, 'Behavior': 2, 'Content': 7, 'Distribution': 0}",0.7642045065086203
3428,ладога.su,$10^{1}$ to $10^{2}$ ,"{'Doxxing/ Personal Info': 1, 'Spam': 1}","{'Action': 0, 'Behavior': 1, 'Content': 0, 'Distribution': 1}",1.0
3429,անքուն.հայ,$10^{2}$ to $10^{3}$,{'Illegal Content': 1},"{'Action': 0, 'Behavior': 0, 'Content': 1, 'Distribution': 0}",-0.0
3430,嘟文.com,$10^{3}$ to $10^{4}$,"{'Illegal Content': 3, 'Mis/Disinformation/Conspiracy': 2, 'Not Applicable': 1, 'Advertising & Commercialization': 1, 'Automated tools': 1, 'Copyright/ Piracy': 1, 'Hate Speech': 2, 'Harassment': 1, 'NSFW': 1, 'Content Warnings': 1}","{'Action': 1, 'Behavior': 1, 'Content': 9, 'Distribution': 2}",1.3520301017579528
