id,name,english,n_rules,instance_type,rules_list,Prescriptive,Restrictive,Behavior/Content/Format Allowed,Consequences/Moderation/Enforcement,Advertising & Commercialization,Copyright/ Piracy,Doxxing/ Personal Info,Harassment,Hate Speech,Images,Links & Outside Content,Low-Quality Content,NSFW,Off-topic/topic specific,Personal Army/Brigading/Dogpiling,Personality,Politics,Reddiquette/ Sitewide,Reposting/Crossposting,Spam,Spoilers,Trolling,Incitement of Violence,Mis/Disinformation/Conspiracy,Illegal Content,No CSAM,Content Warnings,Gore/Violence,Animal abuse,Impersonation,Server Interference,Other form of oppresive -ism,Automated tools,English Language Only,Moderator power,Age Restriction,Privacy Norms,NFT/Crypto,AI generated content,Codes of Conduct,Defederation,Sign Up
637b309ad94dca7f11e7b8ac,mstdn.social,Y,7,General,Sexually explicit or violent media must be marked as sensitive when posting.,1,,,,,,,,,1,,,1,,,,,,,,,,,,,,,,,,,,,,,,,,,,,
637b309ad94dca7f11e7b8ac,mstdn.social,Y,7,General,No spam or advertising.,,1,,,,,,,,,,,,,,,,,,1,,,,,,,,,,,,,,,,,,,,,,
637b309ad94dca7f11e7b8ac,mstdn.social,Y,7,General,"No racism, sexism, homophobia, transphobia, xenophobia, or casteism.",,1,,,,,,,1,,,,,,,,,1,,,,,,,,,,,,,,,,,,,,,,,,
637b309ad94dca7f11e7b8ac,mstdn.social,Y,7,General,No incitement of violence or promotion of violent ideologies.,,1,,,,,,,,,,,,,,,,,,,,,1,,,,,,,,,,,,,,,,,,,
637b309ad94dca7f11e7b8ac,mstdn.social,Y,7,General,"No harassment, dogpiling or doxxing of other users.",,1,,,,,1,1,,,,,,,1,,,,,,,,,,,,,,,,,,,,,,,,,,,
637b309ad94dca7f11e7b8ac,mstdn.social,Y,7,General,No illegal content.,,1,,,,,,,,,,,,,,,,,,,,,,,1,,,,,,,,,,,,,,,,,
637b309ad94dca7f11e7b8ac,mstdn.social,Y,7,General,No spreading of fake news or misinformation,,1,,,,,,,,,,,,,,,,,,,,,,1,,,,,,,,,,,,,,,,,,
6365b5f780bb3f03b435a273,mastodonapp.uk,Y,8,Regional,Sexually explicit or violent media must be marked as sensitive when posting,1,,,,,,,,,,,,1,,,,,,,,,,,,,,1,1,,,,,,,,,,,,,,
6365b5f780bb3f03b435a273,mastodonapp.uk,Y,8,Regional,"Be respectful. Racism, sexism, homophobia, transphobia, xenophobia, and other forms of hate and discrimination are not welcome. Your behaviour elsewhere may also be considered if brought to our attention. ",1,,,1,,,,,1,,,,,,,,,1,,,,,,,,,,,,,,,,,,,,,,,,
6365b5f780bb3f03b435a273,mastodonapp.uk,Y,8,Regional,No incitement of violence or promotion of discriminatory or violent ideologies,,1,,,,,,,,,,,,,,,,,,,,,1,,,,,,,,,,,,,,,,,,,
6365b5f780bb3f03b435a273,mastodonapp.uk,Y,8,Regional,"No spam, harrassment, dogpiling or doxxing of other users, this includes mass and spam reportin",,1,,,,,1,1,,,,,,,1,,,,,1,,,,,,,,,,,,,,,,,,,,,,
6365b5f780bb3f03b435a273,mastodonapp.uk,Y,8,Regional,No content illegal in The United Kingdom,,1,,,,,,,,,,,,,,,,,,,,,,,1,,,,,,,,,,,,,,,,,
6365b5f780bb3f03b435a273,mastodonapp.uk,Y,8,Regional,"No intentionally false or misleading information. By extension, do not pose as persons of interest. ",,1,,,,,,,,,,,,,,,,,,,,,1,,,,,,,1,,,,,,,,,,,,
6365b5f780bb3f03b435a273,mastodonapp.uk,Y,8,Regional,"Controversial, reactionary, NSFW, and satirical or similar content may be removed if not obviously Content Warned where appropriate.",,,,1,,,,,,,,,1,,,,,,,,,,,,,,1,,,,,,,,,,,,,,,
6365b5f780bb3f03b435a273,mastodonapp.uk,Y,8,Regional,The sites staff team will ultimately have the final say on any and all moderation actions.,,,,1,,,,,,,,,,,,,,,,,,,,,,,,,,,,,,,1,,,,,,,
58fd6992c0b12e17d56bb66e,mastodon.sdf.org,Y,5,General,This server abides by the Mastodon Covenant,1,,,,,,,,,,,,,,,,,1,,,,,,,,,,,,,,,,,,,,,,,,
58fd6992c0b12e17d56bb66e,mastodon.sdf.org,Y,5,General,"Organizations are welcome to engage with the community in a non-commercial, non-advertising manner.",1,,,,1,,,,,,,,,,,,,,,,,,,,,,,,,,,,,,,,,,,,,
58fd6992c0b12e17d56bb66e,mastodon.sdf.org,Y,5,General,"Artists, musicians, writers and artisans are welcome to engage with the community regarding their craft.",1,,1,,,,,,,,,,,,,,,,,,,,,,,,,,,,,,,,,,,,,,,
58fd6992c0b12e17d56bb66e,mastodon.sdf.org,Y,5,General,"Do not engage in harassment, hateful content or posts of a derogatory nature.",,1,,,,,,1,1,,,,,,,,,,,,,,,,,,,,,,,,,,,,,,,,,
58fd6992c0b12e17d56bb66e,mastodon.sdf.org,Y,5,General,Do not make advertising posts for the sake of purely promoting a commercial product or service.,,1,,,1,,,,,,,,,,,,,,,,,,,,,,,,,,,,,,,,,,,,,
58f19472762338151ee6d8a9,mastodon.art,Y,13,Interest,No posting other artist's work without credit AND analysis/opinion .,,1,,,,,,,,,,,,,,,,,1,,,,,,,,,,,,,,,,,,,,,,,
58f19472762338151ee6d8a9,mastodon.art,Y,13,Interest,Posting the same content on multiple instances in order to spam local and/or federated timelines is not permitted.,,1,,,,,,,,,,,,,,,,,1,,,,,,,,,,,,,,,,,,,,,,,
58f19472762338151ee6d8a9,mastodon.art,Y,13,Interest,Respect other users' boundaries.,1,,,,,,,,,,,,,,,1,,,,,,,,,,,,,,,,,,,,,,,,,,
58f19472762338151ee6d8a9,mastodon.art,Y,13,Interest,"Tag sensitive content such as violence/blood, graphic nudity, lewd content, and other potentially upsetting or triggering topics, AND hide them under a Content Warning (CW). ",1,,,,,,,,,,,,1,,,,,,,,,,,,,,1,1,,,,,,,,,,,,,,
58f19472762338151ee6d8a9,mastodon.art,Y,13,Interest,"No trolling, microaggressions, or harassment. See the Code of Conduct for the full list.",,1,,,,,,1,,,,,,,,,,,,,,1,,,,,,,,,,,,,,,,,,1,,
58f19472762338151ee6d8a9,mastodon.art,Y,13,Interest,"No unapproved bots, advertising, or spam (this does *not* mean your shop links and commission pages! Please share those often!).",,1,,,1,,,,,,,,,,,,,,,1,,,,,,,,,,,,,1,,,,,,,,,
58f19472762338151ee6d8a9,mastodon.art,Y,13,Interest,"No racism, sexism, discrimination against gender and sexual minorities, ableism, fatmisia, xenophobia and/or violent nationalism, or the advocation of all of the above.",,1,,,,,,,1,,,,,,,,,1,,,,,,,,,,,,,,1,,,,,,,,,,
58f19472762338151ee6d8a9,mastodon.art,Y,13,Interest,"No content that includes sexual depictions of minors (this includes loli), content illegal in Germany and/or France, such as holocaust denial or Nazi symbolism, conduct promoting the ideology of National Socialism.",,1,,,,,,,,,,,,,,,,,,,,,,,1,1,,,,,,,,,,,,,,,,
58f19472762338151ee6d8a9,mastodon.art,Y,13,Interest,•ART has a zero-tolerance mandate for harassment or bullying — your account will be immediately suspended.,,1,,1,,,,1,,,,,,,,,,,,,,,,,,,,,,,,,,,,,,,,,,
58f19472762338151ee6d8a9,mastodon.art,Y,13,Interest,"Conduct intended to stalk or harass users, impede users from using the service, degrade the performance of the service, or incite others to perform any of the aforementioned actions, is disallowed. ",1,,,,,,1,1,,,,,,,,,,,,,,,,,,,,,,,1,,,,,,,,,,,
58f19472762338151ee6d8a9,mastodon.art,Y,13,Interest,No NFT content. None at all. There are crypto-related instances on the fediverse that would be more suitable.,,1,,,,,,,,,,,,,,,,,,,,,,,,,,,,,,,,,,,,1,,,,
58f19472762338151ee6d8a9,mastodon.art,Y,13,Interest,No AI art allowed at all,,1,,,,,,,,,,,,,,,,,,,,,,,,,,,,,,,,,,,,,1,,,
58f19472762338151ee6d8a9,mastodon.art,Y,13,Interest,No flooding the public timelines (making lots of public posts in quick succession).,,1,,,,,,,,,,1,,,,,,,,,,,,,,,,,,,,,,,,,,,,,,
5fea48ea88f1bd03b0d0fe35,c.im,Y,12,General,"Respect the laws of Germany and the Isle of Man, including those related to hate speech and defamation.",1,,,,,,,,1,,,,,,,,,,,,,,,,1,,,,,,,,,,,,,,,,,
5fea48ea88f1bd03b0d0fe35,c.im,Y,12,General,"Threatening, abusive, intolerant or illegal behavior may lead to moderation and/or further measures. We have a zero tolerance approach to racism, sexism, homophobia and transphobia. Moderation decisions are final. ",,1,,1,,,,,1,,,,,,,,,1,,,,,,,,,,,,,,,,,1,,,,,,,
5fea48ea88f1bd03b0d0fe35,c.im,Y,12,General,"The Content Warning flag should be used for NSFW content, and NSFW media should be marked as sensitive.",1,,,,,,,,,,,,1,,,,,,,,,,,,,,1,,,,,,,,,,,,,,,
5fea48ea88f1bd03b0d0fe35,c.im,Y,12,General,"Account registrations are monitored and accounts considered spam (including commercial advertising, political campaigning/propaganda, duplicate accounts or impersonating legal entities) will be moderated or removed.",,1,,1,1,,,,,,,,,,,,1,,,1,,,,,,,,,,,,,,,,,,,,,,
5fea48ea88f1bd03b0d0fe35,c.im,Y,12,General,Do not harass or bully other users.,,1,,,,,,1,,,,,,,,,,,,,,,,,,,,,,,,,,,,,,,,,,
5fea48ea88f1bd03b0d0fe35,c.im,Y,12,General,Do not share illegal or copyrighted content.,,1,,,,1,,,,,,,,,,,,,,,,,,,1,,,,,,,,,,,,,,,,,
5fea48ea88f1bd03b0d0fe35,c.im,Y,12,General,Do not spam or engage in any form of malicious activity.,,1,,,,,,,,,,,,,,,,,,1,,,,,,,,,,,,,,,,,,,,,,
5fea48ea88f1bd03b0d0fe35,c.im,Y,12,General,"Keep discussions civil and respectful, and refrain from using derogatory language or engaging in personal attacks.",1,,,,,,,,,,,,,,,1,,,,,,,,,,,,,,,,,,,,,,,,,,
5fea48ea88f1bd03b0d0fe35,c.im,Y,12,General,Do not reveal personal information about other people without their consent.,,1,,,,,1,,,,,,,,,,,,,,,,,,,,,,,,,,,,,,,,,,,
5fea48ea88f1bd03b0d0fe35,c.im,Y,12,General,Use appropriate tags and content warnings when posting potentially sensitive or triggering content.,1,,,,,,,,,,,,,,,,,,,,,,,,,,1,,,,,,,,1,,,,,,,
5fea48ea88f1bd03b0d0fe35,c.im,Y,12,General,"If you see a violation of these rules, report it to the moderation team.",1,,,,,,,,,,,,,,,,,,,,,,,,,,,,,,,,,,1,,,,,,,
5fea48ea88f1bd03b0d0fe35,c.im,Y,12,General,"To use our service, you are at least 18 years old.",1,,,,,,,,,,,,,,,,,,,,,,,,,,,,,,,,,,,1,,,,,,
5debf51bf075d202acccce9d,sfba.social,Y,7,Regional,"Do not post pornography, illegal, illicit, or unlicensed content.",,1,,,,1,,,,,,,1,,,,,,,,,,,,1,,,,,,,,,,,,,,,,,
5debf51bf075d202acccce9d,sfba.social,Y,7,Regional,"Do not use slurs or discriminatory or hateful jokes and language, including (but not limited to) racism, sexism, homophobia, and transphobia; including tone policing or critiquing lived experience.",,1,,,,,,1,1,,,,,,,,,1,,,,,,,,,,,,,,,,,,,,,,,,
5debf51bf075d202acccce9d,sfba.social,Y,7,Regional,"Do not post spam. For example, a post with only a link or an image.",,1,,,,,,,,1,1,,,,,,,,,1,,,,,,,,,,,,,,,,,,,,,,
5debf51bf075d202acccce9d,sfba.social,Y,7,Regional,"Do not harass anyone, post other people’s personally identifying information (“doxing”), or incite violence against anyone.",,1,,,,,1,1,,,,,,,,,,,,,,,1,,,,,,,,,,,,,,,,,,,
5debf51bf075d202acccce9d,sfba.social,Y,7,Regional,"Do not post in bad faith, engage in name-calling, or ad hominem attacks. Criticize ideas, not people.",,1,,,,,,1,,,,,,,,,,,,,,,,,,,,,,,,,,,,,,,,,,
5debf51bf075d202acccce9d,sfba.social,Y,7,Regional,Do not promote crypto-related content such as cryptocurrencies or NFTs.,,1,,,,,,,,,,,,,,,,,,,,,,,,,,,,,,,,,,,,1,,,,
5debf51bf075d202acccce9d,sfba.social,Y,7,Regional,Follow the community code of conduct: https://hub.sfba.social/code-of-conduct  Use content warnings (CW) and #hashtags liberally. Be nice and have fun!,1,,,,,,,,,,,,,,,,,,,,,,,,,,,,,,,,,,1,,,,,1,,
6363fe9a80bb3f03b435a24d,toot.community,Y,7,General,Sexually explicit or violent media must be marked as sensitive when posting.,1,,,,,,,,,,,,1,,,,,,,,,,,,,,1,1,,,,,,,,,,,,,,
6363fe9a80bb3f03b435a24d,toot.community,Y,7,General,"No racism, sexism, homophobia, transphobia, xenophobia, or casteism.",,1,,,,,,,1,,,,,,,,,1,,,,,,,,,,,,,,,,,,,,,,,,
6363fe9a80bb3f03b435a24d,toot.community,Y,7,General,No incitement of violence or promotion of violent ideologies.,,1,,,,,,,,,,,,,,,,,,,,,1,,,,,,,,,,,,,,,,,,,
6363fe9a80bb3f03b435a24d,toot.community,Y,7,General,"No harassment, dogpiling or doxxing of other users.",,1,,,,,1,1,,,,,,,1,,,,,,,,,,,,,,,,,,,,,,,,,,,
6363fe9a80bb3f03b435a24d,toot.community,Y,7,General,No content illegal in The Netherlands.,,1,,,,,,,,,,,,,,,,,,,,,,,1,,,,,,,,,,,,,,,,,
6363fe9a80bb3f03b435a24d,toot.community,Y,7,General,Do not share intentionally false or misleading information.,,1,,,,,,,,,,,,,,,,,,,,,,1,,,,,,,,,,,,,,,,,,
6363fe9a80bb3f03b435a24d,toot.community,Y,7,General,"Add a Content Warning (CW) to any toots that may hurt or trigger people like religion, gore, spoilers, or sensitive topics.",1,,,,,,,,1,,,,,,,1,,,,,1,,,,,,1,1,,,,1,,,,,,,,,,
636e921580bb3f03b435a4bf,mastodon.ie,Y,3,Regional,Don't Be A Ballox,,1,,,,,,,,,,,,,,1,,,,,,,,,,,,,,,,,,,,,,,,,,
636e921580bb3f03b435a4bf,mastodon.ie,Y,3,Regional,"No bigotry, racism, xenophobia, sexism, homophobia, transphobia, anti-Traveller speech or any hate speech.",,1,,,,,,,1,,,,,,,,,1,,,,,,,,,,,,,,,,,,,,,,,,
636e921580bb3f03b435a4bf,mastodon.ie,Y,3,Regional,No unsolicited DMs,,1,,,,,,1,,,,,,,,,,,,,,,,,,,,,,,,,,,,,,,,,,
63714c9f80bb3f03b435a581,newsie.social,Y,11,Interest,You may not threaten or glorify violence against an individual or a group of people.,,1,,,,,,1,,,,,,,,,,,,,,,1,,,,,,,,,,,,,,,,,,,
63714c9f80bb3f03b435a581,newsie.social,Y,11,Interest,You may not threaten or promote terrorism or violent extremism,,1,,,,,,,,,,,,,,,,,,,,,1,,,,,,,,,,,,,,,,,,,
63714c9f80bb3f03b435a581,newsie.social,Y,11,Interest,We have zero tolerance for child sexual exploitation.,,1,,,,,,,,,,,,,,,,,,,,,,,1,,,,,,,,,,,,,,,,,
63714c9f80bb3f03b435a581,newsie.social,Y,11,Interest,"You may not engage in the targeted harassment, or incite others to do so. ",,1,,,,,,1,,,,,,,,,,,,,,,1,,,,,,,,,,,,,,,,,,,
63714c9f80bb3f03b435a581,newsie.social,Y,11,Interest,"You may not promote or threaten violence against, or harass anyone on the basis of race, ethnicity, national origin, caste, sexual orientation, gender, gender identity, religious affiliation, age, disability, or serious disease.",,1,,,,,,1,1,,,,,,,,,1,,,,,,,,,,,,,,1,,,,,,,,,,
63714c9f80bb3f03b435a581,newsie.social,Y,11,Interest,Sensitive content must have content warnings. Sensitive and explicit content must not be used in user profiles or header images.,1,,,,,,,,,,,,1,,,,,,,,,,,,,,1,,,,,,,,,,,,,,,
63714c9f80bb3f03b435a581,newsie.social,Y,11,Interest,"You may not post, threaten to post, or encourage others to post anyone's private information without their express permission.",,1,,,,,1,1,,,,,,,,,,,,,,,,,,,,,,,,,,,,,,,,,,
63714c9f80bb3f03b435a581,newsie.social,Y,11,Interest,You may not post misinformation or disinformation.,,1,,,,,,,,,,,,,,,,,,,,,,1,,,,,,,,,,,,,,,,,,
63714c9f80bb3f03b435a581,newsie.social,Y,11,Interest,"You may not impersonate individuals, groups, or organizations in a manner to mislead, confuse, or deceive others.",,1,,,,,,,,,,,,,,,,,,,,,,,,,,,,1,,,,,,,,,,,,
63714c9f80bb3f03b435a581,newsie.social,Y,11,Interest," You may not violate the intellectual property rights, including copyrights and trademarks of others.",,1,,,,1,,,,,,,,,,,,,,,,,,,,,,,,,,,,,,,,,,,,
63714c9f80bb3f03b435a581,newsie.social,Y,11,Interest,"Do not spam. This includes commercial advertising, promotional campaigns, and SEO.",,1,,,1,,,,,,,,,,,,,,,1,,,,,,,,,,,,,,,,,,,,,,
5902e7820c4b3c46f854d296,mathstodon.xyz,Y,5,Interest,Don’t do anything that’s illegal in the UK or EU.,,1,,,,,,,,,,,,,,,,,,,,,,,1,,,,,,,,,,,,,,,,,
5902e7820c4b3c46f854d296,mathstodon.xyz,Y,5,Interest,Aggression and elitism are unwelcome here - it’s not a competition. Don’t assume you know better than the person you’re talking to.,1,,,,,,,,,,,,,,,1,,,,,,,1,,,,,,,,,1,,,,,,,,,,
5902e7820c4b3c46f854d296,mathstodon.xyz,Y,5,Interest,"We want to be inclusive; do not engage in exclusionary behaviour or language against anyone based on their race, caste, gender (binary, assigned or otherwise), disability, mental health, sexual orientation, level of education or age.",1,1,,,,,,,1,,,,,,,1,,1,,,,,,,,,,,,,,1,,,,,,,,,,
5902e7820c4b3c46f854d296,mathstodon.xyz,Y,5,Interest,Don’t make exclusionary jokes. Don’t even make them “ironically”.,,1,,,,,,,,,,,,,,1,,,,,,,,,,,,,,,,,,,,,,,,,,
5902e7820c4b3c46f854d296,mathstodon.xyz,Y,5,Interest,"Don’t harass people. Unconsented contact or sexual attention can constitute harassment, even if it wasn’t intended to cause upset. Dressing or acting in a certain way is not consent.",,1,,,,,,1,,,,,,,,,,,,,,,,,,,,,,,,,,,,,,,,,,
58e3ece7e1a16a694963891f,botsin.space,Y,12,General,"No accounts that promote crytptocurrency
",,1,,,,,,,,,,,,,,,,,,,,,,,,,,,,,,,,,,,,1,,,,
58e3ece7e1a16a694963891f,botsin.space,Y,12,General,"No police/military organization accounts
",,1,,,,,,,,,,,,,,,,,,,,,,,,,,,,,,1,,,,,,,,,,
58e3ece7e1a16a694963891f,botsin.space,Y,12,General,"No sexual depictions of children
",,1,,,,,,,,,,,,,,,,,,,,,,,,1,,,,,,,,,,,,,,,,
58e3ece7e1a16a694963891f,botsin.space,Y,12,General,"No uncurated news bots posting
",,1,,,,,,,,,,1,,,,,,,,1,,,,,,,,,,,,,1,,,,,,,,,
58e3ece7e1a16a694963891f,botsin.space,Y,12,General,"No untagged nudity, pornography and sexually explicit content
",,1,,,,,,,,,,,1,,,,,,,,,,,,,,1,,,,,,,,,,,,,,,
58e3ece7e1a16a694963891f,botsin.space,Y,12,General,"No untagged gore and extremely graphic violence
",,1,,,,,,,,,,,,,,,,,,,,,,,,,1,1,,,,,,,,,,,,,,
58e3ece7e1a16a694963891f,botsin.space,Y,12,General,"No stalking or harassment of other users
",,1,,,,,,1,,,,,,,,,,,,,,,,,,,,,,,,,,,,,,,,,,
58e3ece7e1a16a694963891f,botsin.space,Y,12,General,"Do not use bots to abuse other people. Punch up, not down
",,1,,,,,,1,,,,,,,1,,,,,,,,,,,,,,,,,,1,,,,,,,,,
58e3ece7e1a16a694963891f,botsin.space,Y,12,General,"Respect the standards of the fediverse. If a human would likely add CW to a post, a bot should also add a CW.",1,,,,,,,,,,,,,,,,,1,,,,,,,,,1,,,,,,,,,,,,,,1,
58e3ece7e1a16a694963891f,botsin.space,Y,12,General,"Your signup request must include the magic word!

The magic word is.... spreadsheet",1,,,,,,,,,,,,,,,,,,,,,,,,,,,,,,,,,,,,,,,,,1
58e3ece7e1a16a694963891f,botsin.space,Y,12,General,"No mirrors of someone else's Twitter accounts. If they want to be here, they can create their own account.

",,1,,,,,,,,,,,,,,,,,1,,,,,,,,,,,1,,,,,,,,,,,,
58e3ece7e1a16a694963891f,botsin.space,Y,12,General,"No interactions with people who don't opt in to the interaction. If you mention another user, they must either follow the bot, or they must've started the interaction themselves.
",,1,,,,,,1,,,,,,,,,,,,,,,,,,,,,,,,,,,,,,,,,,
637b2fc3d94dca7f11e7b564,mastodon.green,Y,9,Regional,"Try 30-days for free, only 1,50 € (+VAT) per month after. No algorithms or ads to waste your time. We use 20 % of membership fees to plant trees. Change your plan or cancel at any time",,,,,,,,,,,,,,,,,,,,,,,,,,,,,,,,,,,,,,,,,,1
637b2fc3d94dca7f11e7b564,mastodon.green,Y,9,Regional,Please abide by the community standards,1,,,,,,,,,,,,,,,,,,,,,,,,,,,,,,,,,,,,,,,1,,
637b2fc3d94dca7f11e7b564,mastodon.green,Y,9,Regional,"You can use any official EU language, Icelandic and Norwegian on this server",1,,,,,,,,,,,,,,,,,,,,,,,,,,,,,,,,,1,,,,,,,,
637b2fc3d94dca7f11e7b564,mastodon.green,Y,9,Regional,No sexually explicit images or video,,1,,,,,,,,,,,1,,,,,,,,,,,,,,,,,,,,,,,,,,,,,
637b2fc3d94dca7f11e7b564,mastodon.green,Y,9,Regional,"No racism, sexism, homophobia, transphobia, xenophobia, or casteism",,1,,,,,,,1,,,,,,,,,1,,,,,,,,,,,,,,,,,,,,,,,,
637b2fc3d94dca7f11e7b564,mastodon.green,Y,9,Regional,No incitement of violence or promotion of violent ideologies,,1,,,,,,,,,,,,,,,,,,,,,1,,,,,,,,,,,,,,,,,,,
637b2fc3d94dca7f11e7b564,mastodon.green,Y,9,Regional,"No harassment, dogpiling or doxxing of other users",,1,,,,,1,1,,,,,,,1,,,,,,,,,,,,,,,,,,,,,,,,,,,
637b2fc3d94dca7f11e7b564,mastodon.green,Y,9,Regional,No illegal content,,1,,,,,,,,,,,,,,,,,,,,,,,1,,,,,,,,,,,,,,,,,
637b2fc3d94dca7f11e7b564,mastodon.green,Y,9,Regional,No false or misleading information,,1,,,,,,,,,,,,,,,,,,,,,,1,,,,,,,,,,,,,,,,,,
5ffc110e88f1bd03b0d0fe57,social.cologne,Y,8,Regional,Treat others with respect,1,,,,,,,,,,,,,,,1,,,,,,,,,,,,,,,,,,,,,,,,,,
5ffc110e88f1bd03b0d0fe57,social.cologne,Y,8,Regional,Use appropriate tone,1,,,,,,,,,,,,,,,1,,,,,,,,,,,,,,,,,,,,,,,,,,
5ffc110e88f1bd03b0d0fe57,social.cologne,Y,8,Regional,Respect privacy,1,,,,,,,,,,,,,,,,,,,,,,,,,,,,,,,,,,,,1,,,,,
5ffc110e88f1bd03b0d0fe57,social.cologne,Y,8,Regional,Comply with applicable law,1,,,,,,,,,,,,,,,,,,,,,,,,1,,,,,,,,,,,,,,,,,
5ffc110e88f1bd03b0d0fe57,social.cologne,Y,8,Regional,Avoid misinformation,1,,,,,,,,,,,,,,,,,,,,,,,1,,,,,,,,,,,,,,,,,,
5ffc110e88f1bd03b0d0fe57,social.cologne,Y,8,Regional,No spam posts,,1,,,,,,,,,,,,,,,,,,1,,,,,,,,,,,,,,,,,,,,,,
5ffc110e88f1bd03b0d0fe57,social.cologne,Y,8,Regional,Mark sensitive content (CW),1,,,,,,,,,,,,,,,,,,,,,,,,,,1,,,,,,,,,,,,,,,
5ffc110e88f1bd03b0d0fe57,social.cologne,Y,8,Regional,You must be older than 16 years,1,,,,,,,,,,,,,,,,,,,,,,,,,,,,,,,,,,,1,,,,,,
5d6c693fa6e56d23f7b4018f,indieweb.social,Y,7,Interest,No spam or excessive self-promoting in posts.,,1,,,1,,,,,,,,,,,,,,,1,,,,,,,,,,,,,,,,,,,,,,
5d6c693fa6e56d23f7b4018f,indieweb.social,Y,7,Interest,No bots that are not labeled as such in their profile.,,1,,,,,,,,,,,,,,,,,,,,,,,,,,,,,,,1,,,,,,,,,
5d6c693fa6e56d23f7b4018f,indieweb.social,Y,7,Interest,Keep conversations civil and respectful even in disagreement.,1,,,,,,,,,,,,,,,1,,,,,,,,,,,,,,,,,,,,,,,,,,
5d6c693fa6e56d23f7b4018f,indieweb.social,Y,7,Interest,"No racism, sexism, homophobia, transphobia, xenophobia, anti-Semitism, or casteism",,1,,,,,,,1,,,,,,,,,1,,,,,,,,,,,,,,,,,,,,,,,,
5d6c693fa6e56d23f7b4018f,indieweb.social,Y,7,Interest,No sexually explicit or violent posts or media allowed,,1,,,,,,,,,,,1,,,,,,,,,,,,,,,1,,,,,,,,,,,,,,
5d6c693fa6e56d23f7b4018f,indieweb.social,Y,7,Interest,No incitement of violence or promotion of violent ideologies,,1,,,,,,,,,,,,,,,,,,,,,1,,,,,,,,,,,,,,,,,,,
5d6c693fa6e56d23f7b4018f,indieweb.social,Y,7,Interest,No illegal content.,,1,,,,,,,,,,,,,,,,,,,,,,,1,,,,,,,,,,,,,,,,,
5b7c4b83a6abe47c06ef8979,ruby.social,Y,13,Interest,"No bots

... unless they're cute, funny, or useful. Bots should avoid posting to the public timeline.",,1,,,,,,,,,,,,,,,,,,,,,,,,,,,,,,,1,,,,,,,,,
5b7c4b83a6abe47c06ef8979,ruby.social,Y,13,Interest,"No pornography or nudity, or something that would be considered ""NSFW"" in a workplace, even behind a NSFW warning. In particular, no sexual depictions of children.",,1,,,,,,,,,,,1,,,,,,,,,,,,1,1,,,,,,,,,,,,,,,,
5b7c4b83a6abe47c06ef8979,ruby.social,Y,13,Interest,"No gore or graphic violence. Again, if you wouldn't post it at work, you definitely shouldn't be posting it here.",,1,,,,,,,,,,,1,,,,,,,,,,,,,,,1,,,,,,,,,,,,,,
5b7c4b83a6abe47c06ef8979,ruby.social,Y,13,Interest,Use content warnings. Content that is borderline NSFW or could be construed as NSFW at a glance should be put behind a CW (Content Warning),1,,,,,,,,,,,,1,,,,,,,,,,,,,,1,,,,,,,,,,,,,,,
5b7c4b83a6abe47c06ef8979,ruby.social,Y,13,Interest,"No racism. This should go without saying, but unfortunately it doesn't.",,1,,,,,,,1,,,,,,,,,1,,,,,,,,,,,,,,,,,,,,,,,,
5b7c4b83a6abe47c06ef8979,ruby.social,Y,13,Interest,"No sexism

... or pretty much any other -ism",,1,,,,,,,,,,,,,,,,1,,,,,,,,,,,,,,1,,,,,,,,,,
5b7c4b83a6abe47c06ef8979,ruby.social,Y,13,Interest,"No discrimination. Any discrimination based on gender, sexual minority, sexual orientation, disability, physical appearance, body size, race, ethnicity, religion (or lack thereof), or national origin, will result in your account and content being removed.",,1,,1,,,,,1,,,,,,,,,1,,,,,,,,,,,,,,,,,,,,,,,,
5b7c4b83a6abe47c06ef8979,ruby.social,Y,13,Interest,No xenophobia. This includes violent nationalism.,,1,,,,,,,1,,,,,,,,,1,,,,,,,,,,,,,,,,,,,,,,,,
5b7c4b83a6abe47c06ef8979,ruby.social,Y,13,Interest,"No holocaust denialism. No Nazi symbolism, promotion of National Socialism, or anything that is illegal in the European Union",,1,,,,,,,1,,,,,,,,,1,,,,,,,,,,,,,,1,,,,,,,,,,
5b7c4b83a6abe47c06ef8979,ruby.social,Y,13,Interest,No stalking or harassment of any kind,,1,,,,,,1,,,,,,,,,,,,,,,,,,,,,,,,,,,,,,,,,,
5b7c4b83a6abe47c06ef8979,ruby.social,Y,13,Interest,"No fake accounts, even celebrity joke accounts.

Note this rule does not necessarily apply to remote accounts.",,1,,,,,,,,,,,,,,,,,,,,,,,,,,,,1,,,,,,,,,,,,
5b7c4b83a6abe47c06ef8979,ruby.social,Y,13,Interest,"No ""follow bots."" We block these and our instance is on a ""no bots"" list",,1,,1,,,,,,,,,,,,,,,,,,,,,,,,,,,,,1,,,,,,,,,
5b7c4b83a6abe47c06ef8979,ruby.social,Y,13,Interest,"No advertising or excessive promotion. By far the biggest problem we've had running this server are spam accounts that sign up only to promote some company (often nothing even to do with Ruby), and so we take a fairly strong stance against letting such accounts even register on the server now.",,1,,1,1,,,,,,,,,,,,,,,1,,,,,,,,,,,,,,,1,,,,,,,
58e2a6b69c99175decef88c7,octodon.social,Y,3,Activist,i will not be free until everyone is liberated,,1,,,,,,,,,,,,,,,,,,,,,,,,,,,,,,,,,,,,,,,,
58e2a6b69c99175decef88c7,octodon.social,Y,3,Activist,we will not suffer corporate advertising,,,,,,,,,,,,,,,,,,,,,,,,,,,,,,,,,,,,,,,,,,
58e2a6b69c99175decef88c7,octodon.social,Y,3,Activist,spiderule (this is a non exhaustive list),,,,,,,,,,,,,,,,,,,,,,,,,,,,,,,,,,,,,,,,,,
6387ec68b3a14f89149eaea6,stranger.social,Y,6,General,"This is a safe space. No hate speech, slurs or threats of any kind. No exceptions.",,1,,1,,,,1,1,,,,,,,,,1,,,,,,,,,,,,,,,,,,,,,,,,
6387ec68b3a14f89149eaea6,stranger.social,Y,6,General,"No Pornography. Nudity is okay within limits and with NSFW tags and Content Warnings. This is not a porn site, if that is your primary content, please find another server.",,1,,,,,,,,,,,1,,,,,,,,,,,,,,1,,,,,,,,,,,,,,,
6387ec68b3a14f89149eaea6,stranger.social,Y,6,General,No posting or reposting links to otherwise illegal content.,,1,,,,,,,,,1,,,,,,,,1,,,,,,1,,,,,,,,,,,,,,,,,
6387ec68b3a14f89149eaea6,stranger.social,Y,6,General,No spamming the server.,,1,,,,,,,,,,,,,,,,,,1,,,,,,,,,,,1,,,,,,,,,,,
6387ec68b3a14f89149eaea6,stranger.social,Y,6,General,No posting or reposting knowingly false or misleading information.,,1,,,,,,,,,,,,,,,,,1,,,,,1,,,,,,,,,,,,,,,,,,
6387ec68b3a14f89149eaea6,stranger.social,Y,6,General,No scams or phishing.,,1,,,,,,,,,,1,,,,,,,,,,,,,,,,,,1,,,,,,,,,,,,
637b2ce9d94dca7f11e7aa00,social.lol,Y,4,Interest,"Don’t spread hate or negativity, especially based on people’s fundamental differences such as gender identity, sexual orientation, race, ethnicity, age, ability, and social class.",,1,,,,,,,,,,,,,,,,1,,,,,,,,,,,,,,,,,,,,,,,,
637b2ce9d94dca7f11e7aa00,social.lol,Y,4,Interest,"Don’t harass, troll, seek to offend, shitpost, or otherwise bother anyone.",,1,,,,,,,,,,,,,,,,,,,,,,,,,,,,,,,,,,,,,,,,
637b2ce9d94dca7f11e7aa00,social.lol,Y,4,Interest,"Don’t lie, and don’t spread others’ lies or misinformation.",,1,,,,,,,,,,,,,,,,,,,,,,,,,,,,,,,,,,,,,,,,
637b2ce9d94dca7f11e7aa00,social.lol,Y,4,Interest,Don’t run bots or anything that automates interactions with people.,,1,,,,,,,,,,,,,,,,,,,,,,,,,,,,,,,,,,,,,,,,
5902589f0c4b3c46f854d273,scholar.social,Y,12,Interest,"No racism, sexism, homophobia, transphobia, able-ism, etc.",,1,,,,,,,1,,,,,,,,,1,,,,,,,,,,,,,,1,,,,,,,,,,
5902589f0c4b3c46f854d273,scholar.social,Y,12,Interest,No serious dishonesty that is hurtful to others (e.g. falsely representing oneself as a member of a minority; services offering to write academic papers to help students cheat; vaccine denialism; predatory conferences or journals; overt pseudoscience such as flat-earther-ism etc.),,1,,,,,,,,,,,,,,,,,,,,,,1,,,,,,1,,,,,,,,,,,,
5902589f0c4b3c46f854d273,scholar.social,Y,12,Interest,No spam,,1,,,,,,,,,,,,,,,,,,1,,,,,,,,,,,,,,,,,,,,,,
5902589f0c4b3c46f854d273,scholar.social,Y,12,Interest,No impersonating other people,,1,,,,,,,,,,,,,,,,,,,,,,,,,,,,1,,,,,,,,,,,,
5902589f0c4b3c46f854d273,scholar.social,Y,12,Interest,No harassment of any kind,,1,,,,,,1,,,,,,,,,,,,,,,,,,,,,,,,,,,,,,,,,,
5902589f0c4b3c46f854d273,scholar.social,Y,12,Interest,"No bots or ""institutional"" accounts operated by non-members (Scholar Social is for individuals)",,1,,,,,,,,,,,,,,,,,,,,,,,,,,,,,,,1,,,,,,,,,
5902589f0c4b3c46f854d273,scholar.social,Y,12,Interest,"No automated cross-posters from Twitter, RSS, etc. on Public privacy setting",,1,,,,,,,,,,,,,,,,,1,1,,,,,,,,,,,,,1,,,,,,,,,
5902589f0c4b3c46f854d273,scholar.social,Y,12,Interest,No providing unsolicited advice to strangers,,1,,,,,,,,,,,,,,1,,,,,,,,,,,,,,,,,,,,,,,,,,
5902589f0c4b3c46f854d273,scholar.social,Y,12,Interest,No un-described images or video on Public privacy setting,,1,,,,,,,,,,,,,,,,,,,,,,,,,,,,,,,,,,,,,,,,
5902589f0c4b3c46f854d273,scholar.social,Y,12,Interest,"No shortened links, e.g. bit.ly, t.ly, goo.gl, ift.tt, lnkd.in, is.gd or t.co (These are malicious because link-shorteners track users without their consent and obscure the destination address, which also prevents users from being able to decide whether they want to visit the link beforehand)",,1,,,,,,,,,1,,,,,,,,,1,,,,,,,,,,,,,,,,,,,,,,
5902589f0c4b3c46f854d273,scholar.social,Y,12,Interest,"No advertisements or apologia for cryptocurrencies, NFT's, or multi-level marketing schemes",,1,,,1,,,,,,,,,,,,,,,,,,,,,,,,,,,,,,,,,1,,,,
5902589f0c4b3c46f854d273,scholar.social,Y,12,Interest,"No police officers, military, or employees of any law enforcement or intelligence agency",,1,,,,,,,,,,,,,,,,,,,,,,,,,,,,,,1,,,,,,,,,,
594ae9152ec3415df941582c,rubber.social,Y,7,Identity,"Be pervy, be kind.

We are a kink-positive and sex-positive community. Though it says rubber in the name, we welcome all types of risk aware consensual kink.",1,,,,,,,,,,,,1,,,1,,,,,,,,,,,,,,,,,,,,,,,,,,
594ae9152ec3415df941582c,rubber.social,Y,7,Identity,"No harassment or abuse.

Racism, misogyny, transphobia, homophobia, or body shaming will not be tolerated.",,1,1,1,,,,1,1,,,,,,,,,1,,,,,,,,,,,,,,,,,,,,,,,,
594ae9152ec3415df941582c,rubber.social,Y,7,Identity,"Keep it legal

No child pornography. Users are assumed to be 18 years old or otherwise legal to view sexual content in their jurisdiction.",1,1,,,,,,,,,,,,,,,,,,,,,,,1,1,,,,,,,,,,,,,,,,
594ae9152ec3415df941582c,rubber.social,Y,7,Identity,"Use Content Warnings or Sensitive Content flags.

Since we federate with other instances please mark any media with exposed genitals as Sensitive Content or with a Content Warning. No exposed genitals in your avatar or banner image please.",1,,,,,,,,,,,,1,,,,,,,,,,,,,,1,,,,,,,,,,,,,,,
594ae9152ec3415df941582c,rubber.social,Y,7,Identity,"Use the #promo hashtag on ads or commercial posts.

We're excited for kink vendors to participate in our community. That said we'd like to keep it more of a flea market than a mall. So that users can easily identify them: posts promoting goods and/or services must use the #promo hashtag.",1,,1,,1,,,,,,,,1,,,,,,,,,,,,,,,,,,,,,,,,,,,,,
594ae9152ec3415df941582c,rubber.social,Y,7,Identity,Accounts that flood with non-original or third-party content will be Silenced.,1,,,1,,,,,,,,,,,,,,,1,1,,,,,,,,,,,,,,,,,,,,,,
594ae9152ec3415df941582c,rubber.social,Y,7,Identity,"Sign-Up Approval: 

Approval required for sign-up for anti-spam purposes. Don't need much, just enough to show you're not a spammer. Just a simple ""I like rubber"" works even!",1,,,1,,,,,,,,,,,,,,,,1,,,,,,,,,,,,,,,,,,,,,,1
627ac7085ff7e757f0536a6c,obo.sh,Y,4,General,What will get you banned:,,1,,1,,,,,,,,,,,,,,,,,,,,,,,,,,,,,,,,,,,,,,
627ac7085ff7e757f0536a6c,obo.sh,Y,4,General,Anything illegal.,,1,,,,,,,,,,,,,,,,,,,,,,,1,,,,,,,,,,,,,,,,,
627ac7085ff7e757f0536a6c,obo.sh,Y,4,General,Rest is allowed. Enjoy freedom!,,,,,,,,,,,,,,1,,,,,,,,,,,,,,,,,,,,,,,,,,,,
627ac7085ff7e757f0536a6c,obo.sh,Y,4,General,"We do not silence or block other Fediverse instances based on agenda, politics, or opinions held by their staff or users.",,,,,,,,,,,,,,,,,,,,,,,,,,,,,,,,,,,,,,,,,,
637ea2a5c600591ccc9523e2,spore.social,Y,12,Activist,"We support justice and action, specifically on climate, with the intention of bringing a better world into being.",1,,,,,,,,,,,,,,,,,,,,,,,,,,,,,,,1,,,,,,,,,,
637ea2a5c600591ccc9523e2,spore.social,Y,12,Activist,We are explicitly anti-racist.,1,,,,,,,,,,,,,,,,,1,,,,,,,,,,,,,,1,,,,,,,,,,
637ea2a5c600591ccc9523e2,spore.social,Y,12,Activist,We resist white supremacy.,1,,,,,,,,,,,,,,,,,1,,,,,,,,,,,,,,1,,,,,,,,,,
637ea2a5c600591ccc9523e2,spore.social,Y,12,Activist,We apply content warnings to traumatic conversations but content warnings are never used to silence conversations about justice.,1,,,,,,,,,,,,,,,,,,,,,,,,,,1,,,,,,,,,,,,,,,
637ea2a5c600591ccc9523e2,spore.social,Y,12,Activist,We do not tolerate hate-speech. We allow swearing but we do not allow bigoted language of any kind.,,1,,,,,,,1,,,,,,,,,1,,,,,,,,,,,,,,,,,,,,,,,,
637ea2a5c600591ccc9523e2,spore.social,Y,12,Activist,"We do not allow misogyny of any kind, particularly trans misogyny.",,1,,,,,,,,,,,,,,,,1,,,,,,,,,,,,,,1,,,,,,,,,,
637ea2a5c600591ccc9523e2,spore.social,Y,12,Activist,"We do not perpetuate ableism in our actions or language, including refraining from use of ableist language.",,1,,,,,,,,,,,,,,,,,,,,,,,,,,,,,,1,,,,,,,,,,
637ea2a5c600591ccc9523e2,spore.social,Y,12,Activist,"We are safe for work (no nudity or pornographic images of any kind). At the same time, we support sex workers and recognize sex work is work.",1,,,,,,,,,,,,1,,,,,,,,,,,,,,,,,,,,,,,,,,,,,
637ea2a5c600591ccc9523e2,spore.social,Y,12,Activist,We support LGBTQ+ rights.,1,,,,,,,,1,,,,,,,,,,,,,,,,,,,,,,,,,,,,,,,,,
637ea2a5c600591ccc9523e2,spore.social,Y,12,Activist,We do not body shame.,1,,,,,,,,,,,,,,,,,,,,,,,,,,,,,,,,,,,,,,,,,
637ea2a5c600591ccc9523e2,spore.social,Y,12,Activist,We are trauma-informed and abolitionist. We believe in bringing people in and giving them space to be better instead of blocking or bans.,1,,,,,,,,,,,,,,,,,,,,,,,,,,,,,,,1,,,,,,,,,,
637ea2a5c600591ccc9523e2,spore.social,Y,12,Activist,"We do not allow unfounded conspiracy theories, misinformation, disinformation, and state-sponsored propaganda.",,1,,,,,,,,,,,,,,,,,,,,,,1,,,,,,,,,,,,,,,,,,
636debb480bb3f03b435a48f,discuss.systems,Y,8,Interest,Be welcoming. Be kind. Look out for each other.,1,,,,,,,,,,,,,,,1,,,,,,,,,,,,,,,,,,,,,,,,,,
636debb480bb3f03b435a48f,discuss.systems,Y,8,Interest,"Conduct or speech which might be considered sexist, racist, homophobic, transphobic, ableist or otherwise discriminatory or offensive in nature is not permitted.",,1,,,,,,,1,,,,,,,,,1,,,,,,,,,,,,,,,,,,,,,,,,
636debb480bb3f03b435a48f,discuss.systems,Y,8,Interest,No intimidation or harassment (online or in-person). Please read the Citizen Code of Conduct for how we interpret harassment.,,1,,,,,,1,,,,,,,,,,,,,,,,,,,,,,,,,,,,,,,,,,
636debb480bb3f03b435a48f,discuss.systems,Y,8,Interest,"No violence, threats of violence, or violent language.",,1,,,,,,,,,,,,,,,,,,,,,1,,,,,,,,,,,,,,,,,,,
636debb480bb3f03b435a48f,discuss.systems,Y,8,Interest,Sustained disruption of online discussion is unacceptable.,1,,,,,,,,,,,,,,,,,,,,,1,,,,,,,,,,,,,,,,,,,,
636debb480bb3f03b435a48f,discuss.systems,Y,8,Interest,Illegal content is not allowed. This server is located in (and subject to the laws of) the United States.,,1,,,,,,,,,,,,,,,,,,,,,,,1,,,,,,,,,,,,,,,,,
636debb480bb3f03b435a48f,discuss.systems,Y,8,Interest,The administrators reserve the right to remove users or defederate with instances.,,,,1,,,,,,,,,,,,,,,,,,,,,,,,,,,,,,,1,,,,,,1,
636debb480bb3f03b435a48f,discuss.systems,Y,8,Interest,You must be over the age of 13 to use this service.,1,,,,,,,,,,,,,,,,,,,,,,,,,,,,,,,,,,,1,,,,,,
636ebb9180bb3f03b435a4c9,vmst.io,Y,7,Interest,"No harassment, dogpiling or doxxing of other users.",,1,,,,,1,1,,,,,,,1,,,,,,,,,,,,,,,,,,,,,,,,,,,
636ebb9180bb3f03b435a4c9,vmst.io,Y,7,Interest,"No impersonation of other people, companies, organizations, brands, etc.",,1,,,,,,,,,,,,,,,,,,,,,,,,,,,,1,,,,,,,,,,,,
636ebb9180bb3f03b435a4c9,vmst.io,Y,7,Interest,"No racism, sexism, homophobia, transphobia, xenophobia, or casteism.",,1,,,,,,,1,,,,,,,,,1,,,,,,,,,,,,,,,,,,,,,,,,
636ebb9180bb3f03b435a4c9,vmst.io,Y,7,Interest,No incitement of violence or advocacy of violent acts/ideologies.,,1,,,,,,,,,,,,,,,,,,,,,1,,,,,,,,,,,,,,,,,,,
636ebb9180bb3f03b435a4c9,vmst.io,Y,7,Interest,"No advertising, spam or excessive promotion.",,1,,,1,,,,,,,,,,,,,,,1,,,,,,,,,,,,,,,,,,,,,,
636ebb9180bb3f03b435a4c9,vmst.io,Y,7,Interest,No sexually explicit or graphically violent media.,,1,,,,,,,,,,,1,,,,,,,,,,,,,,,1,,,,,,,,,,,,,,
636ebb9180bb3f03b435a4c9,vmst.io,Y,7,Interest,No intentionally false or misleading information.,,1,,,,,,,,,,,,,,,,,,,,,,1,,,,,,,,,,,,,,,,,,
6371e03780bb3f03b435a5a7,social.treehouse.systems,Y,10,Interest,Be kind to each other.,1,,,,,,,,,,,,,,,1,,,,,,,,,,,,,,,,,,,,,,,,,,
6371e03780bb3f03b435a5a7,social.treehouse.systems,Y,10,Interest,No promotion of violence.,,1,,,,,,,,,,,,,,,,,,,,,1,,,,,,,,,,,,,,,,,,,
6371e03780bb3f03b435a5a7,social.treehouse.systems,Y,10,Interest,"No promotion of fascism, white supremacy, etc.",,1,,,,,,,1,,,,,,,,,1,,,,,,,,,,,,,,1,,,,,,,,,,
6371e03780bb3f03b435a5a7,social.treehouse.systems,Y,10,Interest,No promotion of colonialism or nationalism.,,1,,,,,,,1,,,,,,,,,,,,,,,,,,,,,,,1,,,,,,,,,,
6371e03780bb3f03b435a5a7,social.treehouse.systems,Y,10,Interest,"No promotion of racism, transphobia, homophobia, etc.",,1,,,,,,,1,,,,,,,,,1,,,,,,,,,,,,,,,,,,,,,,,,
6371e03780bb3f03b435a5a7,social.treehouse.systems,Y,10,Interest,No promotion of religious extremism.,,1,,,,,,,1,,,,,,,,,,,,,,,,,,,,,,,1,,,,,,,,,,
6371e03780bb3f03b435a5a7,social.treehouse.systems,Y,10,Interest,The instance is intended to be an LGBTQIA+ safe space.,1,,,,,,,,1,,,,,,,1,,1,,,,,,,,,,,,,,,,,,,,,,,,
6371e03780bb3f03b435a5a7,social.treehouse.systems,Y,10,Interest,The instance is intended to be a safe space for neurodivergent people.,1,,,,,,,,1,,,,,,,,,,,,,,,,,,,,,,,1,,,,,,,,,,
6371e03780bb3f03b435a5a7,social.treehouse.systems,Y,10,Interest,Use content warnings for explicit content.,1,,1,,,,,,,,,,1,,,,,,,,,,,,,,1,,,,,,,,,,,,,,,
6371e03780bb3f03b435a5a7,social.treehouse.systems,Y,10,Interest,"Supply a link to a social media profile or personal
website when signing up.",1,,1,,,,,,,,1,,,,,,,,,,,,,,,,,,,,,,,,,,,,,,,1
639cbbac89d02b725a623b93,bark.lgbt,Y,10,Identity,"No discrimination, bigotry, transphobia, homophobia, etc of any kind is accepted and will result in a ban",,1,,,,,,,1,,,,,,,,,1,,,,,,,,,,,,,,,,,,,,,,,,
639cbbac89d02b725a623b93,bark.lgbt,Y,10,Identity,No discussion of illegal topics or sharing of pirated data.,,1,,,,1,,,,,,,,,,,,,,,,,,,1,,,,,,,,,,,,,,,,,
639cbbac89d02b725a623b93,bark.lgbt,Y,10,Identity,Any content that would be considered Illegal in the European economic area is strictly banned,,1,,,,,,,,,,,,,,,,,,,,,,,1,,,,,,,,,,,,,,,,,
639cbbac89d02b725a623b93,bark.lgbt,Y,10,Identity,You agree that you might run into posts on the local and federated timelines that would fall into the NSFW category but are not CW'd. You agree to report these posts so our moderators can rectify this.,1,,,1,,,,,,,,,1,,,,,,,,,,,,,,1,,,,,,,,,,,,,,,
639cbbac89d02b725a623b93,bark.lgbt,Y,10,Identity,You are at least 13 years of age during sign-up,,,,,,,,,,,,,,,,,,,,,,,,,,,,,,,,,,,,1,,,,,,1
639cbbac89d02b725a623b93,bark.lgbt,Y,10,Identity,No zoophillia,,1,,,,,,,,,,,,,,,,,,,,,,,,,,,1,,,,,,,,,,,,,
639cbbac89d02b725a623b93,bark.lgbt,Y,10,Identity,Make use of the reporting feature to let the moderators know something is wrong.,1,,,1,,,,,,,,,,,,,,,,,,,,,,,,,,,,,,,,,,,,,,
639cbbac89d02b725a623b93,bark.lgbt,Y,10,Identity,No NSFW profile pictures and headers,,1,,,,,,,,1,,,1,,,,,,,,,,,,,,,,,,,,,,,,,,,,,
639cbbac89d02b725a623b93,bark.lgbt,Y,10,Identity,NSFW content is allowed if it is legal and marked as sensitive. Repeated failures to mask/cw will result in a ban.,1,,,1,,,,,,1,,,1,,,,,,,,,,,,,,1,,,,,,,,,,,,,,,
639cbbac89d02b725a623b93,bark.lgbt,Y,10,Identity,Posting NSFW content from accounts know to be under the age of 18 years old will result in a ban,,1,,1,,,,,,1,,,1,,,,,,,,,,,,,1,,,,,,,,,,1,,,,,,
637b3036d94dca7f11e7b724,mapstodon.space,Y,5,Interest,This is not a generalist server and is destined to people with a interest in cartography and geospatial. Please do register only if it is the case. Thanks for specifying this interest in the form at the next step to get accepted on the server.,,1,,,,,,,,,,,,1,,,,,,,,,,,,,,,,,,,,,,,,,,,,1
637b3036d94dca7f11e7b724,mapstodon.space,Y,5,Interest,This server is harassment-free and is a safe space for everyone.,1,,,,,,,1,,,,,,,,,,1,,,,,,,,,,,,,,,,,,,,,,,,
637b3036d94dca7f11e7b724,mapstodon.space,Y,5,Interest,Direct advertising for commercial products must remain exceptional.,,,,1,,,,,,,,,,,,,,,,,,,,,,,,,,,,,,,1,,,,,,,
637b3036d94dca7f11e7b724,mapstodon.space,Y,5,Interest,"
Religious proselytizing is not allowed.
",,1,,,,,,,,,,,,,,,,,,,,,,,,,,,,,,1,,,,,,,,,,
637b3036d94dca7f11e7b724,mapstodon.space,Y,5,Interest,"Bots or similar accounts (posting regular automatic or semi-automatic content) are accepted as long as th topic is related to the server's thematics, and are required to be set as ""unlisted"" (see account preferences after creation).",1,,,,,,,,,,,,,1,,,,,,,,,,,,,,,,,,,1,,,,,,,,,
59089f9ee50812648e3e22f8,todon.nl,Y,15,Activist,"We do not accept racism (in all its forms, see our Terms of Service for our definition).",,1,,,,,,,1,,,,,,,,,1,,,,,,,,,1,,,,,,,,,,,,,,,
59089f9ee50812648e3e22f8,todon.nl,Y,15,Activist,"We do not accept homophobia, transphobia, biphobia, nbphobia, queerphobia and such.",,1,,,,,,,1,,,,,,,,,1,,,,,,,,,,,,,,,,,,,,,,,,
59089f9ee50812648e3e22f8,todon.nl,Y,15,Activist,"We do not accept sexism, misogyny and misogynoir.",,1,,,,,,,1,,,,,,,,,1,,,,,,,,,,,,,,,,,,,,,,,,
59089f9ee50812648e3e22f8,todon.nl,Y,15,Activist,We do not accept ableism and fat-shaming.,,1,,,,,,,1,,,,,,,,,,,,,,,,,,,,,,,1,,,,,,,,,,
59089f9ee50812648e3e22f8,todon.nl,Y,15,Activist,We do not accept harassment and trolling.,,1,,,,,,1,1,,,,,,,,,,,,,1,,,,,,,,,,,,,,,,,,,,
59089f9ee50812648e3e22f8,todon.nl,Y,15,Activist,We also do not accept other forms of hate speech.,,1,,,,,,,1,,,,,,,,,,,,,,,,,,,,,,,,,,,,,,,,,
59089f9ee50812648e3e22f8,todon.nl,Y,15,Activist,"We do not accept (sexual) abuse of minors, adults and animals (also not virtual).",,1,,,,,,1,,,,,,,,,,,,,,,,,,1,,,1,,,,,,,,,,,,,
59089f9ee50812648e3e22f8,todon.nl,Y,15,Activist,"We do not accept glorification of violence, calls for murder, death threats and terrorism.",,1,,,,,,,,,,,,,,,,,,,,,1,,,,,,,,,,,,,,,,,,,
59089f9ee50812648e3e22f8,todon.nl,Y,15,Activist,"We do not accept colonialism, imperialism in all forms, nationalism (above all nationalism of nation states,  incl. flags/symbols of those on Todon.*, see our Terms of Service) and militarism.",,1,,,,,,,,,,,,,,,,,,,,,,,,,,,,,,1,,,,,,,,,,
59089f9ee50812648e3e22f8,todon.nl,Y,15,Activist,"We do not accept fascism, right-wing populism, and right-wing and religious extremism.",,1,,,,,,,,,,,,,,,1,,,,,,,,,,,,,,,1,,,,,,,,,,
59089f9ee50812648e3e22f8,todon.nl,Y,15,Activist,"We do not accept evangelisation and other forms of religious propaganda [local only], and extreme sects and cults.",,1,,,,,,,,,,,,,,,1,,,,,,,,,,,,,,,1,,,,,,,,,,
59089f9ee50812648e3e22f8,todon.nl,Y,15,Activist,"We do not accept Marxist-Leninists, Stalinists, Maoists or other followers of extreme authoritarian (so called) communist/socialist ideologies/regimes (aka tankies).",,1,,,,,,,,,,,,,,,1,,,,,,,,,,,,,,,1,,,,,,,,,,
59089f9ee50812648e3e22f8,todon.nl,Y,15,Activist,"We do not accept capitalists, including so called 'anarcho-capitalists' (aka ancaps).",,1,,,,,,,,,,,,,,,1,,,,,,,,,,,,,,,1,,,,,,,,,,
59089f9ee50812648e3e22f8,todon.nl,Y,15,Activist,"We do not accept anthropogenic climate change denial, COVID-19 denial/downplaying, anti-vaxxers, conspiracy 'theories' and hoaxes.",,1,,,,,,,,,,,,,,,,,,,,,,1,,,,,,,,,,,,,,,,,,
59089f9ee50812648e3e22f8,todon.nl,Y,15,Activist,Another rule in our terms of service at wiki.todon.eu/todon/terms_en. Explain in the final step.,,1,,,,,,,,,,,,,,,,,,,,,,,,,,,,,,,,,,,,,,1,,
58e846688313ad45cf80422e,vulpine.club,Y,4,Identity,Minimum age: 18,,1,,,,,,,,,,,,,,,,,,,,,,,,,,,,,,,,,,1,,,,,,
58e846688313ad45cf80422e,vulpine.club,Y,4,Identity,"Use a content warning (""CW"") on pornography/sexual content, gore, graphic violence, etc",1,,,,,,,,,,,,1,,,,,,,,,,,,,,1,1,,,,,,,,,,,,,,
58e846688313ad45cf80422e,vulpine.club,Y,4,Identity,"No total smegheads (see below under ""How To Get Banned"" for more specifics)",,1,,,,,,,,,,,,,,1,,,,,,,,,,,,,,,,,,,,,,,,,,
58e846688313ad45cf80422e,vulpine.club,Y,4,Identity,"Doxxing, brigading, dogpiling, stalking, harassing, and other similar attacks against a person's right to exist without you, are explicitly prohibited",,1,,,,,1,1,,,,,,,1,,,,,,,,,,,,,,,,,,,,,,,,,,,
5aa675341a1b3f1036f3d25c,glammr.us,Y,3,Interest,"glammr.us is a space for folks interested in productive conversation about, well, galleries, libraries, archives, museums, memory work and records. ",1,,,,,,,,,,,,,1,,1,,,,,,,,,,,,,,,,,,,,,,,,,,
5aa675341a1b3f1036f3d25c,glammr.us,Y,3,Interest," We want this to be a fun, pleasant, and harassment-free experience for everyone, regardless of gender, gender identity and expression, sexual orientation, disability, physical appearance, body size, race, or religion. ",1,,,,,,,1,1,,,,,,,1,,1,,,,,,,,,,,,,,,,,,,,,,,,
5aa675341a1b3f1036f3d25c,glammr.us,Y,3,Interest,"We do not tolerate harassment of participants in any form. Participants asked to stop any harassing behavior are expected to comply immediately. If someone asks you to leave them alone, leave them alone.",,1,,1,,,,1,,,,,,,,,,,,,,,,,,,,,,,,,,,,,,,,,,
637b2ff5d94dca7f11e7b63d,artsio.com,Y,12,Interest,"No trolling, micro-aggressions, or harassment.",,1,,,,,,1,,,,,,,,,,,,,,1,,,,,,,,,,,,,,,,,,,,
637b2ff5d94dca7f11e7b63d,artsio.com,Y,12,Interest,"Tag sensitive content such as violence/blood, NSFW content, and other potentially upsetting or triggering topics, AND hide them under a Content Warning (CW).",1,,,,,,,,,,,,1,,,,,,,,,,,,,,1,,,,,,,,,,,,,,,
637b2ff5d94dca7f11e7b63d,artsio.com,Y,12,Interest,"The following content will be removed and will result in revocation of access to the service: sexual depictions of minors (this includes loli), content illegal in Germany and/or France, such as holocaust denial or Nazi symbolism, conduct promoting the ideology of National Socialism.",,1,,,,,,,1,,,,,,,,,,,,,,,,,,,,,,,,,,,,,,,,,
637b2ff5d94dca7f11e7b63d,artsio.com,Y,12,Interest,"The following content will be removed and may result in account suspension: racism, sexism, discrimination against gender and sexual minorities, ableism, xenophobia and/or violent nationalism, or the advocation of all of the above.",,1,,,,,,,1,,,,,,,,,1,,,,,,,,,,,,,,,,,,,,,,,,
637b2ff5d94dca7f11e7b63d,artsio.com,Y,12,Interest,"Conduct intended to stalk or harass users, impede users from using the service, degrade the performance of the service, or incite others to perform any of the aforementioned actions, is disallowed.",1,,,,,,,1,,,,,,,,,,,,,,,,,,,,,,,1,,,,,,,,,,,
637b2ff5d94dca7f11e7b63d,artsio.com,Y,12,Interest,No reposting other people's work without credit and analysis/opinion.,,1,,,,1,,,,,,,,,,,,,,,,,,,,,,,,,,,,,,,,,,,,
637b2ff5d94dca7f11e7b63d,artsio.com,Y,12,Interest,No spam and/or unapproved bots.,,1,,,,,,,,,,1,,,,,,,,1,,,,,,,,,,,,,1,,,,,,,,,
637b2ff5d94dca7f11e7b63d,artsio.com,Y,12,Interest,"No racism, sexism, homophobia, transphobia, xenophobia, or casteism",,1,,,,,,,1,,,,,,,,,1,,,,,,,,,,,,,,,,,,,,,,,,
637b2ff5d94dca7f11e7b63d,artsio.com,Y,12,Interest,Do not share false or misleading information that may lead to physical harm,,1,,,,,,,,,,,,,,,,,,,,,,1,,,,,,,,,,,,,,,,,,
637b2ff5d94dca7f11e7b63d,artsio.com,Y,12,Interest,No NFT content. Please post those on crypto-related instances on the fediverse.,,1,,,,,,,,,,,,,,,,,,,,,,,,,,,,,,,,,,,,1,,,,
637b2ff5d94dca7f11e7b63d,artsio.com,Y,12,Interest,Human art only. If your animal friends can make art then that's ok; but please no AI art.,1,,,,,,,,,,,,,,,,,,,,,,,,,,,,,,,,,,,,,,1,,,
637b2ff5d94dca7f11e7b63d,artsio.com,Y,12,Interest,No flooding the public timelines (making lots of public posts in quick succession).,,1,,,,,,,,,,,,,,,,,,1,,,,,,,,,,,,,,,,,,,,,,
637b2dc1d94dca7f11e7ad4a,mastodon.content.town,Y,6,Interest,"Be kind to each other.
",1,,,,,,,,,,,,,,,1,,,,,,,,,,,,,,,,,,,,,,,,,,
637b2dc1d94dca7f11e7ad4a,mastodon.content.town,Y,6,Interest,Be judicial in what you post.,1,,,,,,,,,,,,,,,1,,,,,,,,,,,,,,,,,,,,,,,,,,
637b2dc1d94dca7f11e7ad4a,mastodon.content.town,Y,6,Interest,"Please don’t post stuff that shows disturbing content (violence, bodliy harm, cruelty, etc) without using the content warning features. Err on the side of caution.",,1,,,,,,,,,,,1,,,,,,,,,,,,,,1,,,,,,,,,,,,,,,
637b2dc1d94dca7f11e7ad4a,mastodon.content.town,Y,6,Interest,"Avoid mansplaining. While you may be an expert on a topic in your friend circles, it's likely that there's someone here who you could learn a lot from. Mansplaining shuts down those opportunities to learn.",1,,,,,,,1,,,,,,,,1,,,,,,,,,,,,,,,,,,,,,,,,,,
637b2dc1d94dca7f11e7ad4a,mastodon.content.town,Y,6,Interest,"Please set a user icon. It can be anything you want, as long as it isn't the Mastodon default image. ",1,,1,,,,,,,1,,,,,,,,,,,,,,,,,,,,,,,,,,,,,,,,
637b2dc1d94dca7f11e7ad4a,mastodon.content.town,Y,6,Interest,Avoid behavior that forces us to create new rules.,,1,1,1,,,,,,,,,,,,,,,,,,,,,,,,,,,,,,,,,,,,,,
637b31d8d94dca7f11e7bdab,mastodon.energy,Y,3,Interest,Be Nice,1,,,,,,,,,,,,,,,1,,,,,,,,,,,,,,,,,,,,,,,,,,
637b31d8d94dca7f11e7bdab,mastodon.energy,Y,3,Interest,Tell the Truth,1,,,,,,,,,,,,,,,1,,,,,,,,,,,,,,,,,,,,,,,,,,
637b31d8d94dca7f11e7bdab,mastodon.energy,Y,3,Interest,Be Ethical,1,,,,,,,,,,,,,,,1,,,,,,,,,,,,,,,,,,,,,,,,,,
5cd7c18dcbe5a27a5f514e83,romancelandia.club,Y,5,Interest,People registering and maintaining accounts at Romancelandia.Club agree to these rules as the starting point for conduct guidance. You are also agreeing to review and abide by the full code of conduct (below).,,,,,,,,,,,,,,,,,,,,,,,,,,,,,,,,,,,,,,,,1,,1
5cd7c18dcbe5a27a5f514e83,romancelandia.club,Y,5,Interest,"No person registering a Romancelandia.Club account shall use the account for harassment, threats, or intimidation, nor to compromise the safety, privacy, or well-being of any other person on this or any other instance.",,1,,,,,,1,,,,,,,,,,,,,,,1,,,,,,,,,,,,,,1,,,,,1
5cd7c18dcbe5a27a5f514e83,romancelandia.club,Y,5,Interest,"No person shall engage in behavior disruptive to the ongoing communication among others; if you are asked to cease an interaction or contact, publicly or personally, you will do so.",,1,,1,,,,1,,,,,,,,,,,,,,,,,,,,,,,,,,,,,,,,,,
5cd7c18dcbe5a27a5f514e83,romancelandia.club,Y,5,Interest,"The following are not permitted anywhere on Romancelandia.Club: Holocaust denial and Nazi symbolism; promotion of fascist, supremacist, violent or hateful ideology or symbolism, including in choice of user name or avatar; willful mis/disinformation that may harm others.",,1,,,,,,,1,,,,,,,,,1,,,,,,1,,,,,,,,,,,,,,,,,,
5cd7c18dcbe5a27a5f514e83,romancelandia.club,Y,5,Interest,"If a participant engages in behavior that contravenes these rules, the admins may take any action they deem appropriate, up to and including deletion of an account from Romancelandia.Club and identifying the participant publicly as someone about whom we've received complaints.",,,,1,,,,,,,,,,,,,,,,,,,,,,,,,,,,,,,,,,,,,,
63690d3980bb3f03b435a31b,famichiki.jp,Y,4,Regional,"We unconditionally do not tolerate oppressive behaviour against anyone, regardless of race, colour, sex, sexual orientation, gender, language, religion, or other status. ",,1,,,,,,,1,,,,,,,,,1,,,,,,,,,,,,,,,,,,,,,,,,
63690d3980bb3f03b435a31b,famichiki.jp,Y,4,Regional,NSFW content is OK. But be sure to use Content Warnings when posting such content.,1,,,,,,,,,1,,,1,,,,,,,,,,,,,,1,,,,,,,,,,,,,,,
63690d3980bb3f03b435a31b,famichiki.jp,Y,4,Regional,No excessive advertising. It's OK to promote what you're working on. Share cool stores you found and companies you work for or with. Do not shill MLM/NFT/Crypto.,,1,,,1,,,,,,,,,,,,,,,1,,,,,,,,,,,,,,,,,,,,,,
63690d3980bb3f03b435a31b,famichiki.jp,Y,4,Regional,"Be mindful with the amount of media that you upload. This is a community ran Mastodon, not Flickr. There's no hard limits, please use common sense.",1,,,,,,,,,1,,,,,,,,,,,,,,,,,,,,,1,,,,,,,,,,,
637b3197d94dca7f11e7bcb4,eightpoint.app,Y,10,General,"No alt-right ideologies or sympathizing for said ideologies.
",,1,,,,,,,1,,,,,,,,1,,,,,,,,,,,,,,,,,,,,,,,,,
637b3197d94dca7f11e7bcb4,eightpoint.app,Y,10,General,No promotion of authoritarianism.,,1,,,,,,,,,,,,,,,1,,,,,,,,,,,,,,,,,,,,,,,,,
637b3197d94dca7f11e7bcb4,eightpoint.app,Y,10,General,"No recreational shit-talking for no good reason.

See also: https://cohost.org/shel/post/29079-lashon-hara-direct",,1,,,,,,,,,,,,,,,,,,,,1,,,,,,,,,,,,,,,,,,,,
637b3197d94dca7f11e7bcb4,eightpoint.app,Y,10,General,Spoiler and warn NSFW images.,1,,,,,,,,,,,,1,,,,,,,,1,,,,,,1,,,,,,,,,,,,,,,
637b3197d94dca7f11e7bcb4,eightpoint.app,Y,10,General,Just dont be an asshole.,,1,,,,,,,,,,,,,,1,,,,,,,,,,,,,,,,,,,,,,,,,,
637b3197d94dca7f11e7bcb4,eightpoint.app,Y,10,General,Porn and smut are definitely allowed here. Go nuts. Post nuts.,1,,1,,,,,,,1,,,1,,,,,,,,,,,,,,,,,,,,,,,,,,,,,
637b3197d94dca7f11e7bcb4,eightpoint.app,Y,10,General,18 and older only please if you are found to be breaking this rule you will be removed,,1,,1,,,,,,,,,,,,,,,,,,,,,,1,,,,,,,,,,1,,,,,,
637b3197d94dca7f11e7bcb4,eightpoint.app,Y,10,General,No bigoted behavior of any kind is tolerated.,,1,,1,,,,,1,,,,,,,1,,,,,,,,,,,,,,,,,,,,,,,,,,
637b3197d94dca7f11e7bcb4,eightpoint.app,Y,10,General,"No illegal content, yes this includes lolicon. ",,1,,,,,,,,,,,1,,,,,,,,,,,,1,1,,,,,,,,,,,,,,,,
637b3197d94dca7f11e7bcb4,eightpoint.app,Y,10,General,Respect people's boundaries. Ensure that your flirtations are welcome *before* you send them. Asking explicitly for consent is best.,1,,,,,,,1,,,,,,,,,,,,,,,,,,,,,,,,,,,,,,,,,,
5ab24368056e5f65f16961cf,kinkyelephant.com,Y,5,Identity,Don't be a dick. Being nice to each other is the most important rule of this instance.,,1,,,,,,,,,,,,,,1,,,,,,,,,,,,,,,,,,,,,,,,,,
5ab24368056e5f65f16961cf,kinkyelephant.com,Y,5,Identity,Don't post stuff you don't have the rights to without permission. This is a creator-friendly instance.,,1,,,,1,,,,,,,,,,,,,,,,,,,,,,,,,,,,,,,,,,,,
5ab24368056e5f65f16961cf,kinkyelephant.com,Y,5,Identity,"Hywel is running this instance out of his own pocket for BDSM models, producers and fans. If you don't like the way this instance is run, start your own. That's what Mastodon is for :-)",,,,,,,,,,,,,,,,,,,,,,,,,,,,,,,1,,,,,,,,,,,
5ab24368056e5f65f16961cf,kinkyelephant.com,Y,5,Identity,"If you post illegal stuff, you're out. ",,1,,1,,,,,,,,,,,,,,,,,,,,,1,,,,,,,,,,,,,,,,,
5ab24368056e5f65f16961cf,kinkyelephant.com,Y,5,Identity,"Please mark ""Not Safe For Work"" (NSFW) content with the eye button for images AND the CW button for text. It is important to DO BOTH for every post so vanilla users on other instances know what they are getting.",1,,,,,,,,,1,,,1,,,,,,,,,,,,,,1,,,,,,,,,,,,,,,
636c155e80bb3f03b435a429,bbq.snoot.com,Y,5,Interest,Sexually explicit or violent media must be marked as sensitive when posting,1,,,,,,,,,,,,1,,,,,,,,,,,,,,1,1,,,,,,,,,,,,,,
636c155e80bb3f03b435a429,bbq.snoot.com,Y,5,Interest,"No racism, sexism, homophobia, transphobia, xenophobia, ageism, or casteism",,1,,,,,,,1,,,,,,,,,1,,,,,,,,,,,,,,,,,,,,,,,,
636c155e80bb3f03b435a429,bbq.snoot.com,Y,5,Interest,No incitement of violence or promotion of violent ideologies,,1,,,,,,,,,,,,,,,,,,,,,1,,,,,,,,,,,,,,,,,,,
636c155e80bb3f03b435a429,bbq.snoot.com,Y,5,Interest,"No harassment, dogpiling or doxxing of other users",,1,,,,,1,1,,,,,,,1,,,,,,,,,,,,,,,,,,,,,,,,,,,
636c155e80bb3f03b435a429,bbq.snoot.com,Y,5,Interest,"Do not share intentionally false or misleading information (unless it's a clear joke, but you're walking on thin ice and the admins will decide if you plummet to a suspension)",,1,,1,,,,,,,,,,,,,,,,,,,,1,,,,,,1,,,,,,,,,,,,
637b2f7fd94dca7f11e7b43d,cryptodon.lol,Y,3,Interest,DO NOT POST ANYTHING THAT IS ILLEGAL in the US or the EU.,,1,,,,,,,,,,,,,,,,,,,,,,,1,,,,,,,,,,,,,,,,,
637b2f7fd94dca7f11e7b43d,cryptodon.lol,Y,3,Interest,You may be asked to transition your account off the server if your content threatens the visibility of others in the community (eg through other servers threatening to remove our federation).,1,,,1,,,,,,,,,,,,,,,,,,,,,,,,,,,1,,,,,,,,,,,
637b2f7fd94dca7f11e7b43d,cryptodon.lol,Y,3,Interest,Be nice to each other; there's enough maximalism on Twitter!,1,,,,,,,,,,,,,,,1,,,,,,,,,,,,,,,,,,,,,,,,,,
637b2cddd94dca7f11e7a9c8,babka.social,Y,8,Identity,No hate speech of any kind,,1,,,,,,,1,,,,,,,,,,,,,,,,,,,,,,,,,,,,,,,,,
637b2cddd94dca7f11e7a9c8,babka.social,Y,8,Identity,"No spiritual bullying, or Jewish gatekeeping. No supersession or supremacy",,1,,,,,,,1,,,,,,,,,,,,,,,,,,,,,,,,,,,,,,,,,
637b2cddd94dca7f11e7a9c8,babka.social,Y,8,Identity,"No incitement of violence or promotion of violence, including violent images",,1,,,,,,,,,,,,,,,,,,,,,1,,,,,,,,,,,,,,,,,,,
637b2cddd94dca7f11e7a9c8,babka.social,Y,8,Identity,No spread of harmful misinformation,,1,,,,,,,,,,,,,,,,,,,,,,1,,,,,,,,,,,,,,,,,,
637b2cddd94dca7f11e7a9c8,babka.social,Y,8,Identity,Nudity or violent media must be marked as sensitive when posting,,1,,,,,,,,,,,1,,,,,,,,,,,,,,1,1,,,,,,,,,,,,,,
637b2cddd94dca7f11e7a9c8,babka.social,Y,8,Identity,No spam or unsolicited advertising,,1,,,1,,,,,,,,,,,,,,,1,,,,,,,,,,,,,,,,,,,,,,
637b2cddd94dca7f11e7a9c8,babka.social,Y,8,Identity,"No harassment, including dogpiling, or doxxing
",,1,,,,,1,1,,,,,,,1,,,,,,,,,,,,,,,,,,,,,,,,,,,
637b2cddd94dca7f11e7a9c8,babka.social,Y,8,Identity,No illegal content,,1,,,,,,,,,,,,,,,,,,,,,,,1,,,,,,,,,,,,,,,,,
58ea81c4dcd4660abedbf015,functional.cafe,Y,8,Interest,Be kind to each other.,1,,,,,,,,,,,,,,,1,,,,,,,,,,,,,,,,,,,,,,,,,,
58ea81c4dcd4660abedbf015,functional.cafe,Y,8,Interest,Sexually explicit or violent media must be marked as sensitive when posting.,1,,,,,,,,,,,,1,,,,,,,,,,,,,,1,1,,,,,,,,,,,,,,
58ea81c4dcd4660abedbf015,functional.cafe,Y,8,Interest,No spam or advertising.,,1,,,1,,,,,,,,,,,,,,,1,,,,,,,,,,,,,,,,,,,,,,
58ea81c4dcd4660abedbf015,functional.cafe,Y,8,Interest,"No racism, sexism, homophobia, transphobia, xenophobia, or casteism.",,1,,,,,,,1,,,,,,,,,1,,,,,,,,,,,,,,,,,,,,,,,,
58ea81c4dcd4660abedbf015,functional.cafe,Y,8,Interest,No incitement of violence or promotion of violent ideologies.,,1,,,,,,,,,,,,,,,,,,,,,1,,,,,,,,,,,,,,,,,,,
58ea81c4dcd4660abedbf015,functional.cafe,Y,8,Interest,"No harassment, dogpiling or doxxing of other users on any instance.",,1,,,,,1,1,,,,,,,1,,,,,,,,,,,,,,,,,,,,,,,,,,,
58ea81c4dcd4660abedbf015,functional.cafe,Y,8,Interest,No illegal content.,,1,,,,,,,,,,,,,,,,,,,,,,,1,,,,,,,,,,,,,,,,,
58ea81c4dcd4660abedbf015,functional.cafe,Y,8,Interest,No spreading of fake news or misinformation.,,1,,,,,,,,,,,,,,,,,,,,,,1,,,,,,,,,,,,,,,,,,
6365c8fc80bb3f03b435a275,pawb.fun,Y,15,Identity,Rule #1 – No illegal content or conduct. Content or conduct that is illegal in the United States is strictly prohibited.,,1,,1,,,,,,,,,,,,,,,,,,,,,1,,,,,,,,,,,,,,,,,
6365c8fc80bb3f03b435a275,pawb.fun,Y,15,Identity,"Rule #2 – Racism, sexism, homophobia, transphobia, and other discrimination is prohibited. Users who engage in such conduct are not welcome on our platform.",,1,,1,,,,,1,,,,,,,,,1,,,,,,,,,,,,,,,,,,,,,,,,
6365c8fc80bb3f03b435a275,pawb.fun,Y,15,Identity,Rule #3 – Don’t stalk or harass other users. Respect other users of our service and other federated instances.,,1,,,,,,1,,,,,,,,1,,,,,,,,,,,,,,,,,,,,,,,,,,
6365c8fc80bb3f03b435a275,pawb.fun,Y,15,Identity,"Rule #4 – Misinformation and deceptive content is prohibited. Misinformation, scams, Ponzi schemes, and other deceptive tactics have become rampant on other platforms and we don’t want to see a resurgence of it in the Fediverse.",,1,,,,,,,,,,1,,,,,,,,,,,,1,,,,,,,,,,,,,,,,,,
6365c8fc80bb3f03b435a275,pawb.fun,Y,15,Identity,"Rule #5 – Content warnings (CW) are required for NSFW content, political discussion and debate, religious promotion and debate, and drug mentions.",1,,,,,,,,,,,,1,,,,1,,,,,,,,,,1,,,,,,,,,,,,,,,
6365c8fc80bb3f03b435a275,pawb.fun,Y,15,Identity,"Rule #5.2 – Don't put polarizing, graphic, or sensitive content in the content warning (CW) description.",,1,,,,,,,,,,,,,,,,,,,,,,,,,1,,,,,,,,,,,,,,,
6365c8fc80bb3f03b435a275,pawb.fun,Y,15,Identity,"Rule #6 – Respect the service. Spam and advertising is not acceptable, but friendly automated bots are welcome.",1,1,,,1,,,,,,,,,,,1,,,,1,,,,,,,,,,,,,1,,,,,,,,,
6365c8fc80bb3f03b435a275,pawb.fun,Y,15,Identity,"Rule #7 – Use the report system. If a user or instance is breaking the rules, we recommend just reporting the content and not engaging.",1,,1,1,,,,,,,,,,,,,,,,,,,,,,,,,,,,,,,,,,,,,,
6365c8fc80bb3f03b435a275,pawb.fun,Y,15,Identity,"Rule #8.1 – Account / post language identification. We require that all posts are properly marked with the language used, which can be done at the account level through the account preferences page, or per-post by clicking the language button next to “CW” (Content Warning).",1,,,,,,,,,,,,,,,,,,,,,,,,,,,,,,,,,1,,,,,,,,
6365c8fc80bb3f03b435a275,pawb.fun,Y,15,Identity,"Rule #8.2 – Misleading or deceptive impersonation. You may not impersonate an individual, group, or organization with the intent to deceive, confuse, and exploit other users. Parody accounts should tag themselves clearly in their profile description.",,1,1,,,,,,,,,,,,,,,,,,,,,,,,,,,1,,,,,,,,,,,,
6365c8fc80bb3f03b435a275,pawb.fun,Y,15,Identity,"Rule #8.3 – Bot accounts must mark themselves as a bot and must post using “Unlisted”, “Followers only”, or “Mentioned people only”, so we can keep the local and federated timelines clear and focused on users.",1,,,,,,,,,,,,,,,,,,,,,,,,,,,,,,,,1,,,,,,,,,
6365c8fc80bb3f03b435a275,pawb.fun,Y,15,Identity,"Rule #8.4 – No brand or government-affiliated account may be registered on Pawb.Social services without prior written and publicly recorded approval, except furry fandom-operated brands and events covered by the exception in our full rules.",,1,,1,1,,,,,,,,,,,,,,,,,,,,,,,,,,,,,,,,,,,,,
6365c8fc80bb3f03b435a275,pawb.fun,Y,15,Identity,"Rule #8.5 – If you have been suspended from any Pawb.Social instance, you may not create another account on any of our services.",,1,,1,,,,,,,,,,,,,,,,,,,,,,,,,,,,,,,,,,,,,,
6365c8fc80bb3f03b435a275,pawb.fun,Y,15,Identity,"Rule #8.6 – All avatars and header images must not contain any content that is prohibited by any other rule in the Code of Conduct, especially content that requires a Content Warning (CW).",,1,,,,,,,,1,,,1,,,,,,,,,,,,,,,,,,,,,,,,,,,1,,
6365c8fc80bb3f03b435a275,pawb.fun,Y,15,Identity,The full Code of Conduct can be found at https://docs.google.com/document/d/1jXkulJKMWEmv-cb_jaYkG2L0sTcZeHKdcqwImNkf6Ko – Some rules and wording listed here have been summarized for brevity.,,,,,,,,,,,,,,,,,,,,,,,,,,,,,,,,,,,,,,,,1,,
637b30ebd94dca7f11e7b9ff,front-end.social,Y,9,Interest,No racism/white supremacy,,1,,,,,,,1,,,,,,,,,1,,,,,,,,,,,,,,,,,,,,,,,,
637b30ebd94dca7f11e7b9ff,front-end.social,Y,9,Interest,No sexism,,1,,,,,,,1,,,,,,,,,1,,,,,,,,,,,,,,,,,,,,,,,,
637b30ebd94dca7f11e7b9ff,front-end.social,Y,9,Interest,No ableism,,1,,,,,,,1,,,,,,,,,1,,,,,,,,,,,,,,,,,,,,,,,,
637b30ebd94dca7f11e7b9ff,front-end.social,Y,9,Interest,"No queer/trans-phobia (no 'gender critical' shit, dead-naming, misgendering, etc)",,1,,,,,,,1,,,,,,,,,1,,,,,,,,,,,,,,,,,,,,,,,,
637b30ebd94dca7f11e7b9ff,front-end.social,Y,9,Interest,No fascism or nationalism,,1,,,,,,,,,,,,,,,,1,,,,,,,,,,,,,,1,,,,,,,,,,
637b30ebd94dca7f11e7b9ff,front-end.social,Y,9,Interest,No violence or harassment,,1,,,,,,1,,,,,,,,,,,,,,,1,,,,,,,,,,,,,,,,,,,
637b30ebd94dca7f11e7b9ff,front-end.social,Y,9,Interest,No spam,,1,,,,,,,,,,,,,,,,,,1,,,,,,,,,,,,,,,,,,,,,,
637b30ebd94dca7f11e7b9ff,front-end.social,Y,9,Interest,Be good to each other,1,,,,,,,,,,,,,,,1,,,,,,,,,,,,,,,,,,,,,,1,,,,
637b30ebd94dca7f11e7b9ff,front-end.social,Y,9,Interest,No crypto,,1,,,,,,,,,,,,,,,,,,,,,,,,,,,,,,,,,,,,,,,,
636c065980bb3f03b435a427,masto.nyc,Y,8,Regional,This instance is meant only for people (or businesses) local to the greater NYC area.,1,,,,,,,,,,,,,1,,,,,,,,,,,,,,,,,,,,,,,,,,,,
636c065980bb3f03b435a427,masto.nyc,Y,8,Regional,Sexually explicit or violent media must be marked as sensitive when posting,1,,,,,,,,,1,,,1,,,,,,,,,,,,,,1,,,,,,,,,,,,,,,
636c065980bb3f03b435a427,masto.nyc,Y,8,Regional,"No racism, sexism, homophobia, transphobia, xenophobia, or casteism",,1,,,,,,,1,,,,,,,,,1,,,,,,,,,,,,,,,,,,,,,,,,
636c065980bb3f03b435a427,masto.nyc,Y,8,Regional,No incitement of violence or promotion of violent ideologies,,1,,,,,,,,,,,,,,,,,,,,,1,,,,,,,,,,,,,,,,,,,
636c065980bb3f03b435a427,masto.nyc,Y,8,Regional,"No harassment, dogpiling or doxxing of other users",,1,,,,,1,1,,,,,,,1,,,,,,,,,,,,,,,,,,,,,,,,,,,
636c065980bb3f03b435a427,masto.nyc,Y,8,Regional,No content illegal in New York,,1,,,,,,,,,,,,,,,,,,,,,,,1,,,,,,,,,,,,,,,,,
636c065980bb3f03b435a427,masto.nyc,Y,8,Regional,Do not share intentionally false or misleading information,,1,,,,,,,,,,,,,,,,,,,,,,1,,,,,,,,,,,,,,,,,,
636c065980bb3f03b435a427,masto.nyc,Y,8,Regional,"No spam. While this server is growing, expect this rule to be applied subjectively.",,1,,1,,,,,,,,,,,,,,,,1,,,,,,,,,,,,,,,,,,,,,,
5cb74534d8bf0e50d9f596a2,mograph.social,Y,11,Interest,Be respectful of one another.,1,,,,,,,,,,,,,,,1,,,,,,,,,,,,,,,,,,,,,,,,,,
5cb74534d8bf0e50d9f596a2,mograph.social,Y,11,Interest,"Hate speech, racism, sexism, homophobia, transphobia, ableism,  fatmisia, xenophobia and/or violent nationalism, or the advocation of all of the above will not be tolerated and any account engaging in such acts will be suspended immediately.",,1,,1,,,,,1,,,,,,,,,1,,,,,,,,,,,,,,,,,,,,,,,,
5cb74534d8bf0e50d9f596a2,mograph.social,Y,11,Interest,"No content that includes sexual depictions of minors (this includes loli), content illegal in Germany and/or France, such as holocaust denial or Nazi symbolism, conduct promoting the ideology of National Socialism.",,1,,,,,,,1,,,,,,,,,,,,,,,,1,1,,,,,,,,,,,,,,,,
5cb74534d8bf0e50d9f596a2,mograph.social,Y,11,Interest,We don't allow any illegal activity in the EU (and/or any link to that).,,1,,,,,,,,,1,,,,,,,,,,,,,,1,,,,,,,,,,,,,,,,,
5cb74534d8bf0e50d9f596a2,mograph.social,Y,11,Interest,"No harassment, dogpiling or doxxing of other users.",,1,,,,,1,1,,,,,,,1,,,,,,,,,,,,,,,,,,,,,,,,,,,
5cb74534d8bf0e50d9f596a2,mograph.social,Y,11,Interest,No explicit (NSFW) content without content warnings and/or sensitive media markers. Explicit content must not be used in user avatars or header images.,,1,,,,,,,,1,,,1,,,,,,,,,,,,,,1,,,,,,,,,,,,,,,
5cb74534d8bf0e50d9f596a2,mograph.social,Y,11,Interest,"No NFT content, DAO, web3 promotion or any kind of cryptobros content. There are more suitable instances available for this type of content and communities.",,1,,,,,,,,,,,,,,,,,,,,,,,,,,,,,,,,,,,,1,,,,
5cb74534d8bf0e50d9f596a2,mograph.social,Y,11,Interest,No registrations of famous trademarks or username squatting (impersonification of famous personalities).,,1,,,,1,,,,,,,,,,,,,,,,,,,,,,,,1,,,,,,,,,,,,
5cb74534d8bf0e50d9f596a2,mograph.social,Y,11,Interest,No spamming and/or 4chan style memes.,,1,,,,,,,,,,1,,,,,,,,1,,,,,,,,,,,,,,,,,,,,,,
5cb74534d8bf0e50d9f596a2,mograph.social,Y,11,Interest,No advertising unless it is strictly sef-promotion (see Code of Conduct for more details).,,1,,,1,,,,,,,,,,,,,,,,,,,,,,,,,,,,,,,,,,,1,,
5cb74534d8bf0e50d9f596a2,mograph.social,Y,11,Interest,"No users under 16 years of age, as per EU and EEA jurisdiction regulations (GDPR).",,1,,,,,,,,,,,,,,,,,,,,,,,1,,,,,,,,,,,1,,,,,,
5c5ce951049d8c7e85db33f8,thicc.horse,Y,11,Identity,"Act in good faith.
",1,,,,,,,,,,,,,,,1,,,,,,,,,,,,,,,,,,,,,,,,,,
5c5ce951049d8c7e85db33f8,thicc.horse,Y,11,Identity,Treat others as they would like to be treated.,1,,,,,,,,,,,,,,,1,,,,,,,,,,,,,,,,,,,,,,,,,,
5c5ce951049d8c7e85db33f8,thicc.horse,Y,11,Identity,"Sexual, adult, and graphic content must be CW'ed",1,,,,,,,,,1,,,1,,,,,,,,,,,,,,1,,,,,,,,,,,,,,,
5c5ce951049d8c7e85db33f8,thicc.horse,Y,11,Identity,No Minors. No accounts impersonating minors. No sexualized content of minors.,,1,,,,,,,,,,,,,,,,,,,,,,,,1,,,,1,,,,,,1,,,,,,
5c5ce951049d8c7e85db33f8,thicc.horse,Y,11,Identity,"No cops, law enforcement, or ICE on Thicc.Horse",,1,,,,,,,,,,,,,,,,,,,,,,,,,,,,,,1,,,,,,,,,,
5c5ce951049d8c7e85db33f8,thicc.horse,Y,11,Identity,"No Racism, Bigotry, transphobia, body shaming, kink shaming.",,1,,,,,,,1,,,,,,,,,1,,,,,,,,,,,,,,1,,,,,,,,,,
5c5ce951049d8c7e85db33f8,thicc.horse,Y,11,Identity,No explicit profile photos or profile backgrounds.,,1,,,,,,,,1,,,1,,,,,,,,,,,,,,,,,,,,,,,,,,,,,
5c5ce951049d8c7e85db33f8,thicc.horse,Y,11,Identity,No accounts created directly to impersonate real people.,,1,,,,,,,,,,,,,,,,,,,,,,,,,,,,1,,,,,,,,,,,,
5c5ce951049d8c7e85db33f8,thicc.horse,Y,11,Identity,"No distribution/posting illegal content that breaks US Law.

This includes but is not limited to revenge porn, stolen content, CSAM, or any content that depicts real non-consensual sex.",,1,,,,,,,,,,,1,,,,,,,,,,,,1,1,,,,,,,,,,,,,,,,
5c5ce951049d8c7e85db33f8,thicc.horse,Y,11,Identity,"No timeline flooding.

This includes but is not limited to: Bulk advertisement, automated posting, any intentional method to make the timeline unreadable to others.",,1,,,,,,,,,,,,,,,,,,1,,,,,,,,,,,1,,1,,,,,,,,,
5c5ce951049d8c7e85db33f8,thicc.horse,Y,11,Identity,"No intentional actions to gain unauthorized access or harm Thicc.Horse.

Inappropriately Accessing, Destroying, Copying, or Damaging resources. ",,1,,,,,,,,,,,,,,,,,,,,,,,,,,,,,1,,,,,,,,,,,
637b272dad72ace2dcf17be1,cubhub.social,Y,19,Identity,No minors. This is an adult instance and minors are not allowed. You must be 18+ to join and interact.,,1,,,,,,,,,,,,,,,,,,,,,,,,,,,,,,,,,,1,,,,,,
637b272dad72ace2dcf17be1,cubhub.social,Y,19,Identity,"No harassment. Do not call out or harass a member of this or any Mastodon instance. To that end, if an issue arises with another Fediverse user, please contact the moderation staff directly.",,1,,1,,,,1,,,,,,,,,,,,,,,,,,,,,,,,,,,,,,,,,,
637b272dad72ace2dcf17be1,cubhub.social,Y,19,Identity,"Use content warnings (CW's) for your posts when appropriate. If discussing topics such as politics, current events, mental health, sex and sexuality, or other subjects users may find objectionable or triggering, you must content warn it and tag it appropriately.",1,,,,,,,,,,,,1,,,,,,,,,,,,,,1,,,,,,,,,,,,,,,
637b272dad72ace2dcf17be1,cubhub.social,Y,19,Identity,"Use content warnings (CW's) for your pictures when appropriate. Any pictures that include nudity, yiff, heavy kink, erections under clothes, drug use, or objectionable/triggering material must be tagged with a content warning. Leaking/messy diapers must be CW'd, clean/soggy diapers do not.",1,,,,,,,,,1,,,1,,,,,,,,,,,,,,1,,,,,,,,,,,,,,,
637b272dad72ace2dcf17be1,cubhub.social,Y,19,Identity,"Use content warnings (CWs) for all story posts. As CubHub has a 100k character limit, stories can be posted inline within posts. Please use content warnings for all story posts even if it's SFW. This is just so people can know what to expect from your story before reading!",1,,,,,,,,,,,,1,,,,,,,,,,,,,,1,,,,,,,,,,,,,,,
637b272dad72ace2dcf17be1,cubhub.social,Y,19,Identity,"No NSFW banners or avatars. Banners and avatars that display nudity, yiff, erections under clothing, or other sexual material, or themes users may find objectionable are not allowed. If you could have it on a badge or dress that way at a convention, it can be in your avatar/banner.",,1,,,,,,,,,,,1,,,,,,,,,,,,,,,,,,,,,,,,,,,,,
637b272dad72ace2dcf17be1,cubhub.social,Y,19,Identity,No cub/child porn. No porn depicting any underage character in a sexual situation or in the presence of one is allowed. Cub/child nudity with exposed genitalia is similarly not allowed.,,1,,,,,,,,,,,1,,,,,,,,,,,,1,1,,,,,,,,,,,,,,,,
637b272dad72ace2dcf17be1,cubhub.social,Y,19,Identity,No zoophilia. Do not post art depicting any animal in a sexual situation. Quadruped characters with full human mental faculties are fine.,,1,1,,,,,,,,,,,,,,,,,,,,,,1,,,,1,,,,,,,,,,,,,
637b272dad72ace2dcf17be1,cubhub.social,Y,19,Identity,"No illegal content. Do not post copyrighted material without permission that doesn't qualify for fair use, or other content that would be deemed illegal for our server to host within the jurisdiction of the United States.",,1,,,,1,,,,,,,,,,,,,,,,,,,1,,,,,,,,,,,,,,,,,
637b272dad72ace2dcf17be1,cubhub.social,Y,19,Identity,"Artwork posted must be yours or have consent from the original artist. If you post the artwork of another artist, you must have their consent for it to be posted and you must include credit to the artist who drew it. If using stickers, the credit can be included in the image description",1,,1,,,1,,,,,,,,,,,,,,,,,,,,,,,,,,,,,,,,,,,,
637b272dad72ace2dcf17be1,cubhub.social,Y,19,Identity,"Extreme kink is not allowed on public timelines. Any art or photography depicting extreme kinks such as scat, knife-play, blood, vomit, needles, etc must be restricted to followers-only, unlisted, or direct messages and must be properly CW'd. This includes the insides of messy diapers.",,1,,,,,,,,1,,,1,,,,,,,,,,,,,,1,,,,,,,,,,,,,,,
637b272dad72ace2dcf17be1,cubhub.social,Y,19,Identity,"No hate speech. Anything racist, homophobic, transphobic, anti-semitic, Islamaphobic, or other forms of hate speech or hate symbols will result in an immediate ban. This includes Blue Lives Matter or other pro-fascism imagery.",,1,,1,,,,,1,,,,,,,,1,1,,,,,,,,,,,,,,,,,,,,,,,,
637b272dad72ace2dcf17be1,cubhub.social,Y,19,Identity,"No disinformation. Do not spread disinformation about elections, current events, COVID-19, 5G, vaccines, etc.",,1,,,,,,,,,,,,,,,1,,,,,,,1,,,,,,,,,,,,,,,,,,
637b272dad72ace2dcf17be1,cubhub.social,Y,19,Identity,"No spam. While advertising yourself is allowed, please do not repeatedly spam advertisements for your services or commissions.",,1,,,1,,,,,,,,,,,,,,,1,,,,,,,,,,,,,,,,,,,,,,
637b272dad72ace2dcf17be1,cubhub.social,Y,19,Identity,"No Crypto or NFT advertisements. Any sale or promotion of the sale of cryptocurrencies or NFTs are entirely banned, do not post or boost them.",,1,,,1,,,,,,,,,,,,,,,,,,,,,,,,,,,,,,,,,1,,,,
637b272dad72ace2dcf17be1,cubhub.social,Y,19,Identity,Bots have limitations. All bots must be labeled as such and have minimal impact on server performance.,1,,,,,,,,,,,,,,,,,,,,,,,,,,,,,,1,,1,,,,,,,,,
637b272dad72ace2dcf17be1,cubhub.social,Y,19,Identity,Parody accounts must be tagged. Any and all parody accounts must be labeled as a parody or a joke account.,1,,,,,,,,,,,,,,,,,,,,,,,,,,,,,1,,,,,,,,,,,,
637b272dad72ace2dcf17be1,cubhub.social,Y,19,Identity,"We discourage using Twitter Crossposters. We ask users not use crossposting software, as it does not add correct tagging or CWs. Any crossposting from Twitter must be CW'd as such, and accounts containing only crosspostings without any further engagement with the community will be removed.",,1,,,,,,,,,,,,,,1,,,1,,,,,,,,,,,,,,,,,,,,,,,
637b272dad72ace2dcf17be1,cubhub.social,Y,19,Identity,AI-generated content must be CW'd and include the tools used to generate it either in the CW or in the message body. Works that are entirely AI generated are generally discouraged but permitted.,1,,,,,,,,,,,,,,,,,,,,,,,,,,1,,,,,,,,,,,,1,,,
63782285057570bcb618ba3f,cloudisland.nz,Y,9,Regional,"No adult content, including nudity, pornography, sexually explicit content, gore, or extremely graphic violence, including artistic depictions.",,1,,,,,,,,1,,,1,,,,,,,,,,,,,,1,,,,,,,,,,,,,,,
63782285057570bcb618ba3f,cloudisland.nz,Y,9,Regional,"No racism, sexism, casteism, ableism, anti-semitism, islamophobia, or the advocation thereof,",,1,,,,,,,1,,,,,,,,,1,,,,,,,,,,,,,,,,,,,,,,,,
63782285057570bcb618ba3f,cloudisland.nz,Y,9,Regional,"No distribution of content harmful to the public good, such as antivaxx or climate denial.",,1,,,,,,,,,,,,,,,,,,,,,,1,,,,,,,,,,,,,,,,,,
63782285057570bcb618ba3f,cloudisland.nz,Y,9,Regional,"No discrimination against gender or sexual minorities, or the advocation thereof.",,1,,,,,,,1,,,,,,,,,,,,,,,,,,,,,,,,,,,,,,,,,
63782285057570bcb618ba3f,cloudisland.nz,Y,9,Regional,"No xenophobic or nationalist content, including nationalistic symbolism and perpetuating nationalistic disinformation",,1,,,,,,,1,,,,,,,,,,,,,,,,,,,,,,,,,,,,,,,,,
63782285057570bcb618ba3f,cloudisland.nz,Y,9,Regional,"No content that is objectionable, per the Films, Videos, and Publications Classification Act (1993).",,1,,,,,,,,,,,,,,,,,,,,,,,1,,,,,,,,,,,,,,,,,
63782285057570bcb618ba3f,cloudisland.nz,Y,9,Regional,No harassment (See full Code of Conduct),,1,,,,,,1,,,,,,,,,,,,,,,,,,,,,,,,,,,,,,,,1,,
63782285057570bcb618ba3f,cloudisland.nz,Y,9,Regional,No content that is in breach of Aotearoa New Zealand court-mandated suppression orders.,,1,,,,,,,,,,,,,,,,,,,,,,,1,,,,,,,,,,,,,,,,,
63782285057570bcb618ba3f,cloudisland.nz,Y,9,Regional,No misinformation,,1,,,,,,,,,,,,,,,,,,,,,,1,,,,,,,,,,,,,,,,,,
637b3175d94dca7f11e7bc30,mefi.social,Y,9,Interest,Sexually explicit or violent media must be marked as sensitive when posting.,1,,,,,,,,,,,,1,,,,,,,,,,,,,,1,1,,,,,,,,,,,,,,
637b3175d94dca7f11e7bc30,mefi.social,Y,9,Interest,"No harassment, dogpiling or doxxing of other users.",,1,,,,,1,1,,,,,,,1,,,,,,,,,,,,,,,,,,,,,,,,,,,
637b3175d94dca7f11e7bc30,mefi.social,Y,9,Interest,Don't be a dick.,,1,,,,,,,,,,,,,,1,,,,,,,,,,,,,,,,,,,,,,,,,,
637b3175d94dca7f11e7bc30,mefi.social,Y,9,Interest,"No sexism, no fascism, no colonialism, no white supremacy, no religious extremism, no nationalism, no racism, no homophobia, no transphobia.",,1,,,,,,,1,,,,,,,,,1,,,,,,,,,,,,,,,,,,,,,,,,
637b3175d94dca7f11e7bc30,mefi.social,Y,9,Interest,No violence: It can be okay to talk in strongly critical terms about people's words but don't cross the line into any threats of violence or wishing violence on other people.,,1,,,,,,1,,,,,,,,,,,,,,,1,,,,,,,,,,,,,,,,,,,
637b3175d94dca7f11e7bc30,mefi.social,Y,9,Interest,"No hacking: don't attack the system integrity, e.g. breaking into another user's account",,1,,,,,,,,,,,,,,,,,,,,,,,,,,,,,1,,,,,,,,,,,
637b3175d94dca7f11e7bc30,mefi.social,Y,9,Interest,No impersonation or misrepresentation: pretending to be somebody else.,,1,,,,,,,,,,,,,,,,,,,,,,,,,,,,1,,,,,,,,,,,,
637b3175d94dca7f11e7bc30,mefi.social,Y,9,Interest,Safe Space: LGTBQIA+,1,,,,,,,,1,,,,,,,,,1,,,,,,,,,,,,,,,,,,,,,,,,
637b3175d94dca7f11e7bc30,mefi.social,Y,9,Interest,"Safe Space: neurodivergent (ADHD, Autism, etc.)",1,,,,,,,,1,,,,,,,,,,,,,,,,,,,,,,,,,,,,,,,,,
637b31a4d94dca7f11e7bcdd,triangletoot.party,Y,4,Regional,Put NSFW content behind a content warning.,1,,,,,,,,,1,,,1,,,,,,,,,,,,,,1,,,,,,,,,,,,,,,
637b31a4d94dca7f11e7bcdd,triangletoot.party,Y,4,Regional,Do not spam the server with advertisements or blog spam.,,1,,,1,,,,,,,,,,,,,,,1,,,,,,,,,,,,,,,,,,,,,,
637b31a4d94dca7f11e7bcdd,triangletoot.party,Y,4,Regional,No prohibited content. See: https://triangletoot.party/about/more for a complete list.,,1,,1,,,,,,,,,,,,,,,,,,,,,,,,,,,,,,,,,,,,1,,
637b31a4d94dca7f11e7bcdd,triangletoot.party,Y,4,Regional,Don't be a jerk.,,1,,,,,,,,,,,,,,1,,,,,,,,,,,,,,,,,,,,,,,,,,
6365e0cc80bb3f03b435a279,federate.social,Y,4,General,"Posts are moderated. Our federation depends on being a trustworthy instance, obeying local jurisdictions, and prohibiting harm and abuse.",,,,1,,,,1,,,,,,,,,,,,,,,,,1,,,,,,1,,,,,,,,,,,
6365e0cc80bb3f03b435a279,federate.social,Y,4,General,Harmful and abusive speech and behaviors include the language and tactics of the white supremacy movement and its affiliations are strictly prohibited and enforced.,,1,,,,,,1,1,,,,,,,,,,,,,,,,,,,,,,,,,,,,,,,,,
6365e0cc80bb3f03b435a279,federate.social,Y,4,General,"Accounts and servers will be permanently banned for engaging in Sexual content involving minors, including artistic depictions, Gore and graphic violence, National Socialism, Nazism, Holocaust denial, Racism, Alt right, Gender-critical, Sex and gender discrimination, Transphobia, Misogyny",,1,,1,,,,,1,,,,1,,,,,,,,,,,,1,1,,,,,,,,,,,,,,,,
6365e0cc80bb3f03b435a279,federate.social,Y,4,General,No crypto. Our federation depends on inhibiting the infiltration of capitalism into the processes of re-decentralizing the internet.,,1,,,,,,,,,,,,,,,,,,,,,,,,,,,,,,1,,,,,,1,,,,
637b29c0ad72ace2dcf18710,rpvortex.online,Y,1,Interest,"This is for fun and writing only. No drama.

More to follow as necessary.",1,1,,,,,,,,,,,,,,1,,,,,,,,,,,,,,,,,,,,,,,,,,
63879f16709271d963df81ab,earthstream.social,Y,7,Activist,Sexually explicit or violent media is not allowed on this server.,,1,,,,,,,,,,,1,,,,,,,,,,,,,,,1,,,,,,,,,,,,,,
63879f16709271d963df81ab,earthstream.social,Y,7,Activist,"No racism, sexism, homophobia, transphobia, xenophobia, or casteism",,1,,,,,,,1,,,,,,,,,1,,,,,,,,,,,,,,,,,,,,,,,,
63879f16709271d963df81ab,earthstream.social,Y,7,Activist,No incitement of violence or promotion of violent ideologies,,1,,,,,,,,,,,,,,,,,,,,,1,,,,,,,,,,,,,,,,,,,
63879f16709271d963df81ab,earthstream.social,Y,7,Activist,"No harassment, dogpiling or doxxing of other users",,1,,,,,1,1,,,,,,,1,,,,,,,,,,,,,,,,,,,,,,,,,,,
63879f16709271d963df81ab,earthstream.social,Y,7,Activist,No content illegal in Germany,,1,,,,,,,,,,,,,,,,,,,,,,,1,,,,,,,,,,,,,,,,,
63879f16709271d963df81ab,earthstream.social,Y,7,Activist,Do not share intentionally false or misleading information,,1,,,,,,,,,,,,,,,,,,,,,,1,,,,,,,,,,,,,,,,,,
63879f16709271d963df81ab,earthstream.social,Y,7,Activist,Whenever possible cite your sources,1,,,,,1,,,,,,,,,,,,,,,,,,,,,,,,,,,,,,,,,,,,
5ab1bf31056e5f65f16961cb,blimps.xyz,Y,5,Identity,You must be 18 years of age or older,,1,,,,,,,,,,,,,,,,,,,,,,,,,,,,,,,,,,1,,,,,,
5ab1bf31056e5f65f16961cb,blimps.xyz,Y,5,Identity,"No bigotry supported. We do not tolerate hate speech of any kind, including transphobia, homophobia, Islamophobia, or any other facet of one's being. ",,1,,,,,,1,1,,,,,,,,,,,,,,,,,,,,,,,,,,,,,,,,,
5ab1bf31056e5f65f16961cb,blimps.xyz,Y,5,Identity,Be respectful: Treat others with respect. Assume good faith with everything. Text has limited ability to convey intent.,1,,,,,,,,,,,,,,,1,,,,,,,,,,,,,,,,,,,,,,,,,,
5ab1bf31056e5f65f16961cb,blimps.xyz,Y,5,Identity,"NSFW content must be behind a CW, media must at least be behind 'sensitive media'.",1,,,,,,,,,1,,,1,,,,,,,,,,,,,,1,,,,,,,,,,,,,,,
5ab1bf31056e5f65f16961cb,blimps.xyz,Y,5,Identity,"Zero tolerance for attacks: Harassing other users, whether on this instance or another, is cause for immediate suspension.",,1,,1,,,,1,,,,,,,,,,,,,,,,,,,,,,,,,,,,,,,,,,
6374b0dc80bb3f03b435a623,lingo.lol,Y,6,Interest,"No racism, sexism, homophobia, transphobia, xenophobia, or casteism",,1,,,,,,,1,,,,,,,,,1,,,,,,,,,,,,,,,,,,,,,,,,
6374b0dc80bb3f03b435a623,lingo.lol,Y,6,Interest,No incitement of violence or promotion of violent ideologies,,1,,,,,,,,,,,,,,,,,,,,,1,,,,,,,,,,,,,,,,,,,
6374b0dc80bb3f03b435a623,lingo.lol,Y,6,Interest,"No harassment, dogpiling or doxxing of other users",,1,,,,,1,1,,,,,,,1,,,,,,,,,,,,,,,,,,,,,,,,,,,
6374b0dc80bb3f03b435a623,lingo.lol,Y,6,Interest,No illegal content,,1,,,,,,,,,,,,,,,,,,,,,,,1,,,,,,,,,,,,,,,,,
6374b0dc80bb3f03b435a623,lingo.lol,Y,6,Interest,Do not share intentionally false or misleading information,,1,,,,,,,,,,,,,,,,,,,,,,1,,,,,,,,,,,,,,,,,,
6374b0dc80bb3f03b435a623,lingo.lol,Y,6,Interest,Sexually explicit or violent media must be marked as sensitive when posting,1,,,,,,,,,,,,1,,,,,,,,,,,,,,1,1,,,,,,,,,,,,,,
637b2fc1d94dca7f11e7b558,masto.yttrx.com,Y,7,General,No hate of any kind,,1,,,,,,,1,,,,,,,,,,,,,,,,,,,,,,,,,,,,,,,,,
637b2fc1d94dca7f11e7b558,masto.yttrx.com,Y,7,General,No harassment of any kind,,1,,,,,,1,,,,,,,,,,,,,,,,,,,,,,,,,,,,,,,,,,
637b2fc1d94dca7f11e7b558,masto.yttrx.com,Y,7,General,"Use content warnings liberally, and always when discussing politics",1,,,,,,,,,,,,,,,,1,,,,,,,,,,1,,,,,,,,,,,,,,,
637b2fc1d94dca7f11e7b558,masto.yttrx.com,Y,7,General,No users under the age of 18,,1,,,,,,,,,,,,,,,,,,,,,,,,,,,,,,,,,,1,,,,,,
637b2fc1d94dca7f11e7b558,masto.yttrx.com,Y,7,General,No posting content illegal in the USA,,1,,,,,,,,,,,,,,,,,,,,,,,1,,,,,,,,,,,,,,,,,
637b2fc1d94dca7f11e7b558,masto.yttrx.com,Y,7,General,POC shouldn't feel pressured to use CW when discussing their personal experiences around discrimination,1,,1,,,,,,,,,,,,,,,,,,,,,,,,1,,,,,,,,,,,,,,,
637b2fc1d94dca7f11e7b558,masto.yttrx.com,Y,7,General,"People, not companies. Please don't sign up your brand/corporate account on this server.",1,,,,1,,,,,,,,,,,,,,,,,,,,,,,,,,,,,,,,,,,,,
637b30e8d94dca7f11e7b9ee,idlethumbs.social,Y,2,Interest,Be respectful of your fellow users on this instance and others,1,,,,,,,,,,,,,,,1,,,,,,,,,,,,,,,,,,,,,,,,,,
637b30e8d94dca7f11e7b9ee,idlethumbs.social,Y,2,Interest,"Feel free to promote your own projects, but accounts that are exclusively promotional (aka spammers) may be removed. ",1,,1,1,1,,,,,,,,,,,,,,,1,,,,,,,,,,,,,,,,,,,,,,
637b2684ad72ace2dcf17932,bayes.club,Y,3,Interest,Don't be mean.,,1,,,,,,,,,,,,,,1,,,,,,,,,,,,,,,,,,,,,,,,,,
637b2684ad72ace2dcf17932,bayes.club,Y,3,Interest,"Be yourself! This is not purely a Bayes place, but a place for people who practice a certain form of inference to be themselves.",1,,,,,,,,,,,,,,,1,,,,,,,,,,,,,,,,,,,,,,,,,,
637b2684ad72ace2dcf17932,bayes.club,Y,3,Interest,Do not post copyrighted material.,,1,,,,1,,,,,,,,,,,,,,,,,,,,,,,,,,,,,,,,,,,,
58e7f1bb8313ad45cf80417b,oulipo.social,Y,1,Interest,Look at and comply with our Social Contract.,1,,,,,,,,,,,,,,,,,,,,,,,,,,,,,,,,,,,,,,,1,,
637b2b3fad72ace2dcf18df1,drupal.community,Y,15,Interest,Agree to observe the Drupal Code of Conduct: https://www.drupal.org/dcoc,1,,,,,,,,,,,,,,,,,,,,,,,,,,,,,,,,,,,,,,,1,,
637b2b3fad72ace2dcf18df1,drupal.community,Y,15,Interest,No hacking.,,1,,,,,,,,,,,,,,,,,,,,,,,,,,,,,1,,,,,,,,,,,
637b2b3fad72ace2dcf18df1,drupal.community,Y,15,Interest,No violence.,,1,,,,,,,,,,,,,,,,,,,,,1,,,,,,,,,,,,,,,,,,,
637b2b3fad72ace2dcf18df1,drupal.community,Y,15,Interest,No fascism.,,1,,,,,,,1,,,,,,,,1,,,,,,,,,,,,,,,1,,,,,,,,,,
637b2b3fad72ace2dcf18df1,drupal.community,Y,15,Interest,No colonialism.,,1,,,,,,,1,,,,,,,,,,,,,,,,,,,,,,,1,,,,,,,,,,
637b2b3fad72ace2dcf18df1,drupal.community,Y,15,Interest,No white supremacy.,,1,,,,,,,1,,,,,,,,,1,,,,,,,,,,,,,,1,,,,,,,,,,
637b2b3fad72ace2dcf18df1,drupal.community,Y,15,Interest,No religious extremism.,,1,,,,,,,1,,,,,,,,,,,,,,,,,,,,,,,1,,,,,,,,,,
637b2b3fad72ace2dcf18df1,drupal.community,Y,15,Interest,No nationalism.,,1,,,,,,,1,,,,,,,,,,,,,,,,,,,,,,,1,,,,,,,,,,
637b2b3fad72ace2dcf18df1,drupal.community,Y,15,Interest,No racism.,,1,,,,,,,1,,,,,,,,,1,,,,,,,,,,,,,,1,,,,,,,,,,
637b2b3fad72ace2dcf18df1,drupal.community,Y,15,Interest,No homophobia.,,1,,,,,,,1,,,,,,,,,1,,,,,,,,,,,,,,1,,,,,,,,,,
637b2b3fad72ace2dcf18df1,drupal.community,Y,15,Interest,No transphobia.,,1,,,,,,,1,,,,,,,,,1,,,,,,,,,,,,,,1,,,,,,,,,,
637b2b3fad72ace2dcf18df1,drupal.community,Y,15,Interest,Safe Space: LGTBQIA+,1,,,,,,,,1,,,,,,,,,1,,,,,,,,,,,,,,1,,,,,,,,,,
637b2b3fad72ace2dcf18df1,drupal.community,Y,15,Interest,"Safe Space: neurodivergent (ADHD, Autism, etc.)",1,,,,,,,,1,,,,,,,,,,,,,,,,,,,,,,,1,,,,,,,,,,
637b2b3fad72ace2dcf18df1,drupal.community,Y,15,Interest,No misogyny.,,1,,,,,,,1,,,,,,,,,,,,,,,,,,,,,,,1,,,,,,,,,,
637b2b3fad72ace2dcf18df1,drupal.community,Y,15,Interest,Treat everyone with respect.,1,,,,,,,,,,,,,,,1,,,,,,,,,,,,,,,,,,,,,,,,,,
637b3175d94dca7f11e7bc31,postchat.io,Y,6,Interest,Sexually explicit or violent media must be marked as sensitive when posting,1,,,,,,,,,1,,,1,,,,,,,,,,,,,,1,,,,,,,,,,,,,,,
637b3175d94dca7f11e7bc31,postchat.io,Y,6,Interest,"No racism, sexism, homophobia, transphobia, xenophobia, or casteism",,1,,,,,,,1,,,,,,,,,1,,,,,,,,,,,,,,,,,,,,,,,,
637b3175d94dca7f11e7bc31,postchat.io,Y,6,Interest,No incitement of violence or promotion of violent ideologies,,1,,,,,,,,,,,,,,,,,,,,,1,,,,,,,,,,,,,,,,,,,
637b3175d94dca7f11e7bc31,postchat.io,Y,6,Interest,"No harassment, dogpiling or doxxing of other users",,1,,,,,1,1,,,,,,,1,,,,,,,,,,,,,,,,,,,,,,,,,,,
637b3175d94dca7f11e7bc31,postchat.io,Y,6,Interest,No illegal content,,1,,,,,,,,,,,,,,,,,,,,,,,1,,,,,,,,,,,,,,,,,
637b3175d94dca7f11e7bc31,postchat.io,Y,6,Interest,Do not share false or misleading information that may lead to physical harm,,1,,,,,,,,,,,,,,,,,,,,,,1,,,,,,,,,,,,,,,,,,
637d4537226615a1820d2fa2,dataplatform.social,Y,6,Interest,"Behave. While you're free to express your opinions, this freedom does not extend to being mean, disrespectful or derogatory to anyone. If you don't like someone, block them and move on with your life.",1,,,,,,,1,,,,,,,,1,,,,,,,,,,,,,,,,,,,,,,,,,,
637d4537226615a1820d2fa2,dataplatform.social,Y,6,Interest,Everything is public. Don't post things you would be ashamed of if they became public - even in private messages.,1,,,,,,,,,,,,,,,,,,,,,,,,,,,,,,1,,,,,,1,,,,,
637d4537226615a1820d2fa2,dataplatform.social,Y,6,Interest,"No spam. You may promote material that you created yourself, within reason. Do not tag third parties. If you're unsure if your post or DM might be spammy, it probably is.",1,1,,,1,,,,,,,,,,,,,,,1,,,,,,,,,,,,,,,,,,,,,,
637d4537226615a1820d2fa2,dataplatform.social,Y,6,Interest,"Only legal content. Everything must be legal under Swedish and EU law. In edge cases, or if you are unsure, don't click ""Publish"" in the first place.",1,,,,,,,,,,,,,,,,,,,,,,,,1,,,,,,,,,,,,,,,,,
637d4537226615a1820d2fa2,dataplatform.social,Y,6,Interest,"No impersonation.

Unless *clearly* stated and clearly evident that you are running a parody/satire/comedy account, you may not assume the name of another individual or entity.",,1,,,,,,,,,,,,,,,,,,,,,,,,,,,,1,,,,,,,,,,,,
637d4537226615a1820d2fa2,dataplatform.social,Y,6,Interest,"No disinformation. You must make a reasonable, good-faith effort to verify claims of a controversial nature.",,1,,,,,,,,,,,,,,,,,,,,,,1,,,,,,,,,,,,,,,,,,
639917e00f9a1eec1dab671f,outdoors.lgbt,Y,14,Identity,Be kind.,1,,,,,,,,,,,,,,,1,,,,,,,,,,,,,,,,,,,,,,,,,,
639917e00f9a1eec1dab671f,outdoors.lgbt,Y,14,Identity,No racism.,,1,,,,,,,1,,,,,,,,,1,,,,,,,,,,,,,,,,,,,,,,,,
639917e00f9a1eec1dab671f,outdoors.lgbt,Y,14,Identity,No sexism.,,1,,,,,,,1,,,,,,,,,1,,,,,,,,,,,,,,,,,,,,,,,,
639917e00f9a1eec1dab671f,outdoors.lgbt,Y,14,Identity,No homophobia.,,1,,,,,,,1,,,,,,,,,1,,,,,,,,,,,,,,,,,,,,,,,,
639917e00f9a1eec1dab671f,outdoors.lgbt,Y,14,Identity,No transphobia.,,1,,,,,,,1,,,,,,,,,1,,,,,,,,,,,,,,,,,,,,,,,,
639917e00f9a1eec1dab671f,outdoors.lgbt,Y,14,Identity,No violence.,,1,,,,,,,1,,,,,,,,,,,,,,,,,,,,,,,,,,,,,,,,,
639917e00f9a1eec1dab671f,outdoors.lgbt,Y,14,Identity,No fascism.,,1,,,,,,,1,,,,,,,,,,,,,,,,,,,,,,,,,,,,,,,,,
639917e00f9a1eec1dab671f,outdoors.lgbt,Y,14,Identity,No colonialism.,,1,,,,,,,1,,,,,,,,,,,,,,,,,,,,,,,,,,,,,,,,,
639917e00f9a1eec1dab671f,outdoors.lgbt,Y,14,Identity,No religious extremism.,,1,,,,,,,1,,,,,,,,,,,,,,,,,,,,,,,,,,,,,,,,,
639917e00f9a1eec1dab671f,outdoors.lgbt,Y,14,Identity,No nationalism.,,1,,,,,,,1,,,,,,,,,,,,,,,,,,,,,,,,,,,,,,,,,
639917e00f9a1eec1dab671f,outdoors.lgbt,Y,14,Identity,No white supremacy.,,1,,,,,,,1,,,,,,,,,1,,,,,,,,,,,,,,,,,,,,,,,,
639917e00f9a1eec1dab671f,outdoors.lgbt,Y,14,Identity,No spam.,,1,,,,,,,,,,,,,,,,,,1,,,,,,,,,,,,,,,,,,,,,,
639917e00f9a1eec1dab671f,outdoors.lgbt,Y,14,Identity,Safe Space: LGTBQIA+,1,,,,,,,,1,,,,,,,,,1,,,,,,,,,,,,,,,,,,,,,,,,
639917e00f9a1eec1dab671f,outdoors.lgbt,Y,14,Identity,"Safe Space: neurodivergent (ADHD, Autism, etc.) ",1,,,,,,,,1,,,,,,,,,,,,,,,,,,,,,,,,,,,,,,,,,
58eafbfadcd4660abedbf0d5,bne.social,Y,7,Regional,"No adult content, including pornography, sexually explicit content, gore, or extremely graphic violence, including artistic depictions.",,1,,,,,,,,1,,,1,,,,,,,,,,,,,,,1,,,,,,,,,,,,,,
58eafbfadcd4660abedbf0d5,bne.social,Y,7,Regional,"No content that reinforce or advocate social structures of domination related to gender, gender identity and expression, sexual orientation, disability, physical appearance, body size, race, age, religion (or lack thereof)",,1,,,,,,,1,,,,,,,,,1,,,,,,,,,,,,,,1,,,,,,,,,,
58eafbfadcd4660abedbf0d5,bne.social,Y,7,Regional,"No content harmful to the public good, such as incitement of violence or promotion of violent ideologies, antivax or climate denial.",,1,,,,,,,,,,,,,,,,,,,,,1,1,,,,,,,,,,,,,,,,,,
58eafbfadcd4660abedbf0d5,bne.social,Y,7,Regional,"No harassment, dogpiling or doxxing of other users
",,1,,,,,1,1,,,,,,,1,,,,,,,,,,,,,,,,,,,,,,,,,,,
58eafbfadcd4660abedbf0d5,bne.social,Y,7,Regional,"No content illegal in Australia or Germany
",,1,,,,,,,,,,,,,,,,,,,,,1,,,,,,,,,,,,,,,,,,,
58eafbfadcd4660abedbf0d5,bne.social,Y,7,Regional,"No business/brand accounts. Art, homemade stuff, community groups are fine.",,1,1,,1,,,,,,,,,,,,,,,,,,,,,,,,,,,,,,,,,,,,,
58eafbfadcd4660abedbf0d5,bne.social,Y,7,Regional,You must be 18 years or older to use this site.,,1,,,,,,,,,,,,,,,,,,,,,,,,,,,,,,,,,,1,,,,,,
5a77c1ef847f4a0952519217,activism.openworlds.info,Y,4,Activist,Be on topic - we are fostering a focused spiky activist community - this is not a generalist instance,1,,,,,,,,,,,,,1,,,,,,,,,,,,,,,,,,,,,,,,,,,,
5a77c1ef847f4a0952519217,activism.openworlds.info,Y,4,Activist,"Conversation, not soap boxes -the community should engage one-another locally, not simply post into the void",1,,,,,,,,,,,,,,,1,,,,,,,,,,,,,,,,,,,,,,,,,,
5a77c1ef847f4a0952519217,activism.openworlds.info,Y,4,Activist,Upload video and large images elsewhere and link in your toots - otherwise content shall be removed after our minimal retention policy; we need funding if we are to increase our local capacity,1,,,,,,,,,1,1,,,,,,,,,,,,,,,,,,,,1,,,,,,,,,,,
5a77c1ef847f4a0952519217,activism.openworlds.info,Y,4,Activist,Post in English - at least predominantly; this is not a hard rule - we urgently need multi-lingual mods if we are to branch out from this,1,,,1,,,,,,,,,,,,,,,,,,,,,,,,,,,,,,1,1,,,,,,,
5ab65c67df31fd1e83827284,pony.social,Y,7,Identity,"Be pony-like and kind to other members.

Trolling, impersonation, and similar acts are not acceptable! ",1,1,,,,,,,,,,,,,,1,,,,,,1,,,,,,,,1,,,,,,,,,,,,
5ab65c67df31fd1e83827284,pony.social,Y,7,Identity,"This instance is Safe-For-Work primarily, NSFW content should be kept unlisted and have appropriate Content Warnings applied",1,,,,,,,,,,,,1,,,,,,,,,,,,,,1,,,,,,,,,,,,,,,
5ab65c67df31fd1e83827284,pony.social,Y,7,Identity,"If you talk about offensive topics, adding a Content Warning is recommended.",1,,,,,,,,,,,,,,,,,,,,,,,,,,1,,,,,,,,,,,,,,,
5ab65c67df31fd1e83827284,pony.social,Y,7,Identity,"If you run a bot account, it must not respond or tag people by itself, only when prompted directly.",,1,1,1,,,,,,,,,,,,,,,,,,,,,,,,,,,,,1,,,,,,,,,
5ab65c67df31fd1e83827284,pony.social,Y,7,Identity,"Harassment, Brigading, Doxing or Stalking will not be tolerated, Friendship is Magic after all",,1,,,,,1,1,,,,,,,1,,,,,,,,,,,,,,,,,,,,,,,,,,,
5ab65c67df31fd1e83827284,pony.social,Y,7,Identity,"No hatespeech, transphobia, homo-/biphobia or any other similar, inciting or exclusionary content is tolerated",,1,,,,,,,1,,,,,,,,,1,,,,,,,,,,,,,,,,,,,,,,,,
5ab65c67df31fd1e83827284,pony.social,Y,7,Identity,Starlight Glimmer is best pony,,,,,,,,,,,,,,1,,,,,,,,,,,,,,,,,,,,,,,,,,,,
637b3084d94dca7f11e7b84e,friendsofdesoto.social,Y,6,Interest,"Follow the Prime Directive:
Treat everyone with respect and dignity, exactly how you want to be treated.",1,,,,,,,,,,,,,,,1,,,,,,,,,,,,,,,,,,,,,,,,,,
637b3084d94dca7f11e7b84e,friendsofdesoto.social,Y,6,Interest,"Respect All Life Forms: 
No racial, sexual, gender-identity, or cultural discrimination.  No homophobia, transphobia, racial slurs or stereotypes, mis-gendering, dead-naming, etc.",,1,,,,,,,1,,,,,,,1,,1,,,,,,,,,,,,,,,,,,,,,,,,
637b3084d94dca7f11e7b84e,friendsofdesoto.social,Y,6,Interest,"Shields Up: If content is potentially offensive or triggering, NSFW, etc. Please label it with a CW to protect members of the community who may not wish to view it.",1,,,,,,,,,,,,1,,,,,,,,,,,,,,1,,,,,,,,,,,,,,,
637b3084d94dca7f11e7b84e,friendsofdesoto.social,Y,6,Interest,"Do Not Be Without Honor: Deliberate spreading of misinformation, doxxing or disclosure if others private information will not be tolerated.",,1,,,,,1,,,,,,,,,,,,,,,,,1,,,,,,,,,,,,,,,,,,
637b3084d94dca7f11e7b84e,friendsofdesoto.social,Y,6,Interest,"Do Not Be Dank and Vile: Harassment, Threats, and inciting or encouraging violence or self harm will not be tolerated.",,1,,,,,,1,,,,,,,,,,,,,,,1,,,,,,,,,,,,,,,,,,,
637b3084d94dca7f11e7b84e,friendsofdesoto.social,Y,6,Interest,No Acting Like a Ferengi: SPAM Posts or accounts and unsolicited advertising are prohibited.,,1,,,1,,,,,,,,,,,,,,,1,,,,,,,,,,,,,,,,,,,,,,
6382837400abd408a092fb46,drumstodon.net,Y,7,Interest,Sexually explicit or violent media must be marked as sensitive when posting,1,,,,,,,,,1,,,1,,,,,,,,,,,,,,1,1,,,,,,,,,,,,,,
6382837400abd408a092fb46,drumstodon.net,Y,7,Interest,"No racism, sexism, homophobia, transphobia, xenophobia, or casteism",,1,,,,,,,1,,,,,,,,,1,,,,,,,,,,,,,,,,,,,,,,,,
6382837400abd408a092fb46,drumstodon.net,Y,7,Interest,No incitement of violence or promotion of violent ideologies,,1,,,,,,,,,,,,,,,,,,,,,1,,,,,,,,,,,,,,,,,,,
6382837400abd408a092fb46,drumstodon.net,Y,7,Interest,"No harassment, dogpiling or doxxing of other users",,1,,,,,1,1,,,,,,,1,,,,,,,,,,,,,,,,,,,,,,,,,,,
6382837400abd408a092fb46,drumstodon.net,Y,7,Interest,Do not share intentionally false or misleading information,,1,,,,,,,,,,,,,,,,,,,,,,1,,,,,,,,,,,,,,,,,,
6382837400abd408a092fb46,drumstodon.net,Y,7,Interest,Upload / distribute only content that you have permission for,1,,,,,1,,,,,,,,,,,,,,,,,,,,,,,,,,,,,,,,,,,,
6382837400abd408a092fb46,drumstodon.net,Y,7,Interest,"No ads, except for featuring your own creative content & achievements",,1,,,1,,,,,,,,,,,,,,,,,,,,,,,,,,,,,,,,,,,,,
636ead8280bb3f03b435a4c5,toot.pizza,Y,7,Regional,Don't harass anyone.,,1,,,,,,1,,,,,,,,,,,,,,,,,,,,,,,,,,,,,,,,,,
636ead8280bb3f03b435a4c5,toot.pizza,Y,7,Regional,"If someone is harassing you, report it to a moderator.",1,,,1,,,,1,,,,,,,,,,,,,,,,,,,,,,,,,,,1,,,,,,,
636ead8280bb3f03b435a4c5,toot.pizza,Y,7,Regional,Don't post anything that's illegal in the US. We are hosted there.,,1,,,,,,,,,,,,,,,,,,,,,,,1,,,,,,,,,,,,,,,,,
636ead8280bb3f03b435a4c5,toot.pizza,Y,7,Regional,Mark NSFW content as such using Content Warnings.,1,,,,,,,,,,,,1,,,,,,,,,,,,,,1,,,,,,,,,,,,,,,
636ead8280bb3f03b435a4c5,toot.pizza,Y,7,Regional,You must read and accept the code of conduct - https://toot.pizza/about,1,,,,,,,,,,,,,,,,,,,,,,,,,,,,,,,,,,,,,,,1,,
636ead8280bb3f03b435a4c5,toot.pizza,Y,7,Regional,Do not share intentionally false or misleading information,,1,,,,,,,,,,,,,,,,,,,,,,1,,,,,,,,,,,,,,,,,,
636ead8280bb3f03b435a4c5,toot.pizza,Y,7,Regional,Don't join just to advertise something,,1,,,1,,,,,,,,,,,,,,,,,,,,,,,,,,,,,,,,,,,,,
638511cba63a58a3ff04643a,social.mpdl.mpg.de,Y,7,Regional,Be respectful and polite to one another.,1,,,,,,,,,,,,,,,1,,,,,,,,,,,,,,,,,,,,,,,,,,
638511cba63a58a3ff04643a,social.mpdl.mpg.de,Y,7,Regional,"Hate speech, racism, sexism, homophobia, transphobia, ableism, fatmisia, xenophobia and/or violent nationalism, or the advocation of all of the above will not be tolerated and any account engaging in such acts will be suspended immediately.",,1,,1,,,,,1,,,,,,,,,1,,,,,,,,,,,,,,,,,,,,,,,,
638511cba63a58a3ff04643a,social.mpdl.mpg.de,Y,7,Regional,No sexually explicit or violent content and media of any type are allowed on server.,,1,,1,,,,,,1,,,1,,,,,,,,,,,,,,,1,,,,,,,,,,,,,,
638511cba63a58a3ff04643a,social.mpdl.mpg.de,Y,7,Regional,No posting or promotion of content illegal (and/or any link to that) in the EU is allowed.,,1,,,,,,,,,1,,,,,,,,,,,,,,1,,,,,,,,,,,,,,,,,
638511cba63a58a3ff04643a,social.mpdl.mpg.de,Y,7,Regional,No incitement or promotion of violence will be tolerated.,,1,,,,,,,,,,,,,,,,,,,,,1,,,,,,,,,,,,,,,,,,,
638511cba63a58a3ff04643a,social.mpdl.mpg.de,Y,7,Regional,"No harassment, dogpiling or doxxing of other users.",,1,,,,,1,1,,,,,,,1,,,,,,,,,,,,,,,,,,,,,,,,,,,
638511cba63a58a3ff04643a,social.mpdl.mpg.de,Y,7,Regional,No spam behavior is allowed on server.,,1,1,,,,,,,,,,,,,,,,,1,,,,,,,,,,,,,,,,,,,,,,
637b306dd94dca7f11e7b7f8,brands.town,Y,6,Interest,The only people allowed on this instance are corporations. Brands Town is specifically dedicated to brand promotion on Mastodon.,1,,1,,,,,,,,,,,1,,,,,,,,,,,,,,,,,,,,,,,,,,,,
637b306dd94dca7f11e7b7f8,brands.town,Y,6,Interest,"No racism, sexism, homophobia, transphobia, or other bigotry of any kind is allowed.",,1,,,,,,,1,,,,,,,,,1,,,,,,,,,,,,,,,,,,,,,,,,
637b306dd94dca7f11e7b7f8,brands.town,Y,6,Interest,"No porn. There are a lot of instances Brands Town hopes to reach, and we don't want to get instabanned into oblivion",,1,,1,,,,,,,,,1,,,,,,,,,,,,,,,,,,,,,,,,,,,,,
637b306dd94dca7f11e7b7f8,brands.town,Y,6,Interest,Maintain your Brand Voice. Don't ever break character.,1,,,,,,,,,,,,,1,,,,,,,,,,,,,,,,,,,,,,,,,,,,
637b306dd94dca7f11e7b7f8,brands.town,Y,6,Interest,"Impersonation of individuals is not allowed. With the exception of the one Elon Musk account, because that's funny.",,1,,,,,,,,,,,,,,,,,,,,,,,,,,,,1,,,,,,,,,,,,
637b306dd94dca7f11e7b7f8,brands.town,Y,6,Interest,"Upon registration, Brands must be original properties, not impersonations. Detected impersonations will be immediately rejected, we will also immediately delete impersonations upon request from corporations or legal counsel.",1,,,1,,,,,,,,,,,,,,,,,,,,,1,,,,,1,,,,,,,,,,,,1
637c9cec24785a385e79e92f,indieauthors.social,Y,7,Interest,Be nice.,1,,,,,,,,,,,,,,,1,,,,,,,,,,,,,,,,,,,,,,,,,,
637c9cec24785a385e79e92f,indieauthors.social,Y,7,Interest,Be fair.,1,,,,,,,,,,,,,,,1,,,,,,,,,,,,,,,,,,,,,,,,,,
637c9cec24785a385e79e92f,indieauthors.social,Y,7,Interest,"Be restrained with opinions not related to indie publishing, indie authors, and indie books. 

Posts, debates, or opinions making judgments on people's lifestyles, beliefs, personal identification, political affiliation, etc. are subject to moderation.",1,,,1,,,,,,,,,,1,,,,,,,,,,,,,,,,,,,,,,,,,,,,
637c9cec24785a385e79e92f,indieauthors.social,Y,7,Interest,"Be tolerant. This server will not condone, support, or allow intolerant or hateful communications of any kind.",1,,,1,,,,,,,,,,,,1,,,,,,,,,,,,,,,,,,,,,,,,,,
637c9cec24785a385e79e92f,indieauthors.social,Y,7,Interest,Don't post copyrighted material unless you are the copyright holder or it falls under Fair Use w/attribution.,,1,,,,1,,,,,,,,,,,,,,,,,,,,,,,,,,,,,,,,,,,,
637c9cec24785a385e79e92f,indieauthors.social,Y,7,Interest,"Be resonably active. Indie Authors Social is an active and passionate community of authors-helping-authors. Accounts will be suspended from this instance for prolonged periods of inactivity and:  no profiles, no links, no posts., no follows.",1,,,1,,,,,,,,1,,,,,,,,,,,,,,,,,,,,,,,,,,,,,,
637c9cec24785a385e79e92f,indieauthors.social,Y,7,Interest,Abide by US law for content posted or attached to messages.,1,,,,,,,,,,,,,,,,,,,,,,,,1,,,,,,,,,,,,,,,,,
6398b9301f2b86e19cd336ee,localization.cafe,Y,5,Interest,"No discrimination on the basis of origin, color, gender, religion, age or ability.",,1,,,,,,,1,,,,,,,,,1,,,,,,,,,,,,,,,,,,,,,,,,
6398b9301f2b86e19cd336ee,localization.cafe,Y,5,Interest,"No swearing, blasphemy and not safe-for-work content in general",,1,,,,,,,,,,,1,,,,,,,,,,,,,,,,,,,,,,,,,,,,,
6398b9301f2b86e19cd336ee,localization.cafe,Y,5,Interest,"Please limit non-localization posts to a couple per day. Use Content Warnings for Politics, War and other divisive off-topic posts",1,,,,,,,,,,,1,,1,,,1,,,,,,,,,,1,,,,,,,,,,,,,,,
6398b9301f2b86e19cd336ee,localization.cafe,Y,5,Interest,"No advertising or promotional messages. Talk like a person, not like a brand.",,1,,,1,,,,,,,,,,,,,,,,,,,,,,,,,,,,,,,,,,,,,
6398b9301f2b86e19cd336ee,localization.cafe,Y,5,Interest,"Recruiters are not welcome, but feel free to share the occasional job offer you have a direct connection with",1,,1,1,1,,,,,,,,,,,,,,,,,,,,,,,,,,,,,,,,,,,,,
5ac41dc5131e5d0259445952,linernotes.club,Y,3,Interest,Abide by the Liner Notes Club Terms of Use.,1,,,,,,,,,,,,,,,,,,,,,,,,,,,,,,,,,,,,,,,1,,
5ac41dc5131e5d0259445952,linernotes.club,Y,3,Interest,Do not break the Code of Conduct.,,1,,,,,,,,,,,,,,,,,,,,,,,,,,,,,,,,,,,,,,1,,
5ac41dc5131e5d0259445952,linernotes.club,Y,3,Interest,Do not break the laws of the state of Georgia or the United States.,,1,,,,,,,,,,,,,,,,,,,,,,,1,,,,,,,,,,,,,,,,,
63d2e68771cf2014723079cc,unfufadoo.net,Y,5,Interest,Don't bully users on this server.,,1,,,,,,1,,,,,,,,,,,,,,,,,,,,,,,,,,,,,,,,,,
63d2e68771cf2014723079cc,unfufadoo.net,Y,5,Interest,Don't bully users on other servers via this service,,1,,,,,,1,,,,,,,,,,,,,,,,,,,,,,,,,,,,,,,,,,
63d2e68771cf2014723079cc,unfufadoo.net,Y,5,Interest,Don't spam.,,1,,,,,,,,,,,,,,,,,,1,,,,,,,,,,,,,,,,,,,,,,
63d2e68771cf2014723079cc,unfufadoo.net,Y,5,Interest,Try to avoid spreading misinformation,1,,,,,,,,,,,,,,,,,,,,,,,1,,,,,,,,,,,,,,,,,,
63d2e68771cf2014723079cc,unfufadoo.net,Y,5,Interest,MEME REPOSITORY - sign up at your own risk otherwise enjoy the memes provided.,,,,,,,,,,1,,,,,,,,,,,,,,,,,,,,,,,,,,,,,,,,1
5c1b75988ed43c2ad48a57ba,kith.kitchen,Y,6,Interest,No excessive advertising,,1,,,1,,,,,,,,,,,,,,,,,,,,,,,,,,,,,,,,,,,,,
5c1b75988ed43c2ad48a57ba,kith.kitchen,Y,6,Interest,No uncurated news bots posting from third-party news sources,,1,,,,,,,,,,,,,,,,,,,,,,,,,,,,,,,1,,,,,,,,,
5c1b75988ed43c2ad48a57ba,kith.kitchen,Y,6,Interest,"No untagged nudity, pornography or sexually explicit content, including artistic depictions",,1,,,,,,,,1,,,1,,,,,,,,,,,,,,1,,,,,,,,,,,,,,,
5c1b75988ed43c2ad48a57ba,kith.kitchen,Y,6,Interest,"No untagged gore or extremely graphic violence, including artistic depictions",,1,,,,,,,,1,,,1,,,,,,,,,,,,,,1,1,,,,,,,,,,,,,,
5c1b75988ed43c2ad48a57ba,kith.kitchen,Y,6,Interest,"No bullying, harassment, or discrimination (including but not limited to racial, gender, and sexuality)",,1,,,,,,1,1,,,,,,,,,1,,,,,,,,,,,,,,,,,,,,,,,,
5c1b75988ed43c2ad48a57ba,kith.kitchen,Y,6,Interest,"No glorification of violence (including weaponry, war, or militaries) ",,1,,,,,,,,,,,,,,,,,,,,,,,,,,1,,,,,,,,,,,,,,
637b31a6d94dca7f11e7bce1,mastodon.holeyfox.co,Y,4,Regional,"Be respectful. We treat each other with respect and grace, regardless of age, gender, nationality, previous history or race. This is designed to be the antithesis of Twitter: a safe space for exploring new means of self-expression. ",1,,,,,,,,,,,,,,,1,,,,,,,,,,,,,,,,,,,,,,,,,,
637b31a6d94dca7f11e7bce1,mastodon.holeyfox.co,Y,4,Regional,"If you must run a parody account, include the phrase ""Parody Account"" in your bio or risk account suspension. ",1,,1,1,,,,,,,,,,,,,,,,,,,,,,,,,,1,,,,,,,,,,,,
637b31a6d94dca7f11e7bce1,mastodon.holeyfox.co,Y,4,Regional,The minimum age limit is 18. We are adults here and sometimes do say things a little inappropriate for children.,,1,,,,,,,,,,,1,,,,,,,,,,,,,,,,,,,,,,,1,,,,,,
637b31a6d94dca7f11e7bce1,mastodon.holeyfox.co,Y,4,Regional,We do not condone hate speech.,,1,,,,,,,1,,,,,,,,,,,,,,,,,,,,,,,,,,,,,,,,,
5ae8a640c8ec996cd1ee7dba,rcsocial.net,Y,5,Identity,"Be kind to others.  Feel free to disagree, but do so respectfully.",1,,,,,,,,,,,,,,,1,,,,,,,,,,,,,,,,,,,,,,,,,,
5ae8a640c8ec996cd1ee7dba,rcsocial.net,Y,5,Identity,"Actual attacks on the human dignity of another person (such as harassment, threats of violence, racism, intimidation, physical appearance, beliefs, etc.) are not tolerated.  This does NOT include expressing long-held religious beliefs outside of the context of any specific individual.",,1,,1,,,,1,1,,,,,,,,,1,,,,,,,,,,,,,,,,,,,,,,,,
5ae8a640c8ec996cd1ee7dba,rcsocial.net,Y,5,Identity,"Unjustly accusing another person of racism, bigotry, Nazism, and the like is an attack on their dignity and is unacceptable.",,1,,1,,,,1,1,,,,,,,,,,,,,,,,,,,,,,,,,,,,,,,,,
5ae8a640c8ec996cd1ee7dba,rcsocial.net,Y,5,Identity,"Disallowed content:  commercial messages, all SPAM, and anything that could be considered NSFW (e.g. pornography).",,1,,1,1,,,,,,,,1,,,,,,,1,,,,,,,,,,,,,,,,,,,,,,
5ae8a640c8ec996cd1ee7dba,rcsocial.net,Y,5,Identity,English is preferred but not required.,1,,,,,,,,,,,,,,,,,,,,,,,,,,,,,,,,,1,,,,,,,,
5f1890e81bba02004a39df43,hyan.ink,Y,0,Regional,THERE WERE NO RULES FOUND,,,,,,,,,,,,,,,,,,,,,,,,,,,,,,,,,,,,,,,,,,
637b303dd94dca7f11e7b73f,solarpunk.moe,Y,6,Identity,Sexually explicit or violent media must be marked as sensitive when posting,1,,,,,,,,,1,,,1,,,,,,,,,,,,,,1,,,,,,,,,,,,,,,
637b303dd94dca7f11e7b73f,solarpunk.moe,Y,6,Identity,"No racism, sexism, homophobia, transphobia, xenophobia, or casteism",,1,,,,,,,1,,,,,,,,,1,,,,,,,,,,,,,,,,,,,,,,,,
637b303dd94dca7f11e7b73f,solarpunk.moe,Y,6,Identity,No incitement of violence or promotion of violent ideologies,,1,,,,,,,,,,,,,,,,,,,,,1,,,,,,,,,,,,,,,,,,,
637b303dd94dca7f11e7b73f,solarpunk.moe,Y,6,Identity,"No harassment, dogpiling or doxxing of other users",,1,,,,,1,1,,,,,,,1,,,,,,,,,,,,,,,,,,,,,,,,,,,
637b303dd94dca7f11e7b73f,solarpunk.moe,Y,6,Identity,No advocating for cryptocurrencies of any sort.,,1,,,,,,,,,,,,,,,,,,,,,,,,,,,,,,,,,,,,1,,,,
637b303dd94dca7f11e7b73f,solarpunk.moe,Y,6,Identity,No ableist language or rhetoric that discriminates against individuals or groups based on disability.,,1,,,,,,,1,,,,,,,,,,,,,,,,,,,,,,,,,,,,,,,,,
58ee1d169aee4e669a22001a,mastodon.nzoss.nz,Y,9,Regional," No automated cross posting from Twitter, RSS, or other services. ",,1,,,,,,,,,,,,,,,,,1,,,,,,,,,,,,,,1,,,,,,,,,
58ee1d169aee4e669a22001a,mastodon.nzoss.nz,Y,9,Regional,No spam (blatant advertising without relevant thoughtful content).,,1,,,1,,,,,,,,,,,,,,,1,,,,,,,,,,,,,,,,,,,,,,
58ee1d169aee4e669a22001a,mastodon.nzoss.nz,Y,9,Regional,No impersonating other people,,1,,,,,,,,,,,,,,,,,,,,,,,,,,,,1,,,,,,,,,,,,
58ee1d169aee4e669a22001a,mastodon.nzoss.nz,Y,9,Regional,Descriptions required for images and video (ALT tag) to support those with sight issues.,,1,,,,,,,,1,,,,,,1,,,,,,,,,,,,,,,,,,,,,,,,,,
58ee1d169aee4e669a22001a,mastodon.nzoss.nz,Y,9,Regional," In the event of a dispute, site administrators' decisions are made on a good faith basis (informed by the NZOSS Code of Conduct) and are final. ",1,,,1,,,,,,,,,,,,,,,,,,,,,,,,,,,,,,,,,,,,1,,
58ee1d169aee4e669a22001a,mastodon.nzoss.nz,Y,9,Regional,"Challenge ideas, respect individuals. ",1,,,,,,,,,,,,,,,1,,,,,,,,,,,,,,,,,,,,,,,,,,
58ee1d169aee4e669a22001a,mastodon.nzoss.nz,Y,9,Regional,"No racism, sexism, ableism, transphobia, or otherwise harassing individuals for what they are. ",,1,,,,,,1,1,,,,,,,,,1,,,,,,,,,,,,,,,,,,,,,,,,
58ee1d169aee4e669a22001a,mastodon.nzoss.nz,Y,9,Regional,No commercial accounts for proprietary products. We want real people and Free and Open Source Software/Hardware projects (commercial is fine).,,1,,,1,,,,,,,,,,,,,,,,,,,,,,,,,,,,,,,,,,,,,
58ee1d169aee4e669a22001a,mastodon.nzoss.nz,Y,9,Regional," Be civil and be kind. If you need to criticise, punch up, never down. Hate speech, intended to incite or offend, is not acceptable. ",1,1,,,,,,,1,,,,,,,1,,,,,,,,,,,,,,,,,,,,,,,,,,
637b31c2d94dca7f11e7bd4e,canada.masto.host,Y,4,Regional,"No racism, sexism, homophobia, transphobia, xenophobia, or casteism.",,1,,,,,,,1,,,,,,1,,,1,,,,,,,,,,,,,,,,,,,,,,,,
637b31c2d94dca7f11e7bd4e,canada.masto.host,Y,4,Regional,No incitement or promotion of violence.,,1,,,,,,,,,,,,,,,,,,,,,1,,,,,,,,,,,,,,,,,,,
637b31c2d94dca7f11e7bd4e,canada.masto.host,Y,4,Regional,Suggestive (NSFW) or sensitive content must be marked as sensitive.,1,,,,,,,,,,,,1,,,,,,,,,,,,,,1,,,,,,,,,,,,,,,
637b31c2d94dca7f11e7bd4e,canada.masto.host,Y,4,Regional,All content posted to this instance must be legal in Canada.,1,,,,,,,,,,,,,,,,,,,,,,,,1,,,,,,,,,,,,,,,,,
637b3226d94dca7f11e7becc,woof.tech,Y,8,Identity,"Don't break the law, respect international laws and the Dutch law (where this instance is hosted)",,1,,,,,,,,,,,,,,,,,,,,,,,1,,,,,,,,,,,,,,,,,
637b3226d94dca7f11e7becc,woof.tech,Y,8,Identity,"Be respectful. Don't insult, don't harass. Behave.",1,1,,,,,,1,,,,,,,,1,,,,,,,,,,,,,,,,,,,,,,,,,,
637b3226d94dca7f11e7becc,woof.tech,Y,8,Identity,"Don't be transphobic, homophobic or just a dick to someone because of their identity or who they are. We will act strongly on violations",,1,,1,,,,1,1,,,,,,,,,1,,,,,,,,,,,,,,,,,,,,,,,,
637b3226d94dca7f11e7becc,woof.tech,Y,8,Identity,"Content Warnings are required for NSFW content, kink and fetish content, and otherwise questionable topics (drugs etc.). Locked accounts are excluded from this rule as long as they specify this in their bio",1,,1,1,,,,,,1,,,1,,,,,,,,,,,,,,1,,,,,,,,,,,,,,,
637b3226d94dca7f11e7becc,woof.tech,Y,8,Identity,Do not impersonate someone else. If this is for parody purposes this MUST be clearly stated in your profile description,,1,,,,,,,,,,,,,,,,,,,,,,,,,,,,1,,,,,,,,,,,,
637b3226d94dca7f11e7becc,woof.tech,Y,8,Identity,"Do not use an avatar that would warrant a content warning, do not use NSFW or otherwise ""more then mildly questionable"" banners. ",,1,,,,,,,,1,,,,,,,,,,,,,,,,,1,,,,,,,,,,,,,,,
637b3226d94dca7f11e7becc,woof.tech,Y,8,Identity,"When posting art, make sure to tag the original artist. Please do not post art you don't own / doesn't contain your characters or work.",1,1,,,,1,,,,,,,,,,,,,,,,,,,,,,,,,,,,,,,,,,,,
637b3226d94dca7f11e7becc,woof.tech,Y,8,Identity,NSFW art and pictures of underage characters or real animals are not allowed!,,1,,,,,,,,1,,,1,,,,,,,,,,,,1,1,,,,,,,,,,,,,,,,
5d757c3c5b47062df70d684b,pone.social,Y,5,Identity,This is a pony first instance: It's expected most users will be fans of the show My Little Pony: Friendship is Magic,1,,,,,,,,,,,,,1,,,,,,,,,,,,,,,,,,,,,,,,,,,,
5d757c3c5b47062df70d684b,pone.social,Y,5,Identity,"Expect all sorts of topics to be discussed here, not necessarily just ponies",1,,,,,,,,,,,,,1,,,,,,,,,,,,,,,,,,,,,,,,,,,,
5d757c3c5b47062df70d684b,pone.social,Y,5,Identity,This is not a safe space; you may be offended by the things you see here; we will not regulate anyone's speech (except for the next two rules),,1,,,,,,,,,,,,,,,,,,,,,,,,,,,,,,,,,,,,,,,,
5d757c3c5b47062df70d684b,pone.social,Y,5,Identity,Do not spam or abuse the server,,1,,,,,,,,,,,,,,,,,,1,,,,,,,,,,,1,,,,,,,,,,,
5d757c3c5b47062df70d684b,pone.social,Y,5,Identity,"Do not post illegal content (anything exploitative of real life minors, anything showing animals being abused, etc.).  Foalcon, lolicon, etc. is allowed as long as it does not represent actual people.",,1,,,,,,,,,,,,,,,,,,,,,,,1,1,,,,,,,,,,,,,,,,
637b2bd6d94dca7f11e7a51c,datasci.social,Y,9,Interest,Don't be a jerk. We expect to treat each other respectfully.,1,1,,,,,,,,,,,,,,1,,,,,,,,,,,,,,,,,,,,,,,,,,
637b2bd6d94dca7f11e7a51c,datasci.social,Y,9,Interest,"No racism, sexism, homophobia, transphobia, xenophobia, or casteism",,1,,,,,,,1,,,,,,,,,1,,,,,,,,,,,,,,,,,,,,,,,,
637b2bd6d94dca7f11e7a51c,datasci.social,Y,9,Interest,No incitement of violence or promotion of violent ideologies,,1,,,,,,,,,,,,,,,,,,,,,1,,,,,,,,,,,,,,,,,,,
637b2bd6d94dca7f11e7a51c,datasci.social,Y,9,Interest,"No harassment, dogpiling, doxxing, or impersonation",,1,,,,,1,1,,,,,,,1,,,,,,,,,,,,,,,1,,,,,,,,,,,,
637b2bd6d94dca7f11e7a51c,datasci.social,Y,9,Interest,No content that is considered illegal in Denmark or France,,1,,,,,,,,,,,,,,,,,,,,,,,1,,,,,,,,,,,,,,,,,
637b2bd6d94dca7f11e7a51c,datasci.social,Y,9,Interest,No intentional sharing of false or misleading information,,1,,,,,,,,,,,,,,,,,,,,,,1,,,,,,,,,,,,,,,,,,
637b2bd6d94dca7f11e7a51c,datasci.social,Y,9,Interest,No spam or commercial advertisements,,1,,,1,,,,,,,,,,,,,,,1,,,,,,,,,,,,,,,,,,,,,,
637b2bd6d94dca7f11e7a51c,datasci.social,Y,9,Interest,"Nothing NSFW (not safe for work), such as sexually explicit or violent media",,1,,,,,,,,1,,,1,,,,,,,,,,,,,,,,,,,,,,,,,,,,,
637b2bd6d94dca7f11e7a51c,datasci.social,Y,9,Interest,"SIGN-UP: This is not a generalist server and is destined for professionals in human-centric data science, broadly defined. Please register here only if that is the case. To get accepted for sign-up, specify your fit in the ""Why do you want to join?"" field.",1,1,,,,,,,,,,,,1,,,,,,,,,,,,,,,,,,,,,,,,,,,,1
59426e673327e81d46cb6c0d,w3c.social,Y,1,Interest,I agree to abide by the terms and spirit of the W3C Code of Ethics and Professional Conduct - https://www.w3.org/Consortium/cepc/,1,,,,,,,,,,,,,,,,,,,,,,,,,,,,,,,,,,,,,,,1,,
637b2eefd94dca7f11e7b1db,toot.bldrweb.org,Y,14,Regional,Don't be a dick,,1,,,,,,,,,,,,,,1,,,,,,,,,,,,,,,,,,,,,,,,,,
637b2eefd94dca7f11e7b1db,toot.bldrweb.org,Y,14,Regional,No violence,,1,,,,,,,,,,,,,,,,,,,,,1,,,,,,,,,,,,,,,,,,,
637b2eefd94dca7f11e7b1db,toot.bldrweb.org,Y,14,Regional,No fascism,,1,,,,,,,1,,,,,,,,,1,,,,,,,,,,,,,,,,,,,,,,,,
637b2eefd94dca7f11e7b1db,toot.bldrweb.org,Y,14,Regional,No colonialism,,1,,,,,,,1,,,,,,,,,1,,,,,,,,,,,,,,,,,,,,,,,,
637b2eefd94dca7f11e7b1db,toot.bldrweb.org,Y,14,Regional,No white supremacy,,1,,,,,,,1,,,,,,,,,1,,,,,,,,,,,,,,,,,,,,,,,,
637b2eefd94dca7f11e7b1db,toot.bldrweb.org,Y,14,Regional,No nationalism,,1,,,,,,,1,,,,,,,,,1,,,,,,,,,,,,,,,,,,,,,,,,
637b2eefd94dca7f11e7b1db,toot.bldrweb.org,Y,14,Regional,No racism,,1,,,,,,,1,,,,,,,,,1,,,,,,,,,,,,,,,,,,,,,,,,
637b2eefd94dca7f11e7b1db,toot.bldrweb.org,Y,14,Regional,No homophobia,,1,,,,,,,1,,,,,,,,,1,,,,,,,,,,,,,,,,,,,,,,,,
637b2eefd94dca7f11e7b1db,toot.bldrweb.org,Y,14,Regional,No transphobia,,1,,,,,,,1,,,,,,,,,1,,,,,,,,,,,,,,,,,,,,,,,,
637b2eefd94dca7f11e7b1db,toot.bldrweb.org,Y,14,Regional,Safe Space: LGTBQIA+,1,,,,,,,,1,,,,,,,,,1,,,,,,,,,,,,,,,,,,,,,,,,
637b2eefd94dca7f11e7b1db,toot.bldrweb.org,Y,14,Regional,"Safe Space: neurodivergent (ADHD, Aspie, Autism, etc)
   ",1,,,,,,,,1,,,,,,,,,1,,,,,,,,,,,,,,,,,,,,,,,,
637b2eefd94dca7f11e7b1db,toot.bldrweb.org,Y,14,Regional,No hacking,,1,,,,,,,,,,,,,,,,,,,,,,,,,,,,,,1,,,,,,,,,,
637b2eefd94dca7f11e7b1db,toot.bldrweb.org,Y,14,Regional,No misogyny,,1,,,,,,,1,,,,,,,,,,,,,,,,,,,,,,,,,,,,,,,,,
637b2eefd94dca7f11e7b1db,toot.bldrweb.org,Y,14,Regional,You must be at least 13 years old (COPPA compliance),1,,,,,,,,,,,,,,,,,,,,,,,,1,,,,,,,,,,,1,,,,,,
5a5c9dfda4383c37b815fbac,toot.turbo.chat,Y,3,Interest,"Do not harass others.
",,1,,,,,,1,,,,,,,,,,,,,,,,,,,,,,,,,,,,,,,,,,
5a5c9dfda4383c37b815fbac,toot.turbo.chat,Y,3,Interest,"No sexist, racist or hate speech allowed. ",,1,,,,,,,1,,,,,,,,,1,,,,,,,,,,,,,,,,,,,,,,,,
5a5c9dfda4383c37b815fbac,toot.turbo.chat,Y,3,Interest,Use content warnings liberally. It is better to put one too many posts behind a content warning than one too little.,1,,,,,,,,,,,,,,,,,,,,,,,,,,1,,,,,,,,,,,,,,,
5abd07f48d43d7182349d3e9,toot.thoughtworks.com,Y,1,Interest,Expectations for Thoughtworkers using Mastodon are set out in the Thoughtworks Code of Conduct.,1,,1,,,,,,,,,,,,,,,,,,,,,,,,,,,,,,,,,,,,,1,,
639ee873e6a0dfafb082cbaa,bookstodon.thestorygraph.com,Y,8,Interest,"No discrimination. Our community promotes a safe and healthy environment for everyone, regardless of age, body size, disability, ethnicity, gender identity and expression, nationality, personal appearance, race, religion, or sexual identity and orientation.",1,1,,,,,,,1,,,,,,,,,1,,,,,,,,,,,,,,1,,,,,,,,,,
639ee873e6a0dfafb082cbaa,bookstodon.thestorygraph.com,Y,8,Interest,"Do not share explicit materials (videos, pictures, articles, etc.) or discuss sexual acts, excessive violence, or gore.",,1,,,,,,,,1,,,1,,,,,,,,,,,,,,,1,,,,,,,,,,,,,,
639ee873e6a0dfafb082cbaa,bookstodon.thestorygraph.com,Y,8,Interest,Be kind and respectful. Treat others as you would like to be treated,1,,,,,,,,,,,,,,,1,,,,,,,,,,,,,,,,,,,,,,,,,,
639ee873e6a0dfafb082cbaa,bookstodon.thestorygraph.com,Y,8,Interest,No doxxing. Please do not share another person’s information or sensitive materials without their consent.,,1,,,,,1,,,,,,,,,,,,,,,,,,,,,,,,,,,,,,,,,,,
639ee873e6a0dfafb082cbaa,bookstodon.thestorygraph.com,Y,8,Interest,"No trolling. Trolling is someone who intentionally instigates conflict, hostility, or arguments online. Don’t be a troll.",,1,,,,,,1,,,,,,,,,,,,,,1,,,,,,,,,,,,,,,,,,,,
639ee873e6a0dfafb082cbaa,bookstodon.thestorygraph.com,Y,8,Interest,No spamming. Please do not repeatedly post the same message or spam others (i.e. tagging someone repeatedly).,,1,,,,,,,,,,,,,,,,,,1,,,,,,,,,,,,,,,,,,,,,,
639ee873e6a0dfafb082cbaa,bookstodon.thestorygraph.com,Y,8,Interest,Do not post or engage in any illegal behavior.,,1,,,,,,,,,,,,,,,,,,,,,,,1,,,,,,,,,,,,,,,,,
639ee873e6a0dfafb082cbaa,bookstodon.thestorygraph.com,Y,8,Interest,"No spoilers. If you want to discuss anything of that sort, please use the spoiler (Content Warning) tag.",,1,,,,,,,,,,,,,,,,,,,1,,,,,,1,,,,,,,,,,,,,,,
637b2f1ed94dca7f11e7b296,a11y.info,Y,6,Interest,"No racism, sexism, homophobia, transphobia, xenophobia, casteism or ableism",,1,,,,,,,1,,,,,,,,,1,,,,,,,,,,,,,,,,,,,,,,,,
637b2f1ed94dca7f11e7b296,a11y.info,Y,6,Interest,No incitement of violence or promotion of violent ideologies,,1,,,,,,,,,,,,,,,,,,,,,1,,,,,,,,,,,,,,,,,,,
637b2f1ed94dca7f11e7b296,a11y.info,Y,6,Interest,"No harassment, dogpiling or doxxing of other users",,1,,,,,1,1,,,,,,,1,,,,,,,,,,,,,,,,,,,,,,,,,,,
637b2f1ed94dca7f11e7b296,a11y.info,Y,6,Interest,Do not share intentionally false or misleading information,,1,,,,,,,,,,,,,,,,,,,,,,1,,,,,,,,,,,,,,,,,,
637b2f1ed94dca7f11e7b296,a11y.info,Y,6,Interest,"No spam, crypto or illegal content",,1,,,,,,,,,,,,,,,,,,1,,,,,1,,,,,,,,,,,,,1,,,,
637b2f1ed94dca7f11e7b296,a11y.info,Y,6,Interest,"We will ban you if you insult, demean, or harass anyone outside of a friendly context. In particular, we don’t tolerate behavior that excludes folks in socially marginalized groups.",,1,,1,,,,1,,,,,,,,1,,,,,,,,,,,,,,,,,,,,,,,,,,
5d9b53c963f3d141ad341b03,allpro.social,Y,1,Interest,Dogs are not allowed to play basketball,,1,1,,,,,,,,,,,,,,,,,,,,,,,,,,,,,,,,,,,,,,,
637b2f41d94dca7f11e7b330,dosgame.club,Y,4,Interest,dosgame.club is committed to safeguarding and promoting the well-being of all its members.,1,,,,,,,,,,,,,,,1,,,,,,,,,,,,,,,,,,,,,,,,,,
637b2f41d94dca7f11e7b330,dosgame.club,Y,4,Interest,"We do not tolerate sexism, racism, ableism, homo- or transphobia or any other kind of hate speech.",,1,,1,,,,,1,,,,,,,,,1,,,,,,,,,,,,,,,,,,,,,,,,
637b2f41d94dca7f11e7b330,dosgame.club,Y,4,Interest,We reserve the right to delete any content posted on this instance that does not respect the dignity or worth of other users.,,1,,1,,,,,,,,,,,,1,,,,,,,,,,,,,,,,,,,1,,,,,,,
637b2f41d94dca7f11e7b330,dosgame.club,Y,4,Interest,Repeat offenders will be removed from the instance.,,1,,1,,,,,,,,,,,,,,,,,,,,,,,,,,,,,,,,,,,,,,
637b2eaad94dca7f11e7b0c6,metasocial.com,Y,2,Regional,"Play nice. If you engage in behavior that Jesse believes is inappropriate, he'll either ask you to cut it out or boot you from the server without notice.",1,,,1,,,,,,,,,,,,1,,,,,,,,,,,,,,,,,,,,,,,,,,
637b2eaad94dca7f11e7b0c6,metasocial.com,Y,2,Regional,"This is a private server.

If you don't know Jesse personally, this is not the right fediverse server for you. https://joinmastodon.org/servers has a list of places you might check out.",,1,,,,,,,,,,,,,,,,,,,,,,,,,,,,,,,,,,,,,,,,1
638401348ee37d3244b208bb,okla.social,Y,8,Regional,"No toxic and hateful speech. We have a zero-tolerance policy on toxic and hateful speech. This includes attacks against anyone’s gender identity or expression, sexual orientation, race, ethnicity, nationality, religion, age, disability, personal appearance, or socio-economic status. ",,1,,,,,,1,1,,,,,,,,,1,,,,,,,,,,,,,,,,,,,,,,,,
638401348ee37d3244b208bb,okla.social,Y,8,Regional,"No incitement of violence and no promotion of misleading/violent ideologies. You may not make specific threats of violence or physical harm, death, or disease to an individual or group of people. This includes, but is not limited to, promoting misleading information that may lead to physical harm. ",,1,,,,,,,,,,,,,1,,,,,,,,1,1,,,,,,,,,,,,,,,,,,
638401348ee37d3244b208bb,okla.social,Y,8,Regional,"No harassment, dogpiling, or unwanted advances. You may not continue to engage with a user who has explicitly requested that you stop. This includes consistent baiting, bad-faith gaslighting, unwanted sexual advances, etc.",,1,,,,,,1,,,,,,,1,,,,,,,,,,,,,,,,,,,,,,,,,,,
638401348ee37d3244b208bb,okla.social,Y,8,Regional,No doxxing of other users. Unauthorised requests for or distribution of any personal information or data is not allowed. Please treat personally identifying information with respect and privacy.,,1,,,,,1,,,,,,,,,1,,,,,,,,,,,,,,,,,,,,,,,,,,
638401348ee37d3244b208bb,okla.social,Y,8,Regional,"No content illegal in the United States or copyrighted content that you don't own rights to. Illegal or copyrighted content is not allowed to be stored, posted, or discussed on okla.social.",,1,,,,1,,,,,,,,,,,,,,,,,,,1,,,,,,,,,,,,,,,,,
638401348ee37d3244b208bb,okla.social,Y,8,Regional,Sexually explicit or violent media must be marked appropriately. Posts and images with sexually explicit or violence must be flagged as sensitive and contain a content warning noting either ‘NSFW’ or ‘Violence’ when posting.,1,,,,,,,,,,,,1,,,,,,,,,,,,,,,1,,,,,,,,,,,,,,
638401348ee37d3244b208bb,okla.social,Y,8,Regional,"No spamming. Excessive posting, boosting, advertising or mass-marketing posts will be actioned accordingly and based on intent.",,1,,,1,,,,,,,,,,,,,,,1,,,,,,,,,,,,,,,,,,,,,,
638401348ee37d3244b208bb,okla.social,Y,8,Regional,Be yourself,1,,,,,,,,,,,,,,,1,,,,,,,,,,,,,,,,,,,,,,,,,,
63a281e50b3758f6d34fc05d,gainer.cloud,Y,9,Interest,"Respect everyone: we actively moderate against racism, sexism, homophobia, transphobia... Any kind of discrimination.",1,,,,,,,,,,,,1,,,1,,1,,,,,,,,,,,,,,,,,,,,,,,,
63a281e50b3758f6d34fc05d,gainer.cloud,Y,9,Interest,"Any content that is illegal in UK, Ireland and EU is prohibited.",,1,,,,,,,,,,,,,,,,,,,,,,,1,,,,,,,,,,,,,,,,,
63a281e50b3758f6d34fc05d,gainer.cloud,Y,9,Interest,Do not gather information about our users by means of web scrapers or other software alike.,,1,,,,,,,,,,,,,,,,,,,,,,,,,,,,,,,,,,,,,,,,
63a281e50b3758f6d34fc05d,gainer.cloud,Y,9,Interest,"Dont Spam, occasional promotions are allowed but do not post constantly about them.",,1,,,,,,,,,,,,,,,,,,1,,,,,,,,,,,,,,,,,,,,,,
63a281e50b3758f6d34fc05d,gainer.cloud,Y,9,Interest,"Adult content server: you are allowed to post sexually explicit content on here, as long as it will be accompanied by a content warning.",1,,,,,,,,,,,,1,,,,,,,,,,,,,,1,,,,,,,,,,,,,,,
63a281e50b3758f6d34fc05d,gainer.cloud,Y,9,Interest,"No minors are allowed on this server. Any participant is required to have a profile on grommr, chasabl, biggercity or another mastodon instance to be elligible to join.",,1,,,,,,,,,,,,,,,,,,,,,,,,,,,,,,,,,,1,,,,,,
63a281e50b3758f6d34fc05d,gainer.cloud,Y,9,Interest,"No Saving pictures - All pictures on this site remain the sole owner of the people who take and publish them, anyone discovered saving any pictures without the owners permission will be permanently banned. ",,1,,1,,1,,,,,,,,,,,,,,,,,,,,,,,,,,,,,,,,,,,,
63a281e50b3758f6d34fc05d,gainer.cloud,Y,9,Interest,"By Signing up to gainer.cloud you confirm that you are over 18, if you are not over 18 then please use another instance of mastodon. ",1,1,,1,,,,,,,,,,,,,,,,,,,,,,,,,,,,,,,,1,,,,,,
63a281e50b3758f6d34fc05d,gainer.cloud,Y,9,Interest,"No Nudity in profile pictures, topless is fine if you want but no genitals.",1,1,1,,,,,,,,,,1,,,,,,,,,,,,,,,,,,,,,,,,,,,,,
5acaf9da3366f24a20cfbbad,biscuit.town,Y,5,Identity,"No hate speech allowed : no racism, sexism, transphobia, ableism, fatphobia, and in general harrassment",,1,,,,,,1,1,,,,,,,,,1,,,,,,,,,,,,,,,,,,,,,,,,
5acaf9da3366f24a20cfbbad,biscuit.town,Y,5,Identity,"Use CWs as much as possible : general topics to CW are nudity, hate speech (when referring to it), violence, politics...  You can also use CWs as spoilers warnings for movies & games.",1,,,,,,,,,,,,1,,,,1,,,1,1,,,,,,1,,,,,,,,,,,,,,,
5acaf9da3366f24a20cfbbad,biscuit.town,Y,5,Identity,Always CW NSFW content and mark it as sensible.,1,,,,,,,,,,,,1,,,,,,,,,,,,,,1,,,,,,,,,,,,,,,
5acaf9da3366f24a20cfbbad,biscuit.town,Y,5,Identity,"Avoid public settling of differences. If you have a problem with anyone, try to resolve it privately or contact the moderation team. Unwanted subtoot is not allowed.  ",,1,1,1,,,,,,,,,,,,1,,,,,,,,,,,,,,,,,,,,,,,,,,
5acaf9da3366f24a20cfbbad,biscuit.town,Y,5,Identity,"Do not harass anyone : don't send targeted hatred to someone, repeated attacks to a specific person, participate in mass bullying.",,1,,,,,,1,,,,,,,,,,,,,,,,,,,,,,,,,,,,,,,,,,
5bfd06bb141c6828ecc1549e,comicscamp.club,Y,10,Interest,"NSFW art, images of gore, extreme blood, violence, and body horror must be hidden under a descriptive CW or marked sensitive. Sexually explicit art must be CWed/marked sensitive AND posted as Unlisted/Follower's Only.",1,,,,,,,,,1,,,1,,,,,,,,,,,,,,1,,,,,,,,,,,,,,,
5bfd06bb141c6828ecc1549e,comicscamp.club,Y,10,Interest,"Photographic pornography is explicitly disallowed. NSFW content of minors or persons of questionable age, ""cub porn"", and lolicon content will result in immediate suspension.",,1,,1,,,,,,,,,1,,,,,,,,,,,,,1,,,,,,,,,,,,,,,,
5bfd06bb141c6828ecc1549e,comicscamp.club,Y,10,Interest,"Racism, homophobia, transphobia, ableism, violent nationalism, fascism, hate speech, bigotry, and advocation thereof is prohibited and will be strictly enforced. ",,1,,1,,,,,1,,,,,,,,,,,,,,,,,,,,,,,1,,,,,,,,,,
5bfd06bb141c6828ecc1549e,comicscamp.club,Y,10,Interest,"ComicsCamp.Club has a zero-tolerance policy for harassment or bullying, which includes wilfully committing microaggressions, trolling, dogpiling, and ""doxing"". ",,1,,1,,,1,1,,,,,,,1,,,,,,,,,,,,,,,,,,,,,,,,,,,
5bfd06bb141c6828ecc1549e,comicscamp.club,Y,10,Interest,"Re-posting other people's work/copyrighted content is not allowed without credit and some kind of analysis, opinion, or critique. Whenever possible, link to another's work instead of re-uploding, and respect the rights of creators.",,1,,,,1,,,,,,,,,,,,,1,,,,,,,,,,,,,,,,,,,,,,,
5bfd06bb141c6828ecc1549e,comicscamp.club,Y,10,Interest,"Spam, flooding of the public/local/federated timelines, and unapproved bots or advertising is not allowed. (This does not include promoting your personal work or storefront; please promote yourself!)",,1,,,1,,,,,,,,,,,,,,,1,,,,,,,,,,,,,1,,1,,,,,,,
5bfd06bb141c6828ecc1549e,comicscamp.club,Y,10,Interest,"We expect our community members to respect the boundaries of others, and to have their boundaries respected. Whenever possible, try to deescalate. Contact our admin/mod team for assistance, and follow our Community Guidelines.",1,,,,,,,,,,,,,,,1,,,,,,,,,,,,,,,,,,,,,,,,1,,
5bfd06bb141c6828ecc1549e,comicscamp.club,Y,10,Interest,NFTs and cryptocurrency (excluding critique thereof) are not welcome here. Please find another server for your crypto-content.,,1,,,,,,,,,,,,,,,,,,,,,,,,,,,,,,,,,,,,1,,,,
5bfd06bb141c6828ecc1549e,comicscamp.club,Y,10,Interest,"This list is not exhaustive. Read and understand the entirety of our Community Guidelines and Moderation Policy (CoC) before joining. We are trying to foster a safe, supportive, and inclusive space for as many people as possible, and our Community Guidelines are how we achieve that.",1,,,1,,,,,,,,,,,,1,,,,,,,,,,,,,,,,,,,1,,,,,,,
5bfd06bb141c6828ecc1549e,comicscamp.club,Y,10,Interest,"AI-generated art/images must be tagged with #AIArt, hidden under a descriptive CW/marked sensitive, and have the software used to create it listed.",1,,,,,,,,,1,,,,,,,,,,,,,,,,,1,,,,,,,,,,,,1,,,
63790e41057570bcb618baa5,mediastodon.com,Y,5,Interest,"You must use your PROFESSIONAL e-mail address associated with your media !
If you're an independant, you can use your personal e-mail address ;)",1,,1,,,,,,,,,,,,,,,,,,,,,,,,,,,,,,,,,,,,,,,
63790e41057570bcb618baa5,mediastodon.com,Y,5,Interest,All languages are accepted.,1,,,,,,,,,,,,,,,,,,,,,,,,,,,,,,,,,1,,,,,,,,
63790e41057570bcb618baa5,mediastodon.com,Y,5,Interest,"No racism, sexism, homophobia, xenophobia, transphobia or incitement of violence or promotion of violent ideologies or doxxing, casteism, dogpiling or harassment of other users",,1,,,,,1,1,1,,,,,,1,,,1,,,,,1,,,,,,,,,,,,,,,,,,,
63790e41057570bcb618baa5,mediastodon.com,Y,5,Interest,This server is ONLY dedicated to professionnal/journalists and independant medias/non-profit organisation.,1,,,,,,,,,,,,,1,,,,,,,,,,,,,,,,,,,,,,,,,,,,
63790e41057570bcb618baa5,mediastodon.com,Y,5,Interest,No sharing of intentionally false or misleading information,,1,,,,,,,,,,,,,,,,,,,,,,1,,,,,,,,,,,,,,,,,,
637b335ad94dca7f11e7c266,social.restless.systems,Y,7,General,"Hatred will not be tolerated. This includes, but isn't limited to racist language, derogatory statements and more.
",,1,,1,,,,,1,,,,,,,,,,,,,,,,,,,,,,,,,,,,,,,,,
637b335ad94dca7f11e7c266,social.restless.systems,Y,7,General,"Remember the human. Try to keep it civil, although we understand things can get heated.",1,,,,,,,,,,,,,,,1,,,,,,,,,,,,,,,,,,,,,,,,,,
637b335ad94dca7f11e7c266,social.restless.systems,Y,7,General,Harassing others will not be tolerated: no means no.,,1,,,,,,1,,,,,,,,,,,,,,,,,,,,,,,,,,,,,,,,,,
637b335ad94dca7f11e7c266,social.restless.systems,Y,7,General,"Server admins have final authority. Bans may be appealed, but ban evasion will lead to either IP blocks, or instance blocks as needed",1,,,1,,,,,,,,,,,,,,,,,,,,,,,,,,,,,,,,,,,,,,
637b335ad94dca7f11e7c266,social.restless.systems,Y,7,General,Be kind to others ...,1,,,,,,,,,,,,,,,1,,,,,,,,,,,,,,,,,,,,,,,,,,
637b335ad94dca7f11e7c266,social.restless.systems,Y,7,General,NSFW/R18 content must be marked as such,1,,,,,,,,,,,,1,,,,,,,,,,,,,,1,,,,,,,,,,,,,,,
637b335ad94dca7f11e7c266,social.restless.systems,Y,7,General,Cyrptocurrency/NFT scams and spam will not be tolerated,,1,,,,,,,,,,,,,,,,,,1,,,,,,,,,,,,,,,,,,1,,,,