Instance Name,birth
swiftdevs.space,Unknown error
mastodon.jamidisi-edu.de,2023-09-12T00:00:00.000Z
1uca.com,2023-11-02T00:00:00.000Z
india.goonj.xyz,2022-01-14T00:00:00.000Z
usuzakuraya.us,Data not available
crafty.social,Data not available
metapixl.com,2018-12-28T23:47:27.000000Z
paw.best,Unknown error
pixelfed.utopia-valley.com,Failed to retrieve instance information. Status code: 504
soundbyte.social,Unknown error
fioredon.ysizuku.com,Unknown error
djs.social,2023-07-03T00:00:00.000Z
zeppelin.flights,2023-02-05T00:00:00.000Z
bolha.one,2022-11-21T00:00:00.000Z
social.ivor.org,2022-11-08T00:00:00.000Z
tty0.social,2022-11-06T00:00:00.000Z
mastodon.thin.computer,Unknown error
thewizardingworld.com,2023-02-24T00:00:00.000Z
social.xiven.com,2023-10-10T00:00:00.000Z
ciberlandia.pt,2022-11-02T00:00:00.000Z
mastodon.eenoog.org,Unknown error
me.pptry.info,2023-08-10T00:00:00.000Z
social.bacardi55.io,2022-12-02T17:01:38.000Z
mastodon.horvath.com,2022-12-20T00:00:00.000Z
echoes.stolen.day,2022-05-05T00:00:00.000Z
procydon.net,2022-11-19T00:00:00.000Z
paopu.social,2023-07-02T00:00:00.000Z
social.kapellen.onl,2024-01-03T00:00:00.000Z
goyim.social,Data not available
anticapitalistcatgirl.club,2022-11-10T00:00:00.000Z
mastodon.cogindo.net,2022-10-30T00:00:00.000Z
tailored.social,Data not available
social.photo,Data not available
social.gaven.me,2022-12-22T00:00:00.000Z
mstdn.gingarenpo.com,Failed to retrieve instance information. Status code: 404
pixelfed.snowhouse.noho.st,Unknown error
social.agor.ist,Unknown error
mastodon.rfc1925.org,2022-11-19T00:00:00.000Z
catpost.ing,Unknown error
mastodon.hk,2017-04-08T00:00:00.000Z
mast.keyd.ru,2022-11-13T00:00:00.000Z
ansiktsburk.se,2022-12-21T00:00:00.000Z
mastodon.airi.tv,2022-11-18T00:00:00.000Z
fishsci.com,2024-05-15T00:00:00.000Z
middleearth.social,2022-11-14T00:00:00.000Z
mastodon.li7g.com,2022-11-11T00:00:00.000Z
mastodon.vanlife.is,2022-11-17T00:00:00.000Z
mastodon-ero.xyz,Unknown error
mastodon.cloudsecurityofficehours.com,Unknown error
algebra.chat,2022-11-08T00:00:00.000Z
freiewaehler.social,2022-12-06T00:00:00.000Z
joshuastrobl.social,2023-08-24T00:00:00.000Z
mastodon.thomaspreece.net,2022-11-18T00:00:00.000Z
mastodon.palmer.house,Data not available
mastodon.tech-nico.de,2022-11-05T00:00:00.000Z
madworld.social,Unknown error
argon.city,2022-11-05T00:00:00.000Z
demo24.graz.social,Failed to retrieve instance information. Status code: 404
linuxlab.sh,2018-03-29T00:00:00.000Z
wbrew.radom.pl,2022-11-20T00:00:00.000Z
don.nakochi.me,2023-07-04T00:00:00.000Z
imastodon.net,2017-04-14T00:00:00.000Z
windscribe.social,2023-03-04T00:00:00.000Z
social.franco.net.eu.org,2023-02-07T00:00:00.000Z
beratna.net,2022-11-20T00:00:00.000Z
bergamot.social,2022-11-07T00:00:00.000Z
irrelevant.me.uk,2022-11-15T00:00:00.000Z
kopiti.am,2018-08-13T00:00:00.000Z
urgentcodex.com,2024-07-03T00:00:00.000Z
social.xwyqi.org,2024-08-06T12:19:08.000Z
earldouglas.social,2019-07-25T00:00:00.000Z
fox.nexus,1970-01-01T00:00:00.000Z
darktundra.xyz,2023-05-21T00:00:00.000Z
westen.social,2022-11-23T00:00:00.000Z
snailedit.social,2022-11-22T00:00:00.000Z
tor.lat,2023-04-22T00:00:00.000Z
voi.social,2020-03-26T00:00:00.000Z
social.tulsa.ok.us,2020-02-26T00:00:00.000Z
pluffy.monster,2023-09-27T00:00:00.000Z
pigeon.place,2023-06-19T00:00:00.000Z
spacenoid.social,2022-12-12T00:00:00.000Z
social.khmelnytskyi.dcomm.net.ua,2022-11-21T00:00:00.000Z
msdyn365bc.social,2022-11-14T00:00:00.000Z
mastoxiv.page,2022-12-19T00:00:00.000Z
mastodon.totmin.ru,2023-06-14T00:00:00.000Z
korallenherz.masto.host,2023-08-03T00:00:00.000Z
nerdculture.de,2019-11-07T00:00:00.000Z
ponjour.com,Failed to retrieve instance information. Status code: 403
higgy.social,2023-07-10T00:00:00.000Z
fedi.erin.lgbt,2023-08-19T00:00:00.000Z
www.sharebright.net,2021-08-14T00:00:00.000Z
ploen.social,2022-11-02T00:00:00.000Z
mastodon.vhack.eu,Data not available
social.validpostage.com,2022-11-07T00:00:00.000Z
dcae.fyi,2022-11-20T00:00:00.000Z
byteheaven.net,2022-12-19T00:00:00.000Z
redpawcollective.co,2023-06-24T00:00:00.000Z
andalucia.social,2022-11-28T00:00:00.000Z
pixelfed.casually.cat,Data not available
pixels.pks.ai,Failed to retrieve instance information. Status code: 522
m-i.im,2021-02-10T00:00:00.000Z
4d2.social,2024-06-25T00:00:00.000Z
emacs.ch,Failed to retrieve instance information. Status code: 404
dreamersreality.dev,2022-11-24T00:00:00.000Z
social.dib.de,2023-03-17T00:00:00.000Z
bayes.club,2024-02-07T00:00:00.000Z
fluffbu.de,Unknown error
gs.leftic.club,2021-03-13T00:00:00.000Z
iam.mikei.sh,2022-11-08T00:00:00.000Z
m.goehausen.org,2024-07-05T00:00:00.000Z
moreofacomment.my,Failed to retrieve instance information. Status code: 403
metsubo-jinrai.net,2022-11-20T00:00:00.000Z
scientists.today,2022-11-23T00:00:00.000Z
asylum.nz,Unknown error
tukkers.online,2021-01-03T00:00:00.000Z
pixels.stocksfamily.online,Failed to retrieve instance information. Status code: 530
shiina.cafe,2021-07-19T00:00:00.000Z
ottweiler.social,Failed to retrieve instance information. Status code: 404
discordian.social,2022-11-14T00:00:00.000Z
toot.gaiac.io,2022-11-19T00:00:00.000Z
toot.niflheim.monster,2024-02-19T00:00:00.000Z
data-folks.masto.host,Unknown error
m.kretschmann.social,2017-06-09T00:00:00.000Z
mastodon.tokyo,2021-04-08T00:00:00.000Z
kunichogi.icu,2023-11-24T00:00:00.000Z
soc.ottr.uk,2023-07-07T00:00:00.000Z
mastodon.caylee.de,2022-12-10T00:00:00.000Z
stellaria.network,2019-01-06T00:00:00.000Z
fedi.science,2022-11-23T00:00:00.000Z
four-nine.club,2021-04-21T00:00:00.000Z
moessingen.social,2022-06-04T00:00:00.000Z
barruf.eu,Unknown error
social.pogo.community,2023-01-15T00:00:00.000Z
m.blank.org,2022-11-13T00:00:00.000Z
proc.social,Failed to retrieve instance information. Status code: 404
bjd.social,2022-12-07T00:00:00.000Z
mastodon.scientiam.org,2022-11-13T00:00:00.000Z
mastodon.zergy.net,2018-06-09T00:00:00.000Z
metalverse.social,2022-11-10T00:00:00.000Z
mastodon.loutaci.cz,Failed to retrieve instance information. Status code: 502
clockwork.monster,2023-02-10T00:00:00.000Z
tallahasseesocial.org,Data not available
soc.bosio.info,2022-06-01T00:00:00.000Z
beef.moe,2022-11-19T00:00:00.000Z
freie-re.de,2023-04-29T00:00:00.000Z
dustbuster.club,2022-11-12T00:00:00.000Z
fedi.transgendershitposting.com,Unknown error
dhbenihana.jp,Unknown error
gts.fsociety.social,Unknown error
m.flyemoji.moe,Failed to retrieve instance information. Status code: 525
mastodon.nothus.fr,2022-12-22T00:00:00.000Z
outre.social,2023-07-28T00:00:00.000Z
cavalina.net,2022-11-21T00:00:00.000Z
creature.garden,2024-04-22T00:00:00.000Z
mifle.eu,Data not available
mastodon.re,2022-11-27T00:00:00.000Z
anticapitalista.it,2023-11-16T00:00:00.000Z
autonomous.zone,2021-02-15T00:00:00.000Z
pixelfed.krebos.nl,Unknown error
v2br.social,2022-10-28T00:00:00.000Z
wandzeitung.xyz,2019-07-11T00:00:00.000Z
feed.nxs3.com,2022-10-31T00:00:00.000Z
mstdn.thms.uk,2022-11-11T00:00:00.000Z
samstodon.net,2023-01-05T00:00:00.000Z
social.cyrusbio.com,2022-12-19T00:00:00.000Z
social.foxes.life,2022-11-12T00:00:00.000Z
saltylike.us,2023-01-02T00:00:00.000Z
social.mykolayiv.dcomm.net.ua,2022-09-02T00:00:00.000Z
glitch.braydmedia.de,2024-12-29T00:00:00.000Z
social.albertmin.com,2022-11-19T00:00:00.000Z
zombofant.net,2023-02-18T00:00:00.000Z
assortedflotsam.com,2017-10-13T00:00:00.000Z
social.davidbrush.info,2023-08-04T00:00:00.000Z
social.kharkiv.dcomm.net.ua,2022-09-02T00:00:00.000Z
forensicpsychiatry.social,2022-10-31T00:00:00.000Z
dea42.social,2022-11-29T00:00:00.000Z
xn--eckza.net,2025-01-16T00:00:00.000Z
mastodon.hns.au,2024-06-13T00:00:00.000Z
mastodon.gnomos.org,2021-05-18T00:00:00.000Z
mstdn.whitepig.net,2023-02-02T00:00:00.000Z
fedi.adamm.cc,2024-05-12T00:00:00.000Z
nebu.social,2023-07-02T00:00:00.000Z
gosocial.au,2022-11-13T00:00:00.000Z
ohbear.wtf,2023-02-11T00:00:00.000Z
mstd.ircta.lk,2022-11-10T00:00:00.000Z
overcomplicated.systems,2023-07-17T22:38:56.000000Z
social.cwts.nl,2022-11-29T00:00:00.000Z
attreno.fr,2024-02-28T00:00:00.000Z
mastodon.heavymusic.rocks,Unknown error
myapple.social,2023-01-26T00:00:00.000Z
avatastic.uk,2022-04-25T00:00:00.000Z
social.cryptography.dog,2021-08-21T00:00:00.000Z
social.gyt.is,Failed to retrieve instance information. Status code: 403
m.selden.page,Unknown error
sociallydental.org,2022-12-01T00:00:00.000Z
mammoth.gry.st,2022-11-05T00:00:00.000Z
social.lykledevries.nl,2023-07-26T00:00:00.000Z
teqpot.info,2024-02-23T00:00:00.000Z
matus.cc,2024-03-19T00:00:00.000Z
zoroark.cafe,2023-03-07T00:00:00.000Z
social.demi-sec.org,2022-11-09T00:00:00.000Z
ptpverse.dns-cloud.net,2023-07-15T00:00:00.000Z
mastodon.einfachmc.de,Data not available
mastodon.gaide.me,2022-12-23T00:00:00.000Z
computerclub.social,2023-12-27T00:00:00.000Z
pebble.social,2023-11-04T00:00:00.000Z
mastodon.libretic.fr,2022-05-28T00:00:00.000Z
m.krikkert.net,Unknown error
med-mastodon.com,2022-10-30T00:00:00.000Z
hellowelcome.club,2022-11-20T00:00:00.000Z
mastodon.archive.org,2022-11-09T00:00:00.000Z
spartanburg.social,2022-12-01T00:00:00.000Z
mastodon.wien,2022-11-11T00:00:00.000Z
www.polylux.xyz,Data not available
skvip.lol,2023-07-11T00:00:00.000Z
ravenation.club,2022-04-26T00:00:00.000Z
thepathbegins.social,2022-11-07T00:00:00.000Z
mast.sabross.xyz,2024-04-22T00:00:00.000Z
tech.intersects.art,2022-11-10T00:00:00.000Z
sgc.social,2022-11-13T00:00:00.000Z
cailincat.cloud,2022-05-29T00:00:00.000Z
social.touhey.org,2022-04-08T00:00:00.000Z
meteo.social,2022-05-06T00:00:00.000Z
suivez.moi.ovh,Failed to retrieve instance information. Status code: 404
linuxhotel.social,2022-12-05T00:00:00.000Z
functional.cafe,2017-04-09T00:00:00.000Z
mastodon.parleur.net,2018-03-18T00:00:00.000Z
esoteric.party,Data not available
fwoof.space,2024-04-11T00:00:00.000Z
atta.ch.to,Data not available
nileane.fr,2023-02-02T00:00:00.000Z
streamers.social,2022-11-12T00:00:00.000Z
pawb.fun,2024-09-09T00:00:00.000Z
mastodon.rym.social,2022-11-27T00:00:00.000Z
waterford.international,2022-11-13T00:00:00.000Z
wish.fedicity.net,Unknown error
social.karotte.org,2023-12-14T00:00:00.000Z
crystallake.camp,2023-05-14T00:00:00.000Z
pixel.staging.balamb.fr,2022-11-05T01:17:34.000000Z
cheongyeon.masto.host,Unknown error
fedi.turbofish.cc,2022-11-07T00:00:00.000Z
openedtech.social,2022-11-10T00:00:00.000Z
jemal.contact,Unknown error
voip.social,2023-11-17T00:00:00.000Z
mstdn.asterism.xyz,2018-08-18T00:00:00.000Z
jauntygoat.net,2021-01-19T00:00:00.000Z
subculture.chat,Unknown error
pol.social,2021-11-01T00:00:00.000Z
lazyatom.social,2018-08-21T00:00:00.000Z
status.fberriman.com,2023-02-05T00:00:00.000Z
mastodon.bierschutzpartei.de,2022-04-26T00:00:00.000Z
ppb.social,2024-02-16T00:00:00.000Z
cupoftea.social,2022-11-18T00:00:00.000Z
secretbearsociety.org,Failed to retrieve instance information. Status code: 404
justme.masto.host,2022-12-03T00:00:00.000Z
thefire.work,Data not available
mainspitze.social,Data not available
awwter.online,2022-11-27T00:00:00.000Z
frameperfect.space,2022-11-11T00:00:00.000Z
nwb.social,2022-10-11T00:00:00.000Z
insta.landofkittens.social,Data not available
eepy.life,Unknown error
ftp.crysp.org,2022-11-11T00:00:00.000Z
arielfinn.social,2022-12-27T00:00:00.000Z
mastotut.cat,2022-11-19T00:00:00.000Z
jugendtrier.de,2023-09-08T00:00:00.000Z
masto.wardenburg.social,2022-11-10T00:00:00.000Z
helvede.net,2025-02-10T00:00:00.000Z
schach.social,2022-04-27T00:00:00.000Z
socialcoderz.com,2022-11-08T00:00:00.000Z
xyzyx.org,2018-08-09T00:00:00.000Z
thoughts.rahil.rocks,2024-03-25T00:00:00.000Z
mastodon.networkback.synology.me,Failed to retrieve instance information. Status code: 404
mastodon.varjonvalo.fi,2024-03-26T00:00:00.000Z
mastodon.au,2023-02-17T00:00:00.000Z
trustyantler.truanon.com,Unknown error
bladerunner.social,2022-11-08T00:00:00.000Z
cyberfurz.social,2022-11-01T00:00:00.000Z
prodromou.pub,2022-11-12T00:00:00.000Z
shrin.es,2023-11-29T00:00:00.000Z
delregno.social,Unknown error
notify.mstdn.wiki,Failed to retrieve instance information. Status code: 410
miau.le-chat-a-velo.at,2022-11-27T00:00:00.000Z
socks.masto.host,2022-11-02T00:00:00.000Z
toot.wales,2018-08-24T00:00:00.000Z
pellicule.bim.land,Data not available
kave.kibbutz.gay,Unknown error
mastodon.cabaal.net,2023-01-09T00:00:00.000Z
anti-social.online,2022-11-07T00:00:00.000Z
mastodon.buzhangjiuzhou.com,2021-11-26T00:00:00.000Z
dudes.keinpfusch.net,Failed to retrieve instance information. Status code: 404
pouet.chapril.org,2017-06-05T00:00:00.000Z
program-theia.monster,2023-08-18T00:00:00.000Z
aipub.social,2023-06-13T00:00:00.000Z
kei.fashion,Unknown error
mstdn.maud.io,2017-04-11T00:00:00.000Z
beep.town,2024-02-29T00:00:00.000Z
mastodon.flying-snail.de,2022-05-01T00:00:00.000Z
mastodon.white-void.net,2020-05-29T00:00:00.000Z
exercise.cafe,Data not available
social.duan.ca,Failed to retrieve instance information. Status code: 521
mastdn.social,2022-11-23T00:00:00.000Z
mstdn.starnix.network,2022-02-13T00:00:00.000Z
mastodon.inclusion.cc,2022-11-15T00:00:00.000Z
is.nota.live,2018-09-21T00:00:00.000Z
mastodon.personalspaceshow.lawyer,2023-04-09T00:00:00.000Z
toot.whatever.cz,2019-01-22T00:00:00.000Z
m.kawaii.gg,2022-11-04T00:00:00.000Z
wiesbaden.social,2022-11-16T00:00:00.000Z
mstdn.pepepper.net,2022-06-09T00:00:00.000Z
px.fux.is,Data not available
ellie.social,2022-11-22T00:00:00.000Z
mastodon.catgirl.cloud,2023-06-11T00:00:00.000Z
theexpan.se,Unknown error
mstdn.facb69.com.br,2023-09-27T00:00:00.000Z
wiki.style,2022-10-13T00:00:00.000Z
poliverso.org,2021-08-08T14:48:58.000Z
mstdn.team-rescue.com,2023-09-02T00:00:00.000Z
fedii.xn--n3haa.ws,2023-02-03T00:00:00.000Z
sisulink.social,2023-06-21T00:00:00.000Z
bbbdn.jp,2024-02-10T00:00:00.000Z
nagoyadon.jp,2017-06-10T00:00:00.000Z
squeak.games,2022-12-21T00:00:00.000Z
cybermage.sh,2022-11-06T00:00:00.000Z
colearn.social,2022-11-18T00:00:00.000Z
rvagc.social,2022-11-08T00:00:00.000Z
rainbow.lol,2022-05-01T00:00:00.000Z
mastodon.titi.me.uk,2022-12-26T00:00:00.000Z
edgy.social,2021-10-26T00:00:00.000Z
mastodon.ezytech.fr,2023-01-20T00:00:00.000Z
nerdcast.space,Unknown error
meshed.cloud,2022-05-01T00:00:00.000Z
mstdn.ke1go360.net,Unknown error
social.headbright.eu,Unknown error
betagravity.com,2023-03-09T00:00:00.000Z
mastodon.lawprofs.org,Unknown error
social.dayvancowboy.net,Unknown error
m.divita.eu,2020-05-29T00:00:00.000Z
mastodon.vshn.social,2024-03-01T00:00:00.000Z
pixelfed.cz,Data not available
vandrare.page,2022-04-09T00:00:00.000Z
mastodon.uy,2017-04-25T00:00:00.000Z
merveilles.town,2018-12-16T00:00:00.000Z
social.do.srb2.org,2023-02-04T00:00:00.000Z
faith.2pp.uk,2023-01-20T00:00:00.000Z
fedi.charlie2alpha.org,2023-08-26T09:03:36.000Z
observatory.social,2023-02-16T00:00:00.000Z
notorious.gay,2022-04-26T00:00:00.000Z
mstdn.tivy.work,Unknown error
wizards.business,Failed to retrieve instance information. Status code: 522
fedi.quiet.horse,Data not available
mstdn.monapii.net,2023-03-06T00:00:00.000Z
nekonya.nekosnowy.moe,2023-05-26T00:00:00.000Z
social.patchmixolydic.com,2024-06-17T00:00:00.000Z
kish.social,2022-08-11T00:00:00.000Z
m.ef.gg,2022-11-18T00:00:00.000Z
fiasco.social,2022-11-02T00:00:00.000Z
mastodon.catwuschel.com,2022-11-19T00:00:00.000Z
tffp.masto.host,2023-05-14T00:00:00.000Z
masto.nuteburn.com,Data not available
houseofcreativeweirdos.com,Failed to retrieve instance information. Status code: 502
lou.lt,2017-04-03T00:00:00.000Z
monkeyhex.com,Unknown error
nekoland.fangluo.top,Failed to retrieve instance information. Status code: 502
enoent.org,Unknown error
packmates.org,2022-12-28T00:00:00.000Z
justinyost.social,2023-02-18T00:00:00.000Z
guerrill.art,2022-07-14T00:00:00.000Z
meinungsschubla.de,2019-10-09T00:00:00.000Z
closed.place,Unknown error
i-nonaka.net,2022-12-11T00:00:00.000Z
jvm.social,2022-11-27T00:00:00.000Z
mastodon.lovetux.net,2023-05-20T00:00:00.000Z
friendica.me,Failed to retrieve instance information. Status code: 403
mastodon.nether.net,2023-02-03T00:00:00.000Z
social.rootaccess.org,2022-06-17T00:00:00.000Z
drupal.community,2022-11-14T00:00:00.000Z
pgh.social,2018-08-12T00:00:00.000Z
social.vvdog.net,2023-03-09T06:31:17.808Z
mastodonkenya.com,Unknown error
member.ro,Data not available
rethinkplaces.social,2022-11-18T00:00:00.000Z
el5.net,2022-03-01T00:00:00.000Z
social.johnwarne.com,Data not available
emeraldsocial.org,2022-12-24T00:00:00.000Z
mastodon.raptorpond.com,2022-04-26T00:00:00.000Z
lipn.info,2022-05-06T00:00:00.000Z
borderland.tokyo,2023-08-06T00:00:00.000Z
locksport.space,2022-10-30T00:00:00.000Z
transden.lgbt,2023-06-19T00:00:00.000Z
voiceover.actor,Unknown error
conversafiada.net,2022-06-19T00:00:00.000Z
minamina3710.com,2023-01-19T00:00:00.000Z
douban.city,2020-10-22T00:00:00.000Z
intentional.network,2023-01-16T00:00:00.000Z
ms.cratonsed.ge,2023-04-24T00:00:00.000Z
pone.social,2019-09-08T00:00:00.000Z
youmewrite.com,2024-06-18T00:00:00.000Z
greengame.dev,Unknown error
mammut.sekhen.com,2023-09-16T00:00:00.000Z
mastodon.akhepcat.com,2022-11-08T00:00:00.000Z
social.nextgamers.eu,Unknown error
benten.ch,Unknown error
cr8r.gg,2024-03-16T00:00:00.000Z
fedi.kevinisageek.org,2023-03-28T00:00:00.000Z
aut.social,Unknown error
pfadi.social,2022-10-02T00:00:00.000Z
fedi.halcyon-is.land,2023-07-24T00:00:00.000Z
skrivel.se,2019-06-02T00:00:00.000Z
santos.social,2023-02-07T00:00:00.000Z
barca.dix.asia,2023-03-16T00:00:00.000Z
mst.cyss.us.eu.org,Failed to retrieve instance information. Status code: 523
mastodon.deepak.science,2022-04-28T00:00:00.000Z
kb.kurotanesou.online,2024-03-01T00:00:00.000Z
mastodon.jfmblinux.fr,2022-03-14T00:00:00.000Z
gram.social,Data not available
social.jabjab.de,2022-10-27T00:00:00.000Z
anarchydica.net,2024-06-29T14:44:13.000Z
pixl.fi,Data not available
kalakukko.social,2022-12-12T00:00:00.000Z
social.macer.life,2022-12-18T00:00:00.000Z
soc.neonxp.ru,Unknown error
witchlounge.ca,2023-02-28T00:00:00.000Z
bonobo.net,Failed to retrieve instance information. Status code: 403
test.pawoo.org,Unknown error
mastodon.simpreative.network,2022-11-16T00:00:00.000Z
digitalnomads.social,2023-07-15T19:27:46.000Z
sassafras.social,Unknown error
cloud-social.xyz,2025-01-19T18:06:43.598Z
blackrocks.social,Unknown error
social.zedpro.me,2022-01-01T00:00:00.000Z
social.ftm.nl,2023-08-29T00:00:00.000Z
cheddarcrackers.club,2022-11-10T00:00:00.000Z
mastodon.magoniadb.com,Unknown error
memory.sda1.net,Unknown error
photofed.world,Data not available
mst.nekonohige.jp,2024-02-26T00:00:00.000Z
social.olchis.net,2022-04-09T00:00:00.000Z
geekdom.social,2022-11-24T00:00:00.000Z
bscabl.ddns.net,2022-12-03T00:00:00.000Z
davidclarke.social,2024-05-18T00:00:00.000Z
mstdn.fenslaw.nl,2024-01-06T00:00:00.000Z
social.kramse.org,Unknown error
labyrinth.social,2022-04-30T00:00:00.000Z
mastodon.macato.net,Failed to retrieve instance information. Status code: 530
iko.pink,2024-05-24T01:52:28.401Z
meow.kiwa.space,2023-01-13T00:00:00.000Z
social.trout.garden,Unknown error
pleroma.kwe-private.net,Data not available
mastodon.lqx.net,2022-11-12T00:00:00.000Z
dolphinhome.net,Failed to retrieve instance information. Status code: 502
entomophagy.world,2021-09-11T00:00:00.000Z
really.sleepytealcoder.com,2023-10-04T00:00:00.000Z
brainworms.io,Unknown error
social.scriptjunkie.us,2019-05-26T00:00:00.000Z
mastodon.todfox.site,2024-03-03T00:00:00.000Z
ma.fellr.net,2022-12-06T00:00:00.000Z
mastodon.hochschule-trier.de,2023-01-14T00:00:00.000Z
friendica.ingram-braun.net,Data not available
calamity.world,2023-02-14T00:00:00.000Z
mastodaix.de,2022-04-29T00:00:00.000Z
henshaw.social,2022-10-31T00:00:00.000Z
oldos.me,2023-08-23T00:00:00.000Z
starcitizen.name,2022-12-02T00:00:00.000Z
fedi.winscloud.net,2024-02-28T05:34:27.000Z
social.vouaix.com,2023-12-19T00:00:00.000Z
social.mclegoman.com,Unknown error
mastodon.emmetcoughlan.com,2022-11-19T00:00:00.000Z
mastodon.giftedmc.com,2023-10-23T00:00:00.000Z
vaughan.social,2022-05-26T00:00:00.000Z
sixfeetup.social,2023-02-23T00:00:00.000Z
social.1bitsquared.com,2022-11-25T00:00:00.000Z
keyboards.social,2023-02-10T00:00:00.000Z
mofu.one,2024-02-09T00:00:00.000Z
fmb.ftls.xyz,2023-08-05T09:43:29.000Z
jorts.horse,2018-10-04T00:00:00.000Z
mastdn.io,Data not available
pilote.me,Data not available
cosocial.ca,2023-04-07T00:00:00.000Z
howes.nz,2022-11-10T00:00:00.000Z
mastodon.infrageeks.social,2022-11-21T00:00:00.000Z
mastodon.mesothermal.science,Unknown error
tokonatsu.social,2023-07-07T00:00:00.000Z
woof.group,2023-01-02T00:00:00.000Z
gts1.entities.org.uk,2024-03-05T20:47:56.000Z
nonsocialand.space,Unknown error
social.oc.is,2022-11-11T00:00:00.000Z
chaos-gp.social,Unknown error
justsome.photos,Data not available
social.fifteen40.com,2021-03-16T00:00:00.000Z
social.openhood.ru,2022-08-27T00:00:00.000Z
misp-community.org,2022-11-20T00:00:00.000Z
pixel.easter.fr,Data not available
mastodon.rozhlas.cz,2022-12-06T00:00:00.000Z
social.jsr.com,2023-07-24T00:00:00.000Z
pixelfed.scot,Data not available
glitch.taks.garden,2020-05-16T00:00:00.000Z
dju.social,2022-04-29T00:00:00.000Z
gotosocial.dev.seppo.social,Unknown error
oliphaunt.social,2022-11-09T00:00:00.000Z
twoot.space,2022-11-23T00:00:00.000Z
puppyfire.social,2023-01-01T00:00:00.000Z
lackthereof.info,2023-01-21T00:00:00.000Z
hub.raf.rs,2024-02-03T00:00:00.000Z
mastodon.yakovlev.me,Failed to retrieve instance information. Status code: 502
brokkoli.social,Failed to retrieve instance information. Status code: 502
folksocial.org,2022-12-02T00:00:00.000Z
ap.pachy.social,2023-01-11T00:00:00.000Z
social.zyphyr.de,Failed to retrieve instance information. Status code: 500
vyizis.tech,2023-04-20T00:00:00.000Z
ljs.social,2022-05-01T00:00:00.000Z
blogator.com,2022-11-19T00:00:00.000Z
mastodon.rosenberg-watt.com,2019-11-14T00:00:00.000Z
mastodon.fsu-snuipp.fr,2023-11-16T00:00:00.000Z
kogumus.masto.host,2022-11-04T00:00:00.000Z
cybersecurity.masto.host,2021-12-29T00:00:00.000Z
mastodon.xn--9cs231j0ji.xn--p8s937b.net,Failed to retrieve instance information. Status code: 403
hameln.social,2022-11-05T00:00:00.000Z
kvasir.lanofthedead.xyz,2023-07-23T23:19:39.000000Z
oh.mastocaz.zone,Failed to retrieve instance information. Status code: 404
oceanplayground.social,2022-11-02T00:00:00.000Z
dram.group,2023-01-04T00:00:00.000Z
abando.social,2023-03-30T00:00:00.000Z
nofun.social,2022-12-01T00:00:00.000Z
social.wigger.one,Failed to retrieve instance information. Status code: 403
img.dfdx.io,Data not available
nerdout.club,2023-01-14T00:00:00.000Z
gensokyo.social,2019-01-04T00:00:00.000Z
robertparker.se,2022-12-14T00:00:00.000Z
masto.popgeeks.com,2022-11-08T00:00:00.000Z
mastodon.ladn.org,Data not available
fosspri.de,2023-01-06T00:00:00.000Z
uuchten.lu,2022-08-31T00:00:00.000Z
social.cativa.net,2022-10-29T00:00:00.000Z
colter.social,2023-01-06T00:00:00.000Z
mstdn.nicolog.jp,2019-04-16T00:00:00.000Z
social.fops.one,2023-07-24T00:00:00.000Z
mstdn.ch,2022-04-26T00:00:00.000Z
woodland.cafe,Failed to retrieve instance information. Status code: 403
toot.snipesearch.co.uk,2022-11-24T00:00:00.000Z
pixelfed.tokyo,2019-09-24T15:08:19.000000Z
social.naked.cash,Unknown error
social.starmade.de,2022-11-11T00:00:00.000Z
thegem.city,2022-11-02T00:00:00.000Z
mstdn.haku-kazamaru.club,Failed to retrieve instance information. Status code: 502
social.mb-it.com,Failed to retrieve instance information. Status code: 404
awai.hostdon.ne.jp,2023-07-02T00:00:00.000Z
ice-lolly.social,2022-04-28T00:00:00.000Z
alwayssleeping.com,2022-12-16T00:00:00.000Z
hatedon.1984.cz,Unknown error
labo.nora.social,2023-08-10T00:00:00.000Z
mastodon.mlsn.fr,2023-07-06T00:00:00.000Z
mastodon.luemy.eu,2022-10-29T00:00:00.000Z
brso.social,2022-11-18T00:00:00.000Z
negative.social,2022-12-21T00:00:00.000Z
religion.masto.host,2022-11-04T00:00:00.000Z
mastodon.developage.de,Unknown error
shitpost.school,2022-11-20T00:00:00.000Z
globalskywatch.social,2023-10-26T00:00:00.000Z
mastodon.miri.site,Unknown error
mst.slu.mx,2023-02-12T00:00:00.000Z
spojnik.works,2022-12-03T00:00:00.000Z
tgts.dragon-vi.be,2024-05-14T22:48:56.000Z
social.running.cafe,2024-02-24T00:00:00.000Z
ika.queloud.net,2017-04-15T00:00:00.000Z
mstdn.m3press.jp,Unknown error
mu.mu7ou.com,Failed to retrieve instance information. Status code: 403
panatropic.social,2022-11-22T00:00:00.000Z
masto.allerlei.it,2023-03-12T00:00:00.000Z
mastodon.boiler.social,2022-05-17T00:00:00.000Z
troettroet.de,2022-11-07T00:00:00.000Z
elonsucks.org,2022-11-22T00:00:00.000Z
gts.cybre.ninja,Failed to retrieve instance information. Status code: 418
chillpeep.zone,2023-09-19T00:00:00.000Z
social.smaier.net,2022-12-05T00:00:00.000Z
nobert.zone,2018-04-09T00:00:00.000Z
lucaire.ovh,Unknown error
is.slonk.ing,Failed to retrieve instance information. Status code: 503
m.prettyshiny.org,2023-04-07T00:00:00.000Z
kotatsu.cafe,Unknown error
cursoryreview.org,2022-11-04T00:00:00.000Z
mastodon.pirati.cz,2019-01-26T00:00:00.000Z
norrebro.space,2020-09-07T00:00:00.000Z
www.consumertraveltips.com,Failed to retrieve instance information. Status code: 403
fidelis.social,2022-12-26T00:00:00.000Z
arturoserrano.site,Failed to retrieve instance information. Status code: 406
social.darkcrow.org,2023-12-23T00:00:00.000Z
libertynode.cam,2021-07-04T18:25:32.000000Z
friendica.namestaci.cz,2023-01-26T15:57:11.000Z
atheopagan.net,2023-10-03T00:00:00.000Z
autisticpri.de,2023-05-12T00:00:00.000Z
social.fedida.com,2022-11-13T00:00:00.000Z
pixelfed.eu,Data not available
friendica.a-zwenkau.de,2019-06-24T09:40:52.000Z
tormentnexus.social,Unknown error
f-ckendehoelle.de,2022-11-05T00:00:00.000Z
social.animeprincess.net,2022-11-07T00:00:00.000Z
hellinger.wtf,2024-01-02T00:00:00.000Z
social.huslage.com,Failed to retrieve instance information. Status code: 522
cyberplace.social,2022-11-22T00:00:00.000Z
noctua.social,Data not available
blob.love,2024-04-26T00:00:00.000Z
g0v.social,2017-04-09T00:00:00.000Z
ieji.de,2017-05-08T00:00:00.000Z
mstdn.icu,Failed to retrieve instance information. Status code: 523
we.tei.li,2022-12-04T00:00:00.000Z
trollian.space,2023-06-17T00:00:00.000Z
dembowski.social,2022-12-07T00:00:00.000Z
occult.town,2023-07-14T00:00:00.000Z
mastodon.familleboisteau.fr,2023-09-10T00:00:00.000Z
zeal.center,2022-11-07T00:00:00.000Z
ausglam.space,2022-11-06T00:00:00.000Z
mastodon.sg,2018-09-03T00:00:00.000Z
social.bdash.net.nz,2023-02-14T00:00:00.000Z
masto.pt,2017-04-07T00:00:00.000Z
mastodon.naugrim.org,2023-06-12T00:00:00.000Z
mastodon.ozioso.online,2023-03-11T00:00:00.000Z
kalaclista.com,2022-11-24T11:10:28.000Z
social.val-sans-retour.fr,2022-11-24T00:00:00.000Z
blog.troch.org,2022-09-03T00:00:00.000Z
toot.xn--radwrts-8wa.de,Data not available
social.jamstation.ddns.net,Data not available
mstdn.strafpla.net,2022-11-07T00:00:00.000Z
friendica.ironbug.org,Failed to retrieve instance information. Status code: 404
mastodon.neito.us,2024-07-03T00:00:00.000Z
thegoblin.market,2022-12-29T00:00:00.000Z
avgeek.social,2022-12-15T00:00:00.000Z
mister.computer,2022-11-17T00:00:00.000Z
polyam.space,2022-11-06T00:00:00.000Z
social.bakunin.nohost.me,2023-03-25T02:02:56.320Z
benharri.org,Failed to retrieve instance information. Status code: 404
m.onweb.idv.tw,Unknown error
pixel.everythingbagel.me,Data not available
mage.town,2022-11-05T00:00:00.000Z
babaded.tk,Unknown error
social.silicon.moe,2022-11-11T00:00:00.000Z
social.igotout.de,Unknown error
mstdn.ca,2022-04-27T00:00:00.000Z
mastodon.481516.xyz,2022-04-26T00:00:00.000Z
bookstodon.thestorygraph.com,2022-12-17T00:00:00.000Z
gts.liberated.press,Unknown error
social.khaus.io,2022-11-18T00:00:00.000Z
dopamine.social,2024-06-14T00:00:00.000Z
social.sparkles.cafe,2022-11-06T00:00:00.000Z
toot.ohhh.no,2022-11-06T00:00:00.000Z
social.cemocom.de,2023-06-05T00:00:00.000Z
social.just-joshin.lol,2023-10-29T00:00:00.000Z
cztwitter.cz,2022-11-06T00:00:00.000Z
15-15-15.social,2022-12-31T00:00:00.000Z
fedinerds.net,2022-11-20T00:00:00.000Z
kanoa.de,2018-09-20T00:00:00.000Z
mastodon.aventer.biz,2017-12-07T00:00:00.000Z
mastodon.raddemo.host,2022-11-25T00:00:00.000Z
onboardthefilm.community,Failed to retrieve instance information. Status code: 404
cybersecurity.theater,2022-04-28T00:00:00.000Z
m.gctxl.com,Unknown error
mastodon.fl0w.fr,2022-11-22T00:00:00.000Z
surutodon.net,2023-01-26T00:00:00.000Z
myonlinepi.uk,2023-04-27T00:00:00.000Z
otadon.com,2023-02-13T00:00:00.000Z
nnmdon.com,2023-08-15T00:00:00.000Z
corp.social,Unknown error
mastodon.furrycon.social,2022-11-21T00:00:00.000Z
standup-comics.net,2022-11-06T00:00:00.000Z
morehammer.uk,2022-11-15T00:00:00.000Z
pogs.cafe,2022-12-08T00:00:00.000Z
taruntarun.net,2017-04-18T00:00:00.000Z
soc.ua-fediland.de,2022-05-30T00:00:00.000Z
social.skewed.de,2018-08-19T00:00:00.000Z
climatejustice.social,2020-07-18T00:00:00.000Z
tt.vvxq.ca,2021-09-04T00:00:00.000Z
ap.sanwon.kr,2023-08-10T14:39:42.000Z
mastodon.acc.sunet.se,2017-05-15T00:00:00.000Z
boop.network,2023-07-16T00:00:00.000Z
posts.mu7ou.com,2024-05-22T00:00:00.000Z
area51.social,2022-04-25T00:00:00.000Z
e413-111-60-24-59.ngrok-free.app,Failed to retrieve instance information. Status code: 404
social.bigcavemaps.com,2022-12-20T00:00:00.000Z
moris.social,2023-10-15T00:00:00.000Z
friendica.erabo.de,Failed to retrieve instance information. Status code: 500
one.darnell.one,2022-06-28T00:00:00.000Z
gts.nogoo.me,2024-05-29T12:21:00.000Z
flaki.social,2022-05-26T00:00:00.000Z
books.idas.social,Failed to retrieve instance information. Status code: 502
mamutovo.cz,2023-10-26T00:00:00.000Z
brocks.social,2022-11-01T00:00:00.000Z
wptoots.social,2022-11-18T00:00:00.000Z
ramble.space,2018-09-22T00:00:00.000Z
hygge.bar,Unknown error
blop.social,2022-11-08T00:00:00.000Z
library.love,2023-01-19T00:00:00.000Z
maier.social,2023-01-25T00:00:00.000Z
social-t.uibk.ac.at,2023-06-26T00:00:00.000Z
bitfudge.com,2022-05-28T00:00:00.000Z
blue-write.com,2023-08-10T00:00:00.000Z
pix.sekretaerbaer.net,Data not available
friendica.chilemasto.casa,Failed to retrieve instance information. Status code: 403
pnw-mastodon.com,2022-04-25T00:00:00.000Z
mastodon.andreybondarenko.com,2023-12-21T00:00:00.000Z
social.wohlfarth.name,2023-01-05T00:00:00.000Z
mastodon2.cameko.org,2023-08-16T00:00:00.000Z
mensmaaktmooi.nl,2022-05-10T00:00:00.000Z
social.likeadragonmaid.dev,2024-03-11T00:00:00.000Z
bonga.nu,Unknown error
mastodon.bofhers.es,2022-05-26T00:00:00.000Z
social.pupsplus.fans,2023-05-03T00:00:00.000Z
go2.elstabloserver.de,Unknown error
photolovers.net,2023-10-31T07:25:40.000000Z
scl.csns.xyz,2022-11-18T00:00:29.000Z
strandgut.net,2023-10-08T00:00:00.000Z
queer.dev,2022-11-09T00:00:00.000Z
posts.dumb.stuff.donaberger.xyz,2023-07-04T00:00:00.000Z
mastodon.trand.fr,2022-11-13T00:00:00.000Z
toot.cho.pm,Failed to retrieve instance information. Status code: 503
socialpa.ws,2022-11-13T00:00:00.000Z
sv1.in-deep.blue,2022-11-30T00:00:00.000Z
w3c.social,2017-06-13T00:00:00.000Z
mastodon.doesnotexist.club,2022-11-20T00:00:00.000Z
social.opensource.org,2022-11-10T00:00:00.000Z
an.errant.cloud,2022-12-06T00:00:00.000Z
pocmo.social,2022-11-11T00:00:00.000Z
varjo.org,2022-11-03T00:00:00.000Z
social.authorhelp.uk,2023-07-07T00:00:00.000Z
pixel.pol.social,Data not available
social.interferencias.tech,2022-11-10T00:00:00.000Z
soc.kurator.tech,Data not available
oslo.town,2019-11-12T00:00:00.000Z
trunk.jmtr.org,Failed to retrieve instance information. Status code: 404
social.jpi.io,Failed to retrieve instance information. Status code: 521
zzz.hirunekingdom.com,Unknown error
fediverse.krohsnest.com,Unknown error
eduresearch.social,2024-05-02T00:00:00.000Z
josh.tel,2022-10-28T00:00:00.000Z
mastodon.com.br,2020-02-20T00:00:00.000Z
doujin.biz,2023-07-05T00:00:00.000Z
social.sp-codes.de,2021-05-27T00:00:00.000Z
costodon.social,2022-11-29T00:00:00.000Z
arthropod.social,2022-11-19T00:00:00.000Z
social.aaroncrocco.com,1985-10-26T00:00:00.000Z
digitalcourage.social,2019-08-08T00:00:00.000Z
social.mapolist.com,2023-06-15T00:00:00.000Z
toot.beep.computer,2023-10-27T00:00:00.000Z
cybercuties.net,2022-11-20T00:00:00.000Z
feistycricket.org,2023-06-20T00:00:00.000Z
tapbots.social,2022-11-12T00:00:00.000Z
maestas.us,2024-01-20T00:00:00.000Z
safejust.space,2022-11-25T00:00:00.000Z
orbiscognito.com,2022-11-07T00:00:00.000Z
iwatedon.net,2017-07-19T00:00:00.000Z
cruisers.social,2023-08-12T00:00:00.000Z
mastodon.moscow,Unknown error
social.gr-al-ch.duckdns.org,Data not available
social.cooltux.net,2023-01-11T00:00:00.000Z
hydrate.space,2023-02-01T00:00:00.000Z
tardis.team,2022-10-30T00:00:00.000Z
bne.social,2022-05-11T00:00:00.000Z
mastodon.imagisphe.re,2023-08-24T00:00:00.000Z
fastly.social,2023-05-17T00:00:00.000Z
mastodon.rhys.wtf,2022-11-06T00:00:00.000Z
hsnl.social,2022-11-01T00:00:00.000Z
kaartinen.social,2022-11-22T00:00:00.000Z
maxodon.com,Unknown error
twinports.us,Unknown error
crossdon.com,2023-07-06T00:00:00.000Z
sciencemastodon.com,2022-10-06T00:00:00.000Z
chaosfurs.social,2022-11-12T00:00:00.000Z
breeze.town,2021-05-10T00:00:00.000Z
ijug.social,2022-12-23T00:00:00.000Z
nineworlds.social,2022-12-29T00:00:00.000Z
idar.us,Data not available
poststoffarm.de,Unknown error
mastodon.benpettis.ninja,2022-12-15T00:00:00.000Z
patogh.co,Unknown error
mublog.nl,2022-11-13T00:00:00.000Z
tw.town,2022-11-12T00:00:00.000Z
lagopine.lgbt,2024-05-22T00:00:00.000Z
drohm.eu,2023-05-15T00:00:00.000Z
mastodon.iow.social,2022-11-06T00:00:00.000Z
kudzu.ca,2022-11-17T00:00:00.000Z
mu-ori.me,2023-08-25T00:00:00.000Z
tweesecake.social,2023-07-12T00:00:00.000Z
theweird.space,2023-07-09T00:00:00.000Z
toot.boston,2022-11-08T00:00:00.000Z
mastodon.cross-solution.de,2023-11-30T00:00:00.000Z
toot.jimmygulp.co.uk,2022-11-09T00:00:00.000Z
fedi.bobadin.icu,2024-04-03T21:19:54.000Z
mastodon.guerilla.studio,2023-01-06T00:00:00.000Z
astronomy.social,2022-11-01T00:00:00.000Z
yelling.it,2022-11-21T00:00:00.000Z
m.bavetta.com,Unknown error
machikadon.online,2020-08-07T00:00:00.000Z
ailbhean.co-shaoghal.net,2022-10-15T00:00:00.000Z
masto.mkm.scot,Unknown error
toot.kottman.xyz,2018-05-28T00:00:00.000Z
libori.social,2022-07-13T00:00:00.000Z
covelline.social,2023-03-09T00:00:00.000Z
mstdn.nijist.info,Failed to retrieve instance information. Status code: 410
rope-access-work.com,2023-01-06T00:00:00.000Z
mastodon.dataden.gay,2023-06-12T00:00:00.000Z
tusky.gravyflex.ca,Data not available
ohgodohfuck.fraudulent.link,Failed to retrieve instance information. Status code: 502
iyasaretai.pw,2021-02-21T00:00:00.000Z
vocalodon.net,2017-04-16T00:00:00.000Z
mstdn.cordx.cx,Unknown error
inane.chat,2022-11-11T00:00:00.000Z
social.wps.de,2022-12-08T00:00:00.000Z
skull.town,Unknown error
social.techliminal.com,2023-06-21T00:00:00.000Z
pixelfed.nz,2019-05-31T18:21:21.000000Z
boop.city,2023-06-13T00:00:00.000Z
mm.xxooxx.xyz,Data not available
reporter.social,2022-11-13T00:00:00.000Z
alpha.polymaths.social,2023-09-28T00:16:26.584Z
slut.town,2022-11-06T00:00:00.000Z
www.orthy.de,Failed to retrieve instance information. Status code: 404
x.tkw.fm,2023-11-04T00:00:00.000Z
mastodon.perso.org,Unknown error
almajlis.me,2022-10-30T00:00:00.000Z
freeatlantis.com,2021-08-09T00:00:00.000Z
social.joshanders.com,2022-12-16T00:00:00.000Z
i.use.archlinux.fyi,2023-04-28T20:40:59.000Z
scientificnetwork.de,2022-11-08T00:00:00.000Z
social.polynom.me,Unknown error
pepple.us,2023-01-02T00:00:00.000Z
mastodon.zombor.net,2022-12-16T00:00:00.000Z
spezi.social,2022-11-08T00:00:00.000Z
pxlmo.com,2019-06-05T06:40:49.000000Z
yeg.bike,Unknown error
void.holdings,2023-01-04T00:00:00.000Z
inari.opencocon.org,2017-04-14T00:00:00.000Z
harukakanata.net,2023-03-06T00:00:00.000Z
toot.blue,2017-04-24T00:00:00.000Z
chan.thebeans.zip,Unknown error
social.laroche.dev,Data not available
social.randomsonicnet.org,2023-09-10T00:00:00.000Z
pixelfed.vpx.moe,2023-01-26T12:56:37.000000Z
mastodon.teamnerds.cool,2022-11-26T00:00:00.000Z
mastodon.gatewayy.net,2023-02-10T00:00:00.000Z
www.wilcosky.com,Failed to retrieve instance information. Status code: 525
star.shaped.dog,2024-01-17T00:00:00.000Z
8bit.social,2022-11-15T00:00:00.000Z
m.r8z.us,Unknown error
pc.cafe,2024-05-17T00:00:00.000Z
es5nhc.ee,Data not available
social.y-gallery.net,2022-11-24T00:00:00.000Z
gumzo.africa,2023-12-28T00:00:00.000Z
sachsen-medien.social,2023-09-06T00:00:00.000Z
cyberdeck.social,2022-11-19T00:00:00.000Z
chelmi.info,2023-03-20T00:00:00.000Z
is.aaronbsmith.com,2020-04-19T00:00:00.000Z
lucha.nyc,2023-02-16T00:00:00.000Z
koehler.social,2022-11-10T00:00:00.000Z
mastodon.mdelaunay.fr,Unknown error
heads.social,2022-11-19T00:00:00.000Z
mastodon.mathys.social,Unknown error
socl.win,2023-12-05T20:21:21.107Z
xurxodiz.eu,Failed to retrieve instance information. Status code: 404
panelinha.club,2024-06-02T00:00:00.000Z
deadlymilehigh.club,2024-02-13T00:00:00.000Z
pixel.art3mis.de,Data not available
toot.org.il,2021-06-07T00:00:00.000Z
code4lib.social,2018-02-15T00:00:00.000Z
438punk.house,2021-09-20T00:00:00.000Z
your-face.social,2022-12-01T00:00:00.000Z
ourdoma.in,2022-11-23T00:00:00.000Z
mastodon.xn--q9jyb4c,2022-11-23T00:00:00.000Z
social.sitedethib.com,2020-11-08T00:00:00.000Z
toots.hd0.eu,2022-11-13T00:00:00.000Z
toot.fs.al,2022-12-20T00:00:00.000Z
toot.hoppet.cool,2024-01-12T00:00:00.000Z
mastodon.proquality.ro,2023-01-03T00:00:00.000Z
youth.social,2023-10-20T00:00:00.000Z
dogsports.social,Unknown error
hackerspace.au,2022-11-07T00:00:00.000Z
mastodon.grml.de,2021-01-10T00:00:00.000Z
someone.elses.computer,2022-10-28T00:00:00.000Z
elevenjpnxi.hostdon.ne.jp,2022-12-13T00:00:00.000Z
social.bau-ha.us,2024-08-03T00:00:00.000Z
social.cabotcove.us,Data not available
socialclub.nyc,2020-01-09T00:00:00.000Z
sndcstle.fedicity.net,2023-08-19T00:00:00.000Z
some.evvk.fi,2022-12-08T00:00:00.000Z
mastodon.chriswright.photography,2023-03-04T00:00:00.000Z
don.kofuk.org,2023-07-19T00:00:00.000Z
otome.xyz,2019-11-07T00:00:00.000Z
tonybark.art,Failed to retrieve instance information. Status code: 436
ap.remote-shell.net,2022-03-15T19:41:42.004Z
linuxrocks.online,2017-04-22T00:00:00.000Z
social.wikimedia.es,2023-01-24T00:00:00.000Z
mastodon.gibbens.dev,2022-06-01T00:00:00.000Z
swiss.social,2022-11-02T00:00:00.000Z
cysec.social,2024-05-28T00:00:00.000Z
toot.bldrweb.org,2022-11-05T00:00:00.000Z
gal.muri.zip,Unknown error
d-64.social,2022-11-03T00:00:00.000Z
masto.theoks.net,2023-02-14T00:00:00.000Z
pixelfed.tekdmn.me,Failed to retrieve instance information. Status code: 524
vyrse.social,2022-11-29T00:00:00.000Z
mastodon.levis.name,Data not available
elefant.social,2018-04-25T00:00:00.000Z
champis.social,Failed to retrieve instance information. Status code: 500
vectemis.social,2022-11-15T00:00:00.000Z
mastodon.pastleo.me,2023-08-29T00:00:00.000Z
qpixel.pw,Failed to retrieve instance information. Status code: 530
seocommunity.social,2022-11-04T00:00:00.000Z
raikow.online,2022-12-16T00:00:00.000Z
social.wethethinking.com,2024-01-22T00:00:00.000Z
cytag.nl,2022-12-16T00:00:00.000Z
social.kryta.app,2023-02-05T00:00:00.000Z
sosyal.ihlal.net.tr,2024-05-13T00:00:00.000Z
internetsladd.se,Data not available
drumstodon.net,2022-11-26T00:00:00.000Z
trivia.to,2022-11-06T00:00:00.000Z
ap.dny.social,2022-11-20T15:06:36.000Z
mastodon.net.au,2022-12-01T00:00:00.000Z
mn.siru.tokyo,2023-07-04T00:00:00.000Z
mstdn.mimikun.jp,2017-12-11T00:00:00.000Z
solutionpoint.in,Failed to retrieve instance information. Status code: 502
social.nortel.cloud,2024-01-23T07:55:50.943Z
social.brucknerite.net,2023-08-11T00:00:00.000Z
social.outsourcedmath.com,Unknown error
u.miaomiao.li,2022-12-20T00:00:00.000Z
social.b4tech.cc,2022-01-07T00:00:00.000Z
nixie.name,2022-11-20T00:00:00.000Z
mastodon.peaceful.social,2022-12-27T00:00:00.000Z
vnecke.social,2022-11-10T00:00:00.000Z
mastodon.iking.ca,2024-03-04T00:00:00.000Z
toots.im,2022-11-09T00:00:00.000Z
blat.at,2022-11-08T00:00:00.000Z
nicagram.com,2023-07-24T15:09:51.000000Z
end0.ru,2024-08-22T00:00:00.000Z
dreamers-guild.net,2022-04-26T00:00:00.000Z
mastodon.sunflowerfuchs.dev,Failed to retrieve instance information. Status code: 502
m.wedgi.us,2022-12-23T00:00:00.000Z
songbird.cloud,2022-11-20T00:00:00.000Z
social.synesthesia.co.uk,2022-11-07T00:00:00.000Z
cogito.foundation,Unknown error
under-bank.blue,2017-05-02T00:00:00.000Z
toot.yosh.is,2022-11-04T00:00:00.000Z
fashionviz.xyz,2022-11-07T00:00:00.000Z
tippetarius.ru,Data not available
dogno.se,2022-12-06T00:00:00.000Z
ordinary.cafe,2022-11-25T00:00:00.000Z
snabelen.no,2019-08-14T00:00:00.000Z
mstdn.my,Unknown error
deadbirdsite.com,Unknown error
piou.foolbazar.eu,2022-11-14T00:00:00.000Z
pub.deferpanic.dev,Unknown error
syzito.xyz,2023-07-28T00:00:00.000Z
molotov.sanrizuka-struggle.com,2023-02-09T00:00:00.000Z
badly.co,2024-06-13T00:00:00.000Z
fandom.garden,2021-08-19T00:00:00.000Z
ilys.fm,2022-11-09T00:00:00.000Z
darnell.ooo,2024-01-13T09:21:06.000000Z
mastodon.darkou.fr,Failed to retrieve instance information. Status code: 404
thelounge.network,2022-11-30T00:00:00.000Z
birdbox.party,2024-09-14T00:00:00.000Z
social.intothecloud.net,2022-11-20T00:00:00.000Z
wulf.social,2022-11-16T00:00:00.000Z
connectified.com,2022-05-11T00:00:00.000Z
said.social,2023-03-18T00:00:00.000Z
mastodon.sinoru.me,2023-10-09T00:00:00.000Z
mastodon.eroticmohel.com,2022-11-23T00:00:00.000Z
queef.social,2022-11-04T00:00:00.000Z
khw-pixelfed.archeron.eu,Data not available
chattingdarkly.org,2022-12-29T00:00:00.000Z
uri.life,2022-11-12T00:00:00.000+09:00
vocalounge.cafe,2020-01-07T00:00:00.000Z
social.dytrych.cloud,2022-11-05T00:00:00.000Z
minby.info,2024-01-06T00:00:00.000Z
social.devopsdays.org,2023-02-18T00:00:00.000Z
zeroes.ca,2022-12-30T00:00:00.000Z
liberal.lgbt,2022-11-01T00:00:00.000Z
rockcd.jp,2022-12-11T00:00:00.000Z
masto.terabyte-computing.com,2024-02-06T00:00:00.000Z
reidodon.net,2022-12-19T00:00:00.000Z
ap.xabirequejo.eus,2023-06-30T23:23:09.243Z
wer.social,2023-11-24T09:30:06.940Z
hahei.life,Unknown error
social.edu.nl,2023-02-08T00:00:00.000Z
mastodon.train.cz,2023-01-03T00:00:00.000Z
ligma.pro,2019-03-17T00:00:00.000Z
r2beat.jp,2023-07-21T00:00:00.000Z
omoro.info,2021-05-27T00:00:00.000Z
mast.2enp.cc,Unknown error
selfhosted.cafe,2023-01-16T00:00:00.000Z
mastodon.reysic.com,2024-06-15T00:00:00.000Z
pourparlers.social,Unknown error
mergl.in,Unknown error
m.blablu.de,2022-05-30T00:00:00.000Z
lucitt.social,Unknown error
sieg-dragon.blue,2023-01-21T00:00:00.000Z
trombas.vost.pt,2024-11-29T00:00:00.000Z
quasisocial.lone-starr.net,2022-11-28T00:00:00.000Z
sosialt.datasenter.drammen.no,Data not available
yeen.exposed,2023-11-30T00:00:00.000Z
dungeons.social,Failed to retrieve instance information. Status code: 500
irsoluciones.social,Unknown error
mstdn.social,2019-11-03T00:00:00.000Z
goto.77nn.it,2023-09-24T15:00:33.000Z
hallihan.net,Failed to retrieve instance information. Status code: 404
fedi.larlet.fr,2022-11-30T00:00:00.000Z
tootz.org,Unknown error
mastodon.wssmagazine.com,2022-10-31T00:00:00.000Z
rodent.life,2023-01-04T00:00:00.000Z
epistolary.org,2022-11-06T00:00:00.000Z
trpg-o.xyz,2023-01-21T00:00:00.000Z
oo0.top,2024-07-04T00:00:00.000Z
eliitin-some.fi,2022-11-15T00:00:00.000Z
mastodon.tetragir.com,2022-11-09T00:00:00.000Z
sudomakecake.ddns.net,Unknown error
nora.social,2023-01-21T00:00:00.000Z
miltodon.social,2023-07-04T00:00:00.000Z
akuanduba.masto.host,2022-02-06T00:00:00.000Z
crowsnest.social,2022-11-13T00:00:00.000Z
mastodon.pundo.com,2022-11-08T00:00:00.000Z
lonely.town,2019-12-04T00:00:00.000Z
libera.tokyo,2020-06-06T00:00:00.000Z
toot.4t2.uk,2022-12-20T00:00:00.000Z
mastodon.positivenerd.duckdns.org,Failed to retrieve instance information. Status code: 502
mstdn.v-elf.com,2023-02-04T00:00:00.000Z
photosharing.work,2024-10-03T00:00:00.000Z
jasondavis.net,2023-02-17T00:00:00.000Z
gts.snoot.tube,2024-02-03T10:20:40.320Z
my0.net,2021-04-15T00:00:00.000Z
woodworking.group,2023-05-03T00:00:00.000Z
mastodon.mim-libre.fr,2022-04-27T00:00:00.000Z
asso.lgbt,2023-08-03T00:00:00.000Z
mstdn.bgmn.net,Unknown error
linernotes.club,2018-04-03T00:00:00.000Z
deppenkessel.de,2022-11-01T00:00:00.000Z
social.tollofsen.se,Unknown error
trekkies.social,2022-11-04T00:00:00.000Z
kulturfront.org,2022-11-27T00:00:00.000Z
social.rivne.dcomm.net.ua,2022-09-02T00:00:00.000Z
energydon.fi,2023-04-13T00:00:00.000Z
mastodon.gamedev.place,2017-11-13T00:00:00.000Z
mstdn-kitakubu.com,2023-07-04T00:00:00.000Z
epicyon-test.fly.dev,Unknown error
ikuhumituki.fedicity.net,Failed to retrieve instance information. Status code: 410
social.tomtaylor.co.uk,2022-11-04T00:00:00.000Z
yysk.icu,2018-08-15T00:00:00.000Z
sosialist.party,Unknown error
warhammer.social,2022-11-04T00:00:00.000Z
m.corduba.tech,Unknown error
durdle.social,Failed to retrieve instance information. Status code: 404
mastodon.hausofhomeaux.ca,2024-01-05T00:00:00.000Z
mastodon.b3lt3r.com,Data not available
ayom.media,2022-12-02T00:00:00.000Z
snarthelg.no,2022-11-06T00:00:00.000Z
mastodon.dtalens.com,2022-11-22T00:00:00.000Z
tragically.social,2022-11-10T00:00:00.000Z
squidnet.net,2023-02-07T00:00:00.000Z
social.thegeneral.chat,2022-11-05T00:00:00.000Z
gefahrengebiet.org,2022-12-19T00:00:00.000Z
toad.social,2016-12-10T00:00:00.000Z
themondragons.com,2022-11-19T00:00:00.000Z
scalie.business,2017-08-24T00:00:00.000Z
pwet.me,Data not available
oldbytes.space,2017-04-07T00:00:00.000Z
mastodon.lwr.wtf,2022-11-17T00:00:00.000Z
wybt.net,2022-10-30T00:00:00.000Z
xn--y9a6bah4ck.xn--y9a3aq,2021-08-11T00:00:00.000Z
social.bopinions.de,2022-11-02T00:00:00.000Z
mstdn.ro,2023-07-07T00:00:00.000Z
thesix.social,2022-12-16T00:00:00.000Z
mastodon.babb.be,Failed to retrieve instance information. Status code: 404
youthweb.social,2022-05-12T00:00:00.000Z
notnull.space,1984-07-06T23:30:00.000Z
carfree.city,2022-11-18T00:00:00.000Z
spragleknas.no,2022-11-09T00:00:00.000Z
eihei.net,2021-03-16T00:00:00.000Z
pix.famichiki.jp,Data not available
social.datalabour.com,2021-10-27T00:00:00.000Z
sandbox.nyanya.net,2023-07-05T00:00:00.000Z
nwpu.closed.social,2023-02-08T00:00:00.000Z
dre.casa,2023-01-23T00:00:00.000Z
mindly.social,2023-02-10T00:00:00.000Z
social.nokes.name,2022-11-04T00:00:00.000Z
steamedbread.pro,Data not available
ai.wiki,2023-03-04T00:00:00.000Z
mastodon.54park.de,Unknown error
social.noraa.gay,2022-05-03T04:03:31.000Z
social.lviv.dcomm.net.ua,2022-09-02T00:00:00.000Z
init3.us,2024-04-14T00:00:00.000Z
mastodon.underworld.fr,2019-11-21T00:00:00.000Z
maik.social,Unknown error
mastodon.sandwich.net,2017-04-09T00:00:00.000Z
velocipederider.com,2022-04-29T00:00:00.000Z
mirwarso.de,2022-04-29T00:00:00.000Z
libranet.de,2019-04-25T08:16:38.000Z
ndrgrnd.social,2022-12-02T00:00:00.000Z
hessen.social,2021-05-19T00:00:00.000Z
fedi.stuvel.eu,2023-07-09T18:26:04.000000Z
social.pueseso.club,Unknown error
neuss.social,2024-01-05T00:00:00.000Z
tonybark.com,Failed to retrieve instance information. Status code: 404
mastodon.100terres.com,2022-11-20T00:00:00.000Z
ma.anoyama.net,Unknown error
soc.nym.se,2024-01-04T00:00:00.000Z
coywolf.social,2022-04-02T00:00:00.000Z
hamont.social,2022-11-10T00:00:00.000Z
floe.earth,2022-11-02T00:00:00.000Z
mstdn.kodein.be,2022-12-03T00:00:00.000Z
cuties.cloud,2022-12-13T00:00:00.000Z
social.zym.lol,2023-06-06T00:00:00.000Z
pixelfed.hylobatidae.org,2023-01-19T05:30:23.000000Z
social.learnlangs.com,2022-11-16T00:00:00.000Z
talking.dev,2021-07-09T00:00:00.000Z
smartcity.social,2023-05-13T00:00:00.000Z
csed.social,2022-11-10T00:00:00.000Z
untrusted.website,2022-11-12T00:00:00.000Z
mstdn.co.uk,2022-10-02T00:00:00.000Z
andrew.masto.host,Unknown error
shimanchu.social,Unknown error
social.zerotier.com,2022-11-01T00:00:00.000Z
bitbang.social,2022-11-08T00:00:00.000Z
canary.fedibird.com,2022-08-12T00:00:00.000Z
yip.vulpine.engineer,2017-05-07T00:00:00.000Z
embassy.social,2018-09-01T00:00:00.000Z
s.arns.lt,2023-10-27T20:01:36.246Z
mastodon.boyd.cloud,2024-02-07T00:00:00.000Z
kampftoast.de,2022-04-25T00:00:00.000Z
gamepad.club,2023-01-25T00:00:00.000Z
towns.gay,2021-10-30T00:00:00.000Z
magpie.masto.host,2020-08-09T00:00:00.000Z
dorset.social,2022-11-30T00:00:00.000Z
leds.social,2022-11-01T00:00:00.000Z
mastodon.alexnackenoff.com,2022-11-19T00:00:00.000Z
weaknotes.com,2016-10-04T21:27:33.000Z
mastodon.rzgierskopp.de,2022-07-22T00:00:00.000Z
burnthis.town,2022-11-12T00:00:00.000Z
hades.town,2023-09-27T00:00:00.000Z
mstdn.xicon.eu,2023-02-17T00:00:00.000Z
oberberg.nrw,2023-07-18T00:00:00.000Z
verified.coop,Unknown error
toot-lab.reclaim.technology,2017-04-04T00:00:00.000Z
social.treehouse.systems,2022-04-05T00:00:00.000Z
karkador.com,Unknown error
bostonmusic.online,2020-04-17T00:00:00.000Z
mastodon.pretendo.network,2022-11-20T00:00:00.000Z
quarteredcircle.net,2019-02-05T00:00:00.000Z
mastodon.lw1.at,2018-02-15T00:00:00.000Z
opsone.social,2022-11-21T00:00:00.000Z
hard.blue,2023-10-22T00:00:00.000Z
onlycosplays.social,Unknown error
mastodon.mihalis.net,2024-12-26T00:00:00.000Z
agilealliance.social,2022-11-23T00:00:00.000Z
lafriks.id.lv,2022-10-29T00:00:00.000Z
mastodon.fredprod.com,2022-11-10T00:00:00.000Z
0lb.be,2021-11-15T00:00:00.000Z
turtleisland.social,2023-10-24T00:00:00.000Z
masto.nobigtech.es,2021-11-02T00:00:00.000Z
metalhead.club,2017-06-30T00:00:00.000Z
si.okin-jp.net,2024-01-07T00:00:00.000Z
vault37.xyz,2024-01-28T00:00:00.000Z
datavis.social,2024-02-08T00:00:00.000Z
nemtie.net,2023-07-22T00:00:00.000Z
now.ez-oo.com,Failed to retrieve instance information. Status code: 502
plumes.io,2022-11-10T00:00:00.000Z
fedi.ckir.net,2023-06-05T00:00:00.000Z
jmswag.xyz,Failed to retrieve instance information. Status code: 502
floofy.tech,2023-06-22T00:00:00.000Z
mokomokohouse.com,2023-07-04T00:00:00.000Z
nfld.me,2022-11-07T00:00:00.000Z
meh.social,2022-11-08T00:00:00.000Z
social.mikutter.hachune.net,2017-11-19T00:00:00.000Z
fedinerds.social,2023-10-24T00:00:00.000Z
gulp.cafe,2018-07-30T00:00:00.000Z
mastodon.minetestserver.ru,2024-10-22T00:00:00.000Z
rtsn.dev,2023-11-28T00:00:00.000Z
toot.zehaeva.com,2022-11-22T00:00:00.000Z
mastodon.math.unipd.it,2022-05-24T00:00:00.000Z
jeremy.org,2016-04-01T00:00:00Z
mutant.cz,2022-11-16T00:00:00.000Z
halfey.moe,Unknown error
social.suchtbasis.de,2023-04-17T00:00:00.000Z
mastodon.neilzone.co.uk,2020-02-22T00:00:00.000Z
backpacklife.social,Unknown error
owncast.nimantu.de,Data not available
apple2.org.za,2022-06-22T00:00:00.000Z
social.sullivanservices.xyz,2021-09-12T00:00:00.000Z
pierce.xyz,2022-11-21T00:00:00.000Z
samo.place,Unknown error
east17.org,2022-12-17T00:00:00.000Z
mastodon.crazynewworld.net,2017-04-19T00:00:00.000Z
m.socialyeti.club,2022-11-29T00:00:00.000Z
swingset.social,2018-09-10T00:00:00.000Z
romancelandia.club,2019-05-03T00:00:00.000Z
ibiocephalus.hostdon.ne.jp,2023-02-06T00:00:00.000Z
mastodon.ping.de,2024-03-13T00:00:00.000Z
vucica.net,Failed to retrieve instance information. Status code: 418
social.snowcat.link,2022-12-22T00:00:00.000Z
mastodon.cipherbliss.com,2018-12-17T00:00:00.000Z
bocchi.yamako-ya.com,2022-12-27T00:00:00.000Z
image.medienzentrum.rocks,Data not available
social.56k.guru,2023-09-24T00:00:00.000Z
social.transrights.art,Failed to retrieve instance information. Status code: 502
social.undeadnetwork.de,2024-12-10T00:00:00.000Z
mastodon.spideynn.net,2021-11-25T00:00:00.000Z
balkan.fedive.rs,2018-01-06T00:00:00.000Z
social.vicicode.com,2023-11-05T14:46:10.000Z
pxlmo.net,Unknown error
social.politicaconciencia.org,2018-03-10T00:00:00.000Z
pinnipedia.fedicity.net,2023-06-13T00:00:00.000Z
its.waah.day,2023-11-06T00:00:00.000Z
reshet.social,2022-12-06T00:00:00.000Z
faithcollapsing.com,2018-08-13T00:00:00.000Z
kongwoo.icu,Failed to retrieve instance information. Status code: 403
social.glennfitzpatrick.com,2023-09-22T00:00:00.000Z
appcentric.social,Failed to retrieve instance information. Status code: 503
mastodon.3dgo.net,2022-11-20T00:00:00.000Z
mastodon.teamrocket.nz,2022-11-22T00:00:00.000Z
social.yussuv.com,2023-07-08T00:00:00.000Z
mastodon.sharma.io,2022-11-04T00:00:00.000Z
fedimon.uk,2022-10-30T00:00:00.000Z
taxes.theron.kane-il.us,2023-12-05T00:00:00.000Z
abdl.link,Failed to retrieve instance information. Status code: 503
reyuzenfold.com,2022-11-07T00:00:00.000Z
tny.social,2022-11-22T00:00:00.000Z
myprivate.social,2023-03-26T00:00:00.000Z
mastodon.hams.social,2022-04-30T00:00:00.000Z
supersocial.space,2023-05-09T00:00:00.000Z
social.kararyli.net,2023-02-03T00:00:00.000Z
social.parentfamily.ca,2022-12-18T00:00:00.000Z
pix.ublog.tech,2023-08-06T16:09:32.000000Z
kjas.no,2023-06-09T00:00:00.000Z
social.daspr.io,Failed to retrieve instance information. Status code: 502
mastinsaan.in,2022-12-06T00:00:00.000Z
pub.ehrengruppe.de,2022-11-12T00:00:00.000Z
oursky.social,2023-02-02T00:00:00.000Z
pixel.kjz.ca,2023-09-29T17:04:25.000000Z
fedi.fifo-f.eu,2024-06-19T00:00:00.000Z
hax0rbana.social,2018-10-08T00:00:00.000Z
pixelfed.fi,2019-05-02T05:20:30.000000Z
electroverse.tech,2022-11-12T00:00:00.000Z
lostall.faith,2022-12-15T00:00:00.000Z
underwear.social,2022-12-11T00:00:00.000Z
palcarajo.social,2024-04-09T00:00:00.000Z
misanthrope.social,2022-11-19T00:00:00.000Z
md.startide.jp,2023-02-18T00:00:00.000Z
mstdn.chitose.org,2021-01-08T00:00:00.000Z
edumasto.org,2022-11-07T00:00:00.000Z
mammut.gogreenit.net,2023-06-01T00:00:00.000Z
bog.social,2022-12-28T00:00:00.000Z
social.nibis.de,2022-11-15T00:00:00.000Z
journa.host,2023-10-03T00:00:00.000Z
istanza.ch,2023-03-21T00:00:00.000Z
venera.social,2018-12-20T21:40:02.000Z
cwb.social,2022-11-12T00:00:00.000Z
my.bookrastinating.com,Unknown error
k8s.social,2022-05-14T00:00:00.000Z
mastodon.zaclys.com,2017-04-06T00:00:00.000Z
social.granularperspective.com,2023-02-01T00:00:00.000Z
mastodon.dtris.moe,Failed to retrieve instance information. Status code: 502
social.cezeri.tech,2023-09-23T00:00:00.000Z
mastodon.byte23.net,2022-11-01T00:00:00.000Z
kommentakerfid.is,2022-11-11T00:00:00.000Z
social.design.systems,2022-11-04T00:00:00.000Z
hydrocube.space,2022-12-31T00:00:00.000Z
mastodon.twoslashes.com,2022-11-06T00:00:00.000Z
baram.me,2023-01-29T00:00:00.000Z
social.sigsoft.org,2023-02-28T00:00:00.000Z
mst.muiiio.com,2022-11-15T00:00:00.000Z
social.bundesparlament.de,Failed to retrieve instance information. Status code: 404
social.taupehat.com,2022-11-08T00:00:00.000Z
social.chiefgyk3d.com,2022-11-01T00:00:00.000Z
slkr.space,2023-02-06T00:00:00.000Z
cyber.digital-cache.cloud,2023-06-28T00:00:00.000Z
psiren.eu,2023-10-10T00:00:00.000Z
liveplatform.ca,2021-07-16T00:00:00.000Z
ma.diacrown.com,2023-08-22T00:00:00.000Z
tsarolion.com,2022-11-17T00:00:00.000Z
mstdn.spin-off.com,2022-11-22T00:00:00.000Z
social.keiths-place.com,2023-02-10T00:00:00.000Z
mastodon.stuttgart.international,2022-04-28T00:00:00.000Z
masto.globaleas.org,2023-04-16T00:00:00.000Z
camp.smolnet.org,2022-04-15T00:00:00.000Z
node1.axome.de,Unknown error
timeriver.xyz,2023-05-18T00:00:00.000Z
urface.social,2022-12-16T00:00:00.000Z
awaymessage.club,2022-11-22T00:00:00.000Z
pippo.dev,Unknown error
mastodos.com,2017-08-22T00:00:00.000Z
kanina.be,2018-08-16T00:00:00.000Z
mastodon.dustinwilson.com,2018-01-06T00:00:00.000Z
ferrovipath.es,2021-11-06T00:00:00.000Z
town.friendmaterial.lgbt,2023-09-11T00:00:00.000Z
solo.masto.host,Unknown error
snabel.party,2022-11-19T00:00:00.000Z
silvan.cloud,2022-11-09T00:00:00.000Z
divas.joburg,2022-04-29T00:00:00.000Z
m.brokep.com,Unknown error
owo.rs,2023-03-26T00:00:00.000Z
mastodon.stevesworld.co,2023-10-06T00:00:00.000Z
mastodon.researchinstitute.at,2022-11-30T00:00:00.000Z
kamu.social,2022-10-31T00:00:00.000Z
nfra.club,2022-11-24T00:00:00.000Z
gorone.xyz,2018-09-30T00:00:00.000Z
mastodon.chrisduffley.com,2022-11-22T00:00:00.000Z
pixelfed.hamdorf.org,2023-10-12T11:46:27.000000Z
egirl.social,Unknown error
chatfreu.de,2024-07-14T19:03:04.000Z
mastodon.linux.ucla.edu,Unknown error
waha.work,2019-09-24T00:00:00.000Z
datasci.social,2022-11-17T00:00:00.000Z
mastodon.inferiorlattice.com,2019-04-20T00:00:00.000Z
pixelfed.cc,Unknown error
hatoba.fedicity.net,2023-04-14T00:00:00.000Z
mastodon.f2a.io,2023-06-08T00:00:00.000Z
marimoko.biz,2023-01-15T00:00:00.000Z
pentacop.moellus.net,2023-09-15T00:00:00.000Z
kemoner-don.tokyo,2022-12-13T00:00:00.000Z
stade.social,Unknown error
pixelfed.mrak.at,2022-12-20T00:26:38.000000Z
mastodon.cooleysekula.net,2023-01-09T00:00:00.000Z
occm.cc,2022-11-29T00:00:00.000Z
wzrds.fun,2023-11-20T00:00:00.000Z
yokonegi.hostdon.ne.jp,2023-01-04T00:00:00.000Z
mouse.photos,2022-08-15T00:00:00.000Z
mastodon.elte.hu,2019-04-18T00:00:00.000Z
travel-friends.chat,2018-05-16T00:00:00.000Z
sizeriot.com,2023-10-24T00:00:00.000Z
md.uzla.net,2023-07-05T00:00:00.000Z
mastodon.milll.ws,2022-05-18T00:00:00.000Z
mst.cebo29.ipv64.de,Unknown error
deaf.group,Failed to retrieve instance information. Status code: 404
flinta.social,Unknown error
bs-x.org,Data not available
thewalkingdeaf.social,Unknown error
t.fred.social,2022-12-14T00:00:00.000Z
environmentalists.social,Unknown error
masto.allrite.at,2022-11-20T00:00:00.000Z
fatlads.lol,2024-01-06T11:49:43.000Z
slap.masterdan.net,2022-11-15T00:00:00.000Z
retro-gaiden.com,2024-04-16T00:00:00.000Z
c18.masto.host,2022-10-31T00:00:00.000Z
mastodon.lepik.eu,2022-12-04T00:00:00.000Z
mstdn.dsj-toot.com,Unknown error
transmom.love,2020-12-08T00:00:00.000Z
njust.club,2022-10-30T00:00:00.000Z
politehumans.com,Failed to retrieve instance information. Status code: 404
fediver.de,2022-11-07T00:00:00.000Z
mitchelltribe.social,2022-12-23T00:00:00.000Z
toot.beer,2023-01-27T00:00:00.000Z
pix.toot.wales,2019-06-03T16:53:52.000000Z
pad.venzano.fr,2023-02-07T00:00:00.000Z
glod.org,Failed to retrieve instance information. Status code: 404
arvr.social,2022-11-15T00:00:00.000Z
tau-ceti.space,2023-10-16T00:00:00.000Z
social.linux.pizza,2018-06-21T00:00:00.000Z
hemmer.land,2019-08-27T00:00:00.000Z
nycr.social,2021-10-08T00:00:00.000Z
mastodon.free-warez.win,2024-04-09T00:00:00.000Z
pixelfed.fr,Data not available
tlv.cool,2023-01-19T00:00:00.000Z
talipallopeli.club,2023-06-26T00:00:00.000Z
nhw.social,2022-12-20T00:00:00.000Z
press.coop,Unknown error
mstdn.sublimer.me,2019-05-11T00:00:00.000Z
fedi.5013.es,2023-08-29T00:00:00.000Z
social.thinkingguy.com,2023-01-04T00:00:00.000Z
mastodon.wormhole.eu,2022-10-29T00:00:00.000Z
ms.vg,2022-11-10T00:00:00.000Z
pravda.me,2022-06-29T00:00:00.000Z
mastodon.kintsugi-lab.com,2023-01-19T00:00:00.000Z
mabe.space,2018-08-29T00:00:00.000Z
astrosocial.space,Unknown error
vrc-ins.net,2023-02-08T00:00:00.000Z
m.yerp.io,2022-11-11T00:00:00.000Z
dt.gl,2023-05-01T00:00:00.000Z
lovelace.social,2023-02-15T00:00:00.000Z
social.wikimedia.de,2022-11-25T00:00:00.000Z
mastodon.douvk.co.uk,2022-11-18T00:00:00.000Z
mastodon.altf4.fun,2023-06-19T00:00:00.000Z
md02q.obh8.net,Failed to retrieve instance information. Status code: 410
malenfant.net,2023-07-23T00:00:00.000Z
fault.stsecurity.moe,2019-03-05T00:00:00.000Z
dekadensverket.se,2023-12-27T00:00:00.000Z
solderma.sk,2024-02-03T00:00:00.000Z
soc.schuerz.at,Failed to retrieve instance information. Status code: 403
nova.community,2020-07-24T00:00:00.000Z
agilodon.social,2022-11-08T00:00:00.000Z
mstdn.ikebuku.ro,2018-09-27T00:00:00.000Z
mytter.jp,2024-03-20T00:00:00.000Z
social.trizz.io,2022-10-31T00:00:00.000Z
dpm.social,2024-01-06T00:00:00.000Z
m.danq.me,2016-03-16T00:00:00.000Z
nya.otter.sh,2022-05-27T00:00:00.000Z
bolha.photos,Data not available
epicure.social,2022-11-16T00:00:00.000Z
kinkycats.org,2023-10-21T00:00:00.000Z
toots.coronet.io,2023-07-02T00:00:00.000Z
pachy.youshallnotpass.com,2022-11-22T00:00:00.000Z
thehappyfamily.stream,2023-07-07T00:00:00.000Z
earthstream.social,2022-11-30T00:00:00.000Z
veganism.social,2022-11-20T00:00:00.000Z
the.zymocosm.com,2020-02-29T00:00:00.000Z
mastodon.gal,2022-11-09T00:00:00.000Z
comm.shotinthegun.com,Unknown error
mastodon.schub.social,1970-01-01T00:00:00.000Z
spaceshipguy.no-ip.biz,Data not available
mastodon.boyfails.me,2022-11-16T00:00:00.000Z
birds.town,2022-11-21T00:00:00.000Z
makegayfriends.com,Unknown error
tvwatch.party,2022-05-02T00:00:00.000Z
podcastindex.social,2020-09-14T00:00:00.000Z
gts.lohia.me,Failed to retrieve instance information. Status code: 530
social.galacticcoders.com,2022-11-09T00:00:00.000Z
mastodon.coffee,2019-11-03T00:00:00.000Z
mastodon.nu,2021-08-10T00:00:00.000Z
riin.fr,2023-10-31T00:00:00.000Z
audiogames.social,Unknown error
theha.us,2018-08-16T00:00:00.000Z
pxlfed.de,Data not available
mastodon.vervainglobal.com,2024-05-06T00:00:00.000Z
fantastic.earth,2022-11-23T00:00:00.000Z
micro.arda.pw,2022-11-21T00:00:00.000Z
glauca.space,2022-08-28T00:00:00.000Z
learningdisability.social,2022-11-07T00:00:00.000Z
the.enchanted.quest,2023-07-09T00:00:00.000Z
386898.xyz,Data not available
fuwafuwa.town,Failed to retrieve instance information. Status code: 404
mastodon.ph,2022-11-30T00:00:00.000Z
snep.place,2024-02-08T00:00:00.000Z
parkfans.network,Failed to retrieve instance information. Status code: 400
social.gyahunkoubou.biz,Failed to retrieve instance information. Status code: 410
yatil.social,2023-03-24T00:00:00.000Z
mastodon.squarecows.com,2024-06-15T00:00:00.000Z
uwyn.net,2022-11-08T00:00:00.000Z
leporid.net,2022-11-10T00:00:00.000Z
selent.ca,2022-12-30T00:00:00.000Z
snowmastodon.social,2023-05-02T00:00:00.000Z
beige.party,2022-11-07T00:00:00.000Z
social.wildeboer.net,2018-10-10T00:00:00.000Z
mastodon.韓國語.漢字.net,Failed to retrieve instance information. Status code: 403
mastodon.a17t.dev,2023-10-03T00:00:00.000Z
snowfan.masto.host,2024-01-12T00:00:00.000Z
mastodon.land,2022-09-16T00:00:00.000Z
friendship.quest,2023-12-28T00:00:00.000Z
futuregadgetlab.cc,2018-10-24T00:00:00.000Z
social.zotha.de,Failed to retrieve instance information. Status code: 403
retrochat.online,2022-11-10T00:00:00.000Z
itdev.social,2022-11-07T00:00:00.000Z
masto.phoenixlair.net,2023-07-18T00:00:00.000Z
mousetodon.social,2023-07-01T00:00:00.000Z
gram.ello.tech,2023-07-19T20:22:35.000000Z
mk.magicka.org,Failed to retrieve instance information. Status code: 401
gadget.inpocket.net,2024-04-14T00:00:00.000Z
mastodon.philtanner.com,2023-08-08T00:00:00.000Z
mastodon.wurzelmann.at,2022-04-25T00:00:00.000Z
gayssues.club,Unknown error
mejia.social,2023-02-10T00:00:00.000Z
yotie.blue,2018-08-17T00:00:00.000Z
awjeez.help,2023-01-16T00:00:00.000Z
gazette.live,2020-04-06T00:00:00.000Z
akademienl.social,2022-11-03T00:00:00.000Z
nautical.social,2023-04-06T00:00:00.000Z
bunni.social,2023-06-28T00:00:00.000Z
mastodon.bachgau.social,2021-07-08T00:00:00.000Z
commfurnity.com,2022-05-02T00:00:00.000Z
masto.wizardfrag.co.uk,Unknown error
mastodon.jj5fxl.net,2023-07-06T00:00:00.000Z
penguicon.social,2023-08-22T00:00:00.000Z
dosa.run,Unknown error
exile.social,2022-10-31T00:00:00.000Z
toot.cafe,2017-04-04T00:00:00.000Z
mas.panix.com,2023-03-20T00:00:00.000Z
mysocial.community,2023-02-13T00:00:00.000Z
social.bternes.com,2022-11-09T00:00:00.000Z
room19.com,2022-12-30T00:00:00.000Z
rmaestas.social,2024-04-02T00:00:00.000Z
wires.social,2023-12-10T00:00:00.000Z
palmsy.club,2022-11-21T00:00:00.000Z
pub.osrx.social,2022-12-01T00:00:00.000Z
boopsnoot.de,2018-02-04T00:00:00.000Z
social.ancow.name,2022-04-27T00:00:00.000Z
mastodon.kohanikin.com,Failed to retrieve instance information. Status code: 502
sonomaca.social,Unknown error
toot.exchange,2024-08-17T00:00:00.000Z
mas.atmx.ca,2021-05-28T00:00:00.000Z
social.illusory.ink,2023-01-31T00:00:00.000Z
dbg.social,2022-11-13T00:00:00.000Z
mastodon.bar,Unknown error
biologists.social,2023-06-21T00:00:00.000Z
krpgpub.net,2022-11-16T00:00:00.000Z
dynasty.football,2023-07-05T00:00:00.000Z
boitam.eu,2017-04-05T00:00:00.000Z
brucknerite.net,Data not available
mstdn-test.sublimer.me,2023-07-08T00:00:00.000Z
greenfield.social,2022-12-02T00:00:00.000Z
mastodon.vaucher.org,Unknown error
social.vasilis.nl,2022-04-30T00:00:00.000Z
cloudycrux.es,2022-11-24T00:00:00.000Z
tchafia.be,2022-11-02T00:00:00.000Z
thx.gg,2022-11-08T00:00:00.000Z
fed.sfl.pro.br,2023-07-22T01:41:10.000Z
mo.tt,2022-11-06T00:00:00.000Z
social.securitytheater.net,2023-01-17T00:00:00.000Z
freundliches.de,2023-01-29T00:00:00.000Z
fnordon.de,2018-11-26T00:00:00.000Z
crowleyclub.com,2022-05-18T00:00:00.000Z
gts.run0.ing,2024-06-22T16:21:31.000Z
mastodon.fun,2021-04-05T00:00:00.000Z
lounge.town,2022-11-18T00:00:00.000Z
social.dogondo.de,2024-02-04T00:00:00.000Z
feuerwehr.social,2021-04-30T00:00:00.000Z
m.gui.do,Unknown error
social.phoenixharbor.net,Unknown error
blackrock.city,2019-09-23T00:00:00.000Z
tweet.assilvestrar.club,Unknown error
remotelab.uk,2022-12-28T00:00:00.000Z
timeline.wtf,2024-04-05T00:00:00.000Z
mast.yuri.place,Failed to retrieve instance information. Status code: 410
masto.saturnforge.com,2024-01-18T00:00:00.000Z
achi.masto.host,2018-08-24T00:00:00.000Z
fedi.ee,Unknown error
lgbtcz.social,2022-11-16T00:00:00.000Z
m.twi.wtf,2022-12-03T00:00:00.000Z
pie.gd,2022-11-09T00:00:00.000Z
hackademiker.se,2023-07-12T00:00:00.000Z
dacharycarey.social,2023-06-19T00:00:00.000Z
texasobserver.social,2022-11-19T00:00:00.000Z
easy.saramara.ai,Data not available
macrofurs.social,2022-11-09T00:00:00.000Z
dev2.fedibird.com,Data not available
mastodon.lamacchinadesiderante.org,2023-05-13T00:00:00.000Z
sparkly.uni.horse,2022-01-04T00:00:00.000Z
beepboop.one,2018-05-01T00:00:00.000Z
mastodon.chasalin.nl,2020-09-02T00:00:00.000Z
retro.social,2017-07-07T00:00:00.000Z
mhz.social,2018-07-10T00:00:00.000Z
socialnotwork.net,2022-11-01T00:00:00.000Z
mastodon.mrak.at,2023-07-30T00:00:00.000Z
mamut.tic-ac.org,2021-08-13T00:00:00.000Z
frinx.online,2024-02-12T00:00:00.000Z
mastodon.lanhq.be,2022-12-18T00:00:00.000Z
social.kherson.dcomm.net.ua,2022-09-02T00:00:00.000Z
mastodon.motcha.tech,2017-04-25T00:00:00.000Z
tassaron.com,2018-08-28T00:00:00.000Z
msps.io,2022-11-09T00:00:00.000Z
awkward.place,Data not available
social.gpiccolo.com,2023-02-10T00:00:00.000Z
freesewing.social,2023-10-18T00:00:00.000Z
ricko.photos,2020-01-11T04:59:08.000000Z
fedi.opensourcestories.org,2023-03-27T00:00:00.000Z
realsocial.life,2022-11-07T00:00:00.000Z
goettingen.social,2022-12-18T00:00:00.000Z
social.muchametow.de,2023-02-27T00:00:00.000Z
cornerbooth.chat,Failed to retrieve instance information. Status code: 521
mastodon.ghostdub.de,2022-11-06T00:00:00.000Z
mastodon.cc,2017-04-04T00:00:00.000Z
christenson.social,Data not available
pidibi.com,2022-11-16T00:00:00.000Z
brinjal.org,2023-04-18T00:00:00.000Z
blackqueer.life,2023-10-27T00:00:00.000Z
awoo.fi,2022-11-16T00:00:00.000Z
social.halfling13.com,2024-02-04T00:00:00.000Z
mastodon.oldstyle-project.org,2024-02-18T00:00:00.000Z
digisociety.social,2022-11-06T00:00:00.000Z
t.chadole.com,2024-05-27T00:00:00.000Z
social.sargasso.nl,2022-11-20T00:00:00.000Z
scz.social,2023-03-09T00:00:00.000Z
bananachips.club,2018-12-21T00:00:00.000Z
uwu.town,2019-05-04T00:00:00.000Z
barcamp.social,2019-01-29T00:00:00.000Z
mastodon.nuages.noho.st,2024-12-13T00:00:00.000Z
ioc.exchange,2019-11-05T00:00:00.000Z
moew.app,2022-11-08T00:00:00.000Z
nyanya.net,2022-11-13T00:00:00.000Z
masto.lema.org,2022-11-04T00:00:00.000Z
mastodon.homelab.tokyo,2022-11-11T00:00:00.000Z
terrible.city,2022-11-12T00:00:00.000Z
akkoma.kikuri.moe,Data not available
rails.social,2022-12-13T00:00:00.000Z
www.naturistlife.co.uk,2023-11-08T00:00:00.000Z
webwizard.uk,2023-02-07T00:00:00.000Z
epicyon.vikshepa.com,Failed to retrieve instance information. Status code: 400
nicolas.social,Failed to retrieve instance information. Status code: 530
geekstodon.com,2022-11-11T00:00:00.000Z
md.peg.osaka,2024-06-16T00:00:00.000Z
hci.social,2022-05-02T00:00:00.000Z
mstdn.mrmts.com,2023-03-01T00:00:00.000Z
securitycafe.ca,2022-11-06T00:00:00.000Z
social.toyuzuko.dev,2023-07-09T00:00:00.000Z
mstdn.wildtree.jp,2017-04-19T00:00:00.000Z
owo.sg,Data not available
social.mjohnson.net,Unknown error
subversive.zone,2021-01-12T00:00:00.000Z
social.overheid.nl,2023-07-09T00:00:00.000Z
social.ksite.de,2018-08-22T00:00:00.000Z
dfir.social,2023-02-23T00:00:00.000Z
mastodon.acm.org,2022-12-08T00:00:00.000Z
researchbuzz.masto.host,2022-11-04T00:00:00.000Z
home.speakfree.social,2023-07-01T00:00:00.000Z
welt.all.de,2018-04-22T00:00:00.000Z
pixelfed.au,Data not available
colovo.com,2023-03-02T00:00:00.000Z
mastodon.kfed.org,2024-03-30T00:00:00.000Z
solarsystem.social,2023-04-22T00:00:00.000Z
hackers.town,2017-11-11T00:00:00.000Z
lol.lamp.wtf,Failed to retrieve instance information. Status code: 502
chat.trueffzido.de,2022-11-25T00:00:00.000Z
du.capricom.info,2022-01-04T00:00:00.000Z
mastodon.in.th,2019-02-18T00:00:00.000Z
eponaauthor.social,2022-11-09T00:00:00.000Z
nonentity.fedicity.net,2023-08-01T00:00:00.000Z
brians.town,2022-11-01T00:00:00.000Z
masto.kreks.nl,Unknown error
brettspiel.space,2022-11-02T00:00:00.000Z
pixygram.com,Failed to retrieve instance information. Status code: 404
social.pornstarpromote.com,2023-12-19T00:00:00.000Z
mastodon.liersch.it,2023-08-29T00:00:00.000Z
tuffi.masto.host,2024-06-09T00:00:00.000Z
mastodon.souperk.gr,2023-03-06T00:00:00.000Z
mastodon.puffer.fish,2024-06-21T00:00:00.000Z
topofthe.city,2022-01-16T00:00:00.000Z
bitwoods.duckdns.org,2023-11-20T00:00:00.000Z
mstdn.yurutan.net,2023-09-28T00:00:00.000Z
kpop.social,2018-04-02T00:00:00.000Z
heartystarty.net,2023-12-22T00:00:00.000Z
social.ipsyn.net,2022-12-27T00:00:00.000Z
cybervillains.com,2022-11-07T00:00:00.000Z
mastodon.fsinf.at,2022-11-02T00:00:00.000Z
jade.moe,2021-07-31T00:00:00.000Z
ohnepunktundkomma.org,2022-11-13T00:00:00.000Z
mastodon.distos.org,2022-11-28T00:00:00.000Z
pocketpixels.club,2022-12-20T00:00:00.000Z
travelpandas.fr,Unknown error
recht.social,2022-10-08T00:00:00.000Z
berlin.social,2022-05-19T00:00:00.000Z
raptol.net,2018-03-13T00:00:00.000Z
social.cwill.us,2022-11-07T00:00:00.000Z
m.quaoar.xyz,2022-06-12T00:00:00.000Z
mastodon.kylerank.in,2023-04-27T00:00:00.000Z
bluechakra.cloud,2017-12-25T00:00:00.000Z
don.kumarin.co,2023-02-05T00:00:00.000Z
social.fluxfox.dev,2023-06-23T00:00:00.000Z
mastouille.fr,2021-05-17T00:00:00.000Z
mastodon.svgun.ru,2024-01-18T00:00:00.000Z
bbiz.io,2022-11-08T00:00:00.000Z
www.ostkreuzblog.de,Failed to retrieve instance information. Status code: 403
seda.social,Unknown error
www.listbuglar.com,Failed to retrieve instance information. Status code: 403
social.tacowolf.net,2024-03-29T02:19:09.025Z
hutte.macskatze.art,2023-11-12T00:00:00.000Z
www.catswords.social,2022-11-28T00:00:00.000Z
mastod1.ddns.net,2022-11-08T00:00:00.000Z
mastodon.kroy.io,2022-11-06T00:00:00.000Z
mastodon.wellperns.com,2022-11-09T00:00:00.000Z
x0f.org,2018-08-24T00:00:00.000Z
orfodon.org,2023-11-07T00:00:00.000Z
social.dbzfans.online,2024-02-06T20:47:15.000Z
foxes.rocks,2022-11-12T00:00:00.000Z
terere.social,2022-11-18T00:00:00.000Z
mastodon.tz.is,2022-12-18T00:00:00.000Z
friends.polli.social,2021-04-11T18:48:37.000Z
toot.funami.tech,2022-11-11T00:00:00.000Z
derpy.masto.host,2023-07-15T00:00:00.000Z
ykzts.technology,2017-08-16T00:00:00.000Z
mstdn.camora.dev,2024-02-07T00:00:00.000Z
mond-basis.eu,2018-04-02T00:00:00.000Z
social.secret-wg.org,2019-01-03T00:00:00.000Z
mastodon.minionflo.net,2023-09-25T00:00:00.000Z
swisttal.social,2022-11-22T00:00:00.000Z
sgb075.fedicity.net,Unknown error
social.storydragon.nl,2021-02-11T15:57:59.217Z
misaka.chat,2022-11-01T00:00:00.000Z
chatwithus.live,2024-06-16T00:00:00.000Z
mastodon.shatteredsky.net,2022-12-31T00:00:00.000Z
oyasumi.space,2024-08-25T00:00:00.000Z
stories.ahlroos.me,Failed to retrieve instance information. Status code: 404
pollyanna.social,2022-12-22T00:00:00.000Z
social.finkhaeuser.de,2020-09-02T00:00:00.000Z
bonequest.net,2022-10-30T00:00:00.000Z
mastodon.kneitzel.de,2022-11-02T00:00:00.000Z
mastodon.olisti.co,2022-11-04T00:00:00.000Z
ладога.su,2024-03-16T00:00:00.000Z
t.testitfor.me,2023-01-28T00:00:00.000Z
social.regenpfeifer.net,2021-10-24T00:00:00.000Z
mstdn.fun.systems,2023-12-22T00:00:00.000Z
muenchen.social,2018-08-26T00:00:00.000Z
social.aptx-4869.de,2022-11-10T00:00:00.000Z
social.mpdl.mpg.de,2022-11-21T00:00:00.000Z
mastodon.hongkongers.net,2022-11-21T00:00:00.000Z
social.shanti.cafe,2022-12-13T00:00:00.000Z
ricko.social,Unknown error
felesitas.cloud,2017-06-29T00:00:00.000Z
mastodon.jing.lgbt,2024-01-28T00:00:00.000Z
mastodon.ramble.moe,Unknown error
exae.co,2020-04-04T00:00:00.000Z
muri.network,Failed to retrieve instance information. Status code: 403
blooming-land.icu,2022-11-23T00:00:00.000Z
mastodon.thesuntrip.com,Unknown error
atlbbs.com,2024-04-06T00:00:00.000Z
photo.sarsworld.eu,Unknown error
dommes.supremegoddesses.com,2020-06-27T00:00:00.000Z
mastodon.galileivr.org,2023-12-20T00:00:00.000Z
aircrew.rocks,2019-11-17T00:00:00.000Z
social.findmyown.space,2022-11-13T00:00:00.000Z
mastodon.rehtiniko.xyz,2022-11-26T00:00:00.000Z
socialserver.science,2022-11-01T00:00:00.000Z
social.npo.nl,Unknown error
troet.cafe,2018-04-29T00:00:00.000Z
fedi.at,2023-10-08T00:00:00.000Z
m.csgo.gg,2023-01-29T00:00:00.000Z
toot.nclf.net,2022-11-08T00:00:00.000Z
wikimedia.social,2023-07-13T00:00:00.000Z
moonbow.garden,2023-04-05T00:00:00.000Z
lsof.uk,Unknown error
social.pincade.com.au,2023-07-05T00:00:00.000Z
fedigroups.social,2024-01-29T00:00:00.000Z
social.polysecure.ca,2023-08-21T00:00:00.000Z
fidget.place,Unknown error
mstdn.jetzou.com,2023-02-22T00:00:00.000Z
mastodon.mcdowallfam.co,Unknown error
thesinalab.de,Unknown error
social.transsafety.network,2022-11-09T00:00:00.000Z
livester.net,2020-05-04T00:00:00.000Z
mastodon.lafhq.nl,2022-11-01T00:00:00.000Z
social.mondoweiss.net,2023-05-22T00:00:00.000Z
esper.lol,2023-07-09T00:00:00.000Z
mastodon.lo0.uk,2022-11-14T00:00:00.000Z
mastodon.fediversity.eu,2024-02-08T00:00:00.000Z
ala.masto.host,2023-05-12T00:00:00.000Z
frawas.de,2023-01-21T00:00:00.000Z
mastodon.haetsal.me,2023-04-17T00:00:00.000Z
social.adm.ink,2023-07-07T00:00:00.000Z
justabit.social,2022-04-17T00:00:00.000Z
mstdn.hyogo.jp,2017-04-22T00:00:00.000Z
mastodon.mikmak.cc,2022-11-21T00:00:00.000Z
leftover.puscii.nl,Data not available
mrcippy.xyz,Data not available
masto.yttrx.com,2022-11-06T00:00:00.000Z
longcovid.social,2022-12-07T00:00:00.000Z
social.secwarz.com,Unknown error
node.isonomia.net,2022-10-31T00:26:58.000Z
mastodon.nzoss.nz,2017-04-12T00:00:00.000Z
esq.social,2022-11-09T00:00:00.000Z
appy.cat,2024-07-31T21:17:56.544Z
hifish.social,2022-10-24T00:00:00.000Z
eita.club,2025-02-06T20:22:19.585Z
social.ferrocarril.net,2022-11-11T00:00:00.000Z
dara.li,2022-08-15T00:00:00.000Z
ear.li,Data not available
hub.azkware.net,Data not available
mastodon.blackblock.rocks,2022-11-05T00:00:00.000Z
clrk.space,Unknown error
martianbase.net,2023-02-25T00:00:00.000Z
nycity.social,2022-11-21T00:00:00.000Z
netzkms.de,2022-11-04T00:00:00.000Z
social.asturias.red,2022-11-13T00:00:00.000Z
musicians.today,2022-11-13T00:00:00.000Z
hoosier.social,2022-12-19T00:00:00.000Z
pixelfed.de,2018-06-18T16:31:08.000000Z
fediverse.repc.co,2022-11-07T00:00:00.000Z
tooter.kr,2022-11-18T00:00:00.000Z
qwq.ooo,2022-07-01T00:00:00.000Z
mstdn.nursing.unibas.ch,2023-11-02T00:00:00.000Z
montereybay.social,2022-11-22T00:00:00.000Z
fosstodon.org,2018-05-09T00:00:00.000Z
mastodon.ml,2019-08-18T00:00:00.000Z
implausiblyaverage.online,2024-03-16T00:00:00.000Z
musicworld.social,2022-12-02T00:00:00.000Z
talk.mls20.de,2022-11-07T00:00:00.000Z
portside.social,2022-12-16T00:00:00.000Z
mastodon.ie,2022-11-04T00:00:00.000Z
social.kd0ioe.com,Data not available
mastodon.joinhaven.us,2022-11-06T00:00:00.000Z
mas.greatlakes.club,2022-12-17T00:00:00.000Z
rosti.social,2023-09-28T00:00:00.000Z
linux.social,2022-12-21T00:00:00.000Z
bluefox.social,2022-11-22T00:00:00.000Z
babka.social,2022-11-15T00:00:00.000Z
thebigeasy.space,Unknown error
nullpointer.org,2022-11-20T00:00:00.000Z
toot.xdncs.com,2022-11-14T00:00:00.000Z
masto.nerdy-technician.social,2024-02-20T00:00:00.000Z
pan.rent,2022-11-23T00:00:00.000Z
social.r0r1.de,2022-11-12T00:00:00.000Z
f.3ischn.de,2019-08-04T14:39:06.000Z
social.pixie.town,2019-05-30T00:00:00.000Z
social.peanutsmediaserver.com,2024-04-04T00:00:00.000Z
mastodon.vtip.me,2022-11-21T00:00:00.000Z
pictogram.social,Data not available
collapsible.systems,2023-08-18T00:00:00.000Z
pixelfed.lovetux.net,Data not available
social.azuki.co,2023-10-25T00:00:00.000Z
x.goonj.xyz,Failed to retrieve instance information. Status code: 403
webperf.social,2022-11-17T00:00:00.000Z
social.singularity.sh,2023-04-15T00:00:00.000Z
social.deuill.org,2022-11-27T17:22:27.000Z
khiar.net,2020-12-02T00:00:00.000Z
journodon.com,2022-11-11T00:00:00.000Z
zdf.social,2022-12-01T00:00:00.000Z
m.rakyll.org,2022-11-04T00:00:00.000Z
toots.pp.ua,2023-08-01T00:00:00.000Z
mastodon.paftech.se,2022-11-03T00:00:00.000Z
inne.city,2023-12-31T23:59:46.000Z
m6n.onsen.tech,2017-04-13T00:00:00.000Z
imker.social,2022-12-19T00:00:00.000Z
zarja.crq.systems,2022-11-06T00:00:00.000Z
paquita.masto.host,2022-05-12T00:00:00.000Z
mastodon.opportunis.me,2018-01-23T00:00:00.000Z
mustard.blog,2022-11-10T00:00:00.000Z
rstats.me,2023-10-07T00:00:00.000Z
mastodon.sirrahd.com,Failed to retrieve instance information. Status code: 404
boothcomputing.social,2022-11-18T00:00:00.000Z
friendsend.org,Unknown error
community.orixon.org,2024-06-12T00:00:00.000Z
mstdn.crakac.com,2022-05-08T00:00:00.000Z
spd.social,2022-04-21T00:00:00.000Z
ourtribeonline.com,2022-10-29T00:00:00.000Z
medic.cafe,2017-02-22T00:00:00.000Z
nightly.fedibird.com,2020-11-26T00:00:00.000Z
mentalhealth-masto.com,2022-11-12T00:00:00.000Z
homestead.social,2024-07-10T00:00:00.000Z
social.crablab.uk,2023-12-24T00:00:00.000Z
mastodon.zazamankh.com,2022-11-10T00:00:00.000Z
blubrry.chat,2022-11-10T00:00:00.000Z
xeno.chat,2019-06-16T00:00:00.000Z
sociafk.mym41l.co.uk,2022-11-13T00:00:00.000Z
ostfrieslnd.social,2023-12-10T00:00:00.000Z
bvp.me,2022-11-09T00:00:00.000Z
rat.party,2022-11-08T00:00:00.000Z
antigram.org,Failed to retrieve instance information. Status code: 403
mastodon.dazed-gerbil.com,2023-10-24T00:00:00.000Z
honeycomb.engineer,2024-03-01T00:00:00.000Z
en.osm.town,2022-11-24T00:00:00.000Z
bigrat.social,2024-01-09T00:00:00.000Z
ku.vin.pet,Failed to retrieve instance information. Status code: 502
mstdn.klageweib.de,2022-11-17T00:00:00.000Z
bropartment.party,Unknown error
unstable.icu,2020-05-08T00:00:00.000Z
mastodon.enitin.xyz,2024-02-24T00:00:00.000Z
folky.me,2024-06-25T00:00:00.000Z
manny.dilithium.fr,Unknown error
mtdn.anyqn.com,2022-11-18T00:00:00.000Z
mastodon.d09.app,Failed to retrieve instance information. Status code: 521
demtech.global,2022-11-18T00:00:00.000Z
iys.io,2022-12-19T00:00:00.000Z
mediapart.social,2023-09-01T00:00:00.000Z
fedi.rrr.sh,2024-02-04T00:00:00.000Z
dev.handon.club,2019-05-05T00:00:00.000Z
mastodon.geekonweb.fr,2021-12-10T00:00:00.000Z
lustigetiernamenbubble.de,2022-10-28T00:00:00.000Z
m.comfycamp.space,2023-05-03T00:00:00.000Z
grammus.net,2023-02-24T00:00:00.000Z
natterati.com,2022-11-13T00:00:00.000Z
goddess.fedicity.net,Failed to retrieve instance information. Status code: 410
mastodon.inf.ethz.ch,Unknown error
klunscher.social,2023-04-30T00:00:00.000Z
smpl.hostdon.ne.jp,Failed to retrieve instance information. Status code: 410
mastodon.dev.iftas.org,2024-02-27T00:00:00.000Z
mfy.social,2023-09-08T00:00:00.000Z
is-a.cat,2022-04-29T00:00:00.000Z
opensimsocial.com,2023-03-16T00:00:00.000Z
milliways.social,2022-12-01T00:00:00.000Z
overgrown.garden,2022-11-21T00:00:00.000Z
clownpropoganda.com,Failed to retrieve instance information. Status code: 530
alt.lawndale.space,Data not available
sonomu.club,2019-04-06T00:00:00.000Z
toulouse.social,Unknown error
mastodon.straylight.engineering,2022-11-12T00:00:00.000Z
mastodon.berlin,2022-11-08T00:00:00.000Z
qratedspace.me,Failed to retrieve instance information. Status code: 404
mastodon.westsideblogger.eu,2022-10-31T00:00:00.000Z
social.besties.house,2023-07-25T00:00:00.000Z
www.ams.su,Data not available
kolektiva.social,2020-08-20T00:00:00.000Z
mookiesplace.com,Unknown error
greennet.social,2022-11-17T00:00:00.000Z
yuzupon.fedicity.net,Unknown error
mastodon.novylen.net,2022-11-08T00:00:00.000Z
wiggle.website,2020-05-25T00:00:00.000Z
snowdon.jp,2019-05-17T00:00:00.000Z
regenerate.social,2022-11-09T00:00:00.000Z
mstdn.sengenzakura.com,2023-03-23T00:00:00.000Z
chirpi.de,2017-09-12T00:00:00.000Z
ooe.social,2022-10-31T00:00:00.000Z
realms.jardin-des-slimes.fr,Unknown error
mastodon.neoform.co,Failed to retrieve instance information. Status code: 404
social.galaxy-control.org,2023-01-13T00:00:00.000Z
samenet.social,2022-11-05T00:00:00.000Z
saptodon.org,2022-11-01T00:00:00.000Z
mastodon.evl.fi,Unknown error
mastodon.gryphon.is,Failed to retrieve instance information. Status code: 502
spacerslike.us,2022-11-06T00:00:00.000Z
ꩰ.com,2022-11-13T00:00:00.000Z
gainer.cloud,2022-11-26T00:00:00.000Z
stage.pixelfed.de,Failed to retrieve instance information. Status code: 502
mastodon.nerdlings.net,2022-10-31T00:00:00.000Z
moresci.sale,2020-12-02T00:00:00.000Z
pics.houba.rocks,Data not available
gotosocial.net,2024-04-27T09:47:37.233Z
mofmof.coffee,2021-07-04T00:00:00.000Z
page.lgbt,2023-02-03T00:00:00.000Z
etw.uk,2022-11-07T00:00:00.000Z
donphan.social,2018-01-18T00:00:00.000Z
holopics.imperialba.se,Data not available
rathe.social,2022-12-18T00:00:00.000Z
whitespashe.uk,2018-04-26T00:00:00.000Z
mastodon.sdf.org,2017-05-01T00:00:00.000Z
fireplace.cafe,2022-11-18T00:00:00.000Z
mast.srweaver.com,2023-09-19T00:00:00.000Z
mikrobloggen.no,2023-07-15T00:00:00.000Z
mkultra.monster,Failed to retrieve instance information. Status code: 404
guglhupf.social,Unknown error
social.wastedalpaca.wtf,2022-11-10T00:00:00.000Z
t.kaikoga.net,2023-07-30T00:00:00.000Z
fedist.me,2024-03-16T00:00:00.000Z
homoo.social,2018-08-16T00:00:00.000Z
social.ullrich.is,Unknown error
episcodon.net,2022-11-15T00:00:00.000Z
social.rynth.net,Failed to retrieve instance information. Status code: 404
genomic.social,2022-11-02T00:00:00.000Z
burningboard.net,2023-02-19T00:00:00.000Z
sasa.africa,2022-04-25T00:00:00.000Z
mstdn.musicforlife.jp,2024-04-16T00:00:00.000Z
coolmathgam.es,2019-12-06T00:00:00.000Z
social.bethejustin.com,2022-04-27T00:00:00.000Z
gulo.monster,2023-11-15T00:00:00.000Z
revcybertrucker.com,Unknown error
mastodon.magnor.ovh,Failed to retrieve instance information. Status code: 502
tea.codes,2022-05-09T00:00:00.000Z
mstdn.yue-kichi.world,2023-07-03T00:00:00.000Z
mailcow.social,2022-11-22T00:00:00.000Z
harekiet.com,2023-06-26T00:00:00.000Z
viidalepp.me,2022-11-11T00:00:00.000Z
gbo.social,Failed to retrieve instance information. Status code: 404
parasocial.network,2023-02-09T00:00:00.000Z
yulran.masto.host,2019-06-05T00:00:00.000Z
toot.salted.fish,2023-03-26T00:00:00.000Z
apricot.social,2023-01-02T00:00:00.000Z
mast.giants-club.net,2022-12-20T00:00:00.000Z
mstdn.io,2017-04-06T00:00:00.000Z
acc4e.com,2022-11-05T00:00:00.000Z
mastodon.teia.art,2022-11-12T00:00:00.000Z
toot.ebu.io,2022-11-17T00:00:00.000Z
masto.machlis.com,2023-06-29T00:00:00.000Z
our.devchatter.com,2022-11-04T00:00:00.000Z
piconic.co,Failed to retrieve instance information. Status code: 503
twit.social,2019-12-31T00:00:00.000Z
post.miriel.dev,Unknown error
antisocial.science,2021-02-24T00:00:00.000Z
mental.social,2017-06-15T00:00:00.000Z
epsilon-ix.masto.host,2022-10-17T00:00:00.000Z
phparch.social,2022-11-30T00:00:00.000Z
gweep.cat,2022-11-29T00:00:00.000Z
ezdog.org,2025-01-14T00:00:00.000Z
cartersville.social,Unknown error
xerrem.xyz,Unknown error
3rdstone.cc,Data not available
moeda.me,Unknown error
icom.lol,2023-12-23T00:00:00.000Z
characters.cafe,2023-04-14T00:00:00.000Z
theres.life,2019-08-06T00:00:00.000Z
social.nursetonyf.com,Unknown error
toot.rhetro.de,2022-11-22T00:00:00.000Z
brunch.zone,Unknown error
mastodon.mixed-reality.social,2023-07-07T00:00:00.000Z
tebukuro.xyz,Unknown error
braunschweig.social,2022-10-28T00:00:00.000Z
yoitsu.moe,2021-11-13T00:00:00.000Z
hkc.social,2022-11-05T00:00:00.000Z
cc.chat,Data not available
techdon.dev,2022-04-16T00:00:00.000Z
engasjert.mdg.no,2023-01-23T00:00:00.000Z
tzcafe.com,2020-01-03T00:00:00.000Z
appdot.net,2022-11-05T00:00:00.000Z
kho.dev,2023-05-10T00:00:00.000Z
idolmaster.live,Unknown error
monarchists.uk,2023-03-05T00:00:00.000Z
crashloop.social,2022-11-06T00:00:00.000Z
mstdn-test.yuicho.net,Failed to retrieve instance information. Status code: 530
federated.glacier.dog,Failed to retrieve instance information. Status code: 500
botsin.space,2017-04-03T00:00:00.000Z
masto.measure.chat,2022-11-21T00:00:00.000Z
queer.group,2022-10-28T00:00:00.000Z
parody.town,2023-06-09T00:00:00.000Z
mstd.dansmonorage.blue,2021-05-02T00:00:00.000Z
mastodon.decentralised.chat,2022-11-30T00:00:00.000Z
aleph.land,2017-04-02T00:00:00.000Z
dasforum.org,2022-11-23T00:00:00.000Z
chalk.moe,2024-12-18T00:00:00.000Z
tatooine.club,2022-11-11T00:00:00.000Z
social.etwas42.de,2020-05-18T00:00:00.000Z
oldpeople.cafe,2022-11-10T00:00:00.000Z
mast.eu.org,2017-05-31T00:00:00.000Z
social.hintersphere.com,2022-11-19T00:00:00.000Z
social.lillin.net,2023-01-23T00:00:00.000Z
macnemo.social,2023-02-13T00:00:00.000Z
mastodon.derpstra.nl,2023-03-16T00:00:00.000Z
firekitten.social,2022-11-10T00:00:00.000Z
mastodon.omedia.cloud,Failed to retrieve instance information. Status code: 522
todon.ploud.fr,2018-11-11T00:00:00.000Z
b0x.social,Failed to retrieve instance information. Status code: 502
diskette.online,2022-11-12T00:00:00.000Z
mastodon.lanofthedead.xyz,2023-05-17T00:00:00.000Z
planetearth.social,2016-03-16T00:00:00.000Z
wolvesare.sexy,2022-11-03T00:00:00.000Z
social.futurnumerique.com,2024-07-16T00:00:00.000Z
mastodon.yuuta.moe,2022-12-17T00:00:00.000Z
terror.black,2023-02-04T00:00:00.000Z
mastodon.unmadegaming.com,2023-02-21T00:00:00.000Z
pavlik.top,Unknown error
furry.pet,2023-01-10T00:00:00.000Z
bowlofpetunias.net,2022-11-22T00:00:00.000Z
radio.w0abe.com,Unknown error
obufalus.jp,2023-01-20T00:00:00.000Z
toot.ale.gd,2023-02-02T00:00:00.000Z
mastodon.melroy.org,2022-11-18T00:00:00.000Z
toots.benpro.fr,Unknown error
social.pp.lu,2022-11-21T00:00:00.000Z
mstdn.yakitamago.info,2018-01-28T00:00:00.000Z
astral.camp,2022-10-23T00:00:00.000Z
porcelain.doll.repair,2024-03-30T06:17:58.012Z
strangeminds.social,2022-12-15T00:00:00.000Z
1689.social,Unknown error
rants.au,2022-11-09T00:00:00.000Z
discourse.helenprejean.org,2022-11-14T00:00:00.000Z
social.caskey-demaret.se,2022-11-05T00:00:00.000Z
stay.woke.institute,2022-12-21T00:00:00.000Z
clacks.link,2017-04-26T00:00:00.000Z
www.knowicles.com,Failed to retrieve instance information. Status code: 403
criticalrolestats.com,2022-11-20T00:00:00.000Z
foojay.social,2022-11-15T00:00:00.000Z
mastodon.lettucegarden.net,Unknown error
social.nah.re,2017-04-07T00:00:00.000Z
social.fallenbeck.com,Unknown error
catswords.social,2022-11-28T00:00:00.000Z
mastodon.eticadigital.eu,Data not available
glitch.lgbt,2022-11-17T00:00:00.000Z
garratt.social,2023-07-14T00:00:00.000Z
mastodon.q2r.net,Failed to retrieve instance information. Status code: 503
weilnboeck.social,2023-02-04T00:00:00.000Z
zacpwhite.social,2023-07-05T00:00:00.000Z
mudhut.social,2022-12-29T00:00:00.000Z
dz.social,2023-05-02T00:00:00.000Z
mastodon.fedivienne.org,2023-09-17T00:00:00.000Z
ruhr.social,2022-11-16T00:00:00.000Z
mastodon.computingcache.com,2024-02-01T00:00:00.000Z
dysfunction.social,2022-12-17T00:00:00.000Z
嘟文.com,2022-11-18T00:00:00.000Z
mastodon.orbitmines.com,Failed to retrieve instance information. Status code: 522
pb.todon.de,Unknown error
wholesome.computer,2022-10-30T00:00:00.000Z
mazanec.social,2022-12-11T00:00:00.000Z
deepspace.social,2022-11-02T00:00:00.000Z
plantex.top,2022-11-20T00:00:00.000Z
loser.cafe,Failed to retrieve instance information. Status code: 401
social.coletivos.org,2018-06-27T00:00:00.000Z
vhspace.social,2022-11-18T00:00:00.000Z
river.group.lt,2021-10-09T00:00:00.000Z
peoplemaking.games,2022-04-27T00:00:00.000Z
mitten.dur.ch,2022-12-06T00:00:00.000Z
handmade.social,2022-10-28T00:00:00.000Z
pixelfed.babb.no,Data not available
rayci.st,Data not available
geekodon.org,Failed to retrieve instance information. Status code: 522
mstdn.rcode.fi,2023-01-05T00:00:00.000Z
sandiegourbanists.com,2022-04-25T00:00:00.000Z
nfdi.social,2023-02-21T00:00:00.000Z
social.litehell.info,2023-07-18T00:00:00.000Z
sudojudo.com,Unknown error
mastodon.flockofnazguls.com,Unknown error
dragontavern.social,2023-07-03T00:00:00.000Z
rincha.club,2023-01-26T00:00:00.000Z
social.yba.dev,1970-01-01T00:00:00.000Z
ist-ur.org,2022-11-28T00:00:00.000Z
growers.social,2022-11-08T00:00:00.000Z
social.rickelobe.com,2022-12-02T00:00:00.000Z
stranger.social,2022-11-30T00:00:00.000Z
mastodon.pub.solar,2022-06-03T00:00:00.000Z
mastodon.common.se,2022-11-11T00:00:00.000Z
freefortnitegift.cards,Unknown error
maaw.social,2022-11-04T00:00:00.000Z
community.irreni.social,2024-07-04T00:00:00.000Z
guild.pmdcollab.org,2022-11-17T00:00:00.000Z
social.spejset.org,2022-12-30T00:00:00.000Z
toot.chifilly.co.uk,Failed to retrieve instance information. Status code: 502
tormentnexus.dev,2022-11-25T17:20:38.537Z
3dp.chat,2022-10-29T00:00:00.000Z
mastodon.scop.coop,2022-11-11T00:00:00.000Z
social.jigmedatse.com,2023-02-02T00:00:00.000Z
m.teela.jp,Unknown error
progressives.social,2022-11-10T00:00:00.000Z
silicorn.social,Failed to retrieve instance information. Status code: 502
mastodon.thewarrens.name,2020-05-27T00:00:00.000Z
mastodon.blaede.family,2023-01-04T00:00:00.000Z
weirdo.network,Data not available
pfalz.social,2022-11-02T00:00:00.000Z
mofu.kemo.no,2017-04-25T00:00:00.000Z
tmi.pics,Data not available
bot.swiss.social,2023-01-16T00:00:00.000Z
toot.renn.es,2023-07-02T00:00:00.000Z
mograph.social,2022-11-19T00:00:00.000Z
s.mysw.moe,2022-11-10T00:00:00.000Z
borahae.love,2022-11-08T00:00:00.000Z
genericsocialmediapage.com,2023-09-02T00:00:00.000Z
inductive.space,2023-03-12T00:00:00.000Z
waag.social,2022-11-09T00:00:00.000Z
bakedbean.xyz,2022-11-10T00:00:00.000Z
karakun.social,2023-10-16T00:00:00.000Z
indieweb.social,2019-08-30T00:00:00.000Z
protogen.social,Failed to retrieve instance information. Status code: 404
devolver.social,2022-11-22T00:00:00.000Z
xarxamontgri.masto.host,2019-02-26T00:00:00.000Z
pixelfed.rzgierskopp.de,Data not available
social.ei8fdb.org,2020-11-19T00:00:00.000Z
social.data.coop,2022-05-07T00:00:00.000Z
mstdn.sidh.bzh,Unknown error
social.cs.swarthmore.edu,2023-07-14T00:00:00.000Z
indigenousgulf.online,2022-11-13T00:00:00.000Z
bewegung.social,2022-11-16T00:00:00.000Z
lyricalpalette.social,2024-07-04T00:00:00.000Z
mastodon.draeh.org,2023-12-21T00:00:00.000Z
tivia.social,2022-12-19T00:00:00.000Z
social.fuzzyoverlords.org,2022-11-05T00:00:00.000Z
www.blabbergoats.com,Unknown error
morph.todon.de,2023-01-04T00:00:00.000Z
tootr.co,2022-11-14T00:00:00.000Z
wjlafrance.net,2022-11-20T00:00:00.000Z
kavlak.uk,2022-11-09T00:00:00.000Z
toots.matapacos.dog,2022-11-18T00:00:00.000Z
social.yaofur.com,2022-10-30T00:00:00.000Z
mastodon.flifloo.fr,2021-08-11T00:00:00.000Z
social.tthi.as,2022-11-18T00:00:00.000Z
mates.cafe,2024-07-04T00:00:00.000Z
tester.social,2022-11-17T00:00:00.000Z
mastodon.is-a.horse,2022-12-24T00:00:00.000Z
lea.lgbt,2023-02-21T00:00:00.000Z
hole.ucas.icu,Failed to retrieve instance information. Status code: 526
me.syslog.eu,2022-11-19T00:00:00.000Z
docviper.de,2022-11-01T00:00:00.000Z
technodon.org,2022-12-20T00:00:00.000Z
imkerei.social,Failed to retrieve instance information. Status code: 503
lawfedi.blue,2022-11-06T00:00:00.000Z
lilkev.dev,2023-07-08T00:00:00.000Z
piraten-partei.social,2022-05-15T00:00:00.000Z
micro.jacksonchen666.com,1970-01-01T00:00:00.000Z
mastodon.moonling.nl,2023-07-15T00:00:00.000Z
mastodon.adrienlacombe.me,Data not available
social.curlyphries.net,Unknown error
gardenstate.social,2022-11-22T00:00:00.000Z
mastodon.vapronva.pw,2022-03-24T00:00:00.000Z
libraryland.social,2022-12-02T00:00:00.000Z
dimick.social,2023-01-21T00:00:00.000Z
syndicat.solidaires.org,2022-12-16T00:00:00.000Z
mastodon.nickcharlton.net,2022-11-18T00:00:00.000Z
pho.social,2022-12-15T00:00:00.000Z
x.gthree.win,2023-11-21T00:00:00.000Z
mastodon.stsecurity.moe,2021-02-26T00:00:00.000Z
pix.noyaskey.net,Failed to retrieve instance information. Status code: 530
social.klein.ruhr,2023-11-29T00:00:00.000Z
blog.mbe.tv,2022-11-23T00:00:00.000Z
mastodon.cemea.org,2017-05-10T00:00:00.000Z
mastodon.scollectif.fr,2023-04-21T00:00:00.000Z
pix.lalafell.org,2023-04-15T07:24:23.000000Z
mastodon.hr,2022-11-11T00:00:00.000Z
hom.ph,2018-09-07T00:00:00.000Z
fax.social,2022-11-06T00:00:00.000Z
social.ziez.eu,2022-10-29T00:00:00.000Z
boumi.me,2023-03-02T00:00:00.000Z
groovytoot.com,Unknown error
community.growregen.org,2024-07-03T00:00:00.000Z
social.lilac.lab.shortcord.com,2023-07-01T00:00:00.000Z
mastodon.hamburg,Unknown error
mastodon.snmsoc.org,2022-04-13T00:00:00.000Z
librarysocialism.social,2023-07-28T00:00:00.000Z
notbird.app,2023-01-02T00:00:00.000Z
nixos.paris,2022-10-29T00:00:00.000Z
howdidthisgethere.masto.host,Unknown error
pix.anduin.net,Data not available
masto.sadrarin.com,2022-11-21T00:00:00.000Z
toot.community,Failed to retrieve instance information. Status code: 500
fundraising.social,2022-11-28T00:00:00.000Z
rssfeed.media,2023-09-16T00:00:00.000Z
bertha.social,2022-11-26T00:00:00.000Z
social.mailpace.com,Unknown error
setouchi.social,2024-02-21T00:00:00.000Z
lyingvoid.social,2022-11-07T00:00:00.000Z
gnurfl.de,2024-01-14T00:00:00.000Z
mededelingen.civieleautoriteiten.nl,2023-07-14T00:00:00.000Z
mastodon.useless.one,2022-11-07T00:00:00.000Z
najmon.com,2024-06-29T00:00:00.000Z
gaken.social,2023-01-21T00:00:00.000Z
mastodon.breiteberg.de,2022-12-14T00:00:00.000Z
spacelase.rs,Unknown error
pixel.maik.ch,Unknown error
pixelfed.automat.click,Data not available
social.evl.im,2022-11-06T00:00:00.000Z
mastodon.8086.org,2022-11-19T00:00:00.000Z
publicgood.social,2022-11-09T00:00:00.000Z
respublicae.eu,2022-04-02T00:00:00.000Z
mastodontti.fi,2018-04-21T00:00:00.000Z
hackers.org,2023-03-31T00:00:00.000Z
better.boston,2022-11-08T00:00:00.000Z
mastodon.laurenweinstein.org,2022-11-17T00:00:00.000Z
eozygodon.com,2022-11-13T00:00:00.000Z
brunic.com,2024-01-24T00:00:00.000Z
dial.modem.show,2022-11-23T00:00:00.000Z
toot.mrah.live,2024-04-15T00:00:00.000Z
suma-ev.social,2022-01-10T00:00:00.000Z
theplant.social,2023-11-28T00:00:00.000Z
unitedmastodon.com,2022-11-21T00:00:00.000Z
o0o.social,2023-01-20T00:00:00.000Z
buttsex.restaurant,2022-11-28T00:00:00.000Z
junkhub.org,2019-07-10T00:00:00.000Z
odenwald.social,2022-06-28T00:00:00.000Z
trees.social,2022-11-08T00:00:00.000Z
mastodon.localecho.net,2022-02-08T00:00:00.000Z
social.milktea.io,2022-12-16T00:00:00.000Z
nbaden.club,2022-11-14T00:00:00.000Z
federator.de,2023-12-17T00:00:00.000Z
peering.social,Failed to retrieve instance information. Status code: 403
tjatse.no,2022-11-01T00:00:00.000Z
pkm.social,2022-11-09T00:00:00.000Z
biscuit.town,2018-04-02T00:00:00.000Z
teal.social,2022-11-18T00:00:00.000Z
mastodon.com.py,Unknown error
frankfurt.social,2022-04-26T00:00:00.000Z
fedi.0x42.ch,2022-11-11T16:30:04.000Z
masts.lv,2023-01-14T00:00:00.000Z
qa.social,2022-11-12T00:00:00.000Z
mastodon.riebe.cloud,2024-06-19T00:00:00.000Z
howdee.social,2022-11-30T00:00:00.000Z
social.erw.ink,2023-01-26T00:00:00.000Z
masto.krashboyz.org,2023-02-20T00:00:00.000Z
gotosocial.stripittoride.club,2023-02-02T10:20:21.000Z
www.ldwg.me,2023-04-19T00:00:00.000Z
fellies.social,2018-09-23T00:00:00.000Z
mtg.garden,2023-10-08T00:00:00.000Z
polyglot.city,2022-04-30T00:00:00.000Z
mrnet.pt,Unknown error
mstdn-amadeus.tech,2018-09-09T00:00:00.000Z
fpv.social,2022-12-20T00:00:00.000Z
social.villains.live,2023-11-11T00:00:00.000Z
mstdn.axhxrx.com,Failed to retrieve instance information. Status code: 523
onephoto.club,2024-01-11T00:00:00.000Z
cariad.social,2023-01-10T00:00:00.000Z
etc.passwd.org,2022-11-19T00:00:00.000Z
masto.extragornax.fr,Unknown error
babyhollywood.social,2024-02-23T00:00:00.000Z
iu.social,2022-11-19T00:00:00.000Z
celsius.letemps.social,2023-07-29T00:00:00.000Z
deepalenight.com,Unknown error
mastodon.neshweb.net,2022-10-20T00:00:00.000Z
mastadano.com,2021-10-30T00:00:00.000Z
wansaw.com,Failed to retrieve instance information. Status code: 521
thu.closed.social,2019-09-26T00:00:00.000Z
masto.batichi.net,2023-07-11T00:00:00.000Z
mast.fslurs.gay,2023-02-16T00:00:00.000Z
mstd.seungjin.net,2023-01-23T00:00:00.000Z
toot.aquilenet.fr,2017-04-07T00:00:00.000Z
twiukraine.com,2022-11-07T00:00:00.000Z
mastodon.tails.ch,2023-02-21T00:00:00.000Z
dewp.space,2018-08-18T00:00:00.000Z
physfluids.fr,2022-11-03T00:00:00.000Z
blobfox.coffee,2022-10-07T00:00:00.000Z
infosec.space,2023-12-30T00:00:00.000Z
polaroid.absturztau.be,Data not available
sling.monster,Unknown error
pix.racoon.social,Data not available
worm.horse,2022-04-05T00:00:00.000Z
justsave.space,2023-11-02T00:00:00.000Z
ofsexandlove.com,Failed to retrieve instance information. Status code: 406
nostr.bar,Failed to retrieve instance information. Status code: 502
okla.social,2022-11-27T00:00:00.000Z
mwtaylor.social,2023-07-24T00:00:00.000Z
magical-ribbon.net,2023-03-20T00:00:00.000Z
cliff.social,2022-11-05T00:00:00.000Z
rustodon.hopto.org,Unknown error
social.yewdar.world,2023-01-26T00:00:00.000Z
toot.re,2022-11-03T00:00:00.000Z
mstdn.gunma.jp,2020-04-25T00:00:00.000Z
mazaska.social,2022-11-13T00:00:00.000Z
mastodon.nekojimi.moe,2022-11-12T00:00:00.000Z
μ.computer,2022-11-02T00:00:00.000Z
toot.hoyle.me.uk,2022-11-09T00:00:00.000Z
pix.miri64.xyz,2022-12-02T19:51:49.000000Z
minds.excession.llc,2022-11-02T00:00:00.000Z
mastodon.pappenklatsch.de,2023-09-10T00:00:00.000Z
social.exclaimindustries.net,2019-12-09T00:00:00.000Z
garrison.su,2023-12-18T00:00:00.000Z
megantoots.com,2020-10-19T00:00:00.000Z
masto.deoan.org,2022-11-11T00:00:00.000Z
pixel.livellosegreto.it,Unknown error
mastodon.cl,2022-11-21T00:00:00.000Z
fedi.limes.pink,2004-04-13T00:00:00.000Z
tu.social,2023-02-19T00:00:00.000Z
melonsoda.site,2023-02-06T00:00:00.000Z
pixelfed.flawbee.net,2023-10-25T11:04:11.000000Z
pzdc.drakoshaslv.ru,Unknown error
retrogaming.social,2022-11-14T00:00:00.000Z
velour.social,2022-12-26T00:00:00.000Z
social.underdesk.net,2023-12-22T00:00:00.000Z
xn--t8j1bd0a4k.xn--q9jyb4c,2023-02-12T00:00:00.000Z
kamel.social,2022-11-28T00:00:00.000Z
social.spiezmaestro.ch,2023-02-04T00:00:00.000Z
troet.burg-halle.de,2022-11-02T00:00:00.000Z
paperbay.org,2022-11-27T00:00:00.000Z
liminalgici.spacc.eu.org,Data not available
mastodon.highteq.net,2022-11-20T00:00:00.000Z
furry.energy,2022-12-06T00:00:00.000Z
ku-kan-ya.hostdon.ne.jp,2023-04-15T00:00:00.000Z
sbntest.masto.host,Unknown error
deepspace.gay,Failed to retrieve instance information. Status code: 502
elb.cloud,2022-10-28T00:00:00.000Z
super-gay.co,2022-12-17T00:00:00.000Z
social.ichor.work,2023-07-04T00:00:00.000Z
friend.baai.ac.cn,2023-07-13T00:00:00.000Z
snoot.tube,2022-11-18T00:00:00.000Z
toot.the-cloud.io,2022-11-15T00:00:00.000Z
intotheriff.com,Unknown error
social.petertoushkov.eu,2023-06-19T00:00:00.000Z
thejuniverse.no,2023-10-19T00:00:00.000Z
physchem.science,2022-12-01T00:00:00.000Z
fedi.mvpgame.dev,2024-04-10T00:00:00.000Z
miltackink.space,2022-12-26T00:00:00.000Z
social.chatty.monster,2022-04-27T00:00:00.000Z
twipped.social,2022-04-28T00:00:00.000Z
muknown.jp,2018-08-04T00:00:00.000Z
mastodon.clinicians-exchange.org,Unknown error
furry.engineer,2022-11-09T00:00:00.000Z
masto.toadking.com,2022-11-21T00:00:00.000Z
closednetwork.social,Failed to retrieve instance information. Status code: 530
social.harter.us,2022-11-22T00:00:00.000Z
drumcorps.social,2023-02-11T00:00:00.000Z
dm824.fedicity.net,2023-08-25T00:00:00.000Z
dagegenbewegen.social,2022-11-30T00:00:00.000Z
roughdraft.party,2023-02-16T00:00:00.000Z
tooot.im,2017-05-01T00:00:00.000Z
swecyb.com,2022-11-13T00:00:00.000Z
social.roeckoe.be,2018-09-06T00:00:00.000Z
farmgarden.nora.social,2023-03-04T00:00:00.000Z
gts.scoobysnack.net,2023-09-15T19:57:04.000Z
mstdn.plusminus.io,2019-01-05T00:00:00.000Z
mastodon.cr,Unknown error
evilmeow.com,2023-01-15T00:00:00.000Z
preciouslittle.life,2018-12-18T00:00:00.000Z
sauropods.win,2021-03-12T00:00:00.000Z
widget.uk,2022-11-05T00:00:00.000Z
fans.sonichu.com,Failed to retrieve instance information. Status code: 500
driveinsaturday.org,Failed to retrieve instance information. Status code: 500
prattle.top,2023-07-03T00:00:00.000Z
mastodon.haris.paris,2024-02-07T00:00:00.000Z
social.mootech.eu,Unknown error
pixelfed.louy.social,2023-02-05T14:22:51.000000Z
orbital.horse,2023-07-08T00:00:00.000Z
fedi.truth-sandwich.com,2024-02-22T00:00:00.000Z
tentacle.social,2018-11-23T00:00:00.000Z
social.ornella.xyz,2022-08-13T00:00:00.000Z
pixel.sp-codes.de,Data not available
crosstalk.tech,2022-11-23T00:00:00.000Z
social.msa2p.be,2022-11-26T00:00:00.000Z
nemushee.net,Failed to retrieve instance information. Status code: 410
hunterlife.net,2023-03-16T00:00:00.000Z
fckmsk.social,Unknown error
foresdon.jp,2017-06-27T00:00:00.000Z
queerspirituality.social,2023-03-21T00:00:00.000Z
2sheds.online,Unknown error
mastodon.mgtow.pl,Data not available
mastodon.metalbanana.net,2022-04-25T00:00:00.000Z
pynews.com.br,2023-06-20T00:00:00.000Z
jasette.facil.services,2019-03-24T00:00:00.000Z
disabled.social,2022-11-07T00:00:00.000Z
toot.monster,Unknown error
gaydadon.jp,2023-02-02T00:00:00.000Z
wonderful.social,Failed to retrieve instance information. Status code: 522
guitar.rodeo,2022-11-22T00:00:00.000Z
urda.social,2023-08-10T00:00:00.000Z
omusubi.ayarika.com,2024-01-16T00:00:00.000Z
triangletoot.party,2019-11-23T00:00:00.000Z
webdebolsillo.com,Failed to retrieve instance information. Status code: 404
social.dorf-post.de,Failed to retrieve instance information. Status code: 403
xforum.dev,2022-12-06T00:00:00.000Z
cornputer.org,2022-10-28T00:00:00.000Z
mastodon.akxnet.de,2022-12-18T00:00:00.000Z
social.luca.run,2022-11-15T00:00:00.000Z
beppo.online,2022-11-12T00:00:00.000Z
www.creatives-berlin.de,Failed to retrieve instance information. Status code: 403
ma.akazia.eu,2024-05-30T00:00:00.000Z
social.kraftw3rk.de,2024-06-24T00:00:00.000Z
7snowrin.net,Unknown error
mastodon.transneptune.net,2017-04-10T00:00:00.000Z
social.menzel.lol,2024-04-13T00:00:00.000Z
coales.co,2017-05-25T00:00:00.000Z
sausage.social,2022-11-07T00:00:00.000Z
nautilus.place,2024-06-11T00:00:00.000Z
moodoo.org,2022-11-08T00:00:00.000Z
stammy.design,1985-10-27T00:00:00.000Z
social.niso.org,2022-12-29T00:00:00.000Z
hispagatos.space,2017-11-16T00:00:00.000Z
cascarilla.social,2022-11-13T00:00:00.000Z
breakpoint.cafe,2022-10-08T00:00:00.000Z
social.crinstamcamp.com,2023-11-03T00:00:00.000Z
lgbtqia.space,2022-11-07T00:00:00.000Z
rsngrtn.fyi,2022-11-21T00:00:00.000Z
shadowverdon.info,2022-11-12T00:00:00.000Z
waskuisland.com,2022-11-13T00:00:00.000Z
alphabetica.masto.host,Unknown error
kitzmiller.social,2022-11-04T00:00:00.000Z
awawa.meo.ws,2022-11-18T00:00:00.000Z
humber.news,2022-11-11T00:00:00.000Z
tardis.pw,2024-01-08T17:47:12.081Z
slonik.0chan.ru,2022-11-20T00:00:00.000Z
x.coderblog.in,Unknown error
free.gluten.space,2021-05-23T00:00:00.000Z
social.dargan.uk,2024-06-06T00:00:00.000Z
raptor-care.center,2024-07-09T00:00:00.000Z
p.antsu.net,2023-07-15T00:00:00.000Z
masto.efdnet.com,2022-12-16T00:00:00.000Z
asocial.social,Unknown error
social.thunderkeys.net,2022-11-06T00:00:00.000Z
ferretfrizz.biz,2022-11-07T00:00:00.000Z
ngmx.com,2023-02-20T00:00:00.000Z
pxl.roflcopter.fr,2019-08-16T10:34:12.000000Z
abraham.su,2022-12-26T00:00:00.000Z
neovibe.app,Unknown error
sizestation.com,Unknown error
dao.chinese.org,2023-05-16T00:00:00.000Z
social.atiusamy.com,2024-02-03T15:00:03.895Z
legaltech.social,2023-01-09T00:00:00.000Z
mas.todon.rocks,2023-12-10T00:00:00.000Z
smitenet.com,2023-03-02T00:00:00.000Z
social.iheartmichelle.com,2023-08-08T00:00:00.000Z
bloade.social,2022-12-16T00:00:00.000Z
travis.webseitler.com,Failed to retrieve instance information. Status code: 403
plsnobully.me,2023-07-10T00:00:00.000Z
mtdn.ryuka-lucas.net,2024-06-11T00:00:00.000Z
alaskan.social,2023-06-13T00:00:00.000Z
i-love.liloandstit.ch,2023-01-26T00:00:00.000Z
themeparks.social,2022-11-03T00:00:00.000Z
famline.ru,Failed to retrieve instance information. Status code: 522
tooter.sftn.eu,2022-11-17T00:00:00.000Z
social.detektor.fm,2023-01-17T00:00:00.000Z
mast.wurmela.de,Unknown error
radikal.social,2023-03-14T00:00:00.000Z
amphora.social,2022-11-12T00:00:00.000Z
komachan.jp,2023-07-21T00:00:00.000Z
toots.niark.nexus,2023-08-02T00:00:00.000Z
wrong.tools,2022-11-19T00:00:00.000Z
mastodon.lothlorien.net,2022-11-08T00:00:00.000Z
tim-maloney.com,Failed to retrieve instance information. Status code: 406
social.subpolygon.com,2024-04-01T00:00:00.000Z
developers.live,2023-01-19T00:00:00.000Z
bauphysik.social,2022-11-11T00:00:00.000Z
eicker.news,2021-10-05T00:00:00.000Z
mastodon.mail.at,2022-11-20T00:00:00.000Z
avision-it.social,2023-01-31T00:00:00.000Z
inscribe.social,Failed to retrieve instance information. Status code: 502
istoleyour.pw,2022-11-21T00:00:00.000Z
social.esmarconf.org,2022-11-07T00:00:00.000Z
async.social,2022-12-22T00:00:00.000Z
73-110.pl,2024-03-27T00:00:00.000Z
werebeast.net,Unknown error
kinky.business,2017-04-17T00:00:00.000Z
tender-hearted.com,Unknown error
dogs.chat,2022-12-30T00:00:00.000Z
melendez.land,2024-02-04T00:00:00.000Z
worldtravel.photos,2023-08-04T00:00:00.000Z
social.wastaken.xyz,2024-04-17T00:00:00.000Z
pixelfed.pix-n-chill.fr,2023-08-21T17:07:45.000000Z
wandering.shop,2023-07-06T00:00:00.000Z
entrepreneurlibre.org,Unknown error
megalonyx.social,2022-11-17T00:00:00.000Z
tech.lgbt,2023-02-10T00:00:00.000Z
wasnever.cool,2023-02-05T00:00:00.000Z
puppo.space,2022-05-03T00:00:00.000Z
dragons.social,2023-08-30T00:00:00.000Z
harrystyl.es,Unknown error
reactions-test.mara.guru,Failed to retrieve instance information. Status code: 436
sleepybear.dev,2024-03-11T00:00:00.000Z
e.fo,2022-11-10T00:00:00.000Z
talk.stayas.one,2022-11-01T00:00:00.000Z
autistics.life,2022-12-21T00:00:00.000Z
pxl.nochiiverse.eu,2023-01-15T17:10:34.000000Z
smol.cafe,2023-08-19T00:00:00.000Z
mstdn.di-do.net,2023-04-26T00:00:00.000Z
m.adventurehound.io,2023-01-29T00:00:00.000Z
lektoren.dk,Failed to retrieve instance information. Status code: 555
zpravobot.news,2024-09-02T00:00:00.000Z
book.everythingbagel.me,Data not available
okpeace.org,2022-11-19T00:00:00.000Z
micro.baixllobregat.social,Unknown error
mastodon.xcsdm.com,Failed to retrieve instance information. Status code: 502
mastodon.dennisforbes.ca,Unknown error
social.drenth.xyz,2023-01-03T00:00:00.000Z
genxer.nz,Unknown error
stream.mykdeen.com,Failed to retrieve instance information. Status code: 405
mastodon.landlordsguild.com,2023-02-03T00:00:00.000Z
aseriesoftubes.social,Unknown error
mastodon.bstly.de,2022-03-16T00:00:00.000Z
vrcjp.hostdon.ne.jp,Failed to retrieve instance information. Status code: 410
mastodon.tejat.net,2023-04-19T00:00:00.000Z
mastodon.tomaszdunia.pl,Unknown error
gamedev.lgbt,2022-11-04T00:00:00.000Z
rubberchicken.social,2022-12-10T00:00:00.000Z
mastodon.com.tr,2022-05-05T00:00:00.000Z
aachen.social,Unknown error
animeomake.com,2023-08-01T00:00:00.000Z
futen.work,2019-12-27T00:00:00.000Z
snug.town,2022-04-26T00:00:00.000Z
mastodon.woodburn.au,2023-10-16T00:00:00.000Z
mastodon.cryobyte.net,Failed to retrieve instance information. Status code: 500
mastodon.melin.org,2022-05-07T00:00:00.000Z
social.feep.org,2022-11-07T00:00:00.000Z
nap.social,Data not available
dsj-toot.com,Unknown error
pixelfed.com.tr,Failed to retrieve instance information. Status code: 404
tootsmcgoots.io,2022-11-22T00:00:00.000Z
harbour.cafe,2022-04-26T00:00:00.000Z
sobieski.social,2022-05-26T00:00:00.000Z
ufoo9k.space,Failed to retrieve instance information. Status code: 502
toottoot.eu,2023-02-17T00:00:00.000Z
meta.masto.host,2022-11-18T00:00:00.000Z
masto.adamchandler.me,Unknown error
sevenscreens.net,2022-12-17T00:00:00.000Z
mastodon.hayfarmusa.com,Unknown error
mastodon.desord.re,2017-06-19T00:00:00.000Z
evrial.com,Data not available
zentribe.social,2024-03-05T00:00:00.000Z
mastodon.blip.rocklin.dev,2022-11-12T00:00:00.000Z
social.anufrij.de,2022-02-02T00:00:00.000Z
psu.social,2022-11-20T00:00:00.000Z
burma.social,2023-02-05T00:00:00.000Z
rwx.ch,2022-11-07T00:00:00.000Z
thetare.tech,Unknown error
mxin.org,2018-11-24T00:00:00.000Z
social.horrorhub.club,2022-11-06T00:00:00.000Z
mastodon.malbela.net,2022-10-06T00:00:00.000Z
social.edist.ro,2022-11-29T00:00:00.000Z
molaguay.xyz,2022-11-28T00:00:00.000Z
social.owlcode.tech,2022-08-24T00:00:00.000Z
groupthink.fun,2022-12-16T00:00:00.000Z
mixedwrestlinguk.masto.host,2024-08-15T00:00:00.000Z
goblin.technology,2021-11-16T09:46:13.000Z
friends.deko.cloud,2020-09-22T11:18:51.000Z
mindplex.sotatek.works,Failed to retrieve instance information. Status code: 502
3rdwall.net,2022-12-17T00:00:00.000Z
hairbow.lol,Unknown error
wpmastodon.es,2023-01-29T00:00:00.000Z
qaf.men,2022-04-29T00:00:00.000Z
noods.fun,2022-11-08T00:00:00.000Z
h-i.social,2023-10-11T00:00:00.000Z
toot.onlyfans.tokyo,2022-11-12T00:00:00.000Z
franken.social,2022-11-14T00:00:00.000Z
mastodon2.juggler.jp,Unknown error
friend.camp,2018-08-12T00:00:00.000Z
masto.pogmom.me,2023-06-12T00:00:00.000Z
social.purple-horizon-clan.net,2023-10-24T00:00:00.000Z
gamerr.cyou,2020-07-14T00:00:00.000Z
vhs.social,2022-11-11T00:00:00.000Z
agora-thinktanks.social,2023-02-22T00:00:00.000Z
social.r4v3.party,2024-12-24T20:45:01.750Z
sad.earth,Unknown error
gts.kelbie.scot,2021-07-21T13:24:52.133Z
pf.floofy.city,Unknown error
moyu.social,2022-04-28T00:00:00.000Z
ma.s0c.in,2023-07-01T00:00:00.000Z
social.montceleste.fr,2023-04-19T00:00:00.000Z
3zi.ru,2022-11-17T00:00:00.000Z
wargamers.social,2022-11-20T00:00:00.000Z
poyusbuddy.com,2023-01-22T00:00:00.000Z
toots.ch,2022-11-21T00:00:00.000Z
decco.net,2024-01-07T00:00:00.000Z
mastodon.robomwm.com,2024-02-21T00:00:00.000Z
friends.thoshis.net,Failed to retrieve instance information. Status code: 404
julialang.social,Data not available
kinkyelephant.com,2018-03-21T00:00:00.000Z
pixelfed.festnoz.de,2023-10-14T07:55:56.000000Z
pixelfed.orko.it,Failed to retrieve instance information. Status code: 404
masto.design,Failed to retrieve instance information. Status code: 502
mastodon.fjerland.no,2022-02-09T00:00:00.000Z
epicyon.libreserver.org,Failed to retrieve instance information. Status code: 400
dataare.cool,2022-11-17T00:00:00.000Z
tarasupadon.com,2022-07-30T00:00:00.000Z
mastodon.activitypub.be,Unknown error
grosshans.online,2022-10-15T00:00:00.000Z
bloor.tw,2022-11-01T00:00:00.000Z
fedi.omada.cafe,2023-11-19T00:00:00.000Z
nijinofune.com,2023-04-16T00:00:00.000Z
awesomein.space,Unknown error
mastodon.mwegner.com,2023-01-18T00:00:00.000Z
a2mi.social,2018-08-17T00:00:00.000Z
nonoino.masto.host,2024-07-05T00:00:00.000Z
mastodon.business,2022-06-01T00:00:00.000Z
mastodon.lebreton.fr,2022-11-15T00:00:00.000Z
na.social,2024-07-11T00:00:00.000Z
social.spork.gg,2022-04-25T00:00:00.000Z
ballhaus.community,2022-11-21T00:00:00.000Z
sanktgeorg.art,Failed to retrieve instance information. Status code: 403
stephenwuebker.social,2022-11-18T00:00:00.000Z
beeslink.com,2018-08-25T00:00:00.000Z
eu.mastodon.green,2020-05-16T00:00:00.000Z
retroverse.social,2022-02-02T00:00:00.000Z
lehrerzimmer.social,2022-10-30T00:00:00.000Z
mstdn.nagito.net,2024-10-13T00:00:00.000Z
acat.world,Data not available
hdev.im,2022-12-04T00:00:00.000Z
mastodon.mitmaro.dev,Failed to retrieve instance information. Status code: 403
mstdn.bar,2023-12-17T00:00:00.000Z
toot.rayonnant.org,2022-11-12T00:00:00.000Z
mastodon.astifter.com,2022-05-07T00:00:00.000Z
devianze.city,2022-12-29T00:00:00.000Z
social.thedevane.family,2024-02-25T00:00:00.000Z
expressional.social,2022-11-12T00:00:00.000Z
saint-paul.us,2024-05-01T00:00:00.000Z
ftrv.se,2022-11-09T17:28:35.000Z
thejoyo.com,Data not available
drizzle-damp.net,2020-08-29T00:00:00.000Z
mstdn.animexx.de,2022-11-03T00:00:00.000Z
scrappydog.com,Unknown error
bayerwald.cafe,2024-06-10T00:00:00.000Z
noclick.se,Failed to retrieve instance information. Status code: 521
pix.diaspodon.fr,2018-06-07T18:35:22.000000Z
mas.home.monsiteinternet.org,2017-09-04T00:00:00.000Z
chillr.de,Failed to retrieve instance information. Status code: 403
hacks.fi,2022-11-16T00:00:00.000Z
piupiupiu.com.br,2022-11-09T00:00:00.000Z
social.admin.ch,Unknown error
symas.social,2023-08-22T00:00:00.000Z
poag.one,Failed to retrieve instance information. Status code: 525
social.xavierbigfox.net,2022-11-18T00:00:00.000Z
mib.contact,2024-09-13T00:00:00.000Z
mastodon.nekohell.eu,2022-05-01T00:00:00.000Z
blabber.lu-rp.net,2022-02-23T00:00:00.000Z
ma.rokoucha.net,2023-07-17T00:00:00.000Z
janerationx.social,Unknown error
ssda.me,2023-12-15T00:00:00.000Z
social.yearg.in,2022-11-14T00:00:00.000Z
social.synerate.com,Failed to retrieve instance information. Status code: 522
ni.hil.ist,2024-10-01T00:00:00.000Z
shelter.moe,2017-04-06T00:00:00.000Z
shadows.rest,2023-06-21T00:00:00.000Z
ellieayla.net,1983-04-04T00:00:00.000Z
katholisch.social,2024-03-24T00:00:00.000Z
mascodon.jp,2023-01-20T00:00:00.000Z
www.perspectist.com,Failed to retrieve instance information. Status code: 403
mastodon.gruenerfaecher.eu,2023-02-05T00:00:00.000Z
4bear.com,2022-11-22T00:00:00.000Z
claristdon.link,2020-05-12T00:00:00.000Z
staging.pixelfed.net,2019-07-08T06:23:38.000000Z
masto.es,2022-11-11T00:00:00.000Z
pix.webm.ink,Data not available
pcgaming.club,Failed to retrieve instance information. Status code: 502
oye.social,2022-11-17T00:00:00.000Z
mastodon.darksheep.social,2022-12-01T00:00:00.000Z
social.twotenlabs.net,2023-01-19T00:00:00.000Z
mastodon.floyd.dk,2023-04-16T00:00:00.000Z
dango.holyassociates.com,Data not available
straylight.expectnomore.net,2017-10-31T00:00:00.000Z
sampleg325ps7z3d6oqadfgmokwvuic72lgr3b4um22ekgf3jq6ebaad.onion.monster,Unknown error
antisocial.existentialdread.com,2023-05-15T00:00:00.000Z
pixelfed.furryfandom.me,Data not available
dresserfamily.social,2022-12-01T00:00:00.000Z
dariox.club,2022-10-22T00:00:00.000Z
tankchat.it,Unknown error
poyoro.id,2023-07-02T00:00:00.000Z
ocw.social,2022-11-25T00:00:00.000Z
serenityos.social,2022-11-21T00:00:00.000Z
social.kiziah.cloud,Data not available
literatur.social,2019-03-30T00:00:00.000Z
mtgjudge.social,2022-12-11T00:00:00.000Z
birdon.social,2022-12-15T00:00:00.000Z
creature.social,2024-09-24T00:00:00.000Z
feenix.community,2023-11-17T00:00:00.000Z
social.process-one.net,2022-11-21T00:00:00.000Z
nemargut.com,2023-01-05T00:00:00.000Z
companies.social,Unknown error
mastodon.wdorff.dev,2023-07-07T00:00:00.000Z
social.pixels.pizza,Unknown error
infosec.exchange,2017-04-06T00:00:00.000Z
m.lonet.org,2022-12-03T00:00:00.000Z
social.ourwebgrove.com,Unknown error
puyopuyotetr.is,2023-11-21T00:00:00.000Z
blahaj.finch.ink,2022-11-13T00:00:00.000Z
splat00n.ink,2023-04-17T00:00:00.000Z
mst.ramsdr.ru,2023-02-25T00:00:00.000Z
neverwhe.re,2023-03-15T00:00:00.000Z
mastodon.bentobin.com,2022-11-20T00:00:00.000Z
pixels.gsi.li,Data not available
boys-love.xyz,2022-04-07T00:00:00.000Z
social.egalwaat.lu,2022-11-19T00:00:00.000Z
wizarding-world.icu,2023-02-14T00:00:00.000Z
mastodon.simply-life.net,2022-11-04T00:00:00.000Z
satori.cafe,2023-08-17T00:00:00.000Z
don.rag.pub,2017-04-02T00:00:00.000Z
altparty.social,2024-01-18T00:00:00.000Z
kinkworks.com,Failed to retrieve instance information. Status code: 530
zocial.ee,Failed to retrieve instance information. Status code: 502
interledger.social,2023-07-21T00:00:00.000Z
masto.marcleroi.be,Failed to retrieve instance information. Status code: 503
digitalsektor.se,Unknown error
mamutut.space,2022-11-10T00:00:00.000Z
toot.quest,2022-11-19T00:00:00.000Z
open3dlab.social,2023-07-27T00:00:00.000Z
schnauzer.social,2023-01-04T00:00:00.000Z
mstdn.anqou.net,2018-05-19T00:00:00.000Z
volumetrics.social,Unknown error
mastodon.rapidcow.org,Unknown error
radz-at-han.city,Data not available
beta1764.voyager.blue,Failed to retrieve instance information. Status code: 522
staging.mstdn.maud.io,2017-04-11T00:00:00.000Z
social.mirkwood.io,2022-11-14T00:00:00.000Z
nullisland.social,Unknown error
fulda.social,2022-11-22T00:00:00.000Z
loud.computer,2023-02-10T00:00:00.000Z
flauschhausen.de,2022-11-19T00:00:00.000Z
superhappy.social,2024-03-06T00:00:00.000Z
mastodon.hosnet.fr,2021-01-19T00:00:00.000Z
ifwo.eu,2019-06-23T00:00:00.000Z
social.savemy.name,Data not available
jazztodon.com,2022-12-08T00:00:00.000Z
amastodon.uk,2022-11-07T00:00:00.000Z
fractalthreads.net,2023-07-06T00:00:00.000Z
shrimply.social,2022-12-28T00:00:00.000Z
mastodon.mebitek.com,2019-10-11T00:00:00.000Z
mastodon.1in1.net,2021-01-04T00:00:00.000Z
fujun-bungaku.com,2024-05-23T00:00:00.000Z
www.librepunk.club,2019-03-28T00:00:00.000Z
masto.ink,2024-02-17T00:00:00.000Z
mastodon.free-solutions.org,2022-11-09T00:00:00.000Z
social.uibk.ac.at,2023-08-01T00:00:00.000Z
fountainpen.social,Unknown error
einbeck.social,2022-11-17T00:00:00.000Z
beta.tapbots.social,2022-11-12T00:00:00.000Z
exploit.social,Unknown error
teh.entar.net,2022-11-09T00:00:00.000Z
social.larus.se,2023-03-26T14:22:07.000Z
strivings.life,Unknown error
av8r.ca,2022-11-08T00:00:00.000Z
social.eqver.se,2022-12-23T00:00:00.000Z
spaceup.city,2022-11-05T00:00:00.000Z
dabzyum.masto.host,2022-07-02T00:00:00.000Z
mastodon.medienzentrenbw.de,2024-01-02T00:00:00.000Z
pixelfed.helvetet.eu,2023-06-27T23:04:28.000000Z
nasface.cz,Unknown error
mastodon.cthos.dev,2022-11-24T00:00:00.000Z
inari.click,2021-01-14T00:00:00.000Z
mathstodon.xyz,2017-04-12T00:00:00.000Z
social.exo.icu,2023-03-14T00:00:00.000Z
pouet.space,2022-05-05T00:00:00.000Z
notpickard.com,2021-11-05T00:00:00.000Z
hackodon.com,2022-11-20T00:00:00.000Z
foxfamily.online,2023-02-10T00:00:00.000Z
esperanto.masto.host,2018-08-27T00:00:00.000Z
mastd.dev,2023-01-15T00:00:00.000Z
social.tgj.services,Failed to retrieve instance information. Status code: 404
newmusic.social,Failed to retrieve instance information. Status code: 404
retirenow.top,2022-02-12T00:00:00.000Z
raggedfeathers.com,2017-12-15T00:00:00.000Z
hellions.cloud,2023-01-15T00:00:00.000Z
pixelfed.tal.org,Data not available
girlcock.club,2017-08-16T00:00:00.000Z
mstdn.3naly.xyz,2023-02-11T00:00:00.000Z
social.amsterdam.nl,2022-12-02T00:00:00.000Z
ijaron.life,2025-01-19T00:00:00.000Z
mastodon.launay.org,2022-05-07T00:00:00.000Z
cybergladius.social,2022-11-18T00:00:00.000Z
amigos.family,2022-12-08T00:00:00.000Z
social.temanbsd.com,Unknown error
namelesscitizen.space,Unknown error
soc.mod-12.com,2018-08-18T00:00:00.000Z
verbraucherzentrale.social,2023-04-19T00:00:00.000Z
mastodon.iriseden.eu,2019-10-13T00:00:00.000Z
onsbos.hopto.org,2022-11-11T00:00:00.000Z
roedelkiste.de,2024-07-05T00:00:00.000Z
mastodon.ameth.org,2022-11-19T00:00:00.000Z
anakmanis.com,2023-07-07T00:00:00.000Z
mtn.selfre.cc,2024-05-21T00:00:00.000Z
toots.ravenoak.dev,2023-07-01T00:00:00.000Z
mastodon.tod.net,2022-11-06T00:00:00.000Z
devschile.social,2022-04-26T00:00:00.000Z
wetshaving.social,2022-11-28T00:00:00.000Z
mastodon.vhome.info,2022-04-28T00:00:00.000Z
e5n.cc,2017-04-01T00:00:00.000Z
macaw.social,2022-11-02T00:00:00.000Z
exoticsatlarge.apes.org.uk,Unknown error
beach.city,2018-08-30T00:00:00.000Z
tribe.net,2022-11-06T00:00:00.000Z
allamaraine.io,2023-01-24T00:00:00.000Z
cheekibreeki.express,2022-11-18T00:00:00.000Z
xmob.social,2022-12-18T00:00:00.000Z
deadrobots.social,2024-10-08T00:00:00.000Z
f.reun.de,2016-03-16T00:00:00.000Z
perfect.moe,2022-11-14T00:00:00.000Z
atmasto.com,2022-11-07T00:00:00.000Z
abshoff.social,2022-11-05T00:00:00.000Z
cloudhub.social,2023-06-01T00:00:00.000Z
front-end.social,2022-12-19T00:00:00.000Z
mcnamarii.town,2017-07-05T00:00:00.000Z
greenhill.zone,2022-11-29T00:00:00.000Z
diblasio.social,2023-10-01T00:00:00.000Z
xelebre.com,2024-02-21T00:00:00.000Z
23.illuminati.org,2022-11-12T00:00:00.000Z
blasmusik.social,2022-11-16T00:00:00.000Z
mstdn.funil.de,2022-12-01T00:00:00.000Z
masto.ctms.me,2023-12-10T03:06:20.000Z
mastodon.unsuspicious.website,2022-05-02T00:00:00.000Z
pubsub.fun,Unknown error
dmv.community,2022-11-28T00:00:00.000Z
crime.st,2022-12-19T00:00:00.000Z
gamelinks007.net,2017-05-02T00:00:00.000Z
soc.sekundenklebertransportverbot.de,2024-12-31T00:00:00.000Z
shrike.club,2020-05-08T00:00:00.000Z
social.wintermade.it,Failed to retrieve instance information. Status code: 400
mastodon.mx,2022-11-19T00:00:00.000Z
mastodon-projekt.uni-muenster.de,2024-05-14T00:00:00.000Z
mstdn.isometry.group,2022-12-20T00:00:00.000Z
squeak.social,2022-10-27T00:00:00.000Z
mastodon.nk.ca,Data not available
social.pedalkickers.de,Unknown error
makersocial.online,2022-11-19T00:00:00.000Z
peak.pub,2023-01-31T00:00:00.000Z
art.masto.host,Data not available
mastodon.partipirate.org,2017-04-04T00:00:00.000Z
social.fossdle.org,2022-11-02T00:00:00.000Z
fedi.fullstuck.net,2019-12-30T00:00:00.000Z
toot.muchuu.net,2024-07-04T00:00:00.000Z
wellduck.me,2022-08-09T00:00:00.000Z
crazylab.online,2021-05-17T00:00:00.000Z
mastodon.steinernebruecke.de,2022-10-30T00:00:00.000Z
onemorestop.photo,Unknown error
mammoth.nightcity.lu,2024-06-05T00:00:00.000Z
graz.social,2021-12-09T00:00:00.000Z
social.makerforums.info,2022-06-01T00:00:00.000Z
me.dm,2023-01-11T00:00:00.000Z
august-don.site,2017-04-22T00:00:00.000Z
blan.cc,2023-01-04T00:00:00.000Z
onlynugs.net,Unknown error
toot.finfur.net,2022-11-11T00:00:00.000Z
mastodon.art,2017-04-14T00:00:00.000Z
cats.mastodon.musk.sucks,Unknown error
artsio.com,2022-04-26T00:00:00.000Z
retrohangout.club,2022-10-30T00:00:00.000Z
social.zoc.me,2022-11-20T00:00:00.000Z
mandra.us,2022-12-04T00:00:00.000Z
andeby.city,2024-02-23T00:00:00.000Z
skj.social,2022-11-05T00:00:00.000Z
mastodon.frl,2022-11-25T00:00:00.000Z
pub.qu1x.one,2022-12-03T00:00:00.000Z
saskodon.ca,2022-12-30T00:00:00.000Z
mastoneuron.com,Failed to retrieve instance information. Status code: 404
risk.social,2022-11-20T00:00:00.000Z
nedludd.social,Unknown error
h.kokuda.org,2019-03-01T00:00:00.000Z
sociala.me,2018-07-22T00:00:00.000Z
plrm.polyohm.net,Data not available
gronp.masto.host,2023-04-10T00:00:00.000Z
xenon.ecarlate.app,2024-07-04T00:00:00.000Z
handlewalks.masto.host,Unknown error
welsea.site,2019-11-10T00:00:00.000Z
mastodon.boyos.org,Unknown error
federated.press,2022-11-07T00:00:00.000Z
weedyverse.de,Unknown error
dev.equel.social,Failed to retrieve instance information. Status code: 522
aus.lgbt,Unknown error
face-house.fedicity.net,2023-12-17T00:00:00.000Z
ton-ton.link,Unknown error
social.sunet.se,2022-11-25T00:00:00.000Z
somewhy.net,2022-11-20T00:00:00.000Z
social.fcourtois.net,2020-04-08T00:00:00.000Z
mstdn.ivtune.net,2023-07-05T00:00:00.000Z
tecnfy.com,2022-11-02T00:00:00.000Z
mastodon-japan.net,2022-11-09T00:00:00.000Z
routing.center,2023-02-07T00:00:00.000Z
pixel.xarxa.cloud,2021-02-04T19:45:12.000000Z
kazee.social,2022-11-24T00:00:00.000Z
punk.demon.gay,Unknown error
social.lostcoastoutpost.com,Unknown error
social.pauldev.co,Unknown error
soc.nes.sh,Unknown error
pixey.org,2021-06-17T01:43:31.000000Z
social.sdfeu.org,2023-04-25T00:00:00.000Z
kar.ly,Failed to retrieve instance information. Status code: 404
mastodon.dermarcus.de,Unknown error
social.ymstnt.com,2024-06-23T11:57:03.000Z
social.nozbe.com,2023-02-06T00:00:00.000Z
social.globalpirates.net,2023-02-03T00:00:00.000Z
blueviolet.monster,2023-07-27T00:00:00.000Z
mastodon.colincogle.name,2024-03-02T00:00:00.000Z
mastodooooooon.xyz,2018-02-10T00:00:00.000Z
digitalpioneers.social,Failed to retrieve instance information. Status code: 404
social.soongyu.me,2024-07-14T00:00:00.000Z
social.soraharu.com,2024-04-04T00:00:00.000Z
macavity.cat,Data not available
mastodo.neoliber.al,2022-12-31T00:00:00.000Z
triangle.social,Failed to retrieve instance information. Status code: 500
im.alstadheim.no,2022-11-16T00:00:00.000Z
denton.social,2022-11-19T00:00:00.000Z
backs.day,2023-05-30T00:00:00.000Z
chaosfem.tw,2022-12-25T00:00:00.000Z
mastodon.green,2020-05-16T00:00:00.000Z
masto.queerscience.net,2022-11-19T00:00:00.000Z
social.xcetera.biz,Unknown error
hivemind.plus,2022-11-21T00:00:00.000Z
mastodon.blaster.com.ar,2022-11-09T00:00:00.000Z
mastodon.makerforce.io,2022-11-18T00:00:00.000Z
social.mezzo.moe,2020-12-06T00:00:00.000Z
masto.bg,2022-11-29T00:00:00.000Z
photodn.net,2017-04-20T00:00:00.000Z
blackshuck.net,2022-11-03T00:00:00.000Z
trivia.town,Data not available
fairpoints.social,2022-11-18T00:00:00.000Z
solarpunkdruid.com,Failed to retrieve instance information. Status code: 403
masto.bhsnw.com,2024-05-14T00:00:00.000Z
mielke.social,2017-04-05T00:00:00.000Z
awoo.studio,Failed to retrieve instance information. Status code: 522
mastodon.com.pl,2023-11-04T00:00:00.000Z
post.rodeo,Unknown error
bath.social,2022-03-23T00:00:00.000Z
photog.social,2017-06-24T00:00:00.000Z
mastodon.o3o.icu,2022-01-24T00:00:00.000Z
mousectrl.org,Unknown error
bawü.social,2020-12-28T00:00:00.000Z
mastodon.seishiono.com,2023-04-12T00:00:00.000Z
social.mei-home.net,2022-08-03T00:00:00.000Z
social.uggs.io,2023-11-14T00:00:00.000Z
social.advancedsoftware.engineering,2022-12-16T00:00:00.000Z
fedihum.org,2022-11-11T00:00:00.000Z
mendeddrum.org,2022-11-01T00:00:00.000Z
mastodon.berget.nu,2022-11-08T00:00:00.000Z
mastodom.social,2022-11-24T00:00:00.000Z
whoneedsabudget.cheap,2022-11-01T00:00:00.000Z
susururu0.hostdon.ne.jp,Unknown error
social.jaredzimmerman.com,2022-11-25T00:00:00.000Z
ricorda.social,Data not available
meghadeep.social,2024-09-12T00:00:00.000Z
precure.ml,2017-05-09T00:00:00.000Z
social.insider-it.de,Unknown error
hhsocial.de,2022-12-04T00:00:00.000Z
social.nebula.lgbt,2023-03-25T00:00:00.000Z
techfieldday.net,2022-11-18T00:00:00.000Z
godforsaken.website,2018-10-05T00:00:00.000Z
matya.social,2023-02-27T00:00:00.000Z
shoddy.site,2023-02-16T00:00:00.000Z
chromium.social,2023-01-16T00:00:00.000Z
fedi.nzyme.org,2023-11-13T00:00:00.000Z
defcon.social,2022-11-14T00:00:00.000Z
mastodon.zunda.ninja,2017-04-15T00:00:00.000Z
fed.graycyg.net,2024-09-14T00:00:00.000Z
mastodon.adamgeitgey.com,2022-11-05T00:00:00.000Z
my.elven.pw,2021-02-24T00:00:00.000Z
social.domov.de,2022-05-01T00:00:00.000Z
mamot.fr,2017-04-06T00:00:00.000Z
matts.network,2022-11-19T00:00:00.000Z
foxi.sh,2022-11-26T00:00:00.000Z
fedi.esgeroth.org,2023-01-27T00:00:00.000Z
social.isaa.it,2023-10-29T00:00:00.000Z
giersig.net,2022-10-29T00:00:00.000Z
parens.social,2022-11-28T00:00:00.000Z
mast.mako.li,2022-11-03T00:00:00.000Z
tf3.social,2024-02-15T00:00:00.000Z
webdev.so,2023-02-03T00:00:00.000Z
brotkru.me,2023-06-25T00:00:00.000Z
myopic.one,2022-10-27T00:00:00.000Z
social.team-unix.de,2022-11-14T00:00:00.000Z
proto.lgbt,2023-12-30T00:00:00.000Z
billys.mom,2022-11-24T00:00:00.000Z
roark.voluminum.net,2023-02-16T00:00:00.000Z
mastodon.fooddrinklife.com,2024-04-16T00:00:00.000Z
queer.blahaj.solutions,2022-12-01T00:00:00.000Z
espressoapps.social,Data not available
mastodon.digital-science.com,Data not available
social.jstsmthrgk.eu,2022-12-06T00:00:00.000Z
neuromatch.social,2022-11-26T00:00:00.000Z
m.femboy.im,Unknown error
torguard.social,2023-07-01T00:00:00.000Z
ukgb.social,Failed to retrieve instance information. Status code: 530
mt.shc.kanagawa.jp,2021-09-10T00:00:00.000Z
colonels.world,2022-11-21T00:00:00.000Z
mastodon.fajne.eu,2022-11-18T00:00:00.000Z
phyrexia.ru,2022-11-12T00:00:00.000Z
zomglol.wtf,2022-11-02T00:00:00.000Z
mastodon.kotet.jp,2022-12-19T00:00:00.000Z
friendzone.social,2022-04-25T00:00:00.000Z
norden.social,2018-08-22T00:00:00.000Z
sqrt.to,Failed to retrieve instance information. Status code: 404
normalunicorn.com,Unknown error
queer.garden,2018-08-14T00:00:00.000Z
mastodon.cocamserverguild.com,2024-06-08T00:00:00.000Z
social.kiesow.net,2022-11-02T00:00:00.000Z
partageflex.com,Unknown error
mederland.nl,2023-12-18T00:00:00.000Z
social.tripelix.com,2022-03-02T00:00:00.000Z
bikesare.cool,2022-11-06T00:00:00.000Z
konbini.social,2023-04-16T00:00:00.000Z
shakedown.social,2022-11-17T00:00:00.000Z
icosahedron.website,2017-02-03T00:00:00.000Z
pix.norse.social,Unknown error
reverendelvis.de,Failed to retrieve instance information. Status code: 403
pooper.fantranslation.org,2022-11-11T00:00:00.000Z
frootmig.net,2017-04-14T00:00:00.000Z
cackl.io,Unknown error
netmynd.org,2022-12-13T00:00:00.000Z
notwork.in,2023-01-22T00:00:00.000Z
parrygod.club,2018-08-24T00:00:00.000Z
mastodon.chotto.moe,Failed to retrieve instance information. Status code: 410
social.nerdnet.ovh,2022-12-08T00:00:00.000Z
dje.li,2022-11-23T00:00:00.000Z
mo.bugs.se,2024-04-17T00:00:00.000Z
social.obeygravity.de,2022-11-04T00:00:00.000Z
laconic.social,2023-09-18T00:00:00.000Z
mastodon.wulfsige.com,2022-11-18T00:00:00.000Z
social.opennerds.org,Failed to retrieve instance information. Status code: 400
stamps.town,2022-11-21T00:00:00.000Z
tootsmygoots.com,2023-01-03T00:00:00.000Z
social.krebsco.de,2022-11-29T00:00:00.000Z
mastodon.bachmann.wtf,Unknown error
comms.gsd.foundation,2022-11-17T00:00:00.000Z
mstdn.nan1.casa,2023-02-03T00:00:00.000Z
fd.toripota.com,2023-07-05T00:00:00.000Z
mastodon.ehlo.world,2022-11-20T00:00:00.000Z
social.losno.co,2022-12-18T00:00:00.000Z
allpro.social,2019-10-03T00:00:00.000Z
totoot.social,Unknown error
doyle.boston,Data not available
bahn.social,2022-11-03T00:00:00.000Z
mastodon.radfoote.net,2022-11-17T00:00:00.000Z
md.5273.me,Failed to retrieve instance information. Status code: 404
xn--80aaid7au.su,2024-03-16T00:00:00.000Z
mastodon.snld.ca,2023-01-29T00:00:00.000Z
social.mrtoto.net,2023-07-09T00:00:00.000Z
rando.social,2022-11-01T00:00:00.000Z
brain404.com,2023-07-25T00:00:00.000Z
sdemp.masto.host,2022-12-02T00:00:00.000Z
queer.party,2017-04-07T00:00:00.000Z
retroparadise.tech,2022-11-10T00:00:00.000Z
bluetoot.hardill.me.uk,2022-10-30T00:00:00.000Z
pixel.rochacbruno.com,Unknown error
queernerds.social,2023-02-13T00:00:00.000Z
galaxy.quest,2022-11-09T00:00:00.000Z
poils.pachyderme.net,2017-04-21T00:00:00.000Z
felin.social,2023-01-22T00:00:00.000Z
aus.social,2018-08-20T00:00:00.000Z
mastodon.paladinzero.com,Failed to retrieve instance information. Status code: 503
mastodon.collectifdhun.ovh,Data not available
talk.drdiddlybadger.com,2023-05-18T00:00:00.000Z
homo.dev,2019-12-21T00:00:00.000Z
sxgr.fun,2023-01-20T00:00:00.000Z
social.consoledated.com,2023-03-15T00:00:00.000Z
falk.cafe,2023-06-09T00:00:00.000Z
bongo.social,2023-12-28T00:00:00.000Z
friendica.xyz,Failed to retrieve instance information. Status code: 403
mastodon.surazal.net,2022-10-08T00:00:00.000Z
mastodon.miicat.eu,2022-11-05T00:00:00.000Z
faf.photos,Data not available
mstdn.ofraglapis.net,2023-07-04T00:00:00.000Z
kalmar.social,2022-11-12T00:00:00.000Z
old.mermaid.town,2022-11-03T00:00:00.000Z
mastodon.basjes.nl,2022-05-01T00:00:00.000Z
toot.jeena.net,2019-01-12T00:00:00.000Z
micro.blogs.princeton.edu,2024-02-20T00:00:00.000Z
amateurfunk.social,2024-10-02T00:00:00.000Z
f.freinetz.ch,2020-01-01T15:57:06.000Z
micro.vonschack.com,Unknown error
scruffy.parts,Failed to retrieve instance information. Status code: 404
fedi.lat,2023-12-07T00:00:00.000Z
boing.world,2020-08-28T00:00:00.000Z
meowstodon.net,2022-11-19T00:00:00.000Z
chud.space,Data not available
sylveon.social,Failed to retrieve instance information. Status code: 403
sporedrive.space,Unknown error
915.social,2022-12-06T00:00:00.000Z
rah.social,2022-11-23T00:00:00.000Z
pixelfed.poutounours.ovh,2022-11-14T19:48:26.000000Z
starbase80.wtf,2022-11-02T00:00:00.000Z
baraag.net,2017-04-25T00:00:00.000Z
shaughnessy.xyz,Failed to retrieve instance information. Status code: 530
syringa.social,2022-12-20T00:00:00.000Z
foggymtndrifter.social,Failed to retrieve instance information. Status code: 502
space.ministryoftesting.com,2024-08-10T00:00:00.000Z
emergencyalerts.app,Unknown error
cdrum.social,Unknown error
social.gilespaterson.com,2022-11-15T17:15:56.000Z
mastodon.faithtree.social,2023-01-27T00:00:00.000Z
fm619.club,2025-01-29T00:00:00.000Z
scoat.es,2022-11-04T00:00:00.000Z
nxt.social,2022-11-13T00:00:00.000Z
thelawtoknow.com,Failed to retrieve instance information. Status code: 404
social.sgsknote.org,Unknown error
pouet.aliel.fr,2022-11-02T00:00:00.000Z
pixelfed.home.monsiteinternet.org,2022-11-12T18:24:45.000000Z
sandbox.mastodon.iftas.org,2023-10-19T00:00:00.000Z
mastodon.incognitus.net,2022-11-07T00:00:00.000Z
toot.9wd.eu,2022-10-28T00:00:00.000Z
spv.sh,Failed to retrieve instance information. Status code: 404
social.liip.ch,2022-08-17T00:00:00.000Z
atsudon.fedicity.net,2023-08-03T00:00:00.000Z
social.filipesm.eu,2023-10-31T14:46:41.000Z
ofurodon.com,Failed to retrieve instance information. Status code: 410
exito.social,2023-11-23T00:00:00.000Z
megatherium.org,2022-11-20T00:00:00.000Z
mastodon.mmjo.com,Failed to retrieve instance information. Status code: 404
mastodon.gfc.rocks,2024-04-21T00:00:00.000Z
masto.glorious-space.eu,2022-11-03T00:00:00.000Z
pixelfed.bachgau.social,2021-10-05T09:36:14.000000Z
tty.icu,2022-12-17T00:00:00.000Z
datak.duckdns.org,2025-01-12T00:00:00.000Z
mast.dragon-fly.club,2020-05-16T00:00:00.000Z
mastodon.delic.fi,Data not available
momo.mame.moe,2020-06-28T00:00:00.000Z
social.apes.org.uk,2023-12-19T00:00:00.000Z
pha.one,2023-03-02T00:00:00.000Z
nongrata.social,2022-11-08T00:00:00.000Z
superrad.social,Failed to retrieve instance information. Status code: 530
fo0bar.org,2022-04-29T00:00:00.000Z
social.lila.network,Data not available
toot.radwärts.de,Data not available
vgg.lol,2023-02-03T00:00:00.000Z
masto.dopiaza.org,2022-11-13T00:00:00.000Z
fpl.social,Unknown error
itryhrd.com,2024-01-09T00:00:00.000Z
mastodon.skrimmage.com,2022-11-11T00:00:00.000Z
social.jvan.be,Unknown error
social.evilcyberhacker.net,2018-07-08T00:00:00.000Z
mastodon.kangaroopunch.com,Unknown error
toots.258990001.xyz,2023-09-07T00:00:00.000Z
arbitrarymusings.com,Failed to retrieve instance information. Status code: 404
friendica.mrpetovan.com,2019-04-28T15:19:04.000Z
n3trunn3r.org,2022-11-09T00:00:00.000Z
uldegrova.com,2022-11-12T00:00:00.000Z
luc.cat,Failed to retrieve instance information. Status code: 500
mastodon.tedomum.net,2018-01-29T00:00:00.000Z
social.thisisjoes.site,2019-06-17T00:00:00.000Z
exquisite.social,2023-05-20T00:00:00.000Z
social.tsdev.live,2024-06-24T00:00:00.000Z
mastodon.server.fifthdread.com,Failed to retrieve instance information. Status code: 502
toot.si,2017-06-01T00:00:00.000Z
forum.virctuary.com,2022-05-15T00:00:00.000Z
social.meissa-gmbh.de,2019-06-02T00:00:00.000Z
toot.pingu4.me,2023-05-02T00:00:00.000Z
hallo.ween.de,2024-06-19T10:20:40.590Z
wrannek.me,2023-02-06T00:00:00.000Z
mas.nzcow.com,2023-07-15T00:00:00.000Z
mcr.wtf,2022-11-13T00:00:00.000Z
social.sineware.ca,2018-03-24T00:00:00.000Z
mstdn.klamath.jp,2017-06-24T00:00:00.000Z
trpg.cloud,2020-11-12T00:00:00.000Z
noto.social,2023-09-17T00:00:00.000Z
spolu.bucek.eu,2023-08-20T00:00:00.000Z
press.community,2022-05-09T00:00:00.000Z
fivem.social,2025-01-21T00:00:00.000Z
goos.social,Unknown error
social.firescry.com,Data not available
augsburg.social,2020-06-20T00:00:00.000Z
rheinhessen.social,2022-11-10T00:00:00.000Z
genealogie.social,2023-10-29T00:00:00.000Z
electrospek.com,Failed to retrieve instance information. Status code: 404
mastodon.granto.cloud,2022-11-22T00:00:00.000Z
mastodon.versme.net,2023-12-03T00:00:00.000Z
social.stilbedarf.de,2023-07-06T00:00:00.000Z
hub.houseplants.cc,2024-03-28T00:00:00.000Z
talksmacky.com,2022-11-21T00:00:00.000Z
flooded.club,Unknown error
pix.mastodont.cat,Data not available
social.bloom.casa,2022-11-07T00:00:00.000Z
mastodon.trek3.io,Unknown error
mastodon.cosmicnation.co,2022-11-12T00:00:00.000Z
d3f4ult.space,2022-11-12T00:00:00.000Z
b0o1y.com,2022-12-21T00:00:00.000Z
interceptorx.live,Failed to retrieve instance information. Status code: 520
orthy.de,Failed to retrieve instance information. Status code: 404
route66.social,2022-11-12T00:00:00.000Z
rainyday.social,2024-07-13T00:00:00.000Z
vltava.cloud,2022-11-19T00:00:00.000Z
isntvery.social,2022-11-22T00:00:00.000Z
verified.mastodonmedia.xyz,2022-11-07T00:00:00.000Z
mastodon.thecrimsontint.com,2023-04-24T00:00:00.000Z
princess.industries,Data not available
thecanadian.social,2022-11-09T00:00:00.000Z
jcx.nu,2023-12-18T00:00:00.000Z
fediphilosophy.org,2022-11-13T00:00:00.000Z
mastodon.inubo.ch,2022-04-28T00:00:00.000Z
kopepasah.com,2023-12-28T00:00:00.000Z
wxw.moe,2017-11-19T00:00:00.000Z
social.colormixed.de,2024-06-01T00:00:00.000Z
social.territorisostenibili.org,Failed to retrieve instance information. Status code: 404
screencastsonline.social,2023-01-27T00:00:00.000Z
mastodon.stickbear.me,2023-10-29T00:00:00.000Z
singsingsing.party,Failed to retrieve instance information. Status code: 522
social.pifferi.io,1978-04-16T00:00:00.000Z
gamerstavern.online,2024-08-05T00:00:00.000Z
deepwoodsocial.net,2024-03-12T00:00:00.000Z
social.mottokrosh.com,Data not available
matthijs.social,2023-04-29T00:00:00.000Z
mastodon.f4n.de,2022-01-08T00:00:00.000Z
writ.live,2022-11-21T00:00:00.000Z
mctetsudou.net,Failed to retrieve instance information. Status code: 410
im.mibo.live,2022-12-19T00:00:00.000Z
ezone.fun,2022-12-28T00:00:00.000Z
m.mou.best,Unknown error
social.garudalinux.org,2022-11-09T00:00:00.000Z
social.kanhuji.eu,Data not available
dnsimple.social,2022-11-20T00:00:00.000Z
mstdn.uno,Failed to retrieve instance information. Status code: 522
pfft.lol,2022-11-21T00:00:00.000Z
social.zvavybir.eu,2023-11-17T00:00:00.000Z
mastodon.gramschladen.de,2022-04-27T00:00:00.000Z
mastodon.bot,2023-02-27T00:00:00.000Z
mastodon.kxn4t.tech,2018-08-17T00:00:00.000Z
social.jellejansen.eu,2023-10-23T00:00:00.000Z
orbsafe.masto.host,Unknown error
mastodon.olivr.me,2022-11-19T00:00:00.000Z
thinktanki.social,Unknown error
mastodon.otherworldsink.com,2023-01-06T00:00:00.000Z
rejoiner.eu,2022-11-13T00:00:00.000Z
svrdn.drillion.net,2017-04-15T00:00:00.000Z
arguos.com,2025-01-27T00:00:00.000Z
mstdn.bx23.net,2022-11-07T00:00:00.000Z
prattle.org.uk,2022-11-04T00:00:00.000Z
m.fru.bar,2022-11-27T00:00:00.000Z
polsci.social,2022-11-09T00:00:00.000Z
soc.eli173.com,2022-10-12T00:00:00.000Z
privacyofficers.social,2022-11-10T00:00:00.000Z
social.cybertalk.io,2024-07-06T00:00:00.000Z
mstdn.fujii-yuji.net,2017-04-30T00:00:00.000Z
mastodon.bluecatnet.work,Unknown error
pixelfed.dk,Data not available
chillout.chat,2021-03-05T00:00:00.000Z
leibniz.pub,2022-11-03T00:00:00.000Z
cloudfiction.social,2022-04-26T00:00:00.000Z
ernestoacosta.org,2024-05-12T00:00:00.000Z
strangeobject.space,Unknown error
solarpunk.moe,2021-10-16T00:00:00.000Z
ebrt.eu,Failed to retrieve instance information. Status code: 530
freemasonry.social,2022-11-13T00:00:00.000Z
eattherich.club,2022-11-20T00:00:00.000Z
o3o.ca,2021-07-31T00:00:00.000Z
chswx.social,2023-01-31T00:00:00.000Z
l3ib.org,2022-11-28T00:00:00.000Z
sakurajima.moe,2022-11-11T00:00:00.000Z
info.performing-arts.ch,2022-12-22T00:00:00.000Z
vixen.zone,2022-12-20T00:00:00.000Z
huber.social,2022-12-23T00:00:00.000Z
mastodon.gassner.io,2022-11-08T00:00:00.000Z
gore.pet,2024-03-30T00:00:00.000Z
hello.2heng.xin,2019-12-30T00:00:00.000Z
zuhair.social,2023-03-12T00:00:00.000Z
social.thms.uk,2022-11-11T00:00:00.000Z
pixel.johalla.org,2022-07-17T19:51:14.000000Z
pic.mascodon.jp,Data not available
the-gathering.space,2022-11-25T00:00:00.000Z
cho.yukiya.me,2022-11-03T00:00:00.000Z
dialup.cafe,2022-11-16T00:00:00.000Z
det.social,2024-10-29T00:00:00.000Z
istheguy.com,2019-12-31T00:00:00.000Z
notes.mu7ou.com,Failed to retrieve instance information. Status code: 403
welcometo.squelfland.com,2023-07-16T00:00:00.000Z
sigmoid.social,2022-10-31T00:00:00.000Z
mastodon.scot,2019-04-17T00:00:00.000Z
geneadon.social,2022-12-03T00:00:00.000Z
social.asraelvudogel.de,2022-11-12T00:00:00.000Z
mstdn.business,2022-12-16T00:00:00.000Z
ngrdk.fedicity.net,2023-07-02T00:00:00.000Z
social.lecker.coffee,2018-03-24T00:00:00.000Z
toot.houbahouba.de,2022-11-04T00:00:00.000Z
freifunk.social,2022-10-10T00:00:00.000Z
fedi.rafal06.dev,Unknown error
xyu.social,Failed to retrieve instance information. Status code: 521
cherprang.xfk48.com,2024-01-29T00:00:00.000Z
mstdn.yaesu-eas.tokyo,2020-04-26T00:00:00.000Z
books.deltanauten.de,Failed to retrieve instance information. Status code: 504
awscommunity.social,2022-04-27T00:00:00.000Z
fedibird.com,2019-08-15T00:00:00.000Z
miniature.photography,Data not available
mastodon.hopstudio.fr,Data not available
neurology.social,2023-01-11T00:00:00.000Z
book.itinerariummentis.org,Failed to retrieve instance information. Status code: 403
patavium.social,2022-11-19T00:00:00.000Z
ti22.pro,Unknown error
pixelfed.social,2018-06-01T05:01:59.000000Z
mastodon.deathbybandaid.net,2024-11-16T00:00:00.000Z
reliverse.social,2022-12-29T00:00:00.000Z
tabletop.vip,2022-04-29T00:00:00.000Z
quokka.city,2024-06-02T00:00:00.000Z
typing.ink,2022-11-13T00:00:00.000Z
fed.jpegs.forsale,2022-11-06T00:00:00.000Z
chaotic.fun,2024-03-16T00:00:00.000Z
social.hamro.io,2022-04-15T00:00:00.000Z
zug.network,2022-11-04T00:00:00.000Z
nfld.social,2022-11-25T00:00:00.000Z
forestver.se,Failed to retrieve instance information. Status code: 404
toot.iamninja.ru,2024-01-19T00:00:00.000Z
famille.social,2022-12-12T00:00:00.000Z
holonet.imperialba.se,2022-11-15T00:00:00.000Z
sevagir.am,Failed to retrieve instance information. Status code: 404
masto.nox-rhea.org,2022-12-03T00:00:00.000Z
gardons.contact,2022-11-23T00:00:00.000Z
nuvem.lgbt,Unknown error
social.bitsofsimplicity.com,2023-10-24T00:00:00.000Z
social.itfm.xyz,2022-11-28T00:00:00.000Z
t51b.org,2023-09-15T00:00:00.000Z
weird.autos,2022-11-08T00:00:00.000Z
squeet.me,2015-02-09T09:16:27.000Z
maddie.rocks,Unknown error
503junk.house,2022-12-03T00:00:00.000Z
boosts.squirrel.pictures,2024-08-17T14:59:45.379Z
rukii.net,2022-12-03T00:00:00.000Z
libertynode.net,2021-07-09T00:00:00.000Z
vortex.masto.host,2023-01-20T00:00:00.000Z
mastodon.star-one.org.uk,2018-09-01T00:00:00.000Z
ibite.lol,2022-11-18T00:00:00.000Z
mstdn.jaws-ug.okinawa,2017-04-27T00:00:00.000Z
mellow.zone,2020-08-05T00:00:00.000Z
extraordinarygeeks.social,2023-02-11T00:00:00.000Z
lesbian.masto.host,Data not available
fedi.kellioflix.win,Failed to retrieve instance information. Status code: 404
omg.sayitditto.net,2023-10-29T19:20:57.000Z
pix.myrkit.com,Data not available
trg.social,2023-02-20T00:00:00.000Z
toot.abuzz.social,Unknown error
belpheg.org,Unknown error
mochi.social,2022-12-05T00:00:00.000Z
social.iterna.de,2021-07-20T00:00:00.000Z
hcommons.social,2022-11-02T00:00:00.000Z
pixelfed.sdf.org,2020-05-26T19:40:48.000000Z
nerdjoy.social,2023-12-30T00:00:00.000Z
knottywolf.sexy,2022-11-19T00:00:00.000Z
wayne.social,Unknown error
social.routing.rocks,2022-11-30T00:00:00.000Z
unixspace.online,Data not available
m.nithou.net,Unknown error
lile.cl,2022-11-09T00:00:00.000Z
equestria.social,2017-05-08T00:00:00.000Z
mastodon.yoctomath.com,2022-11-12T00:00:00.000Z
m.campfi.rs,2023-01-08T00:00:00.000Z
continuousdelivery.social,Unknown error
traumatized.umbreon.online,Data not available
senate.social,2022-12-12T00:00:00.000Z
helmholtz.social,2022-11-22T00:00:00.000Z
mountains.photos,Data not available
my-spaces.social,2022-04-28T00:00:00.000Z
fd00.space,2022-11-14T00:00:00.000Z
mastodon.davidciani.com,2022-11-04T00:00:00.000Z
bitsandpixels.dev,2022-11-17T00:00:00.000Z
geeknews.chat,2018-04-20T00:00:00.000Z
tuiter.rocks,2022-11-06T00:00:00.000Z
social.bitwig.community,2022-04-26T00:00:00.000Z
mastodon.dragoncave.dev,2022-09-11T00:00:00.000Z
staysilent.party,Unknown error
mastodon.aridgwayweb.com,Failed to retrieve instance information. Status code: 504
gaypirates.club,2023-07-01T00:00:00.000Z
social.markofall.com,2023-07-31T00:00:00.000Z
social.itshalfempty.com,2024-06-22T00:00:00.000Z
social.jmstevens.ca,2024-09-29T00:00:00.000Z
fedi.yaf.ai,2022-11-29T00:00:00.000Z
friendica.bosio.info,Failed to retrieve instance information. Status code: 403
iaccessibility.social,2022-11-04T00:00:00.000Z
ixchat.x4s.it,Failed to retrieve instance information. Status code: 403
toyvey.xyz,Unknown error
wsb.social,2022-11-15T00:00:00.000Z
0x3c.pl,2020-03-28T00:00:00.000Z
savageworlds.social,2022-05-02T00:00:00.000Z
mastodon.ouvaton.coop,2022-12-08T00:00:00.000Z
social.ctrlz.es,Failed to retrieve instance information. Status code: 502
consudon.club,Unknown error
deacon.social,2022-11-06T00:00:00.000Z
leuchtetgruen.me,2022-12-12T00:00:00.000Z
toot.fedilab.app,2019-11-16T00:00:00.000Z
canada.masto.host,2020-01-02T00:00:00.000Z
fruitade.xyz,2023-08-17T00:00:00.000Z
honks.io,2022-12-22T00:00:00.000Z
sukebe.hostdon.ne.jp,2021-12-07T00:00:00.000Z
fuzzy.zone,2022-04-26T01:02:16.796Z
mas.trolled.lol,Failed to retrieve instance information. Status code: 503
puppybear.social,2023-04-08T00:00:00.000Z
toonvandeputte.be,2022-11-01T00:00:00.000Z
sadoway.com,2022-11-26T00:00:00.000Z
mastodon.lagy.org,2023-02-23T00:00:00.000Z
soc.rnrd.eu,Data not available
social.hackerspace.pl,2022-11-17T00:00:00.000Z
neubau.social,2023-01-10T00:00:00.000Z
fuckyou.plus,2023-11-01T00:00:00.000Z
zoot.fun,Unknown error
aschaffenburg.social,2023-04-06T00:00:00.000Z
social.m1n1ster.com,2023-07-02T00:00:00.000Z
splodge.fluff.org,2022-11-18T00:00:00.000Z
bqri.us,2022-12-16T00:00:00.000Z
quinnwitz.house,Failed to retrieve instance information. Status code: 523
mastodon.theshowshow.tv,2022-11-18T00:00:00.000Z
toot.treffenstaedt.de,2022-11-12T00:00:00.000Z
norfolk.social,2023-12-14T00:00:00.000Z
barisa.social,Data not available
mastodon.craftingcomrades.net,Failed to retrieve instance information. Status code: 525
volksverpetzer.social,Unknown error
social.amichan.de,2023-01-10T00:00:00.000Z
social.neocloradas.com,2024-11-25T00:00:00.000Z
oomfie.world,2023-10-19T00:00:00.000Z
raccoon.place,2022-11-02T00:00:00.000Z
occitania.social,Unknown error
pagan.plus,2023-07-17T00:00:00.000Z
freaknik.vip,Failed to retrieve instance information. Status code: 502
social.sixi.me,2023-12-25T00:00:00.000Z
connectop.us,2023-03-07T00:00:00.000Z
malmo.chat,Unknown error
haz.pink,2023-09-15T00:00:00.000Z
19marbles.org,Unknown error
mastodonts.se,Unknown error
talkedabout.social,2022-11-24T00:00:00.000Z
c3d2.social,2022-12-07T00:00:00.000Z
mastodon.quantumindigo.org,2021-08-25T00:00:00.000Z
queer.cool,2023-08-10T00:00:00.000Z
100terres.social,2023-07-25T00:00:00.000Z
ecoevo.social,2022-11-02T00:00:00.000Z
kauaku.us,Data not available
atx.pub,2022-11-06T00:00:00.000Z
retrophisch.social,2023-01-27T00:00:00.000Z
mastodon.ai8w.ddns.net,2023-04-22T00:00:00.000Z
h4.io,2022-05-03T00:00:00.000Z
muenster.im,2021-08-08T00:00:00.000Z
mastodon.schnuffle.de,2022-11-06T00:00:00.000Z
aoir.social,2023-03-02T00:00:00.000Z
corteximplant.com,2022-10-30T00:00:00.000Z
rva.fyi,2023-04-17T00:00:00.000Z
mastodon.mountainash.id.au,Unknown error
prf.me,2022-05-03T00:00:00.000Z
the-contraption.d.on-t.work,Failed to retrieve instance information. Status code: 404
m.prt.si,2022-11-21T00:00:00.000Z
silmaril.blue,Failed to retrieve instance information. Status code: 410
social.archworks.co,2023-06-24T00:00:00.000Z
darkmoon.social,2022-11-17T00:00:00.000Z
flokinet.social,2021-01-12T00:00:00.000Z
mstdn.immatrix.de,2022-11-14T00:00:00.000Z
decayable.ink,2023-03-12T19:54:34.000Z
sorbit.no,2022-11-19T00:00:00.000Z
perfumefan.jp,2022-12-17T00:00:00.000Z
paravielfalt.zone,2023-05-21T00:00:00.000Z
social.hnws.me,2021-12-14T00:00:00.000Z
nexus.servn.ca,Unknown error
elbereth.xyz,2024-04-15T00:00:00.000Z
noise.j-w.au,2022-11-07T00:00:00.000Z
social.shadow-corporation.com,Unknown error
heimat.drensteinfurt.net,2022-05-22T00:00:00.000Z
social.rochacbruno.com,2024-09-17T17:37:54.204Z
m.cmx.im,2019-10-18T00:00:00.000Z
tbs.social,2022-12-20T00:00:00.000Z
mastodon.bentasker.co.uk,2022-11-13T00:00:00.000Z
mastodon.polyphony.me,Data not available
hawk.acosi.com,2021-09-09T00:00:00.000Z
owo.cafe,2024-07-25T00:00:00.000Z
tfq.social,2022-11-17T00:00:00.000Z
livellosegreto.it,2022-02-17T00:00:00.000Z
us.etarek.xyz,2024-08-02T00:00:00.000Z
mastodon.baie.me,2024-02-17T00:00:00.000Z
ribbit.froggirl.club,2023-07-15T00:00:00.000Z
social.worldc.one,Failed to retrieve instance information. Status code: 401
social.itu.dk,2022-11-22T00:00:00.000Z
htt.social,2022-12-19T00:00:00.000Z
trystero.social,2022-12-17T00:00:00.000Z
mastodon.arnos-vale.net,2023-02-05T00:00:00.000Z
mstdn.wiper.dev,2020-04-21T00:00:00.000Z
utopia.cool,2020-07-13T00:00:00.000Z
sportsball.host,Unknown error
social.netdc.ca,2019-05-06T00:00:00.000Z
mstdn.science,2022-10-30T00:00:00.000Z
krems.social,Failed to retrieve instance information. Status code: 500
menot.social,Failed to retrieve instance information. Status code: 522
mastodon.online,2016-11-23T00:00:00.000Z
don.haru3.me,2022-06-10T00:00:00.000Z
emu.social,Unknown error
mammut.moe,2022-11-08T00:00:00.000Z
col.social,2022-11-02T00:00:00.000Z
social.yellowgoat.net,2022-12-17T00:00:00.000Z
social.axiixc.com,2022-11-22T00:00:00.000Z
social.gravitons.org,2023-06-22T11:14:35.969Z
mstdn.lalafell.org.,2017-04-25T00:00:00.000+09:00
silversword.online,2022-11-02T00:00:00.000Z
mas.toast.ws,Failed to retrieve instance information. Status code: 502
barkshark.xyz,2019-11-16T00:00:00.000Z
techhub.social,2020-12-12T00:00:00.000Z
mastodon.im,2020-09-14T00:00:00.000Z
toots.tangoit.net,2023-01-07T00:00:00.000Z
isfeeling.social,2023-02-08T00:00:00.000Z
holycarp.org,Unknown error
tooter.thespawn.net,2023-12-30T00:00:00.000Z
syma.social,2021-05-22T00:00:00.000Z
myf.one,2023-02-26T00:00:00.000Z
irrelephant.co,2022-11-02T00:00:00.000Z
taidum.social,2023-08-13T00:00:00.000Z
transfur.social,2022-11-23T00:00:00.000Z
fedi.talktodan.com,2022-11-09T00:00:00.000Z
kuru.si,Unknown error
sportsfeed.me,2022-11-25T00:00:00.000Z
mastodon.pcgaldo.com,2023-04-01T00:00:00.000Z
mirus.club,2023-11-18T00:00:00.000Z
hyperreal.cyou,2024-04-07T00:00:00.000Z
masto.tab-e.de,Failed to retrieve instance information. Status code: 503
mastodon.moule.world,2022-12-21T00:00:00.000Z
mastodon.economiasocial.org,2022-07-19T00:00:00.000Z
mastodon.uguu.io,2022-11-19T00:00:00.000Z
lawsocial.org,2022-11-22T00:00:00.000Z
hachyderm.io,2022-11-14T00:00:00.000Z
formu1a.social,2022-11-10T00:00:00.000Z
m.blasteh.uk,2022-11-20T00:00:00.000Z
shabsters.social,Unknown error
fedi.gallegoiv.com,Failed to retrieve instance information. Status code: 404
social.hyuki.net,2022-11-15T00:00:00.000Z
grumble.social,2022-11-18T00:00:00.000Z
jrpg.town,2023-11-19T00:00:00.000Z
social.digitalmountains.co.uk,2023-08-19T00:00:00.000Z
artsoqueer.com,2024-06-22T00:00:00.000Z
toot.dusepo.co.uk,2022-11-20T00:00:00.000Z
ozlabs.house,2022-11-05T00:00:00.000Z
wilcosky.com,Failed to retrieve instance information. Status code: 404
soc.jrconlin.com,Unknown error
hotdok.dk,2023-02-03T00:00:00.000Z
social.lysand.org,2024-04-09T01:38:51.743Z
mastodon.hamdorf.org,Data not available
pool.social,Unknown error
mastodonmusic.social,Data not available
sofritoandsons.com,Failed to retrieve instance information. Status code: 406
mastodon.brown-silva.social,Data not available
mastodon.wolvar.net,2022-12-19T00:00:00.000Z
butts.team,2018-10-18T00:00:00.000Z
seo.chat,2022-11-08T00:00:00.000Z
mastodon.robserv.de,Unknown error
toot.paris,2023-02-12T00:00:00.000Z
social.cms.garden,2023-02-25T00:00:00.000Z
postingbrain.com,Data not available
rosafamily.social,2023-02-09T00:00:00.000Z
mstdn.geanix.com,2022-11-15T00:00:00.000Z
cutie.city,2023-02-15T00:00:00.000Z
furries.club,2022-11-08T00:00:00.000Z
toot.dswhi.com,Unknown error
mast.lat,2022-04-14T00:00:00.000Z
social.groene.nl,2023-01-26T00:00:00.000Z
mst.universoalterno.es,2022-11-05T00:00:00.000Z
mstdn.plus,2023-02-10T00:00:00.000Z
plush.city,2017-12-08T00:00:00.000Z
frittaten.at,2022-11-14T00:00:00.000Z
toots.cordelya.net,2022-11-01T00:00:00.000Z
radar.fail,Unknown error
social.amd.im,2023-04-10T00:00:00.000Z
mastodon.kwmns.eu,2023-04-07T00:00:00.000Z
furnu.org,2022-09-15T00:00:00.000Z
lizard.zone,2022-12-19T00:00:00.000Z
social.van.buu.re,2023-02-11T00:00:00.000Z
todon.nl,2017-04-28T00:00:00.000Z
penfount.social,2023-06-12T00:00:00.000Z
mastodon.karottenfabrik.net,2022-11-14T00:00:00.000Z
tech-nico.de,2022-11-05T00:00:00.000Z
xoxo.zone,2017-04-06T00:00:00.000Z
social.gamingecke.space,2022-10-31T00:00:00.000Z
mastodon.pix-n-chill.fr,2023-08-19T00:00:00.000Z
mstdn.online,2022-11-07T00:00:00.000Z
mastodon.unsupervised.online,2022-11-19T00:00:00.000Z
orthis.social,2022-11-04T00:00:00.000Z
vran.as,2021-02-26T00:00:00.000Z
furpark.kr,2022-10-27T00:00:00.000Z
patashnik.club,2023-07-30T00:00:00.000Z
gervtuber.de,Unknown error
physics.social,2022-11-20T00:00:00.000Z
mas.to,2019-03-28T00:00:00.000Z
mastodon.uno,2022-12-29T00:00:00.000Z
euproject.info,2024-02-05T00:00:00.000Z
dresden.network,2019-01-24T00:00:00.000Z
sueden.social,2022-11-09T00:00:00.000Z
newsbots.californialocal.com,Unknown error
yunochi.moe,Failed to retrieve instance information. Status code: 530
masto.nyc,2022-11-09T00:00:00.000Z
famichiki.jp,2023-05-17T00:00:00.000Z
natestodon.social,2023-07-18T00:00:00.000Z
mastodon.circle.lt,2023-01-19T00:00:00.000Z
social.mkj.earth,2023-11-23T00:00:00.000Z
io.mwl.io,2022-11-12T00:00:00.000Z
leipzig.town,2024-01-22T00:00:00.000Z
social.eyluldogruel.com,2020-08-26T00:00:00.000Z
neos.social,2022-04-27T00:00:00.000Z
craba.cab,2023-07-09T00:00:00.000Z
adforward.org,2022-11-16T00:00:00.000Z
mast.shbbl.ru,2024-09-22T00:00:00.000Z
bookwor.ms,2017-07-16T00:00:00.000Z
mastodon.madmanmarkau.net,Unknown error
geekprojects.com,Failed to retrieve instance information. Status code: 502
mastodon.indiegamesdevel.com,2023-06-14T00:00:00.000Z
jenkins.cc,2022-04-28T00:00:00.000Z
social.baubs.net,2022-11-11T00:00:00.000Z
spoonie.community,2022-11-13T00:00:00.000Z
mastodon.ir0k.de,2022-08-13T00:00:00.000Z
social.fz-juelich.de,2023-08-21T00:00:00.000Z
wehavecookies.social,2022-11-12T00:00:00.000Z
uff.rip,2022-11-30T00:00:00.000Z
toot.lugbz.social,2023-10-11T00:00:00.000Z
bucher.naturesmeatcandy.org,2022-11-22T00:00:00.000Z
bihar.social,2022-11-25T00:00:00.000Z
shadowland.social,2022-04-30T00:00:00.000Z
higheredweb.social,2022-11-11T00:00:00.000Z
topspicy.social,2022-04-25T00:00:00.000Z
snake.club,2021-01-24T00:00:00.000Z
peasej.me,2022-11-04T00:00:00.000Z
frikiverse.zone,2022-11-11T00:00:00.000Z
rambleon.social,Unknown error
fediverse.andy-bell.com,2022-10-28T00:00:00.000Z
abypom.work,2023-01-13T00:00:00.000Z
techforgood.social,2021-02-23T00:00:00.000Z
social.breisgaucave.de,2024-04-02T00:00:00.000Z
pix.bothhands.ca,Unknown error
stefanbohacek.online,2023-01-15T00:00:00.000Z
memtech.social,2022-11-07T00:00:00.000Z
s.poweredbydev.com,2022-11-14T00:00:00.000Z
hackaday.social,2022-11-12T00:00:00.000Z
carpdiem.online,2022-11-21T00:00:00.000Z
gts.passthejoe.net,2023-08-24T21:13:31.825Z
tomodachi.gafea.net,Failed to retrieve instance information. Status code: 520
scalie.zone,2024-01-08T00:00:00.000Z
mastodon.parkingmeter.info,2023-06-18T00:00:00.000Z
mastodon.dkl.jp,Unknown error
midorinasu.hostdon.ne.jp,Data not available
royalrainbow.link,2024-06-18T00:00:00.000Z
soundcafe.nl,2020-10-19T00:00:00.000Z
mastodon.teachmaths.org,Unknown error
mb.draculaojisan.com,2023-06-18T00:00:00.000Z
brandenburg.social,2020-11-02T00:00:00.000Z
mastodon.petripulkkinen.social,2023-05-11T00:00:00.000Z
rwfertilizer.mydns.jp,Data not available
social.rossabaker.com,2022-12-29T00:00:00.000Z
mastodon.bit.nl,2024-04-30T00:00:00.000Z
estrogen.gg,2024-05-30T00:00:00.000Z
social.gnuweeb.org,2023-07-03T00:00:00.000Z
ubuntu.social,2022-11-06T00:00:00.000Z
typo3.social,2022-12-14T00:00:00.000Z
snooker.uk.to,2022-11-12T00:00:00.000Z
mastodon.stahlstadt.cloud,Unknown error
px.c-p-b.com,Data not available
mstdn.rkunkunr.com,2021-11-26T00:00:00.000Z
mstdn.games,2022-12-01T00:00:00.000Z
the.voiceover.bar,2022-11-03T00:00:00.000Z
nahe.social,2022-05-30T00:00:00.000Z
mastodon.yohan.es,2022-11-09T00:00:00.000Z
baltic.social,2022-10-28T00:00:00.000Z
mastodon.girino.org,2022-11-26T00:00:00.000Z
social.codethink.co.uk,2023-01-25T00:00:00.000Z
nekton.social,2022-11-25T00:00:00.000Z
mastodon.chrispelli.fun,2022-10-27T00:00:00.000Z
homo.promo,2023-02-12T00:00:00.000Z
gts.tiuxo.com,Data not available
rail.chat,2022-04-26T00:00:00.000Z
ostatus.taiyolab.com,2022-11-05T00:00:00.000Z
xn--ratatskr-r4a.de,2022-11-10T00:00:00.000Z
mstdn.mx,2017-04-22T00:00:00.000Z
hasacow.com,2022-11-20T00:00:00.000Z
kaputtendorf.de,2022-11-09T00:00:00.000Z
turath.tn,2024-01-04T00:00:00.000Z
mastodns.net,2023-02-13T00:00:00.000Z
disobey.net,2017-04-06T00:00:00.000Z
hometech.social,2022-11-23T00:00:00.000Z
social.undrground.org,2022-11-04T00:00:00.000Z
ccrvb.com,2022-11-18T00:00:00.000Z
misc.name,2021-09-03T00:00:00.000Z
mastodon.gruezi.net,2022-04-26T00:00:00.000Z
chicklens.foolbazar.eu,2023-07-02T16:41:37.000000Z
mstdn.toonspell.net,2023-10-06T00:00:00.000Z
mefi.social,2022-11-14T00:00:00.000Z
indieapps.space,2022-11-24T00:00:00.000Z
scicomm.xyz,2017-10-25T00:00:00.000Z
mastodon.kumasotakeru.net,2024-06-16T00:00:00.000Z
mastodon.kmkz.moe,Data not available
fashionsocial.host,2022-11-10T00:00:00.000Z
social.3detplus.ch,2023-03-13T00:00:00.000Z
advent.social,2022-11-28T00:00:00.000Z
social.codehearth.com,2023-10-22T00:00:00.000Z
town.voyager.blue,2024-04-01T00:00:00.000Z
toot.fromseabed.com,Data not available
mastodon.spesh.com,2023-05-13T00:00:00.000Z
haunted.computer,2022-11-25T00:00:00.000Z
payravi.xyz,2023-02-20T00:00:00.000Z
500.social,Unknown error
backend.newsmast.org,2023-07-06T00:00:00.000Z
squawk.social,2022-11-10T00:00:00.000Z
rlidea.com,2023-08-13T00:00:00.000Z
mast.evulid.cc,2024-02-14T00:00:00.000Z
tmi.community,2023-02-19T00:00:00.000Z
taverne-zum-wanderer.de,2023-08-30T00:00:00.000Z
dev-friendica.mrpetovan.com,2019-05-10T01:21:40.000Z
tmux.f5.si,2023-10-18T00:00:00.000Z
fediverse.au,2022-11-17T00:00:00.000Z
social.zete.tk,2022-11-20T06:56:06.453Z
social.lindhom.no,Unknown error
mastod.no,2022-11-07T00:00:00.000Z
vacatureforum.nl,2023-01-11T00:00:00.000Z
shakuhachi.social,2022-12-16T00:00:00.000Z
social.partnerwerk.de,2024-06-16T00:00:00.000Z
mainburg.hallertau.social,2021-01-18T00:00:00.000Z
biplus.social,2022-11-20T00:00:00.000Z
pixelfed.mediasculp.com,Failed to retrieve instance information. Status code: 526
m.lanciano.it,2022-12-02T00:00:00.000Z
aldr.social,Unknown error
fedi.marty.tf,2024-04-12T06:39:56.000Z
coach.masto.host,Unknown error
gleasonator.com,Data not available
burningnebula.net,2022-11-07T00:00:00.000Z
koreus.social,2023-01-16T00:00:00.000Z
mstdn.jmiguel.eu,2022-11-13T00:00:00.000Z
colorid.es,2018-05-02T00:00:00.000Z
frogdrool.net,2022-11-30T00:00:00.000Z
latenight.social,2023-07-01T00:00:00.000Z
mstdn.glaux.io,2023-04-22T00:00:00.000Z
social.flipboard.com,2023-02-06T00:00:00.000Z
t00t.cloud,2023-02-15T00:00:00.000Z
mast.stalker.ee,2023-01-13T00:00:00.000Z
mstdn.rosaceae.net,2020-09-05T00:00:00.000Z
dotnet.social,2022-10-28T00:00:00.000Z
log.topophils.com,Data not available
historians.social,2022-11-20T00:00:00.000Z
mastodon.cyborgcentral.net,2022-11-14T00:00:00.000Z
neo.gyara.moe,2021-08-09T00:00:00.000Z
social.asgardius.company,2023-10-15T00:00:00.000Z
mastodon.cisti.org,2018-11-26T00:00:00.000Z
podcasts.social,2022-10-29T00:00:00.000Z
eworld.social,2023-02-03T00:00:00.000Z
bangdream.tokyo,2021-10-16T00:00:00.000Z
toot.darkcooger.net,2022-12-26T00:00:00.000Z
mastodon.libre-entreprise.com,2017-04-14T00:00:00.000Z
msocial.top,2024-08-28T00:00:00.000Z
arcticwind.social,2023-01-22T00:00:00.000Z
mastodon.thefword.club,Unknown error
talamanca.social,2022-11-10T00:00:00.000Z
ohai.social,2022-11-08T00:00:00.000Z
mieth.social,2022-05-01T00:00:00.000Z
cyberpasti.me,2022-11-21T00:00:00.000Z
social.rhea.art,2023-07-02T00:00:00.000Z
rawr.tf,2022-12-27T00:00:00.000Z
toot.tom-eric.info,2022-11-05T00:00:00.000Z
mastodon.jabbxi.de,2022-11-12T00:00:00.000Z
collantes.social,Unknown error
toot.hostdon.ne.jp,2023-02-18T00:00:00.000Z
social.lemee.co,2019-04-23T00:00:00.000Z
8bitar.io,2023-04-25T00:00:00.000Z
social.nerd.net,2022-11-19T00:00:00.000Z
goblin.camp,2019-01-04T00:00:00.000Z
come-together.nl,2022-12-01T00:00:00.000Z
strangeplace.me,2022-11-23T00:00:00.000Z
innoq.social,2022-11-11T00:00:00.000Z
fabler.su,2022-08-02T22:21:14.000Z
gay.camera,2023-01-03T00:00:00.000Z
fedi.computernewb.com,2024-01-20T00:00:00.000Z
lumberjacks.social,2022-12-17T00:00:00.000Z
pixelfed.aargaunet.ch,Data not available
matitodon.com,Unknown error
social.apfelfunk.com,2022-11-14T00:00:00.000Z
social.linux-help.org,2024-03-28T00:00:00.000Z
scg.owu.one,2023-12-01T08:02:45.575Z
batchats.net,2022-11-13T00:00:00.000Z
vis.social,2018-01-23T00:00:00.000Z
masktodon.social,Unknown error
drcit.social,2023-11-22T00:00:00.000Z
mstdn.adminero.it,2022-11-14T00:00:00.000Z
qn.krig.jp,2023-09-27T00:00:00.000Z
social.bij1.org,2023-02-22T00:00:00.000Z
social.yjsoft.me,2024-02-25T00:00:00.000Z
elcofre.social,2023-11-30T00:00:00.000Z
leftodon.social,2022-11-13T00:00:00.000Z
blahaj.social,2022-04-25T00:00:00.000Z
mozilla.social,Data not available
kind.social,2018-08-19T00:00:00.000Z
chain.closetoya.com,2018-02-21T00:00:00.000Z
mastodon.cronenberg.cc,2023-01-16T00:00:00.000Z
social.linc.systems,2019-01-13T00:00:00.000Z
nonexistent.ca,2024-01-08T00:00:00.000Z
kittyshards.net,2023-11-21T00:00:00.000Z
aniy.jp,Data not available
mastodon.orko.it,2022-01-09T00:00:00.000Z
toot.fan,2023-01-25T00:00:00.000Z
social.van-hemmen.com,2022-01-12T00:00:00.000Z
xierqi.club,Unknown error
ellis.social,2022-12-06T00:00:00.000Z
risc.social,Failed to retrieve instance information. Status code: 521
social.server17.net,2022-10-30T00:00:00.000Z
uuu.moe,2023-07-20T00:00:00.000Z
mooose.org,2024-10-18T00:00:00.000Z
zusammenkunft.net,2022-11-19T00:00:00.000Z
chat.radialbog9.com,2023-11-13T00:00:00.000Z
social.wake.st,2019-02-14T00:00:00.000Z
mastodon.ftp.rip,Failed to retrieve instance information. Status code: 502
noauthority.social,2024-01-13T00:00:00.000Z
social.tangoz.de,Failed to retrieve instance information. Status code: 403
mastoflute.social,2022-11-19T00:00:00.000Z
whisper.tf,2018-05-14T00:00:00.000Z
social.astralsystem.com,2023-01-22T00:00:00.000Z
ozstream.net.au,2023-02-01T00:00:00.000Z
konfigurationsmanufaktur.de,2022-11-20T00:00:00.000Z
pdx.sh,2022-11-25T00:00:00.000Z
easttexas.social,2024-02-19T00:00:00.000Z
route.shinamikaidou42.net,2023-07-31T00:00:00.000Z
mastodon.nichi.co,2023-05-26T00:00:00.000Z
m.dsnv.net,2019-05-12T00:00:00.000Z
social.gunju.de,2025-02-02T00:00:00.000Z
yyc.bike,2022-11-16T00:00:00.000Z
cuthrell.com,2022-11-29T00:00:00.000Z
social.teamb.space,Data not available
oomfie.city,2023-07-30T00:00:00.000Z
x.80px.com,2024-02-08T00:00:00.000Z
m.thebroom.us,2024-01-06T00:00:00.000Z
social.lol,2022-07-20T00:00:00.000Z
social.retronerd.at,2022-10-16T00:00:00.000Z
kirikabu.fedicity.net,2023-07-08T00:00:00.000Z
genealysis.social,2022-11-14T00:00:00.000Z
spurlock.social,Data not available
microhive.org,Data not available
social.brothertec.eu,2023-07-07T00:00:00.000Z
narikiri.hostdon.ne.jp,2020-03-22T00:00:00.000Z
inherently.digital,2019-10-11T00:00:00.000Z
yumeka.pw,2023-07-31T00:00:00.000Z
partyparrot.social,Unknown error
raphus.social,2022-11-06T00:00:00.000Z
yttrx.com,2022-11-06T00:00:00.000Z
ukraine.rs,2023-02-15T00:00:00.000Z
don.nzws.me,2019-05-28T00:00:00.000Z
mcyt.cc,2022-12-22T00:00:00.000Z
ps-sw145sd.hostdon.ne.jp,2023-02-26T00:00:00.000Z
mordor.social,Failed to retrieve instance information. Status code: 403
owo.ff15.eu,2022-11-30T00:00:00.000Z
mastodon.org.uk,2017-04-10T00:00:00.000Z
mastodon.digitaino.com,2022-12-21T00:00:00.000Z
klog.tw,2022-12-10T00:00:00.000Z
yukari.cafe,2018-03-13T00:00:00.000Z
acillba-lux.com,2024-01-04T00:00:00.000Z
fuerth.social,2022-12-01T00:00:00.000Z
pixelfed.crimedad.work,Data not available
fanfare.horse,2017-04-21T00:00:00.000Z
camp.crates.im,2022-03-18T00:00:00.000Z
micro.koray.al,2022-11-20T00:00:00.000Z
mstdn.fedi.kirigiri.me,2023-06-28T00:00:00.000Z
kmy.blue,2023-03-11T00:00:00.000Z
masto.danslesbois.info,Data not available
pouet.pas.la,2022-11-30T00:00:00.000Z
slvn.social,2023-06-07T00:00:00.000Z
machteburch.social,2019-01-23T00:00:00.000Z
mastodon.zevs.me,2022-12-07T00:00:00.000Z
gts.dtth.ch,2023-05-02T15:56:14.249Z
gts.fyrfli.social,2023-08-24T23:56:06.000Z
gaminginthe.cloud,2022-11-06T00:00:00.000Z
techhangout.social,2023-02-10T00:00:00.000Z
mastodon.is-hardly.online,2023-07-08T00:00:00.000Z
rollenspiel.social,2019-08-24T00:00:00.000Z
social.dekay.se,2023-03-07T00:00:00.000Z
freie-radios.org,2023-11-24T00:00:00.000Z
supernatural.fans,2022-11-18T00:00:00.000Z
mastodon.bres.cat,2022-11-28T00:00:00.000Z
free.gaycatgirl.sex,Failed to retrieve instance information. Status code: 410
equel.social,Failed to retrieve instance information. Status code: 522
terapeldigitaal.nl,2023-01-22T00:00:00.000Z
blueplanet.social,2023-01-30T00:00:00.000Z
social.dino.icu,Failed to retrieve instance information. Status code: 502
degrowth.social,2023-09-01T00:00:00.000Z
slashine.onl,2020-05-08T00:00:00.000Z
mastodon.replacementhipster.com,2022-11-19T00:00:00.000Z
mastodon.sprawl.club,2022-11-04T00:00:00.000Z
eletusk.club,2017-04-17T00:00:00.000Z
social.coyotecrimes.dog,Failed to retrieve instance information. Status code: 530
social.lc,2022-11-09T00:00:00.000Z
bots.krohsnest.com,2024-10-16T00:00:00.000Z
stefankoopmanschap.nl,2023-02-04T00:00:00.000Z
elefanti.co,2023-02-20T00:00:00.000Z
social.wasscher.com,2022-05-06T00:00:00.000Z
allagar.masto.host,2023-04-01T00:00:00.000Z
social.desbasques.com,2022-11-18T00:00:00.000Z
mstdn.soine.site,2023-03-29T00:00:00.000Z
friendica.gidikroon.eu,2021-08-13T22:23:35.000Z
red.niboe.info,Failed to retrieve instance information. Status code: 502
simian.rodeo,2022-10-31T00:00:00.000Z
social.ericcodes.io,2023-10-18T00:00:00.000Z
www.factelves.com,Failed to retrieve instance information. Status code: 403
social.exs.gay,2023-03-01T00:00:00.000Z
mastodon.xorp.hu,2023-05-25T00:00:00.000Z
mastodon.memes.observer,Failed to retrieve instance information. Status code: 502
masto.twib.me,2022-12-05T00:00:00.000Z
m.posterdati.it,2023-01-04T00:00:00.000Z
social.mkg20001.io,2022-11-25T00:00:00.000Z
mstdn.delmulin.com,2021-03-13T00:00:00.000Z
dan.mastohon.com,2022-11-03T00:00:00.000Z
sleepycrew.social,Unknown error
potla.ch,2023-01-04T00:00:00.000Z
lincolnite.net,2022-11-16T00:00:00.000Z
autism.social,Unknown error
worldkey.io,2022-04-27T00:00:00.000Z
socialturtle.eu,2022-04-15T00:00:00.000Z
poorlyrendered.com,2023-02-13T00:00:00.000Z
komuna.minadoraserver.art,2022-11-04T00:00:00.000Z
mastodon.tudgwal.fr,2022-11-07T00:00:00.000Z
comunidad.nvda.es,2022-11-06T00:00:00.000Z
writeout.ink,2022-02-05T00:00:00.000Z
social.meadowing.club,2023-04-09T03:48:13.958Z
sajin.life,Data not available
social.anthro.fun,2023-02-09T00:00:00.000Z
cyberspace.rodeo,2022-11-19T00:00:00.000Z
moe.cat,2017-04-24T00:00:00.000Z
social.adlerweb.info,2019-12-28T00:00:00.000Z
salieri.hostdon.ne.jp,2023-02-03T00:00:00.000Z
blabber.rocks,2020-12-17T00:00:00.000Z
hed.im,2022-11-08T00:00:00.000Z
nofed01.heguro.com,2021-10-29T00:00:00.000Z
asstodon.social,2022-11-24T00:00:00.000Z
ratingen.social,2022-11-12T00:00:00.000Z
bern.social,2024-09-12T00:00:00.000Z
pertsch.social,2023-05-22T00:00:00.000Z
blog.johanpersson.nu,Failed to retrieve instance information. Status code: 555
jamesgallagher.social,2022-04-25T00:00:00.000Z
sebitech.social,2022-04-26T00:00:00.000Z
pictochat.net,2022-11-18T00:00:00.000Z
layer8.space,2018-01-13T00:00:00.000Z
fediverse.one,2022-03-12T16:59:41.000Z
friendicadev.sekretaerbaer.de,2023-12-29T16:20:57.000Z
purplepenguin.lol,2022-11-10T00:00:00.000Z
hatchee.bz,2022-11-17T00:00:00.000Z
offroad.town,2023-08-02T13:52:07.000000Z
yabtm.us,2022-12-13T00:00:00.000Z
amicale.net,2017-04-13T00:00:00.000Z
rusty.cat,2022-11-19T00:00:00.000Z
maddie.oc.aleteoryx.me,Unknown error
mastodon.nz,2020-02-27T00:00:00.000Z
creators.social,2022-11-13T00:00:00.000Z
masto.onemanandhisblog.com,2024-01-09T00:00:00.000Z
yrrsdn.rukonichi.com,2024-02-01T00:00:00.000Z
blob.coffee,2018-10-15T00:00:00.000Z
toot.shoes,2019-02-03T00:00:00.000Z
social.lauercloud.de,2022-02-20T00:00:00.000Z
kassel.social,2022-12-19T19:34:14.000Z
social.pawsitiv.space,2023-01-27T00:00:00.000Z
mastodon.rejas.se,Data not available
mikrotik.social,2023-05-17T00:00:00.000Z
systerserver.town,2018-09-07T00:00:00.000Z
basidium.club,2024-02-29T00:00:00.000Z
alentours.cc,2022-11-11T00:00:00.000Z
kinney.social,2023-02-11T00:00:00.000Z
mastodon.tetaneutral.net,2017-04-04T00:00:00.000Z
toot.lv,2022-05-12T00:00:00.000Z
nastycandy.com,2023-03-11T00:00:00.000Z
edafe.social,2023-12-28T00:00:00.000Z
be-lieve.hostdon.ne.jp,2022-12-12T00:00:00.000Z
masto.sangberg.se,2022-11-28T00:00:00.000Z
mstdn.ysnr5102.com,2024-02-12T00:00:00.000Z
hi.47041.net,Failed to retrieve instance information. Status code: 403
screaminginsi.de,2024-03-11T01:36:21.840Z
waldvogel.family,2022-10-31T00:00:00.000Z
digitalstuntfactory.com,2022-11-19T00:00:00.000Z
thebristol.social,2022-11-28T00:00:00.000Z
mastodon.rip,2022-11-20T00:00:00.000Z
mastodon.ktachibana.party,2020-03-05T00:00:00.000Z
yiff.life,2018-07-07T00:00:00.000Z
osakanacreate.com,Data not available
d.mrzm.io,2022-11-13T00:00:00.000Z
social.tsun.co,2020-04-20T00:00:00.000Z
osna.social,2020-05-23T00:00:00.000Z
ascule.mooo.com,Data not available
pixelfed.co.za,Data not available
pixel.balamb.fr,2022-11-05T01:17:34.000000Z
sp.kub2091.ru,2021-10-03T00:00:00.000Z
plantegg.wiki.gd,Unknown error
mastodon.raykoworld.com,2023-07-23T00:00:00.000Z
displayeurope.social,2023-10-12T00:00:00.000Z
x0r.be,2017-04-11T00:00:00.000Z
pix.durehed.se,2024-06-24T08:01:28.000000Z
mastodon.radio,2018-08-13T00:00:00.000Z
starside.social,2022-12-19T00:00:00.000Z
kblue.10rino.net,2024-01-11T00:00:00.000Z
sre.masto.host,2022-04-25T00:00:00.000Z
joomla.social,2024-07-08T00:00:00.000Z
morphnet.de,2023-11-18T00:00:00.000Z
gomastodon.cz,2021-01-12T00:00:00.000Z
social.fairphone.community,2023-10-08T00:00:00.000Z
aurorign.social,2023-03-25T00:00:00.000Z
bcom.moe,2021-03-16T00:00:00.000Z
pipou.academy,2018-02-10T00:00:00.000Z
nonexiste.net,2018-12-05T00:00:00.000Z
ghostly.garden,2023-07-03T00:00:00.000Z
biplus.date,2021-09-14T00:00:00.000Z
endurance.racing,2023-10-14T00:00:00.000Z
mellified.men,2017-04-16T00:00:00.000Z
app.bikers.social,2022-11-23T00:00:00.000Z
social.growyourown.services,2022-02-02T00:00:00.000Z
rss-mstdn.studiofreesia.com,2023-05-28T00:00:00.000Z
diaspodon.fr,2021-01-25T00:00:00.000Z
kannitverstan.eu,2022-11-16T00:00:00.000Z
ludosphere.fr,2020-09-02T00:00:00.000Z
avantwhatever.org,2020-09-14T00:00:00.000Z
brokenhedge.org,Unknown error
noot.noot.cloud,2022-10-28T00:00:00.000Z
vmh.rest,Unknown error
comicscamp.club,2018-10-29T00:00:00.000Z
shrediverse.net,2023-12-29T23:56:29.447Z
social.psychodog.co.uk,2022-11-09T00:00:00.000Z
ipv6.social,2022-04-30T00:00:00.000Z
kicou.info,2018-03-23T00:00:00.000Z
tooter.wishy.co.uk,2022-11-11T00:00:00.000Z
oransns.com,2017-04-13T00:00:00.000Z
mastodon.kronk.info,2024-02-16T00:00:00.000Z
secuwing.social,2022-11-11T00:00:00.000Z
inkspill.co,Unknown error
sardegna.social,2022-11-10T00:00:00.000Z
i1.no,2022-12-18T00:00:00.000Z
masto.uno,2022-12-31T00:00:00.000Z
sns.mszpro.com,Failed to retrieve instance information. Status code: 403
so.scnr.it,2022-05-18T00:00:00.000Z
catharsis.cafe,2022-11-12T00:00:00.000Z
social.yesterweb.org,Failed to retrieve instance information. Status code: 403
mastodon.chuggybumba.com,2022-11-20T00:00:00.000Z
ansico.dk,2022-05-01T00:00:00.000Z
chitter.xyz,2017-04-14T00:00:00.000Z
tcp.fm,2023-02-04T00:00:00.000Z
hypno.social,2022-11-12T00:00:00.000Z
italkedtostrangers.com,2022-11-21T00:00:00.000Z
mastodon.b2b-marketing.pl,Unknown error
sozial.roter-kreis.de,2022-07-28T00:00:00.000Z
social.balsillie.net,2021-02-16T00:00:00.000Z
fediverse.bitals.xyz,2023-06-21T00:00:00.000Z
mastodon.digi.rodeo,2023-06-27T00:00:00.000Z
n.noxexcelsis.online,2023-08-19T00:00:00.000Z
coma.social,Unknown error
bequeme-couch.de,2022-11-09T00:00:00.000Z
mastodon.education,2022-10-30T00:00:00.000Z
katsuru.live,Unknown error
pics.voiceover.bar,Data not available
social.typica.us,2018-04-16T00:00:00.000Z
social.pixelpusher.no,Unknown error
unstable.systems,2022-04-28T00:00:00.000Z
pauho.net,Failed to retrieve instance information. Status code: 444
innocent.yukimochi.io,2017-10-09T00:00:00.000Z
1234.as,2019-07-18T00:00:00.000Z
mastodon.multimob.be,2017-08-24T00:00:00.000Z
social.nordgaming.eu,2023-12-11T00:00:00.000Z
verumsocial.com,Failed to retrieve instance information. Status code: 404
rob365.online,Failed to retrieve instance information. Status code: 403
social.openinfra.dev,2023-01-12T00:00:00.000Z
mstdn.engawa.social,2024-03-29T00:00:00.000Z
boerdica.de,Failed to retrieve instance information. Status code: 403
toot.majorshouse.com,2022-11-11T00:00:00.000Z
t.copyliu.org,2024-04-05T00:00:00.000Z
v2.nyoki.club,2017-12-27T00:00:00.000Z
meowr.me,2022-11-07T00:00:00.000Z
oulipo.social,2018-03-23T00:00:00.000Z
social.butterknifeestates.com,2017-10-31T00:00:00.000Z
pix.zeroes.ca,Data not available
mastodon.gouacheairship.com,2024-03-03T00:00:00.000Z
straightouttacotton.com,2022-11-24T00:08:33.000000Z
social.modding.games,Unknown error
mastodon.myaddomain.org,2021-11-01T00:00:00.000Z
mastodon.indiegames.online,2022-10-15T00:00:00.000Z
messydesk.social,2022-10-08T00:00:00.000Z
xarxa.cloud,2020-01-08T00:00:00.000Z
mastodon.randompherret.com,2022-11-11T00:00:00.000Z
masto.chelmi.info,2023-03-20T00:00:00.000Z
dice.camp,2020-09-23T00:00:00.000Z
troet.tay-tec.de,2020-01-13T00:00:00.000Z
gayweeb.vip,2022-04-30T00:00:00.000Z
strangeweb.page,2022-11-30T00:00:00.000Z
tum.social,2022-06-03T00:00:00.000Z
slime.computer,2023-10-15T00:00:00.000Z
p.talesbythewanderer.com,Data not available
squawk.mytransponder.com,2022-11-14T00:00:00.000Z
discuss.systems,2022-11-08T00:00:00.000Z
adventurer-guild.org,Unknown error
tsrats.net,2022-11-26T00:00:00.000Z
social.inter-mundos.de,2021-12-11T00:00:00.000Z
mapstodon.space,2022-11-04T00:00:00.000Z
mastodon.valha.la,2023-01-14T00:00:00.000Z
are.sexy,2023-02-20T00:00:00.000Z
kono.pub,2023-02-03T00:00:00.000Z
sandbox.skoji.jp,2017-05-07T00:00:00.000Z
furdon.com,Failed to retrieve instance information. Status code: 522
guzmer.social,2022-12-01T00:00:00.000Z
iosdev.space,2023-07-02T00:00:00.000Z
mastodon.fuckoff.top,Failed to retrieve instance information. Status code: 404
yetanother.place,2022-11-25T00:00:00.000Z
fedi.xamk.fi,2022-12-14T00:00:00.000Z
place-of-refuge.com,2019-02-13T00:00:00.000Z
social.smnz.de,Unknown error
social.elbespace.de,2022-12-20T00:00:00.000Z
pouet.it,2017-04-04T00:00:00.000Z
lewacki.space,2022-11-09T00:00:00.000Z
vkl.world,2022-11-19T00:00:00.000Z
social.learntosolveit.com,2022-11-24T00:00:00.000Z
netmonkey.xyz,2022-11-04T00:00:00.000Z
naapurinpoika.com,2023-02-18T00:00:00.000Z
photos.mroberts.me,2023-08-27T14:54:52.000000Z
freiburg.social,2021-02-07T00:00:00.000Z
westvisions.social,2023-03-03T00:00:00.000Z
vorny-animals.online,2023-07-24T00:00:00.000Z
ms.maritime.social,2022-12-23T00:00:00.000Z
tombraidersocial.com,2022-11-19T00:00:00.000Z
social.trumpi.co.za,2024-01-21T00:00:00.000Z
sharlayan.in,2022-11-09T00:00:00.000Z
social.eb8.org,2022-05-06T00:00:00.000Z
ostalb.social,2022-11-15T00:00:00.000Z
mastodon.poukpouk.com,Failed to retrieve instance information. Status code: 404
seldo.dev,2022-11-21T00:00:00.000Z
social.danpalmer.me,Unknown error
friscode.dev,Failed to retrieve instance information. Status code: 523
mastodon.d.gs,Unknown error
newsmast.community,2023-12-12T00:00:00.000Z
mastodon.gisvold.co.uk,2024-05-17T00:00:00.000Z
puniman.xsns.jp,2024-06-26T00:00:00.000Z
open-source-eschaton.net,Data not available
s.pebcak.de,2017-04-04T00:00:00.000Z
cunnin.me,2022-11-15T00:00:00.000Z
allovertheplace.ca,2024-02-08T00:00:00.000Z
pixel.kitchen,2022-11-20T00:00:00.000Z
curling.social,2022-11-12T00:00:00.000Z
voidwood.online,2022-07-07T00:00:00.000Z
masto.98degrees.co.uk,2022-11-09T00:00:00.000Z
cast.hidyn.com,Failed to retrieve instance information. Status code: 522
feed.yopp.me,2023-01-14T00:00:00.000Z
artistalley.space,2022-12-17T00:00:00.000Z
social.4score7pongs.com,2022-11-18T00:00:00.000Z
kwick.rip,2023-05-02T00:00:00.000Z
frogs.lgbt,2022-11-07T00:00:00.000Z
pirati.ca,2019-04-15T17:51:48.000Z
colloquy.social,Unknown error
darksky.social,2022-08-16T00:00:00.000Z
bebopping.social,2024-07-15T00:00:00.000Z
social.openearth.org,2023-07-05T00:00:00.000Z
pics.gayfr.online,Data not available
pixelfed.de.,2018-06-18T16:31:08.000000Z
mastodon.altearn.xyz,Unknown error
brands.town,2022-11-10T00:00:00.000Z
onlyfeds.cc,2021-01-22T00:00:00.000Z
mstdn.cool,Failed to retrieve instance information. Status code: 502
notnull.click,1984-07-06T23:30:00.000Z
m.einverne.info,2022-05-12T00:00:00.000Z
social.zocradio.info,2022-11-18T00:00:00.000Z
gxtech.social,2022-11-04T00:00:00.000Z
kinktroet.social,2022-04-26T00:00:00.000Z
social.ayco.io,2022-12-20T00:00:00.000Z
social.myexp.de,2025-01-23T00:00:00.000Z
toot.diglet.ca,2022-05-28T00:00:00.000Z
mastodon.cubsex.lol,Data not available
olender.me,2024-01-25T00:00:00.000Z
sick.pictures,2022-10-04T20:06:00.000000Z
mastodon.near.social,2022-02-09T00:00:00.000Z
social.abwesend.com,2022-11-06T00:00:00.000Z
social.vyvojari.dev,2022-11-21T00:00:00.000Z
opensocial.media,2023-10-07T00:00:00.000Z
bookstodon.es,2024-01-27T00:00:00.000Z
social.purrucker.de,2023-02-15T00:00:00.000Z
toot.portes-imaginaire.org,2020-07-30T00:00:00.000Z
nodespace.social,Failed to retrieve instance information. Status code: 403
kinkpic.site,Data not available
katzebot.space,2023-07-06T00:00:00.000Z
puddle.town,2018-05-15T00:00:00.000Z
botwerks.social,Unknown error
anubis.social,2022-11-13T00:00:00.000Z
m.heine.xyz,2020-07-24T00:00:00.000Z
nunu.fedicity.net,2023-12-26T00:00:00.000Z
cybersulu.ninja,2023-02-14T00:00:00.000Z
mastodon.yockow.jp,2022-12-03T00:00:00.000Z
rubber.social,2017-06-15T00:00:00.000Z
social.troll.academy,2017-04-05T00:00:00.000Z
frmsn.network,Failed to retrieve instance information. Status code: 404
m.g3l.org,2017-04-08T00:00:00.000Z
toot.works,2022-11-01T00:00:00.000Z
the.goofs.space,2018-09-27T00:00:00.000Z
mastodon.vaporghost.at,2023-02-06T00:00:00.000Z
definitely.social,2018-08-17T00:00:00.000Z
toot.coinfund.app,2023-02-17T00:00:00.000Z
isocial.cloud,2023-10-21T00:00:00.000Z
nitecrew.rip,2022-09-28T00:00:00.000Z
kraut.social,2022-07-26T00:00:00.000Z
mastodon.hexix.de,2022-11-15T00:00:00.000Z
bullcity.space,Failed to retrieve instance information. Status code: 502
hub.uckermark.social,2022-05-07T00:00:00.000Z
distant.social,2023-06-10T00:00:00.000Z
greenfield.masto.host,2022-10-25T00:00:00.000Z
mstdn.imi.moe,2022-04-04T00:00:00.000Z
m.alexyang.me,2023-01-05T00:00:00.000Z
toots.tylerdavis.xyz,2023-07-05T00:00:00.000Z
rly.at,2022-04-24T19:40:37.000000Z
toot.metasyntactical.com,2022-11-21T00:00:00.000Z
pix.plopoyop.me,2019-04-28T09:41:46.000000Z
eloi.social,2022-12-18T00:00:00.000Z
social.fantorovevo.com,2022-04-27T00:00:00.000Z
zeroping.cc,2022-10-28T00:00:00.000Z
chadthundercock.com,Data not available
petrous.vislae.town,2022-10-02T00:00:00.000Z
mastodon.habets.dev,2021-02-21T00:00:00.000Z
federatedfandom.net,2022-11-14T00:00:00.000Z
deyes.im,Failed to retrieve instance information. Status code: 403
social.techie.org,2022-12-21T00:00:00.000Z
toot.team.jetzt,2022-04-26T00:00:00.000Z
climatejustice.rocks,Failed to retrieve instance information. Status code: 404
social.goose.rodeo,2022-11-20T00:00:00.000Z
mastodon.drjpdns.com,2024-01-31T00:00:00.000Z
mastodon.content.town,2022-04-26T00:00:00.000Z
bumscode.com,2022-12-16T00:00:00.000Z
dcj.me,Failed to retrieve instance information. Status code: 404
mastodon.michonline.com,2022-10-30T00:00:00.000Z
toot.kotocoop.org,2022-11-06T00:00:00.000Z
gts.oniricorpe.eu,2022-03-20T00:03:50.461Z
bologna.one,2021-09-12T00:00:00.000Z
hollow.raccoon.quest,Failed to retrieve instance information. Status code: 404
mastodononline.com,2024-07-10T00:00:00.000Z
duisburg.social,Unknown error
superheronecromancer.games,Unknown error
whereismysupersuit.com,2022-11-11T00:00:00.000Z
uestc.social,2023-03-11T00:00:00.000Z
rack.social,2022-11-08T00:00:00.000Z
mastodon.d2dx.com,2024-01-15T00:00:00.000Z
climatejustice.global,2020-02-17T00:00:00.000Z
photos.tsrats.net,2022-12-20T21:05:30.000000Z
mastodon.clusterfucks.nl,2022-12-19T00:00:00.000Z
eightpoint.app,Failed to retrieve instance information. Status code: 404
m.ipoac.nl,2023-12-16T00:00:00.000Z
mastodon.pandoli365.com,2024-01-05T00:00:00.000Z
masto.fediverse.be,2022-12-05T00:00:00.000Z
mastodon.yakka.art,Unknown error
social.azureheads.gr,2022-12-07T00:00:00.000Z
things.uk,2022-11-06T00:00:00.000Z
h-net.social,2022-11-11T00:00:00.000Z
jiaojiao.org,2024-01-05T00:00:00.000Z
irrsinn.life,2019-01-30T00:00:00.000Z
social.ttnrtsite.me,Unknown error
fantasyhockey.social,2023-10-01T00:00:00.000Z
lounge.swineair.com,2022-11-13T00:00:00.000Z
social.ceod.net,2023-10-22T00:00:00.000Z
goshdarn.fun,Unknown error
social.0x705h.com,2023-02-10T00:00:00.000Z
thevipvipers.space,2022-04-25T00:00:00.000Z
air11.social,2022-12-10T00:00:00.000Z
undefined.social,2022-11-16T00:00:00.000Z
social.mrks.network,2023-02-01T00:00:00.000Z
circumstances.run,2022-11-07T00:00:00.000Z
vivere.uno,2022-11-02T00:00:00.000Z
mastodon.gregnilsen.com,Data not available
donmasto.com,2024-05-31T00:00:00.000Z
social.vegan.im.it,2022-04-28T00:00:00.000Z
masto.esophiamedias.fr,2023-07-11T00:00:00.000Z
votho.social,2023-01-19T00:00:00.000Z
bloop.blipdrifter.com,2024-04-14T04:09:53.000Z
lakedistrict.social,2023-07-06T00:00:00.000Z
mastodon.dentrassi.de,2022-04-27T00:00:00.000Z
vrparty.social,2023-10-10T00:00:00.000Z
social.parentheticalrecluse.com,2022-12-02T00:00:00.000Z
woof.tech,2022-11-20T00:00:00.000Z
publishing.social,2023-01-19T00:00:00.000Z
social.badjack.org,Unknown error
social.matthias-bender.de,Failed to retrieve instance information. Status code: 403
xn--69aa8bzb.xn--y9a3aq,2018-01-16T00:00:00.000Z
no7es.mu7ou.com,Failed to retrieve instance information. Status code: 403
pardal.agoranet.info,2022-11-11T00:00:00.000Z
mastodon.no2nd.earth,2022-05-19T00:00:00.000Z
social.tomkrizan.com,Unknown error
social.oddly-influenced.dev,2022-11-13T00:00:00.000Z
sb17.space,2022-11-09T00:00:00.000Z
toot.radicle.xyz,Data not available
mastodon.well.com,2023-11-09T00:00:00.000Z
social.sd.ai,2022-11-04T00:00:00.000Z
social.am-networks.fr,2022-10-09T00:00:00.000Z
omgwars.com,2023-03-07T00:00:00.000Z
toots.valken.org,2023-10-28T00:00:00.000Z
getoote.de,2022-12-05T00:00:00.000Z
clar.ke,2022-11-06T00:00:00.000Z
forgi.social,2022-11-23T00:00:00.000Z
kiri.to,2023-01-22T00:00:00.000Z
gotgoat.com,Unknown error
oceanvibe.nz,Failed to retrieve instance information. Status code: 401
mastodon.madhammer.club,2022-11-18T00:00:00.000Z
social.moment.at,2022-11-22T00:00:00.000Z
m.takamoriai.co,2018-12-12T00:00:00.000Z
benehomini.social,2022-05-11T00:00:00.000Z
emsdetten.mastodon.info,2023-01-26T00:00:00.000Z
thinkydoers.social,2022-11-13T00:00:00.000Z
planet.moe,2017-10-23T00:00:00.000Z
hideouts.space,2023-09-23T00:00:00.000Z
mastodon.xn--t8jzbl7g.jp,2023-07-08T00:00:00.000Z
takeo.social,2022-11-14T00:00:00.000Z
guns.krackhou.se,Data not available
pixelfed.eus,2019-06-21T14:15:27.000000Z
social.hardlimit.com,2022-11-07T00:00:00.000Z
mastodon.yyyyy.world,2021-03-22T00:00:00.000Z
mastodon.raumfahrer.net,2023-01-06T00:00:00.000Z
ma.fono.jp,2018-10-31T00:00:00.000Z
masto.hivane.net,2023-10-11T00:00:00.000Z
spacey.space,2022-11-05T00:00:00.000Z
harz.social,2022-04-29T00:00:00.000Z
bassrock.social,2024-02-16T00:00:00.000Z
emilcar.social,2023-11-09T00:00:00.000Z
federation.p1k3.com,2021-03-09T00:00:00.000Z
pentimento.me,2024-04-29T00:00:00.000Z
airwaves.social,Unknown error
social.veraciousnetwork.com,2022-10-25T00:00:00.000Z
rustedneuron.com,2018-08-18T00:00:00.000Z
smutlandia.com,2022-11-07T00:00:00.000Z
andrews.me,2022-11-03T00:00:00.000Z
ctdl.co,Failed to retrieve instance information. Status code: 521
bonn.pics,Data not available
cultusmechanic.us,Data not available
mastodon.1984.cz,2019-11-29T00:00:00.000Z
social.plom.net,Failed to retrieve instance information. Status code: 503
subdued.social,2023-01-03T00:00:00.000Z
gaygeek.social,2023-02-10T00:00:00.000Z
mastodon.try-to-hack.me,Unknown error
seepocke.at,2023-04-06T00:00:00.000Z
riedstadt.social,2023-05-09T00:00:00.000Z
kafeneio.social,2022-05-11T00:00:00.000Z
vrchat.today,2023-07-12T00:00:00.000Z
pixel.nx-pod.de,Data not available
mastodon.lithium03.info,2022-12-21T00:00:00.000Z
poly.cybre.city,Failed to retrieve instance information. Status code: 406
m.tpaschalis.me,2022-11-19T00:00:00.000Z
mastodon.stevex.online,2024-01-22T00:00:00.000Z
neo.knzk.me,2023-02-07T00:00:00.000Z
social.detroit.hockey,2023-10-03T00:00:00.000Z
waldorf.fyi,Unknown error
mess.social,Unknown error
mas.n0t.net,Unknown error
dragonscave.space,2018-08-20T00:00:00.000Z
mstdn.thymefield.jp,2024-01-16T00:00:00.000Z
vivinezz.hostdon.ne.jp,2023-02-22T00:00:00.000Z
analog.am,Data not available
floss.social,2022-03-03T00:00:00.000Z
routingmagic.club,2023-02-09T00:00:00.000Z
noxon.cc,2017-11-14T00:00:00.000Z
skinheads.social,2024-04-17T20:44:16.000Z
bnnuy.space,2022-11-07T00:00:00.000Z
social.xmflsct.com,2020-10-18T00:00:00.000Z
social.roteserver.de,2021-05-23T00:00:00.000Z
flashist.live,Failed to retrieve instance information. Status code: 521
politiek.social,Failed to retrieve instance information. Status code: 410
social.tr0llhoehle.de,2023-04-07T00:00:00.000Z
sc.skrlet13.xyz,Failed to retrieve instance information. Status code: 503
lightcrystal.fedicity.net,2023-07-04T00:00:00.000Z
maguire.social,2022-11-30T00:00:00.000Z
1132don.com,2023-02-07T00:00:00.000Z
mastodon.jannis-goeing.de,2022-05-06T00:00:00.000Z
mapsupport.de,2023-03-26T00:00:00.000Z
mst3k.interlinked.me,2017-10-12T00:00:00.000Z
mastodon.thirring.org,2022-11-15T00:00:00.000Z
mastodon.kuylar.dev,2022-11-04T00:00:00.000Z
jadero.com,2024-02-13T16:46:40.052Z
3dart.social,Unknown error
internaut.club,2022-11-08T00:00:00.000Z
social.chregu.tv,Unknown error
daydream.ink,2023-08-03T00:00:00.000Z
mastodon.experienceadvisors.io,2022-11-13T00:00:00.000Z
social.shinyuu.net,2022-11-19T00:00:00.000Z
social.rubikoid.ru,2023-10-31T00:00:00.000Z
m.thibau.lt,2022-11-05T00:00:00.000Z
telegrafverket.cc,2023-01-20T00:00:00.000Z
tulipgardenshow.masto.host,2023-01-21T00:00:00.000Z
xno.social,Failed to retrieve instance information. Status code: 522
mastodon.retr0.party,2022-10-31T00:00:00.000Z
toot.monny.cloud,2022-10-31T00:00:00.000Z
toot.sh,2022-11-07T00:00:00.000Z
haminoa.net,2022-12-20T00:00:00.000Z
uwu.mikkonen.com,2024-03-03T20:39:41.000Z
social.diehildebrands.de,2024-11-22T00:00:00.000Z
m.uwuntu.org,2023-08-06T00:00:00.000Z
mastodon.sacamano.net,2023-01-13T00:00:00.000Z
pix.novababilonia.me,2024-04-11T08:53:11.000000Z
libretooth.gr,2018-11-03T00:00:00.000Z
toot.earth,2022-11-17T00:00:00.000Z
techdonuts.uk,2022-12-29T00:00:00.000Z
restraint.social,2022-11-19T00:00:00.000Z
unkomaker.hostdon.ne.jp,2021-09-14T00:00:00.000Z
genart.social,2023-02-19T00:00:00.000Z
mastodon.from-de.com,2023-04-01T00:00:00.000Z
blog.stegemann.de,2022-11-11T00:00:00.000Z
networker.social,Data not available
mastodon.woitschetzki.de,2023-07-19T00:00:00.000Z
bots.kurator.tech,Data not available
convo.casa,2024-10-15T00:00:00.000Z
mastodon.cultuurpers.nl,2023-01-01T00:00:00.000Z
jxmsocial.xyz,2018-12-25T00:00:00.000Z
sheppi.es,2022-12-18T00:00:00.000Z
doesstuff.social,2023-08-04T00:00:00.000Z
snapp.social,2017-07-03T00:00:00.000Z
thoughtbot.social,2022-12-02T00:00:00.000Z
veoh.social,2023-10-28T00:00:00.000Z
crab.garden,Data not available
postagram.net,Unknown error
social.mildlyfunctional.gay,2022-08-26T00:00:00.000Z
gamedev.berlin,2023-02-06T00:00:00.000Z
philos.fkn-systems.de,Failed to retrieve instance information. Status code: 403
mastodon.monotropa-satellite.social,2022-11-05T00:00:00.000Z
ap.insertapp.net,2024-01-02T00:00:00.000Z
academiccloud.social,2022-12-23T00:00:00.000Z
social.minx.space,2023-05-13T00:00:00.000Z
bimbo.social,2022-11-13T00:00:00.000Z
gesichtsbu.ch,2022-04-27T00:00:00.000Z
glaceon.social,2018-05-21T00:00:00.000Z
mastodon.demortes.com,Unknown error
ertona.net,2018-07-30T00:00:00.000Z
pointless.chat,2023-05-11T00:00:00.000Z
tedcarstensen.social,2023-07-03T00:00:00.000Z
social.slat.org,2017-09-16T00:00:00.000Z
acrion.social,2022-11-18T00:00:00.000Z
bluelupine.social,2022-11-13T00:00:00.000Z
sanjuans.life,Unknown error
galbo.io,Failed to retrieve instance information. Status code: 404
social.daleth.cafe,Failed to retrieve instance information. Status code: 404
theatrez.day,2024-01-09T00:00:00.000Z
kotlin.social,2022-11-19T00:00:00.000Z
metapan.online,2022-04-28T00:00:00.000Z
jtrem.me,2023-04-15T00:00:00.000Z
comfy.blue,2022-12-15T00:00:00.000Z
awoo.chat,2022-04-26T00:00:00.000Z
racoon.social,2024-04-30T00:00:00.000Z
social.gyahunkoubou.com,2023-11-27T00:00:00.000Z
prognesubis.net,2023-02-20T00:00:00.000Z
mistodon.cloud,2020-09-03T00:00:00.000Z
mastodon.hackerdrinks.social,2022-02-04T00:00:00.000Z
social.shinyuploads.com,2024-06-20T00:00:00.000Z
toot.turbo.chat,2018-01-14T00:00:00.000Z
osten.social,2022-11-23T00:00:00.000Z
truth.rip,2024-05-09T00:00:00.000Z
social.goonj.xyz,2022-01-14T00:00:00.000Z
m.tigercubden.com,2022-11-23T00:00:00.000Z
mastodon.jawa.moe,2022-11-19T00:00:00.000Z
announcements.managedwphosting.pro,Unknown error
archaeo.social,2022-11-07T00:00:00.000Z
mastodon.creation.md,2022-11-23T00:00:00.000Z
mstdn.sagami-yashiro.net,2023-03-23T00:00:00.000Z
m.qqs.tw,2023-02-26T00:00:00.000Z
280562.com,2024-01-16T00:00:00.000Z
microhive.social,2024-10-19T14:11:30Z
mstdn.studiofreesia.com,2022-11-19T00:00:00.000Z
unocha.social,2023-05-03T00:00:00.000Z
nothankyou.hostdon.ne.jp,2023-07-04T00:00:00.000Z
mastodon.hexsix.me,2022-04-03T00:00:00.000Z
mastodon.spowage.info,2022-11-15T00:00:00.000Z
existentialcrisis.link,2022-11-16T00:00:00.000Z
social.extremelyoffline.org,2023-02-04T00:00:00.000Z
ginpatu.moe,2023-01-20T00:00:00.000Z
estrogen.cat,2023-04-26T00:00:00.000Z
seoul.earth,2022-11-11T00:00:00.000Z
meron.io,Data not available
bfd.so,Unknown error
mstdn.beer,2017-07-06T00:00:00.000Z
wallonie-bruxelles.social,2022-11-28T00:00:00.000Z
ukadon.shillest.net,2018-02-22T00:00:00.000Z
don.academist.jp,2022-12-15T00:00:00.000Z
social.01840.casa,2024-05-17T00:00:00.000Z
mipuertorico.social,2022-12-06T00:00:00.000Z
mastodon.mallegolhansen.com,2022-11-24T00:00:00.000Z
smilodon.chatslibres.com,2023-08-05T00:00:00.000Z
mstdn.party,2023-02-10T00:00:00.000Z
9kb.me,2020-10-19T00:00:00.000Z
mastonederland.nl,2022-11-03T00:00:00.000Z
toot.bike,2022-11-05T00:00:00.000Z
diddlyfx.space,2023-05-24T00:00:00.000Z
mastodon.ounce.zone,2021-02-18T00:00:00.000Z
mog.blue,2009-05-24T00:00:00.000Z
scl.kaffeemonster.com,2023-03-03T00:00:00.000Z
audiophile-mastodon.com,2023-04-02T00:00:00.000Z
bits.social,2022-10-28T00:00:00.000Z
the.unforgiven.pl,2024-11-29T00:00:00.000Z
social.thearchitects.world,2022-11-15T00:00:00.000Z
hanamaru.uk,Failed to retrieve instance information. Status code: 403
dev.neodb.prvcy.page,2023-12-27T00:00:00.000Z
maestas.photos,Unknown error
toots.deds.nl,2022-11-21T00:00:00.000Z
popindustry.org,Unknown error
hachyderm.wtf,2023-01-22T00:00:00.000Z
freeframe.masto.host,2019-02-14T00:00:00.000Z
delaylama.de,2024-01-08T00:00:00.000Z
allships.run,2020-07-27T00:00:00.000Z
social.antifa.gmbh,2018-08-17T00:00:00.000Z
fandom.ink,2018-12-03T00:00:00.000Z
plock.social,2017-12-31T00:00:00.000Z
ffxiv-mastodon.com,2017-05-05T00:00:00.000Z
m.allistodon.xyz,2023-10-23T00:00:00.000Z
mstdn.vodka,2018-12-28T00:00:00.000Z
social.uji.es,2022-11-15T00:00:00.000Z
utveckla.re,2023-01-17T00:00:00.000Z
erotica.social,Failed to retrieve instance information. Status code: 404
pixel.sadrarin.com,Data not available
brien.hosted.spacebear.ee,2020-02-01T01:59:33.000000Z
ashlande.rs,2022-04-29T00:00:00.000Z
blieb.net,2022-11-20T00:00:00.000Z
breizh.social,2023-08-29T00:00:00.000Z
labview.social,2022-11-07T00:00:00.000Z
loci.onl,2018-11-18T00:00:00.000Z
mastobate.social,2022-12-15T00:00:00.000Z
linh.social,2022-11-24T00:00:00.000Z
fotofed.nl,2022-02-21T15:29:19.000000Z
masto.astrra.space,2022-10-28T00:00:00.000Z
social.wjt.je,2024-03-20T00:00:00.000Z
mastodon.lertsenem.com,2017-04-03T00:00:00.000Z
mastoden.com,2018-06-29T00:00:00.000Z
whitesmokebbq.social,2022-09-14T00:00:00.000Z
sensitive.hostdon.ne.jp,2023-02-04T00:00:00.000Z
social.plux.wtf,2022-11-06T00:00:00.000Z
plustodon.net,2018-10-27T00:00:00.000Z
erica.moe,2021-05-14T00:00:00.000Z
pixel.tiggi.es,2024-04-03T18:32:47.000000Z
mstdn.b-shock.org,2017-04-19T00:00:00.000Z
digressive.me,2023-06-15T00:00:00.000Z
boy.s.cz,Unknown error
click.unternet.org,2021-01-27T10:12:32.000000Z
hamradio.tel,2022-11-10T00:00:00.000Z
fed.wjboll.es,2023-07-18T00:00:00.000Z
cultofshiv.wtf,2022-11-18T00:00:00.000Z
vapers.jp,2017-04-20T00:00:00.000Z
toot.supremesyntax.com,2022-04-29T00:00:00.000Z
freeradical.zone,2017-04-07T00:00:00.000Z
urbanists.social,2022-11-04T00:00:00.000Z
taedcke.social,2023-01-31T00:00:00.000Z
quite.social,2022-05-16T00:00:00.000Z
frenfiverse.net,Unknown error
pixel.fabulousfabs.fr,2023-05-03T13:45:56.000000Z
photo.horslimites.org,Data not available
maciek.pics,Failed to retrieve instance information. Status code: 503
dataplatform.social,2022-11-22T00:00:00.000Z
troetmund.de,2023-04-18T00:00:00.000Z
c7.io,2023-01-27T00:00:00.000Z
mastodon.vlaanderen,2023-07-25T00:00:00.000Z
social.vivaldi.net,2022-11-13T00:00:00.000Z
social.techn1k.de,Failed to retrieve instance information. Status code: 403
cultur.social,2022-11-09T00:00:00.000Z
secluded.ch,2016-03-16T00:00:00.000Z
ruhrpott.social,2022-11-16T00:00:00.000Z
arasaka.vip,Unknown error
surf.cyberspace.club,2022-04-27T00:00:00.000Z
radicalsocial.work,2022-12-11T00:00:00.000Z
mastodon.kapler.family,2022-09-04T00:00:00.000Z
hear-me.social,2022-12-19T00:00:00.000Z
blog.fami.ga,Data not available
social.ivydra.com,2024-03-31T00:00:00.000Z
drk.st,2024-02-16T00:00:00.000Z
ajtaci.club,2018-10-14T00:00:00.000Z
doughnuton.com,2024-06-01T00:00:00.000Z
imaginair.es,2017-05-12T00:00:00.000Z
fedipix.de,Failed to retrieve instance information. Status code: 502
fediscience.org,2020-07-11T00:00:00.000Z
girldick.party,2023-09-20T00:00:00.000Z
luzeed.org,2023-04-01T18:00:56.000000Z
social.benny.de,2022-03-19T00:00:00.000Z
marctodon.marci.one,2022-11-11T00:00:00.000Z
s-h.social,Unknown error
photos.xavs.ca,Data not available
անքուն.հայ,2021-08-11T00:00:00.000Z
southampton.social,Failed to retrieve instance information. Status code: 404
indg.club,2022-11-24T00:00:00.000Z
utter.online,2023-06-21T00:00:00.000Z
social.schleswig-holstein.de,2023-06-19T00:00:00.000Z
seine.fleuv.es,Data not available
social.n33.eu,2023-03-16T00:00:00.000Z
focal.social,2022-04-30T00:00:00.000Z
social.jelliefrontier.net,2023-01-11T00:00:00.000Z
makerspace.au,2022-11-07T00:00:00.000Z
univention.social,2023-01-27T00:00:00.000Z
toot.revelin.fr,2023-11-07T00:00:00.000Z
chelseafc.social,Unknown error
sector25.de,2023-04-06T00:00:00.000Z
kirche.social,2019-02-22T00:00:00.000Z
weremember.social,2022-11-12T00:00:00.000Z
devtools.social,Unknown error
m.wingu.se,2023-01-29T00:00:00.000Z
wolfhaus.me,2022-05-14T00:00:00.000Z
mastodon.randomcat.org,2022-10-27T00:00:00.000Z
tablegame.mstdn.cloud,2017-04-13T00:00:00.000Z
www.omeowgle.com,Failed to retrieve instance information. Status code: 500
kokoro.shugetsu.space,2022-05-04T00:00:00.000Z
fetistodon.com,2024-01-22T00:00:00.000Z
fedi.katze.sh,2022-10-13T00:00:00.000Z
thickey.com,Data not available
fluttercommunity.social,2022-11-11T00:00:00.000Z
recsys.social,2022-10-23T00:00:00.000Z
social.saarland,2022-04-26T00:00:00.000Z
kemonodon.club,2017-04-15T00:00:00.000Z
social.e-editiones.org,2022-11-10T00:00:00.000Z
mastodon.meguhub.com,Failed to retrieve instance information. Status code: 502
mastodon.garden,2022-11-01T00:00:00.000Z
m.pcgt.link,2024-04-12T00:00:00.000Z
focal.love,2023-05-15T00:00:00.000Z
fouroclockfarms.club,2023-02-11T00:00:00.000Z
mountains.social,2022-11-19T00:00:00.000Z
mastodon.murkworks.net,2022-11-06T00:00:00.000Z
mastodon.0011.lt,2024-05-09T00:00:00.000Z
endtimebelievers.com,2022-12-26T00:00:00.000Z
packetwarriors.net,Failed to retrieve instance information. Status code: 404
social.dog-s.global,2022-05-07T00:00:00.000Z
stars.eroaward.com,2020-06-10T00:00:00.000Z
social.xin.cat,2017-08-01T00:00:00.000Z
mastodon.constant.social,2023-01-31T00:00:00.000Z
ecologie.social,2023-09-07T00:00:00.000Z
social.moormaker.space,2023-08-01T00:00:00.000Z
turingfesten.dk,Unknown error
social.fetedelamusique.de,2023-03-31T00:00:00.000Z
wisskomm.social,2022-11-11T00:00:00.000Z
social.memes.nz,2022-11-07T00:00:00.000Z
alpaka.garden,2022-12-16T00:00:00.000Z
mastodon.techrekt.com,Failed to retrieve instance information. Status code: 502
zirk.us,2022-11-03T00:00:00.000Z
alpherg.fedicity.net,2023-09-28T00:00:00.000Z
social.cpress.org,2022-12-24T00:00:00.000Z
mastoot.fr,2022-11-24T00:00:00.000Z
poliversity.it,2022-11-07T00:00:00.000Z
littlesakura.blanchatre.net,Failed to retrieve instance information. Status code: 406
miteff.co,Failed to retrieve instance information. Status code: 404
mastodon.codelyoko.me,Unknown error
www.littlefaqs.com,Failed to retrieve instance information. Status code: 403
moe.pastwind.top,2022-11-02T00:00:00.000Z
spore.social,2023-02-07T00:00:00.000Z
dutchcaribbean.social,2022-11-22T00:00:00.000Z
mastodonczech.cz,2022-11-10T00:00:00.000Z
twitchfr.social,2022-11-09T00:00:00.000Z
mastodon.living.tech,Unknown error
mastodon.staton.us,Unknown error
mastodon.quebec,2022-12-29T00:00:00.000Z
mastodonapp.uk,2022-11-04T00:00:00.000Z
twoot.site,2024-01-05T00:00:00.000Z
gamemaking.social,2020-10-09T00:00:00.000Z
social.lyrenhex.com,2022-11-17T00:00:00.000Z
neph.social,2023-09-22T00:00:00.000Z
social.kyzune.com,Unknown error
social.ericvandam.me,2023-01-01T00:00:00.000Z
mammut.ericmitch.com,2024-06-08T00:00:00.000Z
social.foederiert.de,2022-12-06T00:00:00.000Z
social.wiredancer.hu,2024-03-09T00:00:00.000Z
mastodon.desmu.fr,2021-03-13T00:00:00.000Z
masto.onurb.net,2023-02-20T00:00:00.000Z
social.sparkforge.pro,Unknown error
rouge.eu.org,2022-11-05T00:00:00.000Z
thebackroom.life,Failed to retrieve instance information. Status code: 403
nomanssky.social,2022-11-09T00:00:00.000Z
worst.computer,2022-12-20T00:00:00.000Z
mastodon.bandshell.rocks,2023-03-18T00:00:00.000Z
partyon.xyz,2022-12-01T00:00:00.000Z
monogram.org,Failed to retrieve instance information. Status code: 404
wstrsd.masto.host,2023-02-10T00:00:00.000Z
mastodon.xolus.net,2022-04-30T00:00:00.000Z
fasol.org,2023-07-04T00:00:00.000Z
mstdn.midyuki.net,2023-02-03T00:00:00.000Z
wistodon.org,2023-11-09T00:00:00.000Z
おともだち.みんな,2023-02-12T00:00:00.000Z
mastodon.uniastur.com,2022-11-11T00:00:00.000Z
masto.nd2.uk,2022-04-27T00:00:00.000Z
social.leinde.de,2022-12-26T00:00:00.000Z
loma.ml,2018-05-21T11:24:55.000Z
boles.xyz,2023-01-04T00:00:00.000Z
rivals.space,2018-11-28T00:00:00.000Z
mastodon.hakurei.win,2023-08-29T00:00:00.000Z
asbestosden.org,2023-01-16T00:00:00.000Z
cirno9.mynetgear.com,2023-01-28T00:00:00.000Z
furry.horse,2022-11-07T00:00:00.000Z
ehr.scot,Failed to retrieve instance information. Status code: 404
social.harukizaemon.com,Failed to retrieve instance information. Status code: 404
about.to.be.nota.live,2020-05-26T00:00:00.000Z
nyxa.jojess.net,2022-12-17T00:00:00.000Z
nine.land,2022-04-30T00:00:00.000Z
social.outof.coffee,Unknown error
toot.thoughtworks.com,2018-03-30T00:00:00.000Z
social.shas.am,Unknown error
upload.chat,2022-11-06T00:00:00.000Z
s3th.me,Failed to retrieve instance information. Status code: 404
bsd.network,2018-01-01T00:00:00.000Z
gamerplus.org,2024-05-15T00:00:00.000Z
goto.ryuslash.org,Data not available
mreow.de,2024-02-22T00:00:00.000Z
mastodon.maswag.net,2024-01-01T00:00:00.000Z
grandma.space,Unknown error
friendsofdesoto.social,2022-11-07T00:00:00.000Z
alliec.at,2023-07-21T00:00:00.000Z
decentralis.social,2022-11-18T00:00:00.000Z
varmint.town,2022-11-23T00:00:00.000Z
catcatnya.com,2024-08-05T00:00:00.000Z
bbq.snoot.com,2022-04-25T00:00:00.000Z
thetavern.social,2022-11-24T00:00:00.000Z
mstdn.home.neso.tech,2020-11-08T00:00:00.000Z
mstdon.com,Failed to retrieve instance information. Status code: 404
compound.social,2022-11-23T00:00:00.000Z
wxcloud.social,Unknown error
friendica.hagew.blog,2023-11-14T06:48:57.000Z
mastodon.knight.fyi,2022-11-26T00:00:00.000Z
pullopen.xyz,2020-07-07T00:00:00.000Z
gshep.social,Unknown error
toot.empathyintech.com,Unknown error
mastodon.ocfox.me,2024-02-13T00:00:00.000Z
mastodon.attiplayz.dev,Unknown error
mastodon.de,2023-07-11T00:00:00.000Z
fedi.raventhemaker.com,2023-09-28T00:00:00.000Z
starwish.co.kr,Unknown error
persia.social,Unknown error
social.fidart.it,2023-08-08T00:00:00.000Z
nso.group,2023-03-17T00:00:00.000Z
modelrailroadballast.com,2023-01-21T00:00:00.000Z
mastodon.lajaqueria.org,Failed to retrieve instance information. Status code: 502
mstdn.virtecam.net,2023-02-11T00:00:00.000Z
photocave.net,2022-04-29T08:13:26.000000Z
rpvortex.online,2022-07-01T00:00:00.000Z
f.mae.wtf,2023-05-23T13:41:12.005Z
kosmos.social,2019-09-18T00:00:00.000Z
misjump.net,2022-11-24T00:00:00.000Z
birb.site,2018-04-07T00:00:00.000Z
social.darn.fish,2023-01-29T00:00:00.000Z
top-netz.de,2024-02-26T00:00:00.000Z
lllsecurity.com,2022-11-19T00:00:00.000Z
fluffy.family,2022-04-29T00:00:00.000Z
crag.social,Unknown error
social.sigb.us,2025-01-17T05:07:28.000Z
nyan.pics,2024-01-24T06:11:05.000000Z
quickbrb.social,2024-02-20T00:00:00.000Z
sackheads.social,2018-08-29T00:00:00.000Z
akm.worldc.one,Unknown error
terz.at,2022-11-27T00:00:00.000Z
truthandfreedom.social,2024-03-03T00:00:00.000Z
rocketsnail.masto.host,2022-04-26T00:00:00.000Z
developerlink.com,2022-04-30T00:00:00.000Z
pics.chez.gay,2023-07-06T18:58:04.000000Z
mastodon.ap-msk.com,Unknown error
blorbo.social,2022-11-11T00:00:00.000Z
mastodon.babb.no,2023-04-20T00:00:00.000Z
academictalk.org,Failed to retrieve instance information. Status code: 522
a17k.social,2023-01-12T00:00:00.000Z
mastodon.bitcoin.ninja,2022-11-06T00:00:00.000Z
don.secretbatcave.co.uk,2022-11-12T00:00:00.000Z
mastodon.hardcoredevs.com,2022-11-07T00:00:00.000Z
nocci.it,Failed to retrieve instance information. Status code: 404
dkm.cloud,2022-11-19T00:00:00.000Z
social.joncamfield.com,2021-10-13T00:00:00.000Z
sakh.social,2023-07-26T00:00:00.000Z
nghieng.net,Unknown error
thepit.social,2022-10-31T00:00:00.000Z
plushies.social,2022-05-07T00:00:00.000Z
social.bytten-studio.com,2022-11-24T00:00:00.000Z
ponysocial.ru,Unknown error
zmtdn.de,2022-12-21T00:00:00.000Z
abraum.social,2023-10-10T00:00:00.000Z
pandoli365.com,2024-01-05T00:00:00.000Z
isastylet.me,Failed to retrieve instance information. Status code: 526
sociabl.be,2022-11-27T00:00:00.000Z
social.froghat.ca,2018-12-07T00:00:00.000Z
fisting.social,2022-11-20T00:00:00.000Z
mastodon.kypeli.com,2023-05-01T00:00:00.000Z
i.cymaphore.net,2023-01-13T00:00:00.000Z
social.petrovic.rs,2024-07-08T00:00:00.000Z
join.mttv.it,2022-11-16T00:00:00.000Z
theriault.co,2024-06-23T00:00:00.000Z
social.knot.space,2022-11-19T00:00:00.000Z
dcerberus.com,2022-11-05T00:00:00.000Z
social.sndevs.com,2022-12-05T00:00:00.000Z
mstdn.one,2021-07-04T00:00:00.000Z
oozuze.social,Data not available
social.cologne,2021-01-08T00:00:00.000Z
queralt.social,Data not available
theinternet.social,2022-11-07T00:00:00.000Z
blu.social,Data not available
jbo.social,2022-11-16T00:00:00.000Z
blog.rochacbruno.com,Failed to retrieve instance information. Status code: 404
suomi.social,2022-11-03T00:00:00.000Z
communist.accountant,Failed to retrieve instance information. Status code: 404
mastodon.electric-goat.net,2022-04-26T00:00:00.000Z
dumpster.social,2022-11-11T00:00:00.000Z
arrrgh.online,2022-11-18T00:00:00.000Z
friends.librescrum.org,2022-06-14T00:00:00.000Z
cityofchicago.live,2022-10-29T00:00:00.000Z
beyondwatts.social,Failed to retrieve instance information. Status code: 404
courbet.social,2022-12-18T00:00:00.000Z
sfba.social,2019-12-06T00:00:00.000Z
beautifullosers.org,2023-09-24T00:00:00.000Z
mastodon.adsaminu.com,Unknown error
mastodon.geekery.org,2022-11-01T00:00:00.000Z
typo.social,2022-11-04T00:00:00.000Z
mastodon.nl,2023-12-30T00:00:00.000Z
social.theindiestone.com,2022-11-18T00:00:00.000Z
pixel.melin.org,Unknown error
inaccessible.ac,2022-10-28T00:00:00.000Z
io.lu,Failed to retrieve instance information. Status code: 404
md.korako.me,2021-04-04T00:00:00.000Z
kcmo.social,2018-09-04T00:00:00.000Z
zettel.haus,2023-08-27T00:00:00.000Z
social.diehumanisten.de,2022-11-04T00:00:00.000Z
fossdev.fr,Unknown error
mastodon.monoceros.co.za,2022-12-17T00:00:00.000Z
craftgoblin.club,Data not available
mastodon.discourse-research.net,2022-11-14T00:00:00.000Z
toots.social,2017-09-26T00:00:00.000Z
antisocialsocialnetwork.it,Unknown error
social.kreuder.me,2024-11-24T14:43:40.000Z
tangofam.space,2022-11-23T00:00:00.000Z
follow.proofgeist.com,2022-11-07T00:00:00.000Z
michaonline.net,2018-08-20T00:00:00.000Z
flowerpot.fyi,2022-04-27T00:00:00.000Z
mastodon.mariusdavid.fr,2022-04-28T00:00:00.000Z
cfultz.com,2022-11-26T00:00:00.000Z
social.lviv2.dcomm.net.ua,Unknown error
marchingband.social,2023-03-02T00:00:00.000Z
m.ie9.org,2022-12-29T00:00:00.000Z
toot.nexryai.me,Unknown error
social.thespiralbound.com,Unknown error
fotz.cc,2022-03-10T00:00:00.000Z
mastodon.schule,2022-11-28T00:00:00.000Z
galaxypaws.page,Failed to retrieve instance information. Status code: 403
dumbfuckingweb.site,2023-12-17T17:21:53.000Z
odakyu.app,2018-07-27T00:00:00.000Z
mastodon.jangho.io,2023-03-07T00:00:00.000Z
tkz.one,2022-04-14T00:00:00.000Z
morrow.social,2022-11-18T00:00:00.000Z
social.kontrollapparat.de,2022-11-30T00:00:00.000Z
pouet.evolix.org,2022-12-09T00:00:00.000Z
mastodon.dduel.dev,2023-09-21T00:00:00.000Z
mastodonters.nl,Unknown error
mastodon.pirateparty.be,2017-07-22T00:00:00.000Z
don.mamemo.online,2017-11-28T00:00:00.000Z
usr.cloud,2022-11-02T00:00:00.000Z
social.j62.de,Unknown error
ottawa.place,2022-11-28T00:00:00.000Z
kocour.club,2023-01-20T00:00:00.000Z
shoghi.rocks,2022-11-19T00:00:00.000Z
social.on2it.net,2022-11-21T00:00:00.000Z
ghoti.au,2023-07-07T00:00:00.000Z
spaceballs.masto.host,2022-11-04T00:00:00.000Z
mastodon.lilysthings.org,2022-12-19T00:00:00.000Z
thicc.horse,2019-02-02T00:00:00.000Z
toot.kif.rocks,2022-11-22T00:00:00.000Z
sauna.social,2022-11-06T00:00:00.000Z
forum-lucifer.com,2022-07-16T00:00:00.000Z
ima.cm,2023-09-12T02:46:17.000Z
tiphon.nerv-project.eu,2022-04-26T00:00:00.000Z
ashworth.io,Unknown error
r2.do,2022-01-09T00:00:00.000Z
does.social,2023-01-17T00:00:00.000Z
social.vsp.ink,2023-06-19T00:00:00.000Z
mastodon.top,2017-04-04T00:00:00.000Z
pony.social,2018-03-21T00:00:00.000Z
bibletalk.social,2023-09-09T00:00:00.000Z
shellsharks.social,2024-03-22T00:00:00.000Z
about-the-author.online,2023-12-22T00:00:00.000Z
pl.qou.moe,Failed to retrieve instance information. Status code: 502
scholar.social,2017-04-26T00:00:00.000Z
mulberryphotowerx.social,Unknown error
masto.bike,2022-11-06T00:00:00.000Z
mastodon.social,2016-11-23T00:00:00.000Z
sddn.space,2022-11-24T00:00:00.000Z
kinetix.social,2022-12-19T00:00:00.000Z
choom.club,Data not available
skeptics.social,2021-11-06T00:00:00.000Z
mastodon.linuxmuster.net,2022-12-02T00:00:00.000Z
windswe.pt,Failed to retrieve instance information. Status code: 404
onjase.quebec,2023-02-18T19:06:53.000Z
social.stlouist.com,Unknown error
samariter.social,Data not available
mst.small.cloud,Unknown error
chocot.art,2023-07-21T00:00:00.000Z
museum.community,2022-11-15T00:00:00.000Z
equinox.ws,Unknown error
federate.blogpocket.com,2022-12-26T00:00:00.000Z
wank.social,Data not available
wanderingdj.hostdon.ne.jp,2023-02-10T00:00:00.000Z
nelson.social,2022-11-28T00:00:00.000Z
wobbl.xyz,2023-07-06T00:00:00.000Z
tenforward.social,2017-04-14T00:00:00.000Z
port87.social,2022-11-04T00:00:00.000Z
mastodon.yshi.org,2022-05-03T00:00:00.000Z
pandas.social,2022-06-20T00:00:00.000Z
electron.ninja,Unknown error
don.luhrck.com,Unknown error
cousteaudivers.social,2023-06-20T00:00:00.000Z
dawdling.net,2023-02-22T00:00:00.000Z
social.mango.vg,2023-08-28T00:00:00.000Z
howse.social,2022-11-19T00:00:00.000Z
social.ndn.digital,2021-11-12T00:00:00.000Z
nluug.social,2022-11-29T00:00:00.000Z
social.schmarrn.dev,2022-12-08T19:28:59.000Z
m29.us,2023-04-23T00:00:00.000Z
tyrol.social,2022-05-06T00:00:00.000Z
social.zdx.fr,2022-11-10T00:00:00.000Z
jinxd.tech,2023-01-02T00:00:00.000Z
mastodon.opendots.social,Unknown error
mast.querie.net,2022-11-17T00:00:00.000Z
moss.haus,2022-12-19T00:00:00.000Z
mastodoom.social,Unknown error
social.jondev.lol,2023-07-04T00:00:00.000Z
moth.social,2022-12-22T00:00:00.000Z
workaholic.cloud,2024-09-16T00:00:00.000Z
inclusion.click,Data not available
zeeborn.social,2022-11-20T00:00:00.000Z
toot.aornis.dev,Unknown error
xavier.ooo,2022-12-17T00:00:00.000Z
a11y.info,2022-10-25T00:00:00.000Z
bobs.social,2023-01-27T00:00:00.000Z
social.wierenga.net,2022-10-31T00:00:00.000Z
darticulate.com,2023-03-02T00:00:00.000Z
masto.al2.in,2022-11-15T00:00:00.000Z
mastodon.weinzierlweb.com,2022-11-11T00:00:00.000Z
mastodon.libreon.fr,2022-11-10T00:00:00.000Z
social.python-gsoc.org,2024-02-02T00:00:00.000Z
philately.social,2022-12-16T00:00:00.000Z
mastodon.redstonelp2.com,2022-11-04T00:00:00.000Z
mastodon.pathconnect.de,2022-11-13T00:00:00.000Z
openbiblio.social,2019-03-12T00:00:00.000Z
mastodon.nissesdomain.org,2023-03-12T00:00:00.000Z
hannover.town,2022-11-30T00:00:00.000Z
social.netz.org,2022-12-20T00:00:00.000Z
mastodon.mashi.ro,2023-01-20T00:00:00.000Z
history.lol,2020-08-13T00:00:00.000Z
mast.thomasdmn.net,2022-11-17T00:00:00.000Z
fedisabled.social,Failed to retrieve instance information. Status code: 404
weserbergland.social,2022-12-02T00:00:00.000Z
demon.haus,2023-04-19T00:00:00.000Z
m.banjo.camp,Failed to retrieve instance information. Status code: 502
mstdn.at,2022-10-30T00:00:00.000Z
chromachan.net,Unknown error
stansells.org,2022-12-31T00:00:00.000Z
bitforged.social,2023-12-09T00:00:00.000Z
social.rmrs.nl,Unknown error
thefaith.social,Unknown error
gearpaws.com,2024-01-11T21:47:39.000000Z
grafana.social,2022-11-09T00:00:00.000Z
afcolegiado.app,2023-01-24T00:00:00.000Z
ma.suldomi.net,Unknown error
burnout.cafe,2023-08-16T00:00:00.000Z
sunshinecoast.social,2023-11-17T00:00:00.000Z
fb.paulgeanta.com,Data not available
pix.nah.re,2023-05-25T11:47:14.000000Z
rama3.jp,2022-12-21T00:00:00.000Z
social.sinnesro.se,Failed to retrieve instance information. Status code: 404
zarapito.cl,2023-01-19T01:25:23.000000Z
lily.network,2018-08-30T00:00:00.000Z
quietzero.net,2023-06-21T00:00:00.000Z
social.seattle.wa.us,2018-11-13T00:00:00.000Z
hexadon.net,2018-08-25T00:00:00.000Z
daotodon.me,Unknown error
mstdn.wtsnjp.com,2020-05-29T00:00:00.000Z
mstdn.manas.website,Data not available
mstdn-bike.net,2017-04-27T00:00:00.000Z
toot.lgbt,2022-11-04T00:00:00.000Z
mostodon.de,2023-11-09T00:00:00.000Z
social.u2s.cloud,2021-12-11T00:00:00.000Z
sspaeth.de,Failed to retrieve instance information. Status code: 403
maratang.life,Unknown error
netsphere.one,Failed to retrieve instance information. Status code: 403
abyss.fun,2017-11-18T00:00:00.000Z
javabubble.social,2022-12-27T00:00:00.000Z
pixelfed.spiezmaestro.ch,Data not available
frequency.app,2022-01-14T00:00:00.000Z
social.sveken.au,2023-07-26T00:00:00.000Z
fedi.awoo.pet,Failed to retrieve instance information. Status code: 404
mastodon.jtl.vision,2022-04-25T00:00:00.000Z
moth.zone,Failed to retrieve instance information. Status code: 404
drk.network,2022-11-01T00:00:00.000Z
mastodon.queensnkings.de,Failed to retrieve instance information. Status code: 404
odon.mast.zone,2023-06-21T00:00:00.000Z
mastodon.bhop.zone,2023-02-18T00:00:00.000Z
mastodon.bosio.info,Unknown error
social.toplap.org,2023-12-30T00:00:00.000Z
daedal.io,2019-06-06T00:00:00.000Z
mstdn.shalyu.run,2022-05-03T00:00:00.000Z
jako.social,2021-01-17T00:00:00.000Z
artsocial.boston,2023-08-04T00:00:00.000Z
mastodon.zufki.de,2022-11-15T00:00:00.000Z
mstdn.bdms.ca,2023-11-28T00:00:00.000Z
ariesmc21.com,2024-01-01T00:00:00.000Z
cherrykitten.gay,2023-07-28T09:34:42.048Z
myke.social,2023-02-07T00:00:00.000Z
earthlings.social,Failed to retrieve instance information. Status code: 404
social.europlus.zone,1978-06-01T00:00:00.000Z
deadinsi.de,2019-06-20T00:00:00.000Z
abraham.social,2023-01-10T00:00:00.000Z
mastodon.gurney.dev,Failed to retrieve instance information. Status code: 525
social.hutch.chat,Data not available
mastodon.haojia-wu.com,2022-11-28T00:00:00.000Z
social.main-angler.de,2021-10-22T00:00:00.000Z
cubhub.social,2022-11-15T00:00:00.000Z
blimps.xyz,2018-03-20T00:00:00.000Z
mastsocial.de,2023-01-01T00:00:00.000Z
mastodon.me.uk,2017-04-05T00:00:00.000Z
videochina.net,2022-11-10T00:00:00.000Z
rebel.ar,2022-11-28T00:00:00.000Z
foto.libre.bzh,Data not available
vivatucson.net,2023-01-29T00:00:00.000Z
herd.bovid.space,2022-02-18T00:00:00.000Z
trek3.io,Unknown error
social.datarek.nl,2022-12-20T00:00:00.000Z
mastodon.dragonbox.de,2022-12-01T00:00:00.000Z
6510.nu,2022-11-08T00:00:00.000Z
bloomfield.social,Unknown error
bms.social,2023-01-21T00:00:00.000Z
thecooltable.wtf,2022-11-25T00:00:00.000Z
mn.drunu.be,2022-11-07T00:00:00.000Z
mastodon.knightpp.cc,2024-06-24T00:00:00.000Z
mstdn.dk,2022-10-31T00:00:00.000Z
lepoulsdumonde.com,2023-01-16T00:00:00.000Z
mastoscat.club,2023-08-06T00:00:00.000Z
uhlmann.social,2023-01-30T00:00:00.000Z
airpollution.science,2022-11-10T00:00:00.000Z
meemu.org,2017-04-13T00:00:00.000Z
social.spicysources.de,Unknown error
shout.3xd.eu,2021-11-03T00:00:00.000Z
quakers.social,2022-12-08T00:00:00.000Z
social.sudovim.net,2020-09-12T00:00:00.000Z
fedi.keinpfusch.net,Data not available
lopp.social,2021-12-05T00:00:00.000Z
klezmor.im,2023-06-01T00:00:00.000Z
tuffidon.de,2023-07-16T00:00:00.000Z
skaverat.net,2022-11-12T00:00:00.000Z
aberrantwinds.bond,2023-04-02T00:00:00.000Z
m.trisweb.com,2022-11-01T00:00:00.000Z
mastodon.richardloxley.com,2023-06-07T00:00:00.000Z
social.sdf-cn.org,Unknown error
maly.io,2019-10-25T00:00:00.000Z
trada.day,2024-03-26T00:00:00.000Z
mostlychris.net,2023-01-03T00:00:00.000Z
sociale.network,2020-08-16T00:00:00.000Z
mstdn.cc,2022-11-06T00:00:00.000Z
social.devteams.at,2022-11-03T00:00:00.000Z
mastodon.despise.computer,2023-10-30T00:00:00.000Z
afn.game-host.mydns.jp,2023-02-12T00:00:00.000Z
live.magikh.fr,Data not available
mastodon.pixeloasis.eu,2022-12-24T00:00:00.000Z
mastodon.n5h.co,2024-06-18T00:00:00.000Z
geek.gay,2022-11-10T00:00:00.000Z
blockfowl.com,Unknown error
mastodon.mindlesstux.com,Failed to retrieve instance information. Status code: 502
thelife.boats,2022-11-09T00:00:00.000Z
mastodon.bsd.cafe,2023-07-19T00:00:00.000Z
az.social,2022-11-08T00:00:00.000Z
social.wakemu.fr,2022-11-28T00:00:00.000Z
youtaite.xyz,2023-07-07T00:00:00.000Z
todon.eu,2020-07-17T00:00:00.000Z
social.tcpcat.net,2022-12-11T00:00:00.000Z
social.skynetcloud.site,2023-09-30T00:00:00.000Z
overland.social,2024-06-09T00:00:00.000Z
mastodon.brk.io,2022-12-23T00:00:00.000Z
im-in.space,2017-04-05T00:00:00.000Z
rollforcupcakes.com,Unknown error
micro.mnino.us,Data not available
elephant.crime.group,2018-08-24T00:00:00.000Z
mtd.pythonasia.org,2022-11-10T00:00:00.000Z
social.harekiet.com,Failed to retrieve instance information. Status code: 404
m.ai6yr.org,2022-11-10T00:00:00.000Z
m.otter.homes,2023-01-02T00:00:00.000Z
muon.social,2022-04-27T00:00:00.000Z
beery.beer,2022-11-19T00:00:00.000Z
mastodon.eternalaugust.com,2022-11-21T00:00:00.000Z
tutoteket.no,2022-11-03T00:00:00.000Z
social.jdbnet.co.uk,2024-10-08T00:00:00.000Z
clttr.it,2023-05-30T10:04:01.000Z
mastodon.katniss.top,2023-06-29T00:00:00.000Z
furrysocial.ru,Unknown error
pouchi.ca,2023-12-19T00:00:00.000Z
mastodon.tymoon.eu,2018-04-04T00:00:00.000Z
social.maou-maou.fr,2023-10-04T20:19:03.000Z
social.smalldog.club,2022-12-03T00:00:00.000Z
ow3.cn,Unknown error
varwest.fr,2022-11-06T00:00:00.000Z
mstdn.hokkaido.jp,2021-02-21T00:00:00.000Z
social.digitalundso.net,2023-10-07T00:00:00.000Z
squirrelmob.com,Unknown error
mstdn.drawsdraws.com,2023-03-12T00:00:00.000Z
correctiv.social,2022-11-22T00:00:00.000Z
bigchat.social,2023-01-23T00:00:00.000Z
sisterkiss.ing,Failed to retrieve instance information. Status code: 502
fim.social,Failed to retrieve instance information. Status code: 526
billsmafia.social,2022-11-18T00:00:00.000Z
toot.cyano.uk,2023-08-13T00:00:00.000Z
mastodon.nogods.be,Unknown error
social.nog.community,2022-12-04T00:00:00.000Z
8bit.red,2022-11-13T00:00:00.000Z
adastra234.info,Unknown error
smithtodon.org,2023-02-17T00:00:00.000Z
barkclub.xyz,2022-11-21T00:00:00.000Z
m.0x.mk,2022-11-14T00:00:00.000Z
futurist.info,2022-11-27T00:00:00.000Z
miniatures.social,2023-01-30T00:00:00.000Z
mastodon.mfbfreaks.nl,2022-10-31T00:00:00.000Z
plshug.me,2022-11-07T00:00:00.000Z
speedlines.stctp.zone,2022-11-08T00:00:00.000Z
mstdn.jmrp.io,2023-01-29T00:00:00.000Z
botany.social,2022-10-29T00:00:00.000Z
linkedlist.social,Failed to retrieve instance information. Status code: 404
ignifi.social,2021-12-15T00:00:00.000Z
legal.social,2020-01-20T00:00:00.000Z
social.basilweb.net,2023-01-31T00:00:00.000Z
visegrad24.social,2024-06-01T00:00:00.000Z
awoo.chown.me,2018-06-01T00:00:00.000Z
bookwyrm.lovetux.net,Failed to retrieve instance information. Status code: 503
social.filik.eu,Unknown error
greifswald.lgbt,2023-10-21T00:00:00.000Z
social.birdinter.net,2024-04-15T00:00:00.000Z
psychotherapy.social,2023-03-16T00:00:00.000Z
garver.social,2022-12-16T00:00:00.000Z
newgrounds.club,2024-04-11T00:00:00.000Z
econtwitter.net,2023-12-20T00:00:00.000Z
social.c3l.lu,2022-11-30T00:00:00.000Z
blacksun.social,Failed to retrieve instance information. Status code: 521
publicsquare.global,2022-12-23T00:00:00.000Z
foxsay.southfox.me,2021-12-29T00:00:00.000Z
mastodon.infodocs.eu,2023-10-27T00:00:00.000Z
region-bergstrasse.social,Unknown error
social.accum.se,2023-07-03T00:00:00.000Z
vault322.net,2023-07-04T00:00:00.000Z
niedersachsen.social,2022-04-29T00:00:00.000Z
localization.cafe,2022-12-13T00:00:00.000Z
babblebox.net,2022-11-18T00:00:00.000Z
mastodon.futaba.social,2023-02-19T00:00:00.000Z
don.blognot.co,2022-11-17T00:00:00.000Z
bundyo.com,2022-11-13T00:00:00.000Z
mastodon.iftas.org,2023-05-10T00:00:00.000Z
mystical.garden,2022-11-30T00:00:00.000Z
basilisk.gallery,2023-01-21T00:00:00.000Z
acg.mn,2024-03-02T00:00:00.000Z
mattebox.social,2023-02-26T00:00:00.000Z
social.boom.army,2023-07-11T00:00:00.000Z
mastodon.jordanwages.com,2022-04-27T00:00:00.000Z
g2s.azbycx.xyz,Unknown error
weyr.social,2022-11-11T00:00:00.000Z
anarres.family,2023-06-08T00:00:00.000Z
mastodon.bellamazz.com,Unknown error
wetdry.world,2021-08-02T00:00:00.000Z
mstdn.gsi.li,2022-11-10T00:00:00.000Z
mastodon.sl,2022-12-05T00:00:00.000Z
nashtodon.com,2022-11-06T00:00:00.000Z
meow.cloud,2021-12-19T00:00:00.000Z
mastodon.run,Failed to retrieve instance information. Status code: 503
fnlog.page,2022-11-07T00:00:00.000Z
mstdn.vientos.live,2022-11-18T00:00:00.000Z
social.haveyouevenmet.me,Unknown error
mon-desu.com,2023-02-08T00:00:00.000Z
any.dev,Unknown error
mastodon.overholts.dev,2022-11-11T00:00:00.000Z
social.blogsofwar.com,Unknown error
krigskunst.social,2023-01-10T00:00:00.000Z
social.v.b4tman.ru,2024-02-17T00:00:00.000Z
goeppingen.social,2024-02-16T00:00:00.000Z
shutinnerd.space,2023-07-07T00:00:00.000Z
mastodon-swiss.org,2022-11-12T00:00:00.000Z
friendl.y-y.li,Failed to retrieve instance information. Status code: 404
neurodifferent.me,2022-11-06T00:00:00.000Z
hips.social,2022-11-13T00:00:00.000Z
41020.social,2022-11-18T00:00:00.000Z
friendica.myportal.social,Failed to retrieve instance information. Status code: 403
don.gomasy.jp,2018-09-03T00:00:00.000Z
masatodon.net,2023-02-27T00:00:00.000Z
fediserve.com,2023-07-13T00:00:00.000Z
m.santolin.eu,2022-11-09T00:00:00.000Z
m.jeppesen.io,2022-11-02T00:00:00.000Z
p.floyd.dk,Failed to retrieve instance information. Status code: 500
beamship.mpaq.org,2023-10-17T00:00:00.000Z
radiosocial.de,2021-09-25T00:00:00.000Z
arkm.social,2023-11-18T00:00:00.000Z
gigq.com,2022-12-01T00:00:00.000Z
deliverabilit.ie,Failed to retrieve instance information. Status code: 502
pixel.infosec.exchange,Data not available
fendek.net,Unknown error
www.davidjmiller.org,Failed to retrieve instance information. Status code: 404
togl.me,2022-11-12T00:00:00.000Z
mstd.onl,2022-11-23T00:00:00.000Z
gnu.gl,2023-01-12T00:00:00.000Z
grants.cafe,2022-06-18T00:00:00.000Z
flyovercountry.social,2022-11-06T00:00:00.000Z
galaxyrailway.link,Data not available
pixel.chladny.de,Data not available
chat.wecops.uk,2024-06-02T00:00:00.000Z
tanuki.hostdon.ne.jp,2023-01-20T00:00:00.000Z
gluck.cc,2023-01-05T00:00:00.000Z
chasmcity.net,2023-02-19T00:00:00.000Z
surreptitious.ly,2022-11-07T00:00:00.000Z
stigma.whippy.kr,2024-07-13T00:00:00.000Z
matstar.error.pe.kr,Failed to retrieve instance information. Status code: 502
mastodon.tal.org,2022-11-19T00:00:00.000Z
beltaine.day,2023-04-05T00:00:00.000Z
toot.spooky.computer,Failed to retrieve instance information. Status code: 404
fed.qaz.red,2022-11-04T00:00:00.000Z
gts.0x7be.net,2023-06-15T14:55:17.000Z
bears.town,2022-12-29T00:00:00.000Z
goblin.masto.host,Unknown error
tacocat.space,2022-04-27T00:00:00.000Z
pxlfd.dsnv.net,2023-06-04T09:50:36.000000Z
mastodon.neat.computer,2018-03-07T00:00:00.000Z
bb5.social,2023-11-11T00:00:00.000Z
social.fungalhalo.com,2023-01-14T00:00:00.000Z
social.toot9.de,2022-06-05T00:00:00.000Z
werd.social,2022-11-02T00:00:00.000Z
go5.dev,2020-10-29T00:00:00.000Z
social.skbo.net,2022-11-04T00:00:00.000Z
mstdn.mini4wd-engineer.com,2017-04-26T00:00:00.000Z
ilinx.masto.host,Unknown error
mastodon.tuxtendo.nl,2022-11-27T00:00:00.000Z
social.hostpath.de,2021-12-13T00:00:00.000Z
mtd.naraku.cc,Unknown error
brunty.social,2022-11-20T00:00:00.000Z
social.metaccount.de,2018-06-29T00:00:00.000Z
ulman.social,2018-07-09T00:00:00.000Z
pixelfed.chuggybumba.com,2023-01-03T18:29:07.000000Z
audio-video.tech,Unknown error
sci.kiwi,2022-11-05T00:00:00.000Z
openshare.me,2022-11-27T00:00:00.000Z
thunderstruck.fedicity.net,Unknown error
tiny.tilde.website,2017-04-04T00:00:00.000Z
mastodon.autostatic.net,2024-05-08T00:00:00.000Z
social.aa.net.uk,2023-02-08T00:00:00.000Z
mastodon.africa,2022-11-07T00:00:00.000Z
social.edzilla.info,2022-04-26T00:00:00.000Z
toot.ballioljcr.org,Unknown error
dulc.es,2022-12-14T00:00:00.000Z
connected.so,Data not available
digitaal66.social,2022-11-30T00:00:00.000Z
mastodon.hypnoguys.com,2020-06-17T00:00:00.000Z
alpaka.social,Unknown error
mastobotti.eu,Unknown error
melijn.me,2023-01-07T00:00:00.000Z
masto.nicolastissot.fr,2023-10-28T00:00:00.000Z
kuicker.koogle.sk,Failed to retrieve instance information. Status code: 522
donley.io,2024-10-21T00:00:00.000Z
pixel.tchncs.de,Data not available
fissionator.com,2018-07-06T00:00:00.000Z
don.taprix.org,2020-03-17T00:00:00.000Z
pixelpost.uk,Data not available
kirishima.cloud,2017-10-04T00:00:00.000Z
octodon.social,2017-04-03T00:00:00.000Z
cmm.fyi,Data not available
mastodon.rockhost.se,2018-12-22T00:00:00.000Z
procursus.social,2023-01-24T00:00:00.000Z
social.drastical.tech,2020-06-30T00:00:00.000Z
pawoo.org,Unknown error
notvery.social,2022-10-29T00:00:00.000Z
pqcdao.com,Failed to retrieve instance information. Status code: 500
drykath.red,2023-07-29T00:00:00.000Z
keystat.shimanami.online,Failed to retrieve instance information. Status code: 410
mastodon.roe.dev,Failed to retrieve instance information. Status code: 522
social.overlappingmagisteria.org,Unknown error
don.zr23.aomori.jp,2023-09-20T00:00:00.000Z
skastodon.com,2022-11-01T00:00:00.000Z
mastodon.zyun.jp,Failed to retrieve instance information. Status code: 530
hub.mtf.party,2019-10-01T00:00:00.000Z
mastodon.hydrantosaurus.com,Failed to retrieve instance information. Status code: 404
hub.winslow.cloud,Unknown error
mastodon.modern-industry.com,2022-11-18T00:00:00.000Z
chabant.social,2017-04-05T00:00:00.000Z
iam.reasonably.social,Unknown error
masto.fuzzy.systems,2020-10-09T00:00:00.000Z
social.pmj.rocks,2020-07-26T00:00:00.000Z
tjakosquad.nl,2023-02-24T00:00:00.000Z
mastodon.holeyfox.co,2022-11-07T00:00:00.000Z
vael.town,2022-05-29T00:00:00.000Z
photos.communitymedia.video,Data not available
graeber.social,2023-02-23T00:00:00.000Z
fedifriends.social,2023-08-26T00:00:00.000Z
zzuli.closed.social,2023-02-23T00:00:00.000Z
toot.lmorchard.com,2022-11-10T00:00:00.000Z
mastodon-sheep-smile.com,2024-01-24T00:00:00.000Z
tlg.link,2024-04-01T00:00:00.000Z
social.hardfork.ngo,2024-05-22T00:00:00.000Z
mastodon.wg0.xyz,2023-07-08T00:00:00.000Z
com.thephysics.xyz,Unknown error
toot.io,2023-04-27T00:00:00.000Z
cloudisland.nz,2020-05-13T00:00:00.000Z
social.adlerhorst.net,2022-11-12T00:00:00.000Z
pcgamer.social,2018-08-16T00:00:00.000Z
social.oarsnet.nl,2023-07-26T00:00:00.000Z
gm-cloud.org.uk,2023-04-30T00:00:00.000Z
batorbros.me,Failed to retrieve instance information. Status code: 530
ingwine.social,Unknown error
mastodon.brittg.com,Failed to retrieve instance information. Status code: 404
mastodon.cackhanded.net,2023-01-24T00:00:00.000Z
nottwitter.puhtahtoe.com,Unknown error
social.no-input.xyz,2024-05-04T00:00:00.000Z
social.ndlug.org,2023-08-01T00:00:00.000Z
rovers.social,Unknown error
mastodon.grin.hu,2019-05-06T00:00:00.000Z
mastodon.twictee.org,2023-04-24T00:00:00.000Z
wp-punks.social,2022-11-07T00:00:00.000Z
nekonote.fedicity.net,Unknown error
tusk.chat,Data not available
collar.place,2019-09-13T00:00:00.000Z
social.densco.net,2022-11-10T00:00:00.000Z
tucows.social,2022-11-30T00:00:00.000Z
toot.imowl.net,2023-07-26T00:00:00.000Z
soc.umrath.net,2022-05-05T00:00:00.000Z
social.security.plumbing,2022-05-05T00:00:00.000Z
dimension.host,2023-02-12T00:00:00.000Z
mastodon.schwanzer.online,Failed to retrieve instance information. Status code: 436
retrorewind.social,2022-12-16T00:00:00.000Z
toots.toby.ink,2022-12-27T00:00:00.000Z
tuebingen.network,2023-06-13T00:00:00.000Z
fanscannabis.club,Unknown error
swissodon.ch,2024-01-17T00:00:00.000Z
wien.rocks,2023-10-08T00:00:00.000Z
social.nowicki.io,2022-11-11T00:00:00.000Z
mastodon.conquestuniverse.com,Unknown error
mastoart.social,2023-10-28T00:00:00.000Z
mastodon.snthtns.jp,2022-12-10T00:00:00.000Z
social.sgf.dev,2024-04-01T00:00:00.000Z
funcoland.net,2024-03-22T00:00:00.000Z
mastodon.xy-space.de,2022-10-22T00:00:00.000Z
gayfr.social,2022-12-28T00:00:00.000Z
mastodon.tstm.info,2022-12-18T00:00:00.000Z
thoughtful.social,2022-11-11T00:00:00.000Z
aquatan.net,2023-04-03T00:00:00.000Z
stormwaltz.net,2023-08-03T00:00:00.000Z
pixelfed.imagisphe.re,2023-09-14T01:36:51.000000Z
mastodon.oeru.org,2017-04-29T00:00:00.000Z
religious.social,2022-12-18T00:00:00.000Z
kurry.social,2022-10-26T00:00:00.000Z
write.echoless.space,2022-11-08T00:00:00.000Z
plural.cafe,2018-04-08T00:00:00.000Z
mastodon.flaircheck.ca,2022-12-24T00:00:00.000Z
mastvie.eu,2024-01-25T00:00:00.000Z
donadvr.de,2022-11-10T00:00:00.000Z
plesiosaur.net,2023-04-07T00:00:00.000Z
shark.community,2022-11-18T00:00:00.000Z
wayland.social,Unknown error
mstdn.moe,2021-08-23T00:00:00.000Z
masto.hoffman.studio,2023-01-06T00:00:00.000Z
muso.social,2022-12-30T00:00:00.000Z
social.ccc-ffm.space,2023-02-07T00:00:00.000Z
social.mp0.jp,2023-01-31T00:00:00.000Z
polaris.masto.host,2023-09-16T00:00:00.000Z
fluffs.au,2022-12-20T00:00:00.000Z
gimme5.club,2023-03-30T00:00:00.000Z
jitakurack.chotto.moe,Failed to retrieve instance information. Status code: 410
freethought.online,2022-12-07T00:00:00.000Z
perish.restricted.garden,Unknown error
link.baai.ac.cn,2023-08-25T00:00:00.000Z
social.circl.lu,2022-11-23T00:00:00.000Z
chatsubo.bar,2023-02-23T00:00:00.000Z
stadtmg.social,2022-11-19T00:00:00.000Z
tinycities.net,2022-11-26T00:00:00.000Z
social.matriphe.net,2022-11-11T00:00:00.000Z
social.jh220.de,Failed to retrieve instance information. Status code: 522
feral.cafe,2022-12-06T00:00:00.000Z
masto.ai,2019-11-03T00:00:00.000Z
eggplant.social,Failed to retrieve instance information. Status code: 403
social-me.online,2023-12-16T17:09:07.038Z
silence.horse,2022-10-02T00:00:00.000Z
tschopp.net,2023-01-31T00:00:00.000Z
fandomonium.space,2023-01-27T00:00:00.000Z
social.remoteplay.im,Failed to retrieve instance information. Status code: 502
comunidad.blasterradio.net,2024-05-31T00:00:00.000Z
social.dmcblue.com,Failed to retrieve instance information. Status code: 504
est.social,2022-11-19T00:00:00.000Z
mastodon.sujets-libres.fr,2022-11-08T00:00:00.000Z
fedi.j1nk4l.com,2024-07-04T00:00:00.000Z
masto.trtmn.io,2024-09-19T00:00:00.000Z
fv.technogothic.net,2020-08-06T00:00:00.000Z
diversity.kitchen,Unknown error
mastodon.dredgelords.com,2023-07-03T00:00:00.000Z
dctr.uk,2022-11-15T00:00:00.000Z
mastodon.home.little.place,2023-10-20T00:00:00.000Z
mona.do,2020-08-03T00:00:00.000Z
albanian.social,Unknown error
mstdn.beah.jp,2024-01-19T00:00:00.000Z
microblog.lunai.re,2020-07-26T00:00:00.000Z
pegelinux.top,2022-11-15T00:00:00.000Z
jawns.club,2018-08-27T00:00:00.000Z
sumanko.com,2023-08-06T00:00:00.000Z
bgme.me,2019-02-12T00:00:00.000Z
social.maplecrew.org,2023-01-02T00:00:00.000Z
vt.social,2022-11-07T00:00:00.000Z
www.seo-theory.com,Failed to retrieve instance information. Status code: 403
eattra.sh,2022-05-09T00:00:00.000Z
truthsocial.co.in,2021-10-24T00:00:00.000Z
mastodon.modspil.dk,2023-03-15T00:00:00.000Z
universeodon.com,2023-07-30T00:00:00.000Z
meow.lgbt,2022-11-04T00:00:00.000Z
scorpinc.social,2022-11-12T00:00:00.000Z
pixelfed.ru,Data not available
sbg-social.at,2022-11-04T00:00:00.000Z
soc.stepman.guide,2022-11-17T00:00:00.000Z
mastodon.gougere.fr,2017-04-03T00:00:00.000Z
pinkorange.red,2020-10-17T00:00:00.000Z
bzh.social,2023-01-06T00:00:00.000Z
mastodon.sanpo-an.site,2023-02-05T00:00:00.000Z
mastodon.falconk.rocks,Data not available
mastodon.pnpde.social,2022-11-19T00:00:00.000Z
mastodon.kitamurakz.com,Unknown error
safareig.calbasi.net,2022-11-11T00:00:00.000Z
anasodon.com,2023-04-08T00:00:00.000Z
mastodon.atikoro.net,2017-08-18T00:00:00.000Z
mastodon.lescommuns.org,Unknown error
hugs.lgbt,Data not available
hintertupf.ing,2024-12-08T00:00:00.000Z
fediverse.xavin.net,2019-08-03T00:00:00.000Z
redd.live,Failed to retrieve instance information. Status code: 522
mastodon.bitfrost.gg,2022-11-11T00:00:00.000Z
meow.social,2017-04-10T00:00:00.000Z
masto.empresasenegocios.com.br,2024-04-02T00:00:00.000Z
idic.social,2022-11-08T00:00:00.000Z
plantsand.coffee,2022-05-01T12:10:40.000Z
recordplug.club,2022-11-11T00:00:00.000Z
broken.graphics,Unknown error
pkutalk.com,2023-01-26T00:00:00.000Z
mastodon.someotherguy.xyz,Unknown error
dis-le.de,Failed to retrieve instance information. Status code: 403
cas.social,2022-11-18T00:00:00.000Z
m.webtoo.ls,2022-12-06T00:00:00.000Z
mnstdn.monster,2023-05-10T00:00:00.000Z
mastodon.gizmo4487.dev,2021-05-02T00:00:00.000Z
social.jeffl.es,2024-07-21T00:00:00.000Z
toot.me.uk,2020-06-26T00:00:00.000Z
bridport.pics,Data not available
adney.land,2017-04-02T00:00:00.000Z
mastodon.cgx.me,2017-04-06T00:00:00.000Z
mastodon.le-palantir.com,2017-04-13T00:00:00.000Z
mastodon.infra.de,Failed to retrieve instance information. Status code: 403
toot.li,Unknown error
elbmatsch.de,2022-04-25T00:00:00.000Z
smeap.com,2017-10-21T00:00:00.000Z
mstdn.kurosuke.org,2018-08-20T00:00:00.000Z
mastodon.lubar.me,2018-10-19T00:00:00.000Z
mhc.social,2022-11-09T00:00:00.000Z
mstdn.mell0w-5phere.net,Unknown error
social.wieser-hv.de,2022-06-27T00:00:00.000Z
mastodon.lermer.nl,2020-01-03T00:00:00.000Z
wireless-iot.social,2022-05-01T00:00:00.000Z
tusk.sfunk1x.com,2021-12-27T00:00:00.000Z
frankenwolke.com,2022-05-14T00:00:00.000Z
social.gorritodeplata.xyz,2022-10-15T00:00:00.000Z
mastodon.kryptykphysh.xyz,2022-10-29T00:00:00.000Z
social.joelle.us,2022-04-28T00:00:00.000Z
social.vleij.com,2022-11-02T00:00:00.000Z
toot.gagniard.org,2022-11-06T00:00:00.000Z
mastodon.rosseaux.com,2022-10-28T00:00:00.000Z
masto.blasters.fr,2018-04-30T00:00:00.000Z
mstdn.sysinfra.info,Failed to retrieve instance information. Status code: 502
hi.moe.tips,Failed to retrieve instance information. Status code: 403
jaesharp.social,2022-11-07T00:00:00.000Z
soziale.verwirrung.institute,Failed to retrieve instance information. Status code: 404
bikeshed.vibber.net,2024-01-06T00:00:00.000Z
inthebeliefofbetter.social,2023-12-07T00:00:00.000Z
patchouli.today,2020-05-06T00:00:00.000Z
rairarai.hostdon.ne.jp,2021-07-18T00:00:00.000Z
k.iim.gay,Failed to retrieve instance information. Status code: 403
chat.noelle.codes,2021-05-29T00:00:00.000Z
p.node.pk,Data not available
mastodon.gurubert.de,2018-08-31T00:00:00.000Z
wallflowersocial.club,2021-09-09T00:00:00.000Z
pcwizards.nl,Failed to retrieve instance information. Status code: 400
social.the-thirstiest-mawile.com,2019-01-31T00:00:00.000Z
jkpg.rocks,2022-05-04T00:00:00.000Z
maciaszek.social,2022-11-09T00:00:00.000Z
interconnected.systems,2018-08-18T00:00:00.000Z
big.trash.haus,2021-11-11T00:00:00.000Z
clq.im,2020-11-09T00:00:00.000Z
one.telmina.com,Failed to retrieve instance information. Status code: 410
mastodon.madder-mad.net,2022-11-12T00:00:00.000Z
social.michels.xyz,2022-04-25T00:00:00.000Z
roshless.me,2023-01-14T00:00:00.000Z
toot.morikka.me,2020-12-21T00:00:00.000Z
mastodon.aargaunet.ch,2024-02-22T00:00:00.000Z
ruinous.social,2022-01-10T00:00:00.000Z
tane.codes,2022-10-30T00:00:00.000Z
mstdn.itsnero.com,2019-01-31T00:00:00.000Z
sccn.club,Failed to retrieve instance information. Status code: 504
mastodon.rafaelbailon.com,2022-11-19T00:00:00.000Z
social.riversouldiers.dk,2022-05-03T00:00:00.000Z
social.pigelet.org,2023-08-19T00:00:00.000Z
alteholz.social,2022-05-11T00:00:00.000Z
orctavern.pub,2021-05-22T00:00:00.000Z
mapstodon.technology,2022-04-26T00:00:00.000Z
mastodon.ibax.org,2022-04-26T00:00:00.000Z
social.di2.io,2022-05-01T00:00:00.000Z
social.thorjhanson.com,Failed to retrieve instance information. Status code: 503
soc.kvet.ch,2022-03-04T00:00:00.000Z
mastodon.cube4fun.net,2022-11-01T00:00:00.000Z
toots.cc,2022-05-06T00:00:00.000Z
toon.social,2022-02-14T00:00:00.000Z
toot.coupou.fr,2020-02-18T00:00:00.000Z
demon.social,2019-10-11T00:00:00.000Z
mastodon.redgarterclub.com,Data not available
trolley.seattlebus.space,2023-09-19T00:00:00.000Z
sms.cybik.moe,2020-06-06T00:00:00.000Z
mas.gordons.gen.nz,2020-05-03T00:00:00.000Z
mastodon.janke.biz,2022-11-15T00:00:00.000Z
uncontrollablegas.com,2021-09-06T00:00:00.000Z
social.zteo.com,2022-11-12T00:00:00.000Z
dragon.navy,2019-08-28T00:00:00.000Z
freespeech.chat,2022-05-01T00:00:00.000Z
mastoid.dev,2022-03-18T00:00:00.000Z
stubn.hallertau.social,2022-10-11T18:56:00.000000Z
antisocial.ly,2022-11-10T00:00:00.000Z
social.thierrytalbert.fr,Failed to retrieve instance information. Status code: 403
masto.evelynyap.com,2021-09-01T00:00:00.000Z
click.ba.it,2022-04-25T00:00:00.000Z
mstdn.blue.wirednet.jp,Failed to retrieve instance information. Status code: 410
mastodon.caille.fr,2022-11-06T00:00:00.000Z
mastodon.tekdmn.me,Failed to retrieve instance information. Status code: 500
tubul.net,1983-05-14T00:00:00.000Z
mstdn.sheehanmiles.com,2022-11-07T00:00:00.000Z
tastybugs.club,2022-10-08T00:00:00.000Z
mastodon.treegecko.com,2022-05-10T00:00:00.000Z
mastodon.balamb.fr,2022-07-10T00:00:00.000Z
mainframe.club,2022-11-07T00:00:00.000Z
xn--xxa.computer,2022-11-02T00:00:00.000Z
dekkia.com,2022-11-12T00:00:00.000Z
nonsense.direct,2022-11-11T00:00:00.000Z
peoplegroup.social,2023-01-25T00:00:00.000Z
social.eden.one,2022-10-29T00:00:00.000Z
toot.krivokuca.dev,2022-11-04T00:00:00.000Z
mastodon.darkplanetego.de,2022-10-28T00:00:00.000Z
miserables.net,2022-11-16T00:00:00.000Z
n00b.fr,2022-11-06T00:00:00.000Z
md.epiphyte.ie,Failed to retrieve instance information. Status code: 403
mastodon.afromunkee.live,2022-11-07T00:00:00.000Z
arxiv.social,2025-01-01T00:00:00.000Z
beo.social,2022-11-06T00:00:00.000Z
fedi.cr-net.be,2022-11-11T00:00:00.000Z
toot.8th.world,2022-11-13T00:00:00.000Z
social.klaps.me,2022-11-10T00:00:00.000Z
social.mbbit.de,2022-10-31T00:00:00.000Z
taciturn.social,2022-11-06T00:00:00.000Z
xtaldave.net,2022-11-03T00:00:00.000Z
so.rezzedup.com,2022-11-07T00:00:00.000Z
mastodon.yupgup.com,2022-11-01T00:00:00.000Z
troet.wandel.social,2022-11-07T00:00:00.000Z
sundet.io,Failed to retrieve instance information. Status code: 503
piaf.stilobique.com,2022-08-03T00:00:00.000Z
slightly.social,2022-11-13T00:00:00.000Z
windbag.org,2022-11-19T00:00:00.000Z
acra.network,2022-11-11T00:00:00.000Z
masto.chronos-tachyon.net,Failed to retrieve instance information. Status code: 404
s.yelvington.com,2022-11-06T00:00:00.000Z
hemipenes.club,2022-11-08T00:00:00.000Z
dondon.breydon.id.au,2022-11-11T09:51:43.000Z
mstdn.shihoya.tokyo,2022-11-05T00:00:00.000Z
mastodon.solidev.net,2022-11-18T00:00:00.000Z
cleverdevil.club,2022-11-19T00:00:00.000Z
pulpunte-chinpun.xyz,2022-11-05T00:00:00.000Z
fitt.au,2022-11-16T00:00:00.000Z
bouma.social,2022-11-14T00:00:00.000Z
systems.social,2022-11-18T00:00:00.000Z
social.n0g.de,2022-11-11T00:00:00.000Z
mastodon.jacen.moe,2022-08-04T00:00:00.000Z
mastopouet.fr,Unknown error
social.raytec.co,2022-11-12T00:00:00.000Z
unteraffen.de,2022-11-10T00:00:00.000Z
two-bits.org,2022-11-09T00:00:00.000Z
social.hanntac.net,Failed to retrieve instance information. Status code: 503
xn--8r9a.com,2022-11-13T00:00:00.000Z
mastodon.my.id,2022-11-10T00:00:00.000Z
a.soopy.moe,Unknown error
mastodon.noyer.app,2022-11-11T00:00:00.000Z
publicidentity.net,2022-11-02T00:00:00.000Z
pxi.social,2022-11-13T00:00:00.000Z
mast.lukeog.com,2022-12-26T00:00:00.000Z
daan.social,2022-11-16T00:00:00.000Z
social.cavac.at,2022-11-18T00:00:00.000Z
mstdn.esp.nl,2022-11-02T00:00:00.000Z
mastodon.lnsystems.de,2022-11-16T00:00:00.000Z
pleroma.adenine.fr,Failed to retrieve instance information. Status code: 404
social.cloudonaut.io,2022-11-09T00:00:00.000Z
gott.social,2022-11-20T00:00:00.000Z
m.tkw.fm,2021-11-07T00:00:00.000Z
incipientjoy.com,Failed to retrieve instance information. Status code: 522
obsidianmoon.com,2022-11-18T00:00:00.000Z
logoff.website,2022-11-15T00:00:00.000Z
lacommune.social,2022-11-20T00:00:00.000Z
qunok.com,Failed to retrieve instance information. Status code: 404
social.zigzak.net,2022-11-13T00:00:00.000Z
mastodon.r3pek.org,2021-01-16T00:00:00.000Z
toot.kingj.net,2020-10-23T00:00:00.000Z
social.mashed.cloud,2022-04-25T00:00:00.000Z
toot.nimantu.de,2022-05-05T00:00:00.000Z
social.apcn.nz,2022-04-27T00:00:00.000Z
mast.uxp.de,2022-11-07T00:00:00.000Z
staging.social.mikutter.hachune.net,2018-11-10T00:00:00.000Z
mstdn.t-rg.ws,2018-12-21T00:00:00.000Z
kokoni.co,2020-04-10T00:00:00.000Z
profa.co,2020-03-29T00:00:00.000Z
social.krasovs.ky,2021-04-05T00:00:00.000Z
mastodon.nnn1590.org,2021-02-27T00:00:00.000Z
pixelfed.f4n.de,Failed to retrieve instance information. Status code: 404
mastodon.joshdata.me,2022-04-06T00:00:00.000Z
social.psjb.me,2021-01-08T00:00:00.000Z
mastodon.xrh0905.top,2023-08-10T00:00:00.000Z
social.qvi.st,2022-12-23T00:00:00.000Z
social.dynamicfiles.de,2022-08-21T00:00:00.000Z
mastodon.app.araneum.org,Failed to retrieve instance information. Status code: 502
social.arazil.net,2022-10-31T00:00:00.000Z
iguana.masto.host,2022-11-04T00:00:00.000Z
social.sabletopia.co.uk,Failed to retrieve instance information. Status code: 523
social.zentonic.org,2022-11-05T00:00:00.000Z
fed.uu.org,2022-11-06T00:00:00.000Z
mastodon.d14n.club,2022-11-06T00:00:00.000Z
mastodon.jeckyll.net,2022-11-06T00:00:00.000Z
mastodon.arul.io,2022-11-07T00:00:00.000Z
mastodon.zougloub.eu,2022-11-07T00:00:00.000Z
gts.xmgz.eu,2022-11-07T10:46:40.403Z
mastodon.mudkips.net,2022-11-08T00:00:00.000Z
toot.kennery.com,2022-11-10T00:00:00.000Z
mastodon.schenkel.net,Failed to retrieve instance information. Status code: 404
social.b0t.at,2022-11-10T00:00:00.000Z
mastodon.app.stefanberggren.se,2022-11-11T00:00:00.000Z
social.n8e.dev,2022-11-12T00:00:00.000Z
social.haven.family,2021-12-29T00:00:00.000Z
senpainoticedme.moe,2022-11-13T00:00:00.000Z
mastodon.devsforce.org,Failed to retrieve instance information. Status code: 503
social.goblfc.org,2022-11-14T00:00:00.000Z
th-pape.de,Unknown error
epsom.social,2022-11-18T00:00:00.000Z
toot.ramuuns.com,2022-11-18T00:00:00.000Z
mastodon.laca.dev,2022-11-20T00:00:00.000Z
toot-toot.wyrihaxim.us,2022-11-20T00:00:00.000Z
mastodon.ketz.io,2022-11-20T00:00:00.000Z
social.vmbrasseur.com,2022-11-20T00:00:00.000Z
mastodon.foxocube.xyz,Failed to retrieve instance information. Status code: 503
anml.io,2022-11-21T00:00:00.000Z
smnn.ch,2022-11-20T00:00:00.000Z
mastodon.likids.info,2023-01-23T00:00:00.000Z
m.superuser.one,2022-11-21T00:00:00.000Z
social.lacot.org,2022-11-18T00:00:00.000Z
bytearray.eu,2022-11-21T00:00:00.000Z
don.leno3s.net,2023-01-20T00:00:00.000Z
unix.family,2022-11-20T00:00:00.000Z
social.zachcapalbo.com,2022-11-20T00:00:00.000Z
mastodon.plong.eu,Failed to retrieve instance information. Status code: 404
pix.kestrelsnest.social,Data not available
mastodon.transportevolved.com,2022-11-22T00:00:00.000Z
pleroma.fordfairlaneonline.com,Failed to retrieve instance information. Status code: 530
iway.social,2022-11-22T00:00:00.000Z
auralis.space,Data not available
social.toxwat.cz,2022-11-09T00:00:00.000Z
mastodon.gremlins.eu,2022-11-13T00:00:00.000Z
alleysmith.family,2022-11-23T00:00:00.000Z
martinh.net,2022-11-24T00:00:00.000Z
mastodon.denibol.com,2023-02-26T00:00:00.000Z
mstdn.bitwalker.eu,2022-11-25T00:00:00.000Z
motern.media,2022-11-29T00:00:00.000Z
social.youhoo.fr,2022-11-18T00:00:00.000Z
farbun.social,2022-11-25T00:00:00.000Z
bcast.guru,2022-11-25T00:00:00.000Z
bunny.social,2022-11-25T00:00:00.000Z
kaartinen.photos,Data not available
minimal.social,Data not available
brioco.art,2023-11-17T04:53:09.000000Z
omnitest.social,2023-08-04T00:00:00.000Z
zeero.dev,2022-11-29T00:00:00.000Z
holygrena.de,2022-11-26T00:00:00.000Z
social.n1mtp.com,2022-11-28T00:00:00.000Z
honk.masto.host,2022-04-29T00:00:00.000Z
mastodon.irohanano.nl,2022-11-27T00:00:00.000Z
bellow.el.drit.ch,2022-11-27T00:00:00.000Z
mastodon.kovarovi.org,2022-11-28T00:00:00.000Z
mastodon.lacan.net,2022-11-30T00:00:00.000Z
pixelfed.lqx.net,Data not available
sideofburritos.social,2022-12-31T00:00:00.000Z
mastodon.thegovlab.com,Failed to retrieve instance information. Status code: 522
hoagie.fun,2022-11-30T00:00:00.000Z
hunted.one,Failed to retrieve instance information. Status code: 504
mastodon.hansup.be,2022-11-30T00:00:00.000Z
vinzenz.social,2022-12-01T00:00:00.000Z
runty.social,2022-12-02T00:00:00.000Z
mastodon.pertinent-ops.com,2022-11-29T00:00:00.000Z
risonchu.social,2022-12-03T00:00:00.000Z
fedi.andrlik.org,2022-12-02T00:00:00.000Z
wmd.social,2021-10-25T00:00:00.000Z
floof.link,2022-12-02T00:00:00.000Z
activitypub.chariz.com,Failed to retrieve instance information. Status code: 410
masto.syntheticmemory.net,2022-12-01T00:00:00.000Z
mastodon.theyosh.nl,2022-12-02T00:00:00.000Z
loquacious.social,2024-11-16T00:00:00.000Z
mo.social,Failed to retrieve instance information. Status code: 404
stolat.town,2022-12-03T00:00:00.000Z
fuzzytacular.net,2022-12-04T00:00:00.000Z
ericpuryear.com,2022-12-04T00:00:00.000Z
kobukobu.org,2022-12-04T00:00:00.000Z
solosociety.social,2024-05-04T00:00:00.000Z
social.nwex.de,2022-12-06T00:00:00.000Z
techotakugamerz.com,2022-12-03T00:00:00.000Z
tusk.nali.social,Failed to retrieve instance information. Status code: 530
nerdistan.cloud,2022-12-07T00:00:00.000Z
pub.is4.site,Failed to retrieve instance information. Status code: 503
betweenthelions.link,2022-12-10T00:00:00.000Z
spoilertv.social,2022-12-12T00:00:00.000Z
mastodon.meissners.me,Failed to retrieve instance information. Status code: 404
mastodon.24bit48khz.de,2022-12-16T00:00:00.000Z
social.lostinok.com,2022-12-15T00:00:00.000Z
charmander.us.to,Data not available
so.eddyn.net,Failed to retrieve instance information. Status code: 500
thecommandline.social,2022-12-18T00:00:00.000Z
social.alexn.org,2022-12-18T00:00:00.000Z
selbsthilfe.social,2022-12-19T00:00:00.000Z
aethernet.social,2022-12-17T00:00:00.000Z
social.greinr.com,2022-12-20T00:00:00.000Z
olifant.fi,2023-07-05T00:00:00.000Z
shmg.online,2022-12-19T00:00:00.000Z
bremen.digital,2022-12-20T00:00:00.000Z
toot.tomn.co.uk,2022-12-20T00:00:00.000Z
social.cyber.harvard.edu,2022-12-20T00:00:00.000Z
hepburn.social,2022-11-25T00:00:00.000Z
charr.engineer,2022-12-21T00:00:00.000Z
pleroma.leopold.fajtak.at,Failed to retrieve instance information. Status code: 500
social.quake.host,Failed to retrieve instance information. Status code: 410
social.nelson.zone,2022-12-21T00:00:00.000Z
mastodon.ddcloud.info,2022-12-22T00:00:00.000Z
masto.gred.al,Failed to retrieve instance information. Status code: 404
md.songtronix.com,2022-12-22T00:00:00.000Z
mastodon.alvani.me,Failed to retrieve instance information. Status code: 521
pixls.courat.fr,2022-12-24T11:38:47.000000Z
elytra15.com,2022-12-25T00:00:00.000Z
mt.amethyst.moe,2022-12-03T00:00:00.000Z
social.karabro.net,2023-07-30T00:00:00.000Z
mastodon.mailstation.de,2022-12-26T00:00:00.000Z
bertshouse.social,2022-12-27T00:00:00.000Z
social.harding.dev,2022-12-26T00:00:00.000Z
flexnet.social,Failed to retrieve instance information. Status code: 526
media.lukeog.com,Data not available
curttech.com,2022-12-31T00:00:00.000Z
msz.baz.bar,2022-12-31T00:00:00.000Z
pix.mexibang.com,Failed to retrieve instance information. Status code: 404
hobbiton.masto.host,2023-01-01T00:00:00.000Z
edge.dunkel.cloud,Failed to retrieve instance information. Status code: 500
mstdn-huahin.com,Failed to retrieve instance information. Status code: 410
bookwyrm.undef.org.uk,Failed to retrieve instance information. Status code: 403
gascoigne.social,2023-01-04T00:00:00.000Z
klein.social,Data not available
sleepy.cool,2023-04-25T00:00:00.000Z
social.cbeck.dev,2023-01-05T00:00:00.000Z
redcook.social,2023-01-09T00:00:00.000Z
wwbaker.net,2023-01-11T00:00:00.000Z
unboxed.social,2023-01-18T00:00:00.000Z
mastodon.madhouse.org,2023-01-14T00:00:00.000Z
self.social,2023-01-14T00:00:00.000Z
mastodon.albertoluna.es,Failed to retrieve instance information. Status code: 526
social.p0d.fr,2023-01-15T00:00:00.000Z
mastodon.jisaba.life,2023-01-09T00:00:00.000Z
barelysocial.org,2023-01-19T00:00:00.000Z
itools.jp,2023-01-21T00:00:00.000Z
social.itsze.ro,2023-01-23T00:00:00.000Z
iconfactory.world,2023-01-18T00:00:00.000Z
soc.psynet.me,2023-01-25T00:00:00.000Z
mastodon.davepeck.org,2023-01-25T00:00:00.000Z
masto.comversive.com,Data not available
tuskular.com,Failed to retrieve instance information. Status code: 530
test.mascodon.jp,2023-01-26T00:00:00.000Z
mastodon.vpx.moe,2023-01-28T00:00:00.000Z
rabbit.x86.town,2023-01-29T00:00:00.000Z
radig.social,2023-01-29T00:00:00.000Z
social.underza.net,2023-01-29T00:00:00.000Z
ix.md,2023-01-29T00:00:00.000Z
opensource.network,2023-02-01T00:00:00.000Z
f-t.net.pl,2023-02-21T00:00:00.000Z
alexander-schnapper.de,Failed to retrieve instance information. Status code: 404
184.im,Failed to retrieve instance information. Status code: 401
hax.social,2023-02-03T00:00:00.000Z
spooner.social,2022-10-27T00:00:00.000Z
glennfitzpatrick.com,2023-09-22T00:00:00.000Z
hiryu-yakiniku.hostdon.ne.jp,2023-02-04T00:00:00.000Z
mahler.earth,2023-02-06T00:00:00.000Z
social.oberhauser.space,2023-02-06T00:00:00.000Z
mastodon.ig.nore.me,2023-02-06T00:00:00.000Z
olching.social,Failed to retrieve instance information. Status code: 403
mmasuda.hostdon.ne.jp,Data not available
takoverse.syutin.com,2023-02-09T00:00:00.000Z
social.akrabat.com,2023-02-09T00:00:00.000Z
mivox.net,2023-02-10T00:00:00.000Z
gamesatwork.biz,Failed to retrieve instance information. Status code: 406
social.morretton.fr,2024-08-06T00:00:00.000Z
social.0xc0edba.be,Failed to retrieve instance information. Status code: 404
carman.social,2022-02-21T00:00:00.000Z
cybre.ninja,Failed to retrieve instance information. Status code: 418
social.markusgran.de,Failed to retrieve instance information. Status code: 503
wakest.xexoxial.org,Failed to retrieve instance information. Status code: 406
social.maleo.uk,2023-02-11T00:00:00.000Z
social.championpictures.at,2023-02-11T00:00:00.000Z
grinch.social,2023-02-11T00:00:00.000Z
larry.town,2023-02-11T00:00:00.000Z
social.br-linux.org,2023-02-12T00:00:00.000Z
ebf.social,Failed to retrieve instance information. Status code: 504
social.webitel.me,2023-02-20T00:00:00.000Z
mastodon.javant.xyz,2023-02-13T00:00:00.000Z
mastodon.fonsos.com,Data not available
noutori.space,Failed to retrieve instance information. Status code: 522
toot.coinfundit.com,Data not available
velodrama.cc,2023-02-17T00:00:00.000Z
thingy.social,Data not available
mastodon.fractalcoffee.duckdns.org,2023-02-23T00:00:00.000Z
m.kc4kqe.org,2023-02-22T00:00:00.000Z
social.dont-panic.quest,Failed to retrieve instance information. Status code: 404
social.simonschoof.com,2023-02-26T00:00:00.000Z
pic.krashboyz.org,Data not available
finnish.social.pekkasipila.com,Failed to retrieve instance information. Status code: 500
s.nomya.net,2023-03-11T00:00:00.000Z
goto.pym.industries,Failed to retrieve instance information. Status code: 522
rubi.masto.host,2023-03-14T00:00:00.000Z
taurus-web.de,Failed to retrieve instance information. Status code: 403
prattohome.com,2023-03-18T00:00:00.000Z
mas.nocogabriel.fr,2023-03-20T00:00:00.000Z
danieljwilson.me,Failed to retrieve instance information. Status code: 406
gayonly.ch,2023-05-20T00:00:00.000Z
mastodon.nyveir.fr,2023-03-27T00:00:00.000Z
moss.vegas,Data not available
abc.mika.xyz,2023-04-06T00:00:00.000Z
owncast.djbrine1.ru,Failed to retrieve instance information. Status code: 405
366.koyomi.online,2023-04-07T00:00:00.000Z
mastodon.oceand.org,2023-04-07T00:00:00.000Z
demon.princess.pet,2023-04-11T06:54:21.000Z
sdfjp.org,2023-04-19T00:00:00.000Z
glitch.kiarc.win,Failed to retrieve instance information. Status code: 525
sights.omgwars.com,2023-04-22T00:50:55.000000Z
bobbinsrobots.com,2023-04-21T00:00:00.000Z
social.grahamharper.net,2023-12-06T00:00:00.000Z
darknight-coffee-cannabis.club,Failed to retrieve instance information. Status code: 404
social.altetanke.com,2023-04-22T00:00:00.000Z
mastodon.unpluggedrva.com,2023-04-22T00:00:00.000Z
pursuit-of-liberty.davidjmiller.org,Failed to retrieve instance information. Status code: 404
social.tree.dance,2023-04-05T00:00:00.000Z
ratherbemaking.games,2023-04-27T00:00:00.000Z
meta.jorun.dev,Failed to retrieve instance information. Status code: 523
barrowof.gay,2023-05-04T00:00:00.000Z
toot.fabulousfabs.fr,2023-05-05T00:00:00.000Z
theomega.zone,2023-05-15T00:00:00.000Z
social.coolsma.com,2023-05-20T00:00:00.000Z
www.gayonly.ch,2023-05-20T00:00:00.000Z
mas.skip2.net,2023-04-30T00:00:00.000Z
mastodon.bobbyl140.com,Unknown error
soc.saiyajin.space,2023-06-04T00:00:00.000Z
social.gnieh.org,2023-06-05T00:00:00.000Z
m.furryfandom.me,2023-06-09T00:00:00.000Z
alexcrawford.co.uk,Failed to retrieve instance information. Status code: 521
social.kakmix.co,Failed to retrieve instance information. Status code: 404
pub.str.rs,2023-06-17T00:00:00.000Z
mastodon.suderman.dev,2023-06-18T00:00:00.000Z
teqqy.social,2023-06-20T00:00:00.000Z
mastodon.corentinfiloche.xyz,Failed to retrieve instance information. Status code: 404
social.coukaratcha.fr,2023-06-21T00:00:00.000Z
dope.bz,Unknown error
mastodon.borsos.at,2024-04-26T00:00:00.000Z
nomadic.social,2023-06-29T00:00:00.000Z
mastodon.staf.dev,Failed to retrieve instance information. Status code: 525
fedi.sbnet.uk,Failed to retrieve instance information. Status code: 404
masto.kix2902.dev,2023-07-02T00:00:00.000Z
akirin.hostdon.ne.jp,2023-07-02T00:00:00.000Z
toot.execbase.net,2023-07-02T00:00:00.000Z
mastodon.0xcb.dev,2023-07-02T00:00:00.000Z
rabbitrabbitbrownrabbit.hostdon.ne.jp,2022-12-25T00:00:00.000Z
mast.benstokman.me,2023-07-04T00:00:00.000Z
social.5f9.de,2023-07-04T00:00:00.000Z
verhu.xyz,2023-07-04T00:00:00.000Z
mstdn.internetyame.ro,Failed to retrieve instance information. Status code: 530
onionslices.social,2023-07-07T00:00:00.000Z
chat.niclas.xyz,Failed to retrieve instance information. Status code: 401
mastodon.igl.ooo,2023-07-08T00:00:00.000Z
m.jling.dev,2023-07-09T00:00:00.000Z
vierays.net,Failed to retrieve instance information. Status code: 410
taiwan.works,Failed to retrieve instance information. Status code: 404
fotos.ilustrelina.li,Data not available
ilotroyo.ilustrelina.li,Data not available
whale.party,2023-07-01T00:00:00.000Z
social.duckie.chat,Failed to retrieve instance information. Status code: 404
social.firlefanz.one,2023-01-02T00:00:00.000Z
mastodon.fixermark.com,2023-07-15T00:00:00.000Z
mastodon.lys.ee,2023-07-14T00:00:00.000Z
mstdn.blueday.blue,2023-07-15T00:00:00.000Z
social.dinoleaf.com,Failed to retrieve instance information. Status code: 523
x.zyi.io,2023-07-18T00:00:00.000Z
kryptopraktik.se,2023-07-19T00:00:00.000Z
blog.mistlake.net,Failed to retrieve instance information. Status code: 404
minmin.hostdon.ne.jp,2023-07-20T00:00:00.000Z
social.mastodon.site,2023-07-24T00:00:00.000Z
f451.page,2023-07-23T00:00:00.000Z
skytatu.com,2023-07-26T00:00:00.000Z
simongreenwood.me.uk,Failed to retrieve instance information. Status code: 404
pix.thedav.is,2023-07-23T15:58:43.000000Z
lowkey.zone,2023-07-28T00:00:00.000Z
xinyang.life,Failed to retrieve instance information. Status code: 522
soc42.com,Data not available
social.connorbode.me,Data not available
elmoncho.cc,2023-08-04T00:00:00.000Z
brunetti.social,2023-08-02T00:00:00.000Z
www.gregnilsen.com,Failed to retrieve instance information. Status code: 404
social.dvsn.net,2018-03-13T00:00:00.000Z
tracyverse.social,2023-08-04T00:00:00.000Z
mast.yourautisticlife.com,2023-08-06T00:00:00.000Z
voyager.interstellar.flights,2023-08-06T00:00:00.000Z
mastodon.tsubame-jnr.f5.si,2023-02-12T00:00:00.000Z
toot.scenetin.net,Failed to retrieve instance information. Status code: 525
vgn.church,2023-08-10T00:00:00.000Z
pixelfed.caylee.de,2023-07-30T17:28:30.000000Z
pixelfed.rhetro.de,2023-08-15T14:06:57.000000Z
chirpnest.net,2023-08-16T00:00:00.000Z
pixelfed.techhangout.social,Data not available
mastodon.joohanv.nl,2023-08-21T00:00:00.000Z
social.web-wi.de,2023-08-22T00:00:00.000Z
mastodon.tgjb.org,2023-08-24T00:00:00.000Z
radio.quaqoostore.net,2023-08-26T00:00:00.000Z
meetbeauties.social,Data not available
riemann.social,2022-12-14T00:00:00.000Z
mahalo.social,2023-09-01T00:00:00.000Z
akkoma.asdfzdfj.xyz,Failed to retrieve instance information. Status code: 504
mastodon.itseris.dev,2023-12-30T00:00:00.000Z
scottodon.com,2023-09-06T00:00:00.000Z
fluttershy.club,Failed to retrieve instance information. Status code: 522
mastodon.schweren.dev,2023-09-08T00:00:00.000Z
mastodon.d5o.eu,2023-09-09T00:00:00.000Z
oursaintfrancis.org,Failed to retrieve instance information. Status code: 404
social.forgesparks.com,2023-09-18T00:00:00.000Z
m.stad.social,2023-09-20T00:00:00.000Z
4458644.xyz,Data not available
ilbery.family,2023-09-25T00:00:00.000Z
fedi.decoded.legal,2023-09-27T00:00:00.000Z
social.tellco.ca,2023-09-27T00:00:00.000Z
social.64i.de,2023-09-27T00:00:00.000Z
atis.social,2023-09-29T00:00:00.000Z
fiberart.club,2023-09-29T00:00:00.000Z
mastodon.blankdevaux.fr,2023-10-05T00:00:00.000Z
social.muxodious.org,Failed to retrieve instance information. Status code: 530
wawa-huayuan.blue,2023-10-19T00:00:00.000Z
social.erti.us,2023-08-18T00:00:00.000Z
mastodon.mayer.rocks,Failed to retrieve instance information. Status code: 502
rmrs.nl,Failed to retrieve instance information. Status code: 404
fedi.cass-dlcm.dev,Failed to retrieve instance information. Status code: 500
mastodon.nlmakers.ca,2023-11-03T00:00:00.000Z
tusky.town,2023-11-08T00:00:00.000Z
tw.raziel-kanos.com,2023-11-08T00:00:00.000Z
gwah.social,2023-11-10T00:00:00.000Z
onlyfranz.com,2023-10-13T00:00:00.000Z
mastodon.haley.io,2023-11-26T00:00:00.000Z
social.gladtherescake.eu,2023-11-27T14:21:28.795Z
social.sopuzzled.com,2023-11-26T00:00:00.000Z
02.owncast.net,Failed to retrieve instance information. Status code: 530
goark.fedicity.net,2023-12-03T00:00:00.000Z
mastodon.umucat.day,2024-01-08T00:00:00.000Z
ptibistrot.danslesbois.net,Data not available
blue.syaku.me,Unknown error
social.arneckestrasse.de,2024-01-07T00:00:00.000Z
mydo.meme,Failed to retrieve instance information. Status code: 522
kestral.dev,Failed to retrieve instance information. Status code: 404
puget.social,2023-12-20T00:00:00.000Z
tranvender.site,2023-12-13T00:00:00.000Z
spookykitties.com,2024-01-03T00:00:00.000Z
mrbot.de,2024-01-07T18:00:06.000Z
visitors.sk,2024-01-03T00:00:00.000Z
blahaj.tech,2024-01-03T00:00:00.000Z
shark.cyber77.de,Failed to retrieve instance information. Status code: 525
pointbob.org,2024-01-03T00:00:00.000Z
kite.seungjin.net,2023-01-23T00:00:00.000Z
mastodon.chanchotec.com,2024-04-15T00:00:00.000Z
mk.kiber-ogur4ik.space,Failed to retrieve instance information. Status code: 401
cuteferret.party,2024-01-19T00:00:00.000Z
forestodon.com,2024-06-19T00:00:00.000Z
girlboss.ing,2024-01-17T00:00:00.000Z
mastodon.nyanstorm.fun,2024-01-20T00:00:00.000Z
caseitor.masto.host,2024-01-21T00:00:00.000Z
lifergeek.social,2024-01-26T00:00:00.000Z
existiert.ch,2024-01-31T00:00:00.000Z
some.henkkalaukka.fi,Data not available
otter.cx,2024-02-05T00:00:00.000Z
social.blackmetal.club,2024-02-10T00:00:00.000Z
pix.0m.ax,Failed to retrieve instance information. Status code: 523
social.redbarrel.net,2024-02-14T00:00:00.000Z
m.mu7ou.com,Failed to retrieve instance information. Status code: 403
grimfeast.com,Failed to retrieve instance information. Status code: 404
fairly.social,2024-02-23T00:00:00.000Z
pxlfd.fun.systems,2024-03-01T13:47:09.000000Z
pixelfed.gouacheairship.com,2024-03-03T09:16:47.000000Z
i.wildserver.ru,2024-03-04T00:00:00.000Z
gachi.masto.host,2024-03-10T00:00:00.000Z
fedi.tin-can.tech,Unknown error
gts.eunach.scot,2024-03-14T15:26:22.001Z
social.abohiccups.com,2025-02-01T00:00:00.000Z
vanilla.choco.ink,Failed to retrieve instance information. Status code: 410
17th.me,2025-01-16T00:00:00.000Z
social.techniverse.net,2024-03-27T00:00:00.000Z
fedi.ctrlz.es,2024-03-29T22:08:03.000Z
st.kazv.moe,Failed to retrieve instance information. Status code: 504
ic.unhappysalt.life,Failed to retrieve instance information. Status code: 410
social.je,2024-04-01T00:00:00.000Z
fedi.jrlenz.net,2024-04-05T00:00:00.000Z
hugz.online,Failed to retrieve instance information. Status code: 404
thelastcathope.catflowergames.net,Failed to retrieve instance information. Status code: 530
negeri.org,Failed to retrieve instance information. Status code: 521
frish.org,2023-07-17T00:00:00.000Z
lionizers.social,Failed to retrieve instance information. Status code: 404
pixelfed.xorp.hu,Data not available
mastodon.animint.fr,2024-05-09T00:00:00.000Z
mastodon.mackners.com,Failed to retrieve instance information. Status code: 403
fed.manji.dev,2024-04-17T02:41:49.000Z
chambers.computer,2024-04-25T00:00:00.000Z
mastodon.angrygayunicorn.com,Failed to retrieve instance information. Status code: 404
qa.higgy.social,Data not available
social.pu2ttz.app.br,2024-05-05T00:00:00.000Z
netwatch.uk,Failed to retrieve instance information. Status code: 404
nothavingthis.co.uk,2024-05-12T00:00:00.000Z
social.kacens.dev,Data not available
nopm.xyz,Failed to retrieve instance information. Status code: 404
social.tmp1024.com,2024-05-18T00:00:00.000Z
www.tnfishkeeper.net,Failed to retrieve instance information. Status code: 404
eepykitty.lol,Failed to retrieve instance information. Status code: 404
jabber.net.nz,2024-05-22T00:00:00.000Z
study3d.com,Failed to retrieve instance information. Status code: 404
social.x4s.it,2023-08-11T00:00:00.000Z
cute-spellcasting-ideas.eu,Data not available
prawn.redsky.monster,Failed to retrieve instance information. Status code: 410
social.sadecki.com,2024-05-21T23:03:38.000Z
gts.apicrim.es,Failed to retrieve instance information. Status code: 503
t.niobium.at,Data not available
fedi.760ceb3b9c0ba4872cadf3ce35a7a494.space,Failed to retrieve instance information. Status code: 522
social.voklen.com,2024-06-11T00:00:00.000Z
social.energieincomune.com,2024-06-08T00:00:00.000Z
mares.social,Failed to retrieve instance information. Status code: 404
draconity.me,2024-06-18T00:00:00.000Z
pixelated.sh,Failed to retrieve instance information. Status code: 404
gruenelin.de,Data not available
social.niefuend.eu,Failed to retrieve instance information. Status code: 523
kyuti.es,2024-06-27T00:00:00.000Z
mastodon.rss3.io,Failed to retrieve instance information. Status code: 404
urbanister.photos,Failed to retrieve instance information. Status code: 404
inanace.net,Failed to retrieve instance information. Status code: 404
www.utter.social,Failed to retrieve instance information. Status code: 436
magaleria.com,Failed to retrieve instance information. Status code: 404
social.hastily.cc,2024-11-28T00:00:00.000Z
gts.sukker.top,Failed to retrieve instance information. Status code: 522
social.ratte.dev,2024-07-06T00:00:00.000Z
zug.gallery,Failed to retrieve instance information. Status code: 525
loqui.fi,2024-07-14T00:00:00.000Z
exploited.site,Failed to retrieve instance information. Status code: 530
mastodon.chaosfield.at,2017-04-06T00:00:00.000Z
djanzu.tokyo,Failed to retrieve instance information. Status code: 404
arktos.social,2018-02-03T00:00:00.000Z
treehouse.technopagans.de,2018-05-08T00:00:00.000Z
yip.gay,2024-02-17T00:00:00.000Z
social.rights.ninja,2018-11-19T00:00:00.000Z
social.khajiit.de,2023-01-05T00:00:00.000Z
mastodon.137i.de,2022-12-04T00:00:00.000Z
linguisten.info,Failed to retrieve instance information. Status code: 502
mastodon.helvetet.eu,2022-11-05T00:00:00.000Z
xcloud.zone,2022-11-10T00:00:00.000Z
social.badabam.net,Failed to retrieve instance information. Status code: 403
datacorner.social,2022-11-10T00:00:00.000Z
social.brainsys.com,2022-11-13T00:00:00.000Z
betterconversations.online,2022-11-12T00:00:00.000Z
freedomofspee.ch,2022-11-06T00:00:00.000Z
amok.recoil.org,2022-11-06T00:00:00.000Z
mastodon.hccp.org,2022-05-03T00:00:00.000Z
mstdn.kizaing.ca,Failed to retrieve instance information. Status code: 404
pixelfed.desmu.fr,Data not available
zhenmei.li,2020-07-24T00:00:00.000Z
bytepark.social,2022-11-08T00:00:00.000Z
pon.ee,2022-11-07T00:00:00.000Z
hal9.ooo,2018-08-08T00:00:00.000Z
unxpnx.farm,2022-11-18T00:00:00.000Z
tams.tech,2023-05-26T00:00:00.000Z
mastodon.ef67daisuki.club,2018-06-25T00:00:00.000Z
slowest.network,Failed to retrieve instance information. Status code: 522
dica.interfel.de,Failed to retrieve instance information. Status code: 503
hobbs-end.uk,2022-11-18T00:00:00.000Z
transforthe.win,2022-11-06T00:00:00.000Z
datboi.network,2022-11-05T00:00:00.000Z
chai.wtf,Data not available
oour.org,2021-10-12T00:00:00.000Z
nyan.lol,2022-11-22T00:00:00.000Z
starflower.space,2019-05-28T00:00:00.000Z
sindicato.social,2021-12-03T00:00:00.000Z
13bells.com,2020-12-02T00:00:00.000Z
reluctantly.social,2022-11-06T00:00:00.000Z
popon.pptdn.jp,2018-10-01T00:00:00.000Z
ramshackle.town,2024-09-17T00:00:00.000Z
social.mjohnson.tech,2022-11-04T00:00:00.000Z
hive.institute,2023-01-23T00:00:00.000Z
hota.hirachon.otakan.jp,2021-09-03T00:00:00.000Z
social.nubecula.org,2022-11-19T00:00:00.000Z
mastodon.lrdf.fr,2019-07-22T00:00:00.000Z
nsinteger.com,2022-12-03T00:00:00.000Z
hyss.us,Failed to retrieve instance information. Status code: 404
left-tusk.com,2022-08-08T00:00:00.000Z
1210.nl,2022-11-04T00:00:00.000Z
mastodon.ashevillains.org,2022-11-03T00:00:00.000Z
mastodon.baazee.social,2022-10-30T00:00:00.000Z
social.milchreislieferei.de,2022-05-08T00:00:00.000Z
alpines.club,2021-11-23T00:00:00.000Z
takeko.monster,2020-08-04T00:00:00.000Z
friendica.daniel-siepmann.de,Failed to retrieve instance information. Status code: 403
dragon-lair.social,2022-11-10T00:00:00.000Z
social.la10cy.net,2022-06-04T00:00:00.000Z
bearologics.social,2022-10-11T00:00:00.000Z
shouldagoneoffroad.com,2022-11-04T00:00:00.000Z
yharnam.singles,2022-11-02T00:00:00.000Z
cute.is,2022-09-21T00:00:00.000Z
social.okoyono.de,2018-07-15T00:00:00.000Z
procolix.social,2022-11-08T00:00:00.000Z
fika.grin.hu,2019-11-14T19:21:59.000Z
footbrid.ge,2022-04-28T00:00:00.000Z
mastodon.preppers-shelter.nl,Unknown error
awau.social,2022-11-14T00:00:00.000Z
hex.st,2022-11-13T00:00:00.000Z
social.9tail.net,Failed to retrieve instance information. Status code: 522
amiga.team,Failed to retrieve instance information. Status code: 404
vegoon.party,2022-11-08T00:00:00.000Z
provo.lol,2022-04-29T00:00:00.000Z
bluenoser.me,2022-04-26T00:00:00.000Z
alien.insurrection.tech,2022-11-09T00:00:00.000Z
otter.garden,2022-11-06T00:00:00.000Z
wrestling.social,2019-07-14T00:00:00.000Z
mastodon.flooey.org,2022-11-13T00:00:00.000Z
thedreaming.city,2022-11-14T00:00:00.000Z
mastodon.collazo.ws,2022-11-10T00:00:00.000Z
social.lochetfamily.com,2022-11-08T00:00:00.000Z
romeros.link,2022-11-17T00:00:00.000Z
mstdn.kgtkr.net,2018-09-01T00:00:00.000Z
pubby.social,Unknown error
rat.academy,2022-11-12T00:00:00.000Z
porkribs.social,2022-11-19T00:00:00.000Z
haylandt.social,2022-11-12T00:00:00.000Z
anothersuper.social,2022-11-14T00:00:00.000Z
sona.live,Failed to retrieve instance information. Status code: 410
geekhaven.social,Failed to retrieve instance information. Status code: 404
mn.social,2023-05-16T00:00:00.000Z
citydweller.social,2022-11-20T00:00:00.000Z
mastodon.elevenways.be,2022-11-02T00:00:00.000Z
glitch.cat.family,2021-08-31T00:00:00.000Z
social.crabs.life,2022-11-08T00:00:00.000Z
mastodon.nervesocket.com,2022-11-03T00:00:00.000Z
it.szeged.social,Failed to retrieve instance information. Status code: 404
void.hostdon.ne.jp,2020-03-18T00:00:00.000Z
mst.akari-network.jp,2021-09-05T00:00:00.000Z
mastodon.flyingmou.se,Failed to retrieve instance information. Status code: 500
mastodon.linuxserver.io,2023-05-14T00:00:00.000Z
mastodon.rosiesocosy.com,2022-11-04T00:00:00.000Z
mastodon.keks.club,2022-11-12T00:00:00.000Z
d3stodon.com,2022-12-17T00:00:00.000Z
computermuseum.social,2022-11-18T00:00:00.000Z
mastodon.mel.social,2022-11-18T00:00:00.000Z
exmormon.social,2025-01-03T00:00:00.000Z
sharebright.net,2021-08-14T00:00:00.000Z
oldfriends.live,2022-11-21T00:00:00.000Z
masto.binaryworks.ca,2022-11-20T00:00:00.000Z
posthat.ca,2022-11-20T00:00:00.000Z
m.futex.au,2022-11-22T00:00:00.000Z
waff.club,2022-11-22T00:00:00.000Z
skeleton.town,2022-11-20T00:00:00.000Z
social.macg.co,2022-11-22T00:00:00.000Z
lazysocial.de,2022-11-23T00:00:00.000Z
witten.social,2022-11-22T00:00:00.000Z
social.tsueri.cloud,2022-11-23T00:00:00.000Z
rect.al,2022-11-18T00:00:00.000Z
pic.fossdle.org,2022-12-02T10:55:20.000000Z
bots.automatica.dev,2022-11-22T00:00:00.000Z
rigor-mortis.nmrc.org,2022-11-23T00:00:00.000Z
mastodon.starnet.cz,2022-11-23T00:00:00.000Z
mastodon.staropa.net,2022-11-21T00:00:00.000Z
beyondgender.social,2022-11-24T00:00:00.000Z
wisdomhole.com,2022-11-24T00:00:00.000Z
snowmans.land,2022-11-27T00:00:00.000Z
eorzea.social,2022-11-24T00:00:00.000Z
social.in-purple.de,2022-11-26T00:00:00.000Z
san-antonio.social,2022-11-25T00:00:00.000Z
c64.social,2022-11-27T00:00:00.000Z
mastodon.unknownrealm.org,2022-11-28T00:00:00.000Z
mastodon.seattlematrix.org,2022-11-29T00:00:00.000Z
heretic.social,2022-11-26T00:00:00.000Z
songsforno.one,2022-12-02T00:00:00.000Z
social.cu2d.com,2022-11-29T00:00:00.000Z
networkteam.social,2022-12-04T00:00:00.000Z
josa.social,2022-12-18T00:00:00.000Z
enchanted.social,2022-12-05T00:00:00.000Z
valenciapa.ws,2022-12-06T00:00:00.000Z
mastodon.sketchwave.club,2022-11-19T00:00:00.000Z
wkly.ws,2022-12-12T00:00:00.000Z
crooklyn.social,2022-12-10T00:00:00.000Z
coplus.social,2022-11-30T00:00:00.000Z
mastodon.naturemag.org,2022-12-20T00:00:00.000Z
johnmastodon.eu,2022-11-08T00:00:00.000Z
mastodon.friendnet.eu,2022-12-23T00:00:00.000Z
mstdn.crmbl.uk,2022-12-22T00:00:00.000Z
ticos.social,2022-12-23T00:00:00.000Z
m.monika.im,2022-12-28T00:00:00.000Z
kotobaphil-mtdn.eu,2022-12-29T00:00:00.000Z
shredderfood.com,2022-12-29T00:00:00.000Z
crosspage.nl,2023-01-04T00:00:00.000Z
flatland.town,2023-01-05T00:00:00.000Z
crispsandwi.ch,2023-01-21T00:00:00.000Z
toot.nsgn.eu,2023-01-22T00:00:00.000Z
sled.social,Data not available
mastodon.myocci.social,2025-02-11T00:00:00.000Z
denvr.social,2023-01-30T00:00:00.000Z
mastodon.conii.co,2024-02-16T00:00:00.000Z
trunk.lol,2023-02-01T00:00:00.000Z
cozy.chat,Failed to retrieve instance information. Status code: 522
pixelig.social,2023-02-05T00:00:00.000Z
oak.social,2023-02-07T00:00:00.000Z
mastodon.spacenode.net,2023-02-05T00:00:00.000Z
social.anarchy-nomad.de,2023-02-09T00:00:00.000Z
toot.ewsandor.com,2023-06-10T00:00:00.000Z
relayfm.social,2023-02-14T00:00:00.000Z
social.reset.tech,Failed to retrieve instance information. Status code: 503
paw.photo,2023-02-14T18:50:19.000000Z
joinfriendica.de,2023-02-18T21:14:30.000Z
mastodon.praxis.red,2023-02-25T00:00:00.000Z
mastochist.social,2023-02-26T00:00:00.000Z
meerjungfrauengrotte.de,2023-06-12T00:00:00.000Z
omg.wtf.sh,2023-03-07T00:00:00.000Z
glee.li,Failed to retrieve instance information. Status code: 404
birb.casa,2023-03-07T00:00:00.000Z
toot.foundation,2023-07-05T00:00:00.000Z
knse.net,2023-03-21T00:00:00.000Z
pet.tax,Data not available
blasius.club,2023-03-17T00:00:00.000Z
notbook.club,2023-03-13T00:00:00.000Z
mastodon.pwei.at,2023-03-31T00:00:00.000Z
moo.nz,2023-04-02T00:00:00.000Z
smol.boo,2023-04-04T00:00:00.000Z
boldcity.social,Failed to retrieve instance information. Status code: 523
mast.fedicity.net,2023-04-07T00:00:00.000Z
social.arroutaflix.com,2023-03-22T00:00:00.000Z
lighttheunicorn.horse,2023-04-23T00:00:00.000Z
boteden.com,2023-04-25T00:00:00.000Z
scrivimi.ch,2023-05-04T00:00:00.000Z
mstdn.aomushionline.com,2023-05-06T00:00:00.000Z
gonk.social,2022-11-03T00:00:00.000Z
snack.haus,Failed to retrieve instance information. Status code: 530
furs.town,2023-06-20T00:00:00.000Z
social.medienzentrum.rocks,2023-06-16T00:00:00.000Z
md.wikiwiki.li,2023-01-24T00:00:00.000Z
ferry.host,2023-07-03T00:00:00.000Z
skyhoppers.club,2023-07-04T00:00:00.000Z
jiong.us,2023-07-14T00:00:00.000Z
sns.opencourse.kr,2023-07-13T00:00:00.000Z
toots.cl,2023-07-21T00:00:00.000Z
old.sharlayan.city,2023-07-29T00:00:00.000Z
mas.corq.co,2023-06-24T00:00:00.000Z
social.alton.cloud,2023-07-29T00:00:00.000Z
social.bbc,2023-06-07T00:00:00.000Z
blogi.social,2023-07-31T00:00:00.000Z
social.annacon.be,2023-08-01T00:00:00.000Z
bynight.cafe,2023-08-01T00:00:00.000Z
nonprofits.masto.host,2023-08-06T00:00:00.000Z
ohay.ooo,2023-08-13T00:00:00.000Z
pixelfed.cat,Data not available
shoni.town,2023-08-03T00:00:00.000Z
umaikebab.xyz,2023-08-22T00:00:00.000Z
woz.ap.social,Failed to retrieve instance information. Status code: 404
nlyze.net,2023-09-20T00:00:00.000Z
social.vaguelydamp.com,2023-09-21T00:00:00.000Z
noot.pingu4.me,2023-05-02T00:00:00.000Z
diaspora.im,2023-10-24T00:00:00.000Z
masto.canadiancivil.com,2023-11-02T00:00:00.000Z
eimsbuettel.social,2024-01-17T00:00:00.000Z
mastodon.thenewoil.org,2023-11-18T00:00:00.000Z
patelish.org,2023-07-02T00:00:00.000Z
moe.social,2023-12-07T00:00:00.000Z
phalanstere.social,2024-01-09T00:00:00.000Z
blue.misteli.in.net,2023-12-05T00:00:00.000Z
social.dairydemon.net,2023-12-05T00:00:00.000Z
tomkahe.com,2023-12-15T00:00:00.000Z
ratatöskr.de,2022-11-10T00:00:00.000Z
t.sugar.dad,2023-12-14T00:00:00.000Z
vocalfry.social,Data not available
avali.hu,Failed to retrieve instance information. Status code: 404
mstdn.qiyana.jp,Failed to retrieve instance information. Status code: 404
za.la,2024-01-27T00:00:00.000Z
k.my-sky.blue,2024-02-03T00:00:00.000Z
nikomidon.fedicity.net,2024-02-12T00:00:00.000Z
social.mobile-adenum.fr,2024-02-01T00:00:00.000Z
masto.deluma.biz,2024-04-03T00:00:00.000Z
masto.colonelkrud.com,2024-04-21T00:00:00.000Z
catlang.social,2024-05-05T00:00:00.000Z
weibo.social,2025-02-25T00:00:00.000Z
pixelfed.raoull.org,Data not available
jasonames.com,2025-02-09T00:00:00.000Z
uno.1sland.social,2024-08-03T10:58:00.000Z
elict.net,2022-11-27T00:00:00.000Z
mastodon.iut-larochelle.fr,2017-04-19T00:00:00.000Z
selfy.army,2017-04-13T00:00:00.000Z
real-escape.jp,2018-01-08T00:00:00.000Z
chablis.social,2017-11-30T00:00:00.000Z
zenyasai.g-fukurowl.club,2017-07-21T00:00:00.000Z
claris.cf,2018-02-23T00:00:00.000Z
social.simcu.com,2018-06-08T00:00:00.000Z
mastodon.hofud.com,2017-04-20T00:00:00.000Z
social.illegalpornography.com,2018-08-16T00:00:00.000Z
embracing.space,2019-11-08T00:00:00.000Z
mstdn.myifn.de,2019-04-15T00:00:00.000Z
glitterkitten.co.uk,2022-05-20T00:00:00.000Z
mastodon.communick.com,2020-05-02T00:00:00.000Z
unstraight.club,2022-05-17T00:00:00.000Z
mastodon.trueten.de,2022-07-21T00:00:00.000Z
pravdasocial.net,2022-09-19T00:00:00.000Z
bardown.space,2022-11-05T00:00:00.000Z
flightclub.social,2022-11-08T00:00:00.000Z
know.me.uk,2022-11-07T00:00:00.000Z
base.lc,Failed to retrieve instance information. Status code: 400
greennuclear.online,2022-11-05T00:00:00.000Z
attractive.space,2022-11-10T00:00:00.000Z
were.party,2022-11-14T00:00:00.000Z
discuss.smash.today,2022-11-14T00:00:00.000Z
theradio.au,2022-11-14T00:00:00.000Z
social.afront.org,2021-10-16T00:00:00.000Z
social.randomserver.org,2022-11-19T00:00:00.000Z
mastodon.devua.club,2022-11-06T00:00:00.000Z
horche.demkontinuum.de,Failed to retrieve instance information. Status code: 403
jmm.kr,2019-06-03T00:00:00.000Z
social.penguinability.net,2019-07-18T00:00:00.000Z
fuckgov.org,2024-07-26T00:00:00.000Z
nodutiesowed.com,2020-03-18T00:00:00.000Z
pix.solarpunk.moe,2022-05-10T05:30:47.000000Z
mst.canor.kr,2020-08-13T00:00:00.000Z
mastodon.derg.nz,2022-10-30T00:00:00.000Z
social.fast-break.de,2022-11-10T00:00:00.000Z
social.stracknet.com,2021-10-28T00:00:00.000Z
goodass.dog,2018-12-05T00:00:00.000Z
ttrpg-hangout.social,2022-05-11T00:00:00.000Z
sekretaerbaer.de,Failed to retrieve instance information. Status code: 403
social.odessa.dcomm.net.ua,2022-09-02T00:00:00.000Z
dindon.one,2021-07-20T00:00:00.000Z
laviadililith.social,2020-06-02T00:00:00.000Z
lediva.masto.host,2022-07-23T00:00:00.000Z
owo.town,2022-11-08T00:00:00.000Z
kimpire.net,2022-10-07T00:00:00.000Z
trumbeta.me,2022-11-09T00:00:00.000Z
bigballchunkyverse.online,2022-11-09T00:00:00.000Z
blind.lol,Failed to retrieve instance information. Status code: 403
mastodon.gastrokon.com,2022-11-08T00:00:00.000Z
sivar.cafe,2022-05-05T00:00:00.000Z
fruef.social,2022-11-13T00:00:00.000Z
schuppentier.social,2022-04-14T00:00:00.000Z
ippandon.hopto.org,2020-02-19T00:00:00.000Z
waytoomuch.info,2022-04-26T00:00:00.000Z
mud.social,2022-11-11T00:00:00.000Z
ceilidh.online,2022-11-18T00:00:00.000Z
liberal.city,2020-06-11T00:00:00.000Z
tama.social,2022-11-07T00:00:00.000Z
don.kenmo.fm,2022-11-07T00:00:00.000Z
scipost.social,2022-04-26T00:00:00.000Z
geraffel.social,2022-10-31T00:00:00.000Z
mastodon.dias.ie,2022-11-07T00:00:00.000Z
toot.igniterealtime.org,2022-11-13T00:00:00.000Z
mastodon.roundpond.net,2022-11-07T00:00:00.000Z
xeno.glyphpress.com,2022-05-07T00:00:00.000Z
detmi.social,2024-12-20T00:00:00.000Z
vtuber.house,2022-10-31T00:00:00.000Z
contenttechtodon.org,2022-10-31T00:00:00.000Z
social.gfsc.studio,2022-11-18T00:00:00.000Z
4four.org,2022-11-20T00:00:00.000Z
ublog.tech,2022-11-20T00:00:00.000Z
mastodon.grants.cafe,2022-06-18T00:00:00.000Z
mastodon.bawue.social,2022-11-06T00:00:00.000Z
fediunam.site,2023-01-14T00:00:00.000Z
elsie.photo,Data not available
znajomi.suwerenni.org,Data not available
social-test.sunet.se,2022-11-11T00:00:00.000Z
bookish.community,2022-11-20T00:00:00.000Z
mstdn.gamercast.net,2022-10-28T00:00:00.000Z
artsandculture.social,2022-11-20T00:00:00.000Z
lasersare.fun,2022-11-20T00:00:00.000Z
social.mastodon.my,2022-11-19T00:00:00.000Z
thefolklore.cafe,2022-11-21T00:00:00.000Z
mastodon.nycmesh.net,2022-11-21T00:00:00.000Z
zoo.retro-ink.com,2022-11-21T00:00:00.000Z
recordon.mamemo.online,2022-11-22T00:00:00.000Z
qwwwq.cat,2022-11-23T00:00:00.000Z
pandapla.net,2022-11-24T00:00:00.000Z
republik.social,2022-11-24T00:00:00.000Z
plag.gy,2022-11-22T00:00:00.000Z
xvlt.net,2022-11-26T00:00:00.000Z
sphere.fx4.net,2022-11-27T00:00:00.000Z
rawr.space,2022-11-26T00:00:00.000Z
g33ks.coffee,Failed to retrieve instance information. Status code: 503
fed.sbcloud.cc,Failed to retrieve instance information. Status code: 530
fediverse.science,2022-11-23T00:00:00.000Z
troet.fediverse.at,2022-11-29T00:00:00.000Z
toot.gemeinschaffen.com,Failed to retrieve instance information. Status code: 500
don.wsoft.ws,2022-12-13T00:00:00.000Z
brontosin.space,2022-12-12T00:00:00.000Z
allpeep.social,2022-12-06T00:00:00.000Z
arrifana.org,2022-12-14T00:00:00.000Z
puls.social,2022-12-17T00:00:00.000Z
cansoccer.social,2022-12-19T00:00:00.000Z
mrtodon.net,2022-12-20T00:00:00.000Z
dev.ard.social,2023-02-14T00:00:00.000Z
nsfwphotography.social,2022-12-23T00:00:00.000Z
afterspace.rocks,2022-12-30T00:00:00.000Z
dpw.social,2024-12-24T00:00:00.000Z
social.butnot.today,2023-01-19T00:00:00.000Z
caleida.com,2023-01-02T00:00:00.000Z
purposefully.social,2023-01-13T00:00:00.000Z
unfug.social,2023-01-17T00:00:00.000Z
birdbutt.com,2009-03-14T00:00:00.000Z
games.ngo,2023-01-27T00:00:00.000Z
kokoro.garden,2023-02-02T00:00:00.000Z
mastodon.tinyfox.dev,2023-02-05T00:00:00.000Z
social.phoenixradio1208.com,2023-02-08T00:00:00.000Z
progressivecafe.social,2023-02-21T00:00:00.000Z
stpauli.social,2023-08-29T00:00:00.000Z
besties.com,2023-02-25T00:00:00.000Z
mstdn.shinkaifan.com,2023-03-18T00:00:00.000Z
bots.defencegeeks.net,2023-03-23T00:00:00.000Z
tapenoise.cafe,2023-04-22T00:00:00.000Z
arabi.gay,2023-07-19T00:00:00.000Z
p1337.dev,Failed to retrieve instance information. Status code: 404
www.psychocloud.tech,2023-07-02T00:00:00.000Z
www.laka.org,Failed to retrieve instance information. Status code: 403
impreg.net,2023-07-27T00:00:00.000Z
mastodon-stage.stanford.edu,2023-08-28T00:00:00.000Z
social.numerique.gouv.fr,2023-10-12T00:00:00.000Z
www.pandoli365.com,2024-01-05T00:00:00.000Z
euphorian.net,2023-10-28T00:00:00.000Z
faculty.mastodon.stanford.edu,2023-11-02T00:00:00.000Z
ufotofu.e17.dev,Failed to retrieve instance information. Status code: 403
mastodon-jp.com,2023-12-19T00:00:00.000Z
halo.nu,2024-01-31T00:00:00.000Z
phouon.com,Unknown error
siren.jp,Failed to retrieve instance information. Status code: 404
pics.80px.com,Data not available
www.gctaisentl.com,2024-02-13T00:00:00.000Z
pixel.redsnake.io,2024-02-25T09:33:34.000000Z
social.soraharu.app,2024-04-04T00:00:00.000Z
higher-edu.social,2024-04-04T00:00:00.000Z
amarinha.gal,2024-06-02T00:00:00.000Z
avalatte.kr,2024-03-26T00:00:00.000Z
cunnyfu.cc,Failed to retrieve instance information. Status code: 403
society.oftrolls.com,2017-04-13T00:00:00.000Z
kurage.cc,2017-04-30T00:00:00.000Z
kitty.town,2017-05-07T00:00:00.000Z
this.mouse.rocks,2017-06-29T00:00:00.000Z
mastodon.mg,2018-03-02T00:00:00.000Z
comics.town,2018-04-07T00:00:00.000Z
krefeld.life,2018-08-10T00:00:00.000Z
mastodon.earth,2018-08-19T00:00:00.000Z
b612.me,2018-10-28T00:00:00.000Z
schleuss.online,2018-12-21T00:00:00.000Z
rheinland.social,2022-01-29T00:00:00.000Z
clube.social,2021-11-24T00:00:00.000Z
cheeseburger.social,2022-06-11T00:00:00.000Z
flipping.rocks,2022-11-26T00:00:00.000Z
techeasy.org,2022-09-19T00:00:00.000Z
mastodon.fedi.bzh,2020-11-01T00:00:00.000Z
indiepocalypse.social,2022-11-06T00:00:00.000Z
craftodon.social,2022-11-06T00:00:00.000Z
trans.house,2022-11-07T00:00:00.000Z
lviv.social,2022-11-05T00:00:00.000Z
tiggi.es,2022-08-28T00:00:00.000Z
bytetower.social,2022-11-06T00:00:00.000Z
gnulinux.social,2022-11-06T00:00:00.000Z
mastodon.boston,2022-11-12T00:00:00.000Z
karlsruhe-social.de,2022-11-14T00:00:00.000Z
frontrange.co,2022-11-06T00:00:00.000Z
xreality.social,2022-10-27T00:00:00.000Z
girldick.gay,2022-02-23T00:00:00.000Z
fedilove.cyou,2022-01-02T00:00:00.000Z
social.ds106.us,2022-11-09T00:00:00.000Z
pixelfed.graz.social,Data not available
pleroma.dragast.me,Failed to retrieve instance information. Status code: 500
yakumo.foundation,2018-10-11T00:00:00.000Z
ukrainian.network,2022-11-18T00:00:00.000Z
mastocomm.org,2022-11-13T00:00:00.000Z
akiba.party,2022-11-12T00:00:00.000Z
saronno.one,2022-07-13T00:00:00.000Z
ondergrond.org,Failed to retrieve instance information. Status code: 403
musain.cafe,2022-05-07T00:00:00.000Z
newwest.social,2022-11-18T00:00:00.000Z
reseau.dupeuple.fr,2022-10-31T00:00:00.000Z
independent-media.co.uk,2022-11-15T00:00:00.000Z
yamabi.co,2020-05-29T00:00:00.000Z
metasocial.com,2022-11-08T00:00:00.000Z
weatherishappening.network,2022-11-08T00:00:00.000Z
zone.liolok.com,2019-12-08T00:00:00.000Z
dosgame.club,2022-04-26T00:00:00.000Z
privex.social,Failed to retrieve instance information. Status code: 500
corneill.es,2022-11-09T00:00:00.000Z
karlsruhe.social,2022-10-29T00:00:00.000Z
linke.social,2024-03-18T00:00:00.000Z
systemli.social,2022-11-02T00:00:00.000Z
wue.social,2020-04-12T00:00:00.000Z
techpolicy.social,2022-11-08T00:00:00.000Z
f.cz,2022-11-15T00:00:00.000Z
soc.citizen4.eu,Data not available
raru.re,2020-08-06T00:00:00.000Z
notacult.social,2022-10-12T00:00:00.000Z
rls.social,2022-11-03T00:00:00.000Z
m6n.io,2022-10-31T00:00:00.000Z
sicem.social,2022-11-02T00:00:00.000Z
xn--baw-joa.social,2020-12-28T00:00:00.000Z
appellate.social,2022-11-04T00:00:00.000Z
fribygda.no,2022-11-03T00:00:00.000Z
mastodon.tn,2022-11-19T00:00:00.000Z
wx.social,2022-11-19T00:00:00.000Z
soc.gsg.live,2022-11-07T00:00:00.000Z
social.restless.systems,2022-11-06T00:00:00.000Z
s-t.club,2022-04-25T00:00:00.000Z
red.fox.yt,2022-11-19T00:00:00.000Z
cosmedn.net,2022-11-20T00:00:00.000Z
plutus.social,2022-11-20T00:00:00.000Z
uddannelse.social,2022-11-21T00:00:00.000Z
toots.nu,2022-11-26T00:00:00.000Z
tsukihi.me,2022-12-13T00:00:00.000Z
mastodon-elestio-u1962.vm.elestio.app,2022-12-17T00:00:00.000Z
furs.social,2022-12-19T00:00:00.000Z
kzoo.to,2023-01-03T00:00:00.000Z
darkwitch.net,2023-02-01T00:00:00.000Z
mastodon.ngo,2023-02-10T00:00:00.000Z
hpi.social,2023-03-03T00:00:00.000Z
illo.social,2023-01-18T00:00:00.000Z
pi.dead.guru,Data not available
micc.masto.host,Unknown error
wspanialy.eu,2023-06-08T00:00:00.000Z
social.noleron.com,2023-08-02T00:00:00.000Z
minions.social,2023-06-14T00:00:00.000Z
sizecraft.social,2023-07-06T00:00:00.000Z
orc.forest.hostdon.ne.jp,2023-07-09T00:00:00.000Z
gpose.site,Data not available
johnhenry.us,Failed to retrieve instance information. Status code: 406
maskodon.org,Failed to retrieve instance information. Status code: 503
cyberpunk.lol,2023-12-27T00:00:00.000Z
fedi.yesmap.net,2024-01-21T00:00:00.000Z
pixelfedapp.uk,Data not available
chattrbx.com,2024-04-21T00:00:00.000Z
7graphics.art,Failed to retrieve instance information. Status code: 410
social.bcrbx.com,2024-07-02T00:00:00.000Z
social.wxcafe.net,2017-04-03T00:00:00.000Z
sn.angry.im,Failed to retrieve instance information. Status code: 523
mstdn.nere9.help,2017-04-18T00:00:00.000Z
handon.club,2017-04-14T00:00:00.000Z
rettiwtkcuf.social,2017-12-03T00:00:00.000Z
kancolle.social,2017-12-11T00:00:00.000Z
mspsocial.net,2018-02-26T00:00:00.000Z
minohdon.jp,2018-03-27T00:00:00.000Z
artoot.xyz,2018-03-28T00:00:00.000Z
kiritan.work,2018-08-25T00:00:00.000Z
wp-social.net,2022-12-31T00:00:00.000Z
mastodon.bayern,2024-03-10T00:00:00.000Z
gochisou.photo,2018-12-17T00:00:00.000Z
unbound.social,2020-12-07T00:00:00.000Z
cathode.church,2020-12-16T00:00:00.000Z
social.up.edu.ph,2019-01-10T00:00:00.000Z
mastodon.im.sb,2021-08-23T00:00:00.000Z
chilemasto.casa,2020-01-21T00:00:00.000Z
orwell.fun,2022-04-27T17:17:07.000Z
s.ourneu.space,2022-10-27T00:00:00.000Z
dragonchat.org,2022-11-07T00:00:00.000Z
indiehackers.social,2022-11-13T00:00:00.000Z
lingo.lol,2022-11-02T00:00:00.000Z
earpnation.social,2022-11-11T00:00:00.000Z
babyfurs.social,2022-11-18T00:00:00.000Z
vermont.masto.host,2022-11-04T00:00:00.000Z
body.social,2022-05-23T00:00:00.000Z
synapse.cafe,2022-11-20T00:00:00.000Z
wikis.world,2023-02-26T00:00:00.000Z
podvibes.co,2023-11-09T00:00:00.000Z
clj.social,2022-11-11T00:00:00.000Z
masto.social,2022-05-10T00:00:00.000Z
pixel.nobigtech.es,Failed to retrieve instance information. Status code: 503
friends.cafe,2019-04-28T00:00:00.000Z
mastodon.beer,2022-10-29T00:00:00.000Z
opencoaster.net,2022-11-19T00:00:00.000Z
mementomori.social,2022-11-05T00:00:00.000Z
senigallia.one,2022-06-24T00:00:00.000Z
pixel.netzspielplatz.de,Failed to retrieve instance information. Status code: 404
nicuverse.org,2022-11-10T00:00:00.000Z
mastodonsweden.se,2022-11-04T00:00:00.000Z
bagarrosphere.fr,2022-11-01T00:00:00.000Z
idlethumbs.social,2018-08-10T00:00:00.000Z
elizur.me,2022-11-04T00:00:00.000Z
tacobelllabs.net,2021-06-29T00:00:00.000Z
social.ridetrans.it,2022-10-28T00:00:00.000Z
darkfriend.social,2022-10-29T00:00:00.000Z
dftba.club,2022-11-05T00:00:00.000Z
lsbt.me,2022-11-03T00:00:00.000Z
net4sw.com,2020-06-27T00:00:00.000Z
social.sdf.org,2022-11-24T00:00:00.000Z
fairmove.net,2022-11-27T00:00:00.000Z
musician.social,2023-08-22T00:00:00.000Z
unvernunft.social,2022-12-05T00:00:00.000Z
kabedon.space,Failed to retrieve instance information. Status code: 410
techtoots.com,2023-04-20T00:00:00.000Z
instafops.net,Data not available
umbracocommunity.social,2023-06-22T00:00:00.000Z
denden.world,2023-07-15T00:00:00.000Z
rngm-zakaecommu.fedicity.net,2023-08-13T00:00:00.000Z
gear.pictures,2023-08-25T12:44:42.000000Z
eggplant.place,2023-10-22T00:00:00.000Z
23.social,2024-01-17T00:00:00.000Z
toot.berlin,2022-11-24T00:00:00.000Z
bonn.social,2017-10-22T00:00:00.000Z
otogamer.me,2017-04-26T00:00:00.000Z
mastodon.pl,2022-05-21T00:00:00.000Z
pokemon.mastportal.info,2017-09-17T00:00:00.000Z
social.chinwag.org,2017-12-18T00:00:00.000Z
glammr.us,2018-03-10T00:00:00.000Z
mastodon.design,2018-03-28T00:00:00.000Z
post.lurk.org,2021-03-26T00:00:00.000Z
uwu.social,2018-05-20T00:00:00.000Z
dobbs.town,2018-12-04T00:00:00.000Z
darmstadt.social,2019-12-15T00:00:00.000Z
monado.ren,2020-08-03T00:00:00.000Z
tooter.social,2020-12-26T00:00:00.000Z
eupolicy.social,2022-05-04T00:00:00.000Z
retro.pizza,2022-10-25T00:00:00.000Z
social.sciences.re,2022-11-18T00:00:00.000Z
federate.social,2022-11-02T00:00:00.000Z
gruene.social,2019-07-01T00:00:00.000Z
poweredbygay.social,2022-11-09T00:00:00.000Z
urusai.social,2022-11-12T00:00:00.000Z
bookstodon.com,2022-11-19T00:00:00.000Z
mast.hpc.social,2022-11-18T00:00:00.000Z
nofan.xyz,2021-02-24T00:00:00.000Z
fedisnap.com,Data not available
norcal.social,2022-11-09T00:00:00.000Z
mastodon.li,2022-04-30T00:00:00.000Z
social.kyiv.dcomm.net.ua,2022-08-24T00:00:00.000Z
merovingian.club,2022-07-04T00:00:00.000Z
types.pl,2020-10-24T00:00:00.000Z
mastodon.energy,2022-11-07T00:00:00.000Z
opalstack.social,2022-11-09T00:00:00.000Z
apobangpo.space,2022-11-14T00:00:00.000Z
parfait.day,Failed to retrieve instance information. Status code: 410
theatl.social,2023-01-07T00:00:00.000Z
indieauthors.social,2022-11-20T00:00:00.000Z
jaxbeach.social,2024-12-06T00:00:00.000Z
mstdn.in.th,2022-11-25T00:00:00.000Z
pxlfd.plus,2023-05-19T14:05:11.000000Z
vtdon.com,2022-12-01T00:00:00.000Z
pixtagram.social,Data not available
pixelfed.art,Data not available
icosahedron.kal-tsit.halcy.de,2017-02-03T00:00:00.000Z
mesmerized.online,2023-10-07T00:00:00.000Z
mastodon.insa.lol,Unknown error
oc.todon.fr,2017-04-03T00:00:00.000Z
mastodon.juggler.jp,2017-09-10T00:00:00.000Z
otoya.space,2017-04-15T00:00:00.000Z
mastodon.mnetwork.co.kr,2022-11-11T00:00:00.000Z
social.coop,2018-04-26T00:00:00.000Z
qdon.space,2017-09-29T00:00:00.000Z
tilde.zone,2023-07-12T00:00:00.000Z
sunbeam.city,2018-08-14T00:00:00.000Z
tooting.ch,2020-07-20T00:00:00.000Z
phpc.social,2018-08-14T00:00:00.000Z
bildung.social,2018-08-26T00:00:00.000Z
gameliberty.club,2018-10-17T00:00:00.000Z
lor.sh,2019-02-15T00:00:00.000Z
ursal.zone,2020-02-23T00:00:00.000Z
mastodon.arch-linux.cz,2021-02-19T00:00:00.000Z
kfem.cat,2025-03-06T00:00:00.000Z
rheinneckar.social,2022-04-16T00:00:00.000Z
bolha.us,2022-05-20T00:00:00.000Z
sciences.social,2022-10-30T00:00:00.000Z
mastodon-belgium.be,2022-11-02T00:00:00.000Z
witter.cz,2022-11-06T00:00:00.000Z
vmst.io,2022-10-07T00:00:00.000Z
mastorol.es,2022-11-12T00:00:00.000Z
mastodon.london,2022-11-11T00:00:00.000Z
blacktwitter.io,2019-05-24T00:00:00.000Z
astrodon.social,2022-10-29T00:00:00.000Z
sunny.garden,2022-04-26T00:00:00.000Z
androiddev.social,2022-11-05T00:00:00.000Z
pnw.zone,2022-11-20T00:00:00.000Z
eorzea.photos,Data not available
flipboard.social,2023-01-22T00:00:00.000Z
newsmast.social,2023-07-06T00:00:00.000Z
fsebugoutzone.org,Failed to retrieve instance information. Status code: 429
social.tchncs.de,2017-01-26T00:00:00.000Z
mastodont.cat,2017-04-13T00:00:00.000Z
101010.pl,2018-03-15T00:00:00.000Z
eldritch.cafe,2018-04-09T00:00:00.000Z
socel.net,2018-11-10T00:00:00.000Z
social.anoxinon.de,2018-07-06T00:00:00.000Z
ruby.social,2018-08-21T00:00:00.000Z
mastodontech.de,2018-09-05T00:00:00.000Z
m.rthome.me,Failed to retrieve instance information. Status code: 504
glasgow.social,2019-04-22T00:00:00.000Z
c.im,2020-12-28T00:00:00.000Z
mastodon.world,2022-12-26T00:00:00.000Z
poa.st,2021-01-17T20:52:03.000Z
fairy.id,2022-02-10T00:00:00.000Z
piaille.fr,2022-11-01T00:00:00.000Z
union.place,2022-11-10T00:00:00.000Z
masto.nu,2022-11-13T00:00:00.000Z
newsie.social,2023-05-08T00:00:00.000Z
theblower.au,2022-11-08T00:00:00.000Z
bae.st,Failed to retrieve instance information. Status code: 403
pixelfed.uno,Data not available
aethy.com,2022-11-10T00:00:00.000Z
graphics.social,2022-11-05T00:00:00.000Z
loforo.com,2019-03-28T00:00:00.000Z
bark.lgbt,2022-12-16T00:00:00.000Z
www.alberniweather.ca,Failed to retrieve instance information. Status code: 404
good.news,2024-01-24T11:02:16.000Z
