Instance Name,Total Statuses,Total Logins,Total Registrations,User Count
101010.pl,53467.0,4480.0,96.0,8369
13bells.com,215.0,29.0,0.0,8
17th.me,29.0,9.0,0.0,3
23.social,15197.0,1891.0,36.0,212
366.koyomi.online,484.0,12.0,0.0,1
4458644.xyz,3.0,7.0,0.0,1
4four.org,1.0,13.0,0.0,33
abc.mika.xyz,3.0,12.0,0.0,1
acra.network,0.0,12.0,0.0,1
aethernet.social,12.0,12.0,0.0,2
aethy.com,71212.0,36081.0,1623.0,32566
afterspace.rocks,7014.0,127.0,0.0,20
akiba.party,60.0,82.0,3.0,65
akirin.hostdon.ne.jp,0.0,1.0,0.0,1
alien.insurrection.tech,30.0,23.0,0.0,11
alleysmith.family,10.0,7.0,0.0,4
allpeep.social,4.0,29.0,1.0,30
alpines.club,19.0,32.0,1.0,10
alteholz.social,1087.0,56.0,1.0,5
amarinha.gal,4338.0,189.0,11.0,17
amok.recoil.org,21.0,30.0,0.0,7
androiddev.social,4095.0,3913.0,31.0,3144
anml.io,7.0,14.0,0.0,5
anothersuper.social,20.0,34.0,1.0,11
antisocial.ly,108.0,12.0,0.0,5
apobangpo.space,8971.0,544.0,9.0,1221
appellate.social,56.0,30.0,0.0,85
arabi.gay,334.0,85.0,17.0,44
arrifana.org,0.0,5.0,0.0,16
artoot.xyz,112.0,12.0,0.0,376
artsandculture.social,14.0,65.0,4.0,26
arxiv.social,5.0,10.0,1.0,2
astrodon.social,13418.0,3560.0,44.0,2604
attractive.space,1550.0,61.0,0.0,49
auralis.space,0.0,14.0,0.0,3
avalatte.kr,0.0,383.0,0.0,35
awau.social,31.0,31.0,0.0,11
babyfurs.social,403.0,256.0,5.0,177
bagarrosphere.fr,440.0,240.0,5.0,230
bardown.space,153.0,35.0,0.0,29
barelysocial.org,56.0,11.0,0.0,1
bark.lgbt,30556.0,3815.0,180.0,5579
barrowof.gay,447.0,12.0,0.0,1
bcast.guru,18.0,11.0,0.0,4
bearologics.social,33.0,13.0,0.0,8
bellow.el.drit.ch,26.0,23.0,0.0,3
beo.social,2.0,22.0,0.0,4
bertshouse.social,3485.0,22.0,0.0,3
besties.com,0.0,7.0,0.0,26
betterconversations.online,0.0,4.0,0.0,7
betweenthelions.link,2658.0,34.0,0.0,3
beyondgender.social,0.0,16.0,0.0,8
big.trash.haus,1.0,8.0,0.0,1
bigballchunkyverse.online,0.0,0.0,0.0,24
bikeshed.vibber.net,2493.0,23.0,0.0,2
bildung.social,46583.0,7312.0,54.0,3006
birb.casa,12.0,18.0,0.0,8
birdbutt.com,3543.0,261.0,2.0,44
blacktwitter.io,1427.0,450.0,3.0,1655
blahaj.tech,0.0,1.0,0.0,5
blasius.club,18.0,22.0,0.0,6
blogi.social,355.0,90.0,2.0,10
blue.misteli.in.net,4.0,54.0,2.0,9
bluenoser.me,680.0,27.0,0.0,7
bobbinsrobots.com,910.0,11.0,0.0,1
body.social,3553.0,803.0,15.0,405
bolha.us,15367.0,2196.0,52.0,1874
bonn.social,22405.0,4045.0,51.0,1401
bookish.community,114.0,23.0,0.0,18
bookstodon.com,18392.0,1873.0,289.0,742
boteden.com,8629.0,59.0,0.0,9
bots.automatica.dev,3562.0,97.0,0.0,14
bots.defencegeeks.net,23470.0,232.0,0.0,38
bouma.social,17.0,11.0,0.0,1
bremen.digital,2.0,4.0,0.0,2
brontosin.space,745.0,58.0,0.0,18
brunetti.social,0.0,0.0,0.0,2
bunny.social,108.0,23.0,0.0,3
bynight.cafe,34.0,49.0,0.0,11
bytearray.eu,88.0,11.0,0.0,2
bytepark.social,15.0,6.0,0.0,8
bytetower.social,432.0,118.0,0.0,92
c.im,236125.0,20231.0,630.0,66943
c64.social,1455.0,13.0,0.0,8
caleida.com,6.0,9.0,1.0,25
cansoccer.social,24.0,55.0,3.0,23
carman.social,0.0,10.0,0.0,1
caseitor.masto.host,1.0,24.0,0.0,2
cathode.church,10341.0,1081.0,14.0,224
catlang.social,187.0,45.0,1.0,7
ceilidh.online,226.0,42.0,6.0,26
chablis.social,10.0,72.0,0.0,17
chambers.computer,0.0,11.0,0.0,1
charr.engineer,21.0,12.0,0.0,1
chattrbx.com,13370.0,975.0,3.0,133
cheeseburger.social,1529.0,53.0,0.0,72
chirpnest.net,0.0,5.0,0.0,3
citydweller.social,2.0,8.0,0.0,6
claris.cf,0.0,4.0,0.0,45
cleverdevil.club,98.0,11.0,0.0,1
click.ba.it,880.0,11.0,0.0,2
clj.social,220.0,268.0,2.0,214
clq.im,0.0,3.0,0.0,2
clube.social,217.0,97.0,2.0,128
comics.town,738.0,165.0,1.0,107
computermuseum.social,63.0,19.0,0.0,8
contenttechtodon.org,103.0,39.0,0.0,20
coplus.social,0.0,0.0,0.0,13
corneill.es,11194.0,654.0,33.0,88
cosmedn.net,22.0,143.0,0.0,107
craftodon.social,1041.0,175.0,0.0,123
crispsandwi.ch,2661.0,91.0,0.0,11
crooklyn.social,1801.0,58.0,0.0,11
crosspage.nl,4.0,9.0,0.0,12
curttech.com,159.0,11.0,0.0,1
cute.is,19.0,26.0,0.0,13
cuteferret.party,24.0,25.0,1.0,5
cyberpunk.lol,23163.0,866.0,39.0,139
d3stodon.com,1193.0,80.0,0.0,15
daan.social,11.0,24.0,0.0,2
darkfriend.social,586.0,140.0,0.0,165
darmstadt.social,17241.0,1770.0,63.0,1234
datacorner.social,4.0,25.0,0.0,7
datboi.network,36.0,28.0,0.0,6
dekkia.com,144.0,11.0,0.0,1
denvr.social,321.0,26.0,0.0,13
detmi.social,98.0,51.0,1.0,24
dev.ard.social,3.0,49.0,1.0,22
dftba.club,4946.0,510.0,8.0,286
dindon.one,638.0,51.0,0.0,32
discuss.smash.today,471.0,65.0,1.0,41
dobbs.town,10402.0,1236.0,6.0,1077
don.kenmo.fm,488.0,77.0,0.0,17
don.wsoft.ws,0.0,16.0,0.0,16
dosgame.club,3399.0,297.0,0.0,58
dpw.social,1018.0,67.0,18.0,31
draconity.me,2.0,23.0,0.0,3
dragon-lair.social,282.0,35.0,0.0,15
dragon.navy,0.0,23.0,0.0,5
dragonchat.org,6780.0,775.0,5.0,240
earpnation.social,0.0,14.0,0.0,178
edge.dunkel.cloud,0.0,13.0,0.0,3
eimsbuettel.social,358.0,54.0,5.0,13
elbmatsch.de,2192.0,22.0,0.0,2
eldritch.cafe,156851.0,10203.0,124.0,12830
elict.net,1.0,2.0,0.0,29
elizur.me,234.0,204.0,35.0,486
elmoncho.cc,606.0,16.0,0.0,3
embracing.space,975.0,48.0,0.0,31
enchanted.social,0.0,5.0,0.0,6
eorzea.social,3.0,16.0,0.0,13
ericpuryear.com,9.0,3.0,0.0,2
euphorian.net,376.0,126.0,0.0,24
eupolicy.social,21991.0,2033.0,40.0,1396
existiert.ch,625.0,14.0,1.0,1
exmormon.social,433.0,13.0,3.0,7
f-t.net.pl,361.0,35.0,0.0,3
f.cz,8914.0,559.0,8.0,130
f451.page,90.0,12.0,0.0,1
faculty.mastodon.stanford.edu,0.0,0.0,0.0,20
fairly.social,43.0,38.0,1.0,4
fairmove.net,7032.0,262.0,6.0,190
fairy.id,11836.0,2095.0,53.0,5496
farbun.social,0.0,10.0,0.0,3
fed.uu.org,179.0,12.0,0.0,3
federate.social,9307.0,778.0,12.0,570
fedi.andrlik.org,87.0,11.0,0.0,2
fedi.cr-net.be,1264.0,12.0,0.0,1
fedi.jrlenz.net,3.0,1.0,0.0,2
fedi.yesmap.net,8000.0,557.0,37.0,67
fedilove.cyou,1042.0,323.0,0.0,144
fediunam.site,123.0,27.0,0.0,48
fediverse.science,177.0,58.0,1.0,27
fiberart.club,357.0,11.0,0.0,1
finnish.social.pekkasipila.com,0.0,9.0,0.0,1
fitt.au,17.0,8.0,0.0,3
flightclub.social,1.0,4.0,0.0,26
flipboard.social,100375.0,6802.0,960.0,4279
flipping.rocks,18709.0,563.0,11.0,97
floof.link,0.0,1.0,0.0,5
footbrid.ge,111.0,23.0,0.0,6
forestodon.com,36.0,50.0,1.0,4
frankenwolke.com,453.0,19.0,0.0,3
freedomofspee.ch,1406.0,46.0,0.0,7
freespeech.chat,0.0,3.0,0.0,4
fribygda.no,7509.0,436.0,10.0,109
friends.cafe,7303.0,707.0,1.0,305
frish.org,0.0,0.0,0.0,3
frontrange.co,19124.0,381.0,14.0,113
fruef.social,588.0,135.0,0.0,40
fuckgov.org,12.0,43.0,1.0,18
furs.social,3127.0,191.0,6.0,79
furs.town,13.0,32.0,0.0,9
fuzzytacular.net,46.0,53.0,0.0,5
gachi.masto.host,0.0,1.0,0.0,1
gameliberty.club,18084.0,633.0,0.0,2517
games.ngo,972.0,116.0,0.0,18
gascoigne.social,171.0,11.0,0.0,1
geraffel.social,821.0,117.0,0.0,37
girlboss.ing,5.0,24.0,0.0,3
girldick.gay,7775.0,370.0,9.0,116
glammr.us,13747.0,1907.0,18.0,1103
glasgow.social,12779.0,2027.0,135.0,14829
glennfitzpatrick.com,230.0,34.0,0.0,3
glitch.cat.family,3859.0,116.0,0.0,12
gnulinux.social,437.0,137.0,2.0,65
goark.fedicity.net,1617.0,36.0,0.0,3
gochisou.photo,1596.0,340.0,0.0,233
gonk.social,175.0,40.0,0.0,8
goodass.dog,6.0,12.0,0.0,18
gott.social,275.0,17.0,0.0,3
graphics.social,4069.0,1808.0,52.0,7146
greennuclear.online,2029.0,71.0,1.0,32
grinch.social,0.0,7.0,0.0,1
gruene.social,37917.0,4602.0,114.0,1125
gwah.social,1.0,7.0,0.0,3
hal9.ooo,342.0,121.0,1.0,13
halo.nu,5842.0,148.0,1.0,19
handon.club,56586.0,1477.0,6.0,337
hax.social,594.0,11.0,0.0,3
haylandt.social,0.0,0.0,0.0,9
hemipenes.club,2.0,8.0,0.0,2
hepburn.social,30.0,12.0,0.0,2
heretic.social,57.0,16.0,0.0,6
hex.st,145.0,45.0,0.0,7
higher-edu.social,743.0,212.0,6.0,40
hiryu-yakiniku.hostdon.ne.jp,0.0,23.0,0.0,3
hive.institute,103.0,36.0,0.0,6
hoagie.fun,0.0,0.0,0.0,1
hobbiton.masto.host,41.0,22.0,0.0,2
holygrena.de,20.0,12.0,0.0,1
honk.masto.host,0.0,0.0,0.0,3
hpi.social,12.0,77.0,0.0,70
i.wildserver.ru,0.0,4.0,0.0,4
iconfactory.world,450.0,25.0,0.0,4
idlethumbs.social,1179.0,689.0,2.0,489
iguana.masto.host,5.0,6.0,0.0,4
ilbery.family,32.0,43.0,0.0,4
illo.social,335.0,117.0,0.0,78
impreg.net,44.0,74.0,0.0,38
independent-media.co.uk,469.0,60.0,0.0,140
indieauthors.social,6109.0,565.0,32.0,581
indiehackers.social,1086.0,107.0,0.0,161
indiepocalypse.social,11035.0,625.0,2.0,139
interconnected.systems,2.0,11.0,0.0,3
inthebeliefofbetter.social,0.0,6.0,0.0,2
ippandon.hopto.org,1844.0,38.0,0.0,17
itools.jp,0.0,17.0,0.0,2
iway.social,16.0,6.0,0.0,5
jabber.net.nz,4637.0,23.0,1.0,2
jaesharp.social,3.0,6.0,0.0,2
jasonames.com,7.0,33.0,8.0,10
jaxbeach.social,4.0,15.0,5.0,819
jiong.us,163.0,26.0,0.0,12
jkpg.rocks,202.0,11.0,0.0,2
jmm.kr,73.0,48.0,1.0,40
johnmastodon.eu,4.0,11.0,0.0,8
josa.social,6.0,34.0,5.0,14
k.my-sky.blue,3607.0,77.0,1.0,6
kancolle.social,4374.0,528.0,3.0,350
karlsruhe-social.de,2705.0,247.0,5.0,56
karlsruhe.social,763.0,128.0,4.0,52
kfem.cat,594.0,358.0,18.0,2345
kimpire.net,6382.0,200.0,0.0,24
kiritan.work,37153.0,763.0,3.0,320
know.me.uk,469.0,88.0,0.0,48
knse.net,1.0,9.0,1.0,7
kobukobu.org,0.0,0.0,0.0,1
kokoni.co,0.0,0.0,0.0,3
kokoro.garden,507.0,101.0,0.0,17
kotobaphil-mtdn.eu,3636.0,67.0,0.0,10
krefeld.life,1397.0,250.0,1.0,59
kryptopraktik.se,0.0,12.0,0.0,1
kurage.cc,321.0,64.0,0.0,149
kyuti.es,0.0,10.0,0.0,4
kzoo.to,1994.0,144.0,11.0,67
lacommune.social,38.0,11.0,0.0,1
larry.town,0.0,5.0,0.0,2
lasersare.fun,417.0,65.0,0.0,16
laviadililith.social,363.0,126.0,6.0,46
lazysocial.de,1338.0,43.0,0.0,12
lediva.masto.host,307.0,23.0,0.0,17
left-tusk.com,3752.0,29.0,2.0,15
liberal.city,1755.0,60.0,2.0,28
lifergeek.social,99.0,17.0,0.0,5
lingo.lol,7187.0,599.0,3.0,314
linke.social,869.0,210.0,23.0,104
loforo.com,99464.0,13486.0,377.0,48662
logoff.website,271.0,12.0,0.0,4
loquacious.social,0.0,12.0,0.0,1
loqui.fi,17.0,7.0,0.0,1
lor.sh,103204.0,3096.0,21.0,4507
lowkey.zone,171.0,23.0,1.0,5
lsbt.me,3241.0,470.0,33.0,164
lviv.social,409.0,78.0,0.0,67
m.furryfandom.me,0.0,6.0,0.0,1
m.futex.au,65.0,36.0,0.0,7
m.jling.dev,53.0,12.0,0.0,3
m.kc4kqe.org,1338.0,12.0,0.0,2
m.monika.im,0.0,8.0,0.0,11
m.superuser.one,133.0,12.0,0.0,1
m.tkw.fm,3851.0,23.0,0.0,3
m6n.io,675.0,58.0,0.0,94
maciaszek.social,32.0,11.0,0.0,1
mahalo.social,122.0,12.0,0.0,4
mahler.earth,0.0,0.0,0.0,1
mainframe.club,13.0,10.0,0.0,3
mapstodon.technology,99.0,23.0,0.0,2
martinh.net,259.0,7.0,0.0,1
mas.corq.co,50084.0,36.0,0.0,10
mas.gordons.gen.nz,22.0,16.0,0.0,3
mas.nocogabriel.fr,0.0,4.0,0.0,3
mas.skip2.net,48.0,12.0,0.0,2
mast.benstokman.me,276.0,11.0,0.0,1
mast.fedicity.net,0.0,22.0,0.0,11
mast.hpc.social,2572.0,1044.0,5.0,635
mast.lukeog.com,0.0,5.0,0.0,5
mast.uxp.de,187.0,44.0,0.0,4
mast.yourautisticlife.com,686.0,12.0,0.0,2
masto.binaryworks.ca,0.0,0.0,0.0,8
masto.blasters.fr,28.0,22.0,0.0,4
masto.canadiancivil.com,582.0,66.0,1.0,7
masto.colonelkrud.com,38.0,36.0,0.0,9
masto.comversive.com,222.0,10.0,0.0,1
masto.deluma.biz,1101.0,56.0,0.0,7
masto.evelynyap.com,110.0,22.0,0.0,2
masto.kix2902.dev,1830.0,36.0,0.0,3
masto.nu,10017.0,3925.0,1216.0,21611
masto.social,274.0,158.0,2.0,189
masto.syntheticmemory.net,0.0,5.0,0.0,1
mastochist.social,24.0,34.0,0.0,8
mastocomm.org,24.0,32.0,0.0,67
mastodon-belgium.be,15826.0,3527.0,192.0,3607
mastodon-elestio-u1962.vm.elestio.app,594.0,90.0,0.0,100
mastodon-jp.com,0.0,2.0,0.0,21
mastodon-stage.stanford.edu,0.0,1.0,0.0,31
mastodon.0xcb.dev,20.0,23.0,0.0,4
mastodon.137i.de,0.0,6.0,0.0,13
mastodon.24bit48khz.de,182.0,28.0,0.0,3
mastodon.aargaunet.ch,0.0,3.0,0.0,1
mastodon.afromunkee.live,0.0,12.0,0.0,2
mastodon.animint.fr,925.0,16.0,0.0,5
mastodon.app.stefanberggren.se,148.0,22.0,0.0,3
mastodon.arch-linux.cz,12108.0,1041.0,9.0,3017
mastodon.arul.io,0.0,1.0,0.0,1
mastodon.ashevillains.org,154.0,16.0,1.0,13
mastodon.baazee.social,13.0,11.0,0.0,10
mastodon.balamb.fr,474.0,11.0,0.0,3
mastodon.bawue.social,680.0,154.0,0.0,37
mastodon.bayern,9416.0,736.0,19.0,444
mastodon.beer,1272.0,507.0,3.0,310
mastodon.blankdevaux.fr,0.0,1.0,0.0,2
mastodon.borsos.at,2.0,13.0,0.0,2
mastodon.boston,194.0,77.0,0.0,105
mastodon.caille.fr,0.0,12.0,0.0,2
mastodon.cgx.me,404.0,11.0,0.0,1
mastodon.chanchotec.com,1.0,16.0,0.0,4
mastodon.collazo.ws,0.0,4.0,0.0,6
mastodon.communick.com,10.0,4.0,0.0,25
mastodon.conii.co,441.0,51.0,0.0,11
mastodon.cube4fun.net,0.0,6.0,0.0,3
mastodon.d14n.club,5.0,24.0,0.0,3
mastodon.d5o.eu,1.0,24.0,0.0,2
mastodon.darkplanetego.de,1.0,12.0,0.0,1
mastodon.davepeck.org,42.0,12.0,0.0,1
mastodon.ddcloud.info,4.0,12.0,0.0,4
mastodon.denibol.com,1072.0,35.0,0.0,3
mastodon.derg.nz,4561.0,97.0,1.0,17
mastodon.design,9574.0,2685.0,64.0,1109
mastodon.devua.club,94.0,26.0,1.0,19
mastodon.dias.ie,677.0,87.0,0.0,43
mastodon.earth,858.0,87.0,0.0,84
mastodon.ef67daisuki.club,54.0,24.0,0.0,10
mastodon.elevenways.be,10.0,9.0,0.0,13
mastodon.energy,13518.0,1435.0,30.0,1129
mastodon.fedi.bzh,2037.0,365.0,18.0,103
mastodon.fixermark.com,930.0,11.0,0.0,1
mastodon.flooey.org,19.0,57.0,0.0,10
mastodon.fonsos.com,6.0,2.0,0.0,1
mastodon.foxocube.xyz,10.0,11.0,0.0,2
mastodon.fractalcoffee.duckdns.org,1.0,4.0,0.0,3
mastodon.friendnet.eu,246.0,30.0,0.0,7
mastodon.gastrokon.com,0.0,0.0,0.0,46
mastodon.grants.cafe,12.0,49.0,1.0,39
mastodon.gremlins.eu,0.0,4.0,0.0,4
mastodon.haley.io,0.0,3.0,0.0,1
mastodon.hansup.be,33.0,11.0,0.0,1
mastodon.hccp.org,1108.0,28.0,0.0,10
mastodon.helvetet.eu,161.0,16.0,0.0,11
mastodon.hofud.com,85.0,24.0,0.0,16
mastodon.ibax.org,0.0,12.0,0.0,1
mastodon.ig.nore.me,0.0,0.0,0.0,2
mastodon.igl.ooo,2.0,6.0,0.0,2
mastodon.im.sb,2925.0,393.0,8.0,330
mastodon.irohanano.nl,327.0,12.0,0.0,1
mastodon.itseris.dev,0.0,0.0,0.0,1
mastodon.iut-larochelle.fr,5.0,11.0,0.0,30
mastodon.jacen.moe,897.0,33.0,0.0,3
mastodon.janke.biz,9.0,9.0,0.0,1
mastodon.javant.xyz,0.0,7.0,0.0,2
mastodon.jeckyll.net,35613.0,54.0,0.0,5
mastodon.jisaba.life,9.0,12.0,0.0,4
mastodon.joohanv.nl,0.0,5.0,0.0,1
mastodon.juggler.jp,6603.0,582.0,0.0,1830
mastodon.keks.club,7261.0,38.0,0.0,8
mastodon.ketz.io,0.0,9.0,0.0,4
mastodon.kovarovi.org,0.0,1.0,0.0,1
mastodon.kryptykphysh.xyz,24.0,11.0,0.0,2
mastodon.laca.dev,296.0,12.0,0.0,1
mastodon.lacan.net,1.0,12.0,0.0,4
mastodon.le-palantir.com,0.0,7.0,0.0,1
mastodon.lermer.nl,9.0,33.0,0.0,3
mastodon.li,49.0,116.0,6.0,630
mastodon.likids.info,389.0,31.0,0.0,3
mastodon.linuxserver.io,32.0,62.0,0.0,11
mastodon.lnsystems.de,0.0,12.0,0.0,3
mastodon.lys.ee,0.0,3.0,0.0,1
mastodon.madhouse.org,8.0,11.0,0.0,2
mastodon.mailstation.de,26.0,12.0,0.0,3
mastodon.mayer.rocks,59.0,8.0,0.0,2
mastodon.mel.social,25.0,25.0,0.0,9
mastodon.mnetwork.co.kr,149.0,471.0,1.0,1773
mastodon.mudkips.net,14.0,8.0,0.0,2
mastodon.my.id,0.0,6.0,0.0,4
mastodon.myocci.social,1080.0,38.0,6.0,8
mastodon.naturemag.org,1.0,3.0,0.0,6
mastodon.nervesocket.com,182.0,25.0,0.0,6
mastodon.ngo,47.0,98.0,0.0,80
mastodon.nlmakers.ca,76.0,12.0,0.0,1
mastodon.nnn1590.org,1.0,9.0,0.0,5
mastodon.noyer.app,9.0,12.0,0.0,1
mastodon.nycmesh.net,66.0,56.0,0.0,42
mastodon.nyveir.fr,7.0,12.0,0.0,3
mastodon.oceand.org,0.0,11.0,0.0,2
mastodon.pertinent-ops.com,0.0,1.0,0.0,2
mastodon.pl,611.0,320.0,0.0,530
mastodon.praxis.red,112.0,56.0,2.0,10
mastodon.pwei.at,38.0,56.0,0.0,13
mastodon.r3pek.org,75.0,12.0,0.0,1
mastodon.rafaelbailon.com,1.0,12.0,0.0,1
mastodon.redgarterclub.com,5108.0,11.0,0.0,5
mastodon.rosiesocosy.com,2.0,40.0,1.0,10
mastodon.rosseaux.com,8.0,12.0,0.0,3
mastodon.roundpond.net,1760.0,47.0,0.0,28
mastodon.schweren.dev,1.0,3.0,0.0,4
mastodon.seattlematrix.org,2987.0,58.0,1.0,15
mastodon.sketchwave.club,5.0,45.0,0.0,7
mastodon.solidev.net,4.0,5.0,0.0,1
mastodon.spacenode.net,0.0,12.0,0.0,6
mastodon.starnet.cz,20.0,22.0,0.0,7
mastodon.staropa.net,55.0,32.0,0.0,6
mastodon.suderman.dev,0.0,11.0,0.0,2
mastodon.tgjb.org,5.0,16.0,0.0,3
mastodon.thenewoil.org,1165.0,52.0,3.0,10
mastodon.theyosh.nl,31.0,12.0,0.0,2
mastodon.tinyfox.dev,1713.0,31.0,0.0,24
mastodon.tn,6564.0,245.0,4.0,125
mastodon.transportevolved.com,22.0,27.0,0.0,5
mastodon.treegecko.com,16.0,12.0,0.0,3
mastodon.trueten.de,3195.0,138.0,4.0,22
mastodon.tsubame-jnr.f5.si,34.0,12.0,0.0,1
mastodon.umucat.day,0.0,11.0,0.0,2
mastodon.unknownrealm.org,2.0,6.0,0.0,9
mastodon.unpluggedrva.com,0.0,0.0,0.0,2
mastodon.vpx.moe,0.0,1.0,0.0,2
mastodon.world,513136.0,77162.0,4318.0,183374
mastodon.xrh0905.top,0.0,6.0,0.0,2
mastodon.yupgup.com,75.0,23.0,0.0,5
mastodon.zougloub.eu,123.0,12.0,0.0,1
mastodonsweden.se,34994.0,1378.0,86.0,490
mastodont.cat,71470.0,10027.0,324.0,7741
mastodontech.de,42652.0,13179.0,28.0,16503
mastoid.dev,1.0,7.0,0.0,1
mastorol.es,25530.0,3318.0,54.0,2062
md.songtronix.com,0.0,12.0,0.0,1
md.wikiwiki.li,2.0,98.0,0.0,9
meerjungfrauengrotte.de,3752.0,35.0,0.0,8
mementomori.social,64461.0,3296.0,251.0,286
merovingian.club,24948.0,1365.0,15.0,586
mesmerized.online,858.0,1070.0,88.0,1181
metasocial.com,1140.0,184.0,0.0,74
mhc.social,0.0,5.0,0.0,2
minions.social,0.0,18.0,0.0,71
minmin.hostdon.ne.jp,1562.0,11.0,0.0,1
miserables.net,147.0,12.0,0.0,2
mmasuda.hostdon.ne.jp,0.0,1.0,0.0,1
mn.social,19.0,20.0,2.0,11
moe.social,1503.0,23.0,0.0,14
monado.ren,24490.0,2778.0,3.0,1467
moo.nz,43.0,24.0,0.0,8
moss.vegas,0.0,2.0,0.0,2
motern.media,18.0,16.0,2.0,5
mrtodon.net,4.0,26.0,0.0,38
mst.akari-network.jp,1604.0,13.0,0.0,7
mst.canor.kr,51.0,57.0,0.0,22
mstdn.aomushionline.com,7.0,23.0,0.0,7
mstdn.bitwalker.eu,315.0,34.0,0.0,4
mstdn.blueday.blue,2290.0,24.0,0.0,2
mstdn.crmbl.uk,5890.0,92.0,0.0,9
mstdn.esp.nl,16.0,21.0,0.0,3
mstdn.gamercast.net,229.0,43.0,0.0,32
mstdn.in.th,1361.0,419.0,5.0,1391
mstdn.kurosuke.org,0.0,0.0,0.0,2
mstdn.myifn.de,335.0,34.0,0.0,24
mstdn.nere9.help,19332.0,821.0,1.0,478
mstdn.sheehanmiles.com,0.0,1.0,0.0,5
mstdn.shinkaifan.com,2144.0,28.0,0.0,29
mstdn.t-rg.ws,4.0,11.0,0.0,1
msz.baz.bar,9.0,11.0,0.0,1
mt.amethyst.moe,32.0,9.0,0.0,3
mud.social,7.0,12.0,0.0,30
musician.social,16120.0,1369.0,117.0,282
n00b.fr,0.0,11.0,0.0,2
nerdistan.cloud,0.0,7.0,0.0,2
net4sw.com,13702.0,487.0,75.0,499
networkteam.social,2.0,12.0,0.0,8
newsmast.social,11800.0,885.0,16.0,2462
newwest.social,58.0,46.0,0.0,58
nicuverse.org,126.0,209.0,9.0,210
nikomidon.fedicity.net,1.0,11.0,0.0,6
nlyze.net,0.0,3.0,0.0,6
nodutiesowed.com,1.0,14.0,0.0,20
nofan.xyz,50433.0,3056.0,3.0,1245
nomadic.social,7.0,11.0,0.0,1
nonprofits.masto.host,19.0,11.0,0.0,7
nonsense.direct,155.0,11.0,0.0,2
noot.pingu4.me,95.0,85.0,0.0,14
norcal.social,6289.0,846.0,37.0,1481
notacult.social,1736.0,197.0,0.0,119
notbook.club,0.0,0.0,0.0,7
nothavingthis.co.uk,0.0,10.0,0.0,1
nsfwphotography.social,192.0,42.0,1.0,37
nsinteger.com,19.0,56.0,0.0,15
nyan.lol,264.0,76.0,1.0,11
oak.social,0.0,0.0,0.0,6
obsidianmoon.com,244.0,12.0,0.0,3
oc.todon.fr,10616.0,1207.0,11.0,2817
ohay.ooo,687.0,29.0,0.0,14
old.sharlayan.city,127.0,56.0,0.0,8
oldfriends.live,2444.0,31.0,0.0,8
olifant.fi,263.0,12.0,1.0,2
omg.wtf.sh,137.0,37.0,0.0,6
omnitest.social,0.0,8.0,0.0,1
onionslices.social,1.0,11.0,0.0,2
onlyfranz.com,440.0,12.0,0.0,1
oour.org,2.0,11.0,0.0,7
opalstack.social,623.0,406.0,0.0,1484
opencoaster.net,3289.0,836.0,2.0,345
opensource.network,7.0,14.0,0.0,5
orc.forest.hostdon.ne.jp,0.0,434.0,0.0,52
orctavern.pub,878.0,34.0,0.0,4
otogamer.me,15711.0,894.0,3.0,1274
otoya.space,1068.0,341.0,2.0,1663
otter.cx,20.0,12.0,0.0,2
otter.garden,42.0,34.0,0.0,11
owo.town,40.0,60.0,0.0,41
pandapla.net,1098.0,103.0,0.0,27
patchouli.today,369.0,12.0,0.0,1
peoplegroup.social,11.0,9.0,0.0,3
phalanstere.social,5826.0,68.0,0.0,9
phpc.social,23832.0,6680.0,98.0,4745
piaf.stilobique.com,264.0,27.0,1.0,4
piaille.fr,466155.0,80955.0,6843.0,30748
pixelig.social,19.0,43.0,0.0,6
plag.gy,1.0,11.0,0.0,25
plutus.social,0.0,28.0,0.0,59
pnw.zone,12636.0,1644.0,53.0,1595
podvibes.co,1871.0,452.0,23.0,333
pointbob.org,0.0,0.0,0.0,1
pokemon.mastportal.info,101104.0,2225.0,15.0,1468
popon.pptdn.jp,0.0,0.0,0.0,13
porkribs.social,0.0,1.0,0.0,8
post.lurk.org,12886.0,2868.0,29.0,667
posthat.ca,97.0,22.0,0.0,7
poweredbygay.social,978.0,374.0,31.0,1352
prattohome.com,1459.0,12.0,0.0,1
pravdasocial.net,16.0,19.0,1.0,23
procolix.social,656.0,28.0,0.0,9
profa.co,0.0,0.0,0.0,3
progressivecafe.social,14681.0,290.0,0.0,28
provo.lol,136.0,11.0,0.0,10
ptibistrot.danslesbois.net,1.0,8.0,0.0,2
pub.str.rs,0.0,0.0,0.0,2
publicidentity.net,116.0,11.0,0.0,2
puget.social,1.0,6.0,0.0,5
pulpunte-chinpun.xyz,5045.0,36.0,0.0,5
puls.social,3.0,1.0,0.0,18
purposefully.social,0.0,14.0,0.0,41
pxi.social,52.0,12.0,0.0,2
qa.higgy.social,0.0,0.0,0.0,1
qdon.space,48533.0,2876.0,24.0,3549
qwwwq.cat,278.0,31.0,0.0,42
rabbitrabbitbrownrabbit.hostdon.ne.jp,26.0,18.0,0.0,4
radig.social,3.0,12.0,0.0,2
radio.quaqoostore.net,359.0,15.0,0.0,2
rairarai.hostdon.ne.jp,2848.0,11.0,0.0,2
ramshackle.town,9.0,12.0,0.0,6
rat.academy,0.0,13.0,0.0,15
ratatöskr.de,81.0,66.0,0.0,15
ratherbemaking.games,155.0,14.0,0.0,4
real-escape.jp,375.0,11.0,0.0,32
recordon.mamemo.online,260.0,86.0,0.0,31
rect.al,98.0,34.0,0.0,9
redcook.social,3.0,5.0,0.0,2
relayfm.social,126.0,99.0,0.0,10
reluctantly.social,0.0,12.0,0.0,6
republik.social,58.0,13.0,0.0,18
reseau.dupeuple.fr,1317.0,3.0,2.0,65
retro.pizza,40473.0,2458.0,65.0,1042
rettiwtkcuf.social,510.0,38.0,5.0,305
rheinland.social,199.0,161.0,1.0,56
rheinneckar.social,21701.0,3359.0,88.0,3425
riemann.social,2.0,11.0,0.0,1
rigor-mortis.nmrc.org,67.0,28.0,0.0,6
risonchu.social,2.0,10.0,0.0,1
rls.social,757.0,101.0,1.0,66
rngm-zakaecommu.fedicity.net,182.0,2184.0,48.0,379
romeros.link,14.0,11.0,0.0,9
roshless.me,3.0,12.0,0.0,2
ruby.social,28315.0,8754.0,61.0,6128
ruinous.social,0.0,12.0,0.0,1
runty.social,12.0,12.0,0.0,2
s-t.club,429.0,418.0,5.0,62
s.nomya.net,0.0,10.0,0.0,1
s.yelvington.com,298.0,12.0,0.0,3
san-antonio.social,0.0,13.0,0.0,8
saronno.one,1826.0,25.0,0.0,66
schleuss.online,14857.0,103.0,0.0,142
schuppentier.social,108.0,12.0,0.0,46
sciences.social,29967.0,5855.0,418.0,4624
scipost.social,124.0,38.0,0.0,32
scottodon.com,418.0,12.0,0.0,3
scrivimi.ch,0.0,0.0,0.0,7
sdfjp.org,0.0,0.0,0.0,5
selbsthilfe.social,9.0,10.0,0.0,2
self.social,0.0,0.0,0.0,3
senigallia.one,988.0,51.0,0.0,280
senpainoticedme.moe,0.0,0.0,0.0,2
sharebright.net,11.0,39.0,0.0,10
shmg.online,764.0,44.0,0.0,4
shoni.town,19.0,25.0,2.0,11
shouldagoneoffroad.com,113.0,23.0,0.0,8
shredderfood.com,909.0,11.0,0.0,6
sicem.social,0.0,14.0,0.0,66
sideofburritos.social,33.0,11.0,0.0,1
sindicato.social,66.0,21.0,0.0,9
sivar.cafe,754.0,89.0,0.0,27
sizecraft.social,296.0,83.0,4.0,69
skeleton.town,918.0,27.0,0.0,7
skyhoppers.club,76.0,51.0,0.0,10
sled.social,87.0,25.0,1.0,10
sleepy.cool,94.0,23.0,0.0,3
slightly.social,59.0,12.0,0.0,3
smeap.com,276.0,12.0,0.0,2
smnn.ch,360.0,16.0,0.0,2
smol.boo,7.0,13.0,0.0,6
snowmans.land,1152.0,37.0,0.0,8
sns.opencourse.kr,13.0,1.0,0.0,6
so.rezzedup.com,0.0,12.0,0.0,1
soc.gsg.live,3017.0,132.0,2.0,92
soc.kvet.ch,673.0,14.0,0.0,5
soc.psynet.me,166.0,19.0,0.0,3
soc.saiyajin.space,40.0,29.0,0.0,3
soc42.com,70.0,11.0,0.0,1
socel.net,15368.0,2755.0,1.0,8527
social-test.sunet.se,4.0,3.0,0.0,32
social.5f9.de,226.0,11.0,0.0,1
social.64i.de,0.0,0.0,0.0,4
social.abohiccups.com,0.0,6.0,1.0,1
social.afront.org,3409.0,234.0,1.0,43
social.akrabat.com,63.0,12.0,0.0,2
social.alexn.org,194.0,12.0,0.0,1
social.alton.cloud,3.0,26.0,0.0,9
social.anarchy-nomad.de,16.0,103.0,0.0,10
social.annacon.be,71.0,24.0,7.0,10
social.anoxinon.de,42399.0,9100.0,44.0,10270
social.apcn.nz,795.0,13.0,0.0,2
social.arazil.net,760.0,11.0,0.0,1
social.arneckestrasse.de,1.0,12.0,0.0,1
social.arroutaflix.com,1380.0,33.0,0.0,7
social.b0t.at,3.0,4.0,0.0,5
social.blackmetal.club,153.0,12.0,0.0,1
social.br-linux.org,6549.0,61.0,3.0,5
social.brainsys.com,364.0,85.0,0.0,14
social.butnot.today,722.0,105.0,3.0,18
social.cavac.at,24.0,9.0,0.0,4
social.cbeck.dev,0.0,3.0,0.0,1
social.championpictures.at,0.0,11.0,0.0,1
social.chinwag.org,14556.0,634.0,5.0,1351
social.cloudonaut.io,25.0,22.0,0.0,2
social.coolsma.com,146.0,11.0,0.0,1
social.coop,52561.0,4602.0,38.0,1904
social.coukaratcha.fr,5.0,11.0,0.0,1
social.crabs.life,45.0,24.0,0.0,13
social.cu2d.com,21420.0,85.0,1.0,14
social.cyber.harvard.edu,0.0,1.0,0.0,2
social.dairydemon.net,522.0,66.0,0.0,6
social.di2.io,61.0,24.0,0.0,4
social.ds106.us,4550.0,502.0,22.0,91
social.dvsn.net,66.0,12.0,0.0,1
social.eden.one,99.0,12.0,0.0,3
social.energieincomune.com,0.0,5.0,0.0,2
social.erti.us,0.0,12.0,0.0,1
social.fast-break.de,0.0,8.0,0.0,27
social.firlefanz.one,0.0,1.0,0.0,5
social.forgesparks.com,0.0,12.0,0.0,4
social.gfsc.studio,474.0,81.0,1.0,16
social.gnieh.org,90.0,12.0,0.0,1
social.goblfc.org,6.0,12.0,0.0,2
social.gorritodeplata.xyz,219.0,21.0,0.0,2
social.grahamharper.net,1.0,10.0,0.0,2
social.greinr.com,0.0,10.0,0.0,1
social.harding.dev,5.0,14.0,0.0,5
social.hastily.cc,99.0,11.0,0.0,2
social.haven.family,0.0,10.0,0.0,5
social.illegalpornography.com,22493.0,165.0,0.0,20
social.in-purple.de,400.0,12.0,0.0,7
social.itsze.ro,9.0,10.0,0.0,1
social.je,0.0,0.0,0.0,1
social.joelle.us,420.0,12.0,0.0,4
social.kacens.dev,21.0,11.0,0.0,1
social.karabro.net,0.0,4.0,0.0,5
social.khajiit.de,44.0,27.0,1.0,9
social.klaps.me,6.0,12.0,0.0,2
social.krasovs.ky,3.0,10.0,0.0,2
social.kyiv.dcomm.net.ua,25263.0,749.0,22.0,1213
social.la10cy.net,1597.0,77.0,1.0,10
social.lacot.org,2.0,10.0,0.0,1
social.lochetfamily.com,5.0,11.0,0.0,8
social.lostinok.com,26.0,12.0,0.0,1
social.macg.co,1073.0,37.0,0.0,9
social.maleo.uk,5.0,11.0,0.0,1
social.mashed.cloud,75.0,12.0,0.0,3
social.mastodon.my,0.0,9.0,0.0,29
social.mastodon.site,3.0,14.0,0.0,5
social.mbbit.de,1.0,11.0,0.0,2
social.medienzentrum.rocks,70.0,47.0,3.0,13
social.michels.xyz,106.0,9.0,0.0,2
social.milchreislieferei.de,672.0,47.0,0.0,8
social.mjohnson.tech,0.0,14.0,0.0,14
social.mobile-adenum.fr,38.0,24.0,0.0,6
social.morretton.fr,0.0,11.0,0.0,2
social.n0g.de,5.0,18.0,0.0,3
social.n1mtp.com,30.0,14.0,0.0,3
social.n8e.dev,63.0,11.0,0.0,1
social.nelson.zone,35.0,12.0,0.0,2
social.noleron.com,8264.0,462.0,4.0,79
social.nubecula.org,0.0,11.0,0.0,8
social.numerique.gouv.fr,1031.0,276.0,3.0,36
social.nwex.de,2.0,12.0,0.0,1
social.oberhauser.space,6.0,21.0,0.0,2
social.odessa.dcomm.net.ua,84.0,30.0,0.0,28
social.okoyono.de,126.0,64.0,0.0,13
social.p0d.fr,0.0,8.0,0.0,1
social.penguinability.net,13928.0,132.0,0.0,17
social.phoenixradio1208.com,723.0,148.0,0.0,20
social.pigelet.org,0.0,12.0,0.0,1
social.psjb.me,51.0,11.0,0.0,1
social.pu2ttz.app.br,33.0,11.0,0.0,1
social.qvi.st,0.0,12.0,0.0,1
social.randomserver.org,1391.0,26.0,2.0,22
social.ratte.dev,1.0,3.0,0.0,3
social.raytec.co,812.0,36.0,0.0,4
social.redbarrel.net,0.0,24.0,0.0,2
social.restless.systems,2255.0,222.0,0.0,73
social.ridetrans.it,5654.0,663.0,1.0,282
social.rights.ninja,31.0,25.0,0.0,11
social.riversouldiers.dk,333.0,14.0,0.0,4
social.sciences.re,42820.0,3848.0,80.0,1224
social.sdf.org,6190.0,1086.0,10.0,301
social.simonschoof.com,2.0,11.0,0.0,1
social.sopuzzled.com,18.0,23.0,0.0,3
social.soraharu.app,136.0,41.0,3.0,19
social.stracknet.com,2.0,13.0,0.0,18
social.tchncs.de,264339.0,35821.0,309.0,22243
social.techniverse.net,19.0,22.0,0.0,3
social.tellco.ca,0.0,0.0,0.0,1
social.the-thirstiest-mawile.com,0.0,2.0,0.0,3
social.tmp1024.com,27.0,11.0,0.0,1
social.toxwat.cz,2.0,6.0,0.0,4
social.tree.dance,38.0,23.0,0.0,2
social.tsueri.cloud,5.0,12.0,0.0,6
social.underza.net,6.0,7.0,0.0,3
social.up.edu.ph,6.0,28.0,0.0,218
social.vaguelydamp.com,15.0,14.0,0.0,9
social.vleij.com,5.0,11.0,0.0,3
social.vmbrasseur.com,585.0,23.0,0.0,3
social.voklen.com,14.0,12.0,0.0,1
social.web-wi.de,3.0,12.0,0.0,1
social.webitel.me,187.0,23.0,0.0,2
social.wieser-hv.de,1.0,21.0,0.0,4
social.wxcafe.net,2484.0,317.0,0.0,291
social.youhoo.fr,0.0,13.0,0.0,3
social.zachcapalbo.com,1.0,11.0,0.0,2
social.zentonic.org,3.0,11.0,0.0,3
social.zigzak.net,3.0,13.0,0.0,4
social.zteo.com,0.0,0.0,0.0,2
society.oftrolls.com,2307.0,199.0,0.0,51
solosociety.social,16.0,10.0,0.0,2
some.henkkalaukka.fi,22879.0,24.0,0.0,2
songsforno.one,0.0,12.0,0.0,6
sphere.fx4.net,297.0,120.0,0.0,33
spoilertv.social,0.0,0.0,0.0,5
spookykitties.com,825.0,15.0,1.0,3
spooner.social,0.0,11.0,0.0,2
staging.social.mikutter.hachune.net,2.0,12.0,0.0,4
stolat.town,1111.0,46.0,0.0,4
stpauli.social,2682.0,154.0,14.0,19
sunbeam.city,6784.0,963.0,1.0,1887
sunny.garden,65695.0,5004.0,313.0,2104
synapse.cafe,518.0,178.0,13.0,233
systemli.social,1891.0,491.0,2.0,134
systems.social,125.0,55.0,0.0,2
t.niobium.at,0.0,16.0,0.0,2
taciturn.social,3.0,12.0,0.0,2
tacobelllabs.net,17014.0,803.0,7.0,161
takoverse.syutin.com,248.0,34.0,0.0,4
tama.social,4.0,53.0,0.0,31
tams.tech,239.0,46.0,0.0,7
tane.codes,301.0,12.0,0.0,2
tastybugs.club,75.0,11.0,0.0,2
techeasy.org,485.0,148.0,0.0,59
techotakugamerz.com,1.0,2.0,0.0,4
techpolicy.social,2096.0,234.0,0.0,138
techtoots.com,1593.0,389.0,29.0,373
teqqy.social,112.0,8.0,0.0,2
theatl.social,3669.0,818.0,39.0,557
theblower.au,37992.0,2413.0,28.0,15371
thecommandline.social,794.0,12.0,0.0,1
thefolklore.cafe,1316.0,71.0,0.0,26
theomega.zone,4.0,13.0,0.0,3
theradio.au,26.0,19.0,0.0,19
thingy.social,654.0,10.0,0.0,1
this.mouse.rocks,928.0,146.0,0.0,54
ticos.social,685.0,37.0,2.0,7
tiggi.es,16042.0,704.0,5.0,127
tilde.zone,29318.0,3449.0,22.0,2119
tomkahe.com,3646.0,19.0,0.0,12
toon.social,129.0,12.0,0.0,5
toot-toot.wyrihaxim.us,159.0,11.0,0.0,1
toot.8th.world,10.0,12.0,0.0,3
toot.berlin,12596.0,1207.0,1.0,941
toot.coupou.fr,13.0,11.0,0.0,2
toot.ewsandor.com,154.0,41.0,0.0,6
toot.execbase.net,325.0,11.0,0.0,1
toot.fabulousfabs.fr,0.0,3.0,0.0,2
toot.foundation,28.0,37.0,5.0,15
toot.gagniard.org,67.0,11.0,0.0,1
toot.gemeinschaffen.com,2.0,11.0,0.0,20
toot.igniterealtime.org,150.0,46.0,0.0,17
toot.kennery.com,2.0,11.0,0.0,2
toot.kingj.net,0.0,7.0,0.0,1
toot.krivokuca.dev,20.0,14.0,0.0,2
toot.nimantu.de,1.0,25.0,0.0,5
toot.nsgn.eu,51.0,20.0,1.0,8
toot.ramuuns.com,173.0,23.0,0.0,3
toot.tomn.co.uk,0.0,12.0,0.0,1
tooter.social,8203.0,1030.0,84.0,593
tooting.ch,23525.0,4314.0,102.0,2893
toots.cc,7.0,19.0,0.0,3
toots.cl,112.0,36.0,0.0,10
toots.nu,969.0,333.0,20.0,113
tracyverse.social,0.0,13.0,0.0,2
trans.house,5.0,39.0,0.0,54
transforthe.win,0.0,0.0,0.0,15
tranvender.site,3.0,20.0,0.0,2
treehouse.technopagans.de,1071.0,60.0,0.0,9
troet.fediverse.at,185.0,40.0,1.0,25
troet.wandel.social,0.0,0.0,0.0,3
trolley.seattlebus.space,27.0,21.0,0.0,2
trumbeta.me,159.0,103.0,0.0,35
trunk.lol,47.0,63.0,0.0,11
tsukihi.me,3886.0,202.0,9.0,66
ttrpg-hangout.social,200.0,83.0,1.0,46
tubul.net,1057.0,12.0,0.0,1
tusk.sfunk1x.com,35.0,12.0,0.0,2
tusky.town,19.0,11.0,0.0,2
tw.raziel-kanos.com,0.0,0.0,0.0,1
two-bits.org,0.0,11.0,0.0,5
ublog.tech,232.0,168.0,0.0,42
uddannelse.social,269.0,38.0,1.0,119
ukrainian.network,170.0,54.0,0.0,72
umaikebab.xyz,248.0,85.0,0.0,14
umbracocommunity.social,898.0,579.0,12.0,186
unbound.social,981.0,94.0,0.0,202
unboxed.social,18.0,11.0,0.0,3
uncontrollablegas.com,58.0,22.0,0.0,5
unfug.social,1555.0,93.0,0.0,17
union.place,42290.0,2731.0,55.0,5779
unix.family,20.0,12.0,0.0,1
unstraight.club,110.0,58.0,0.0,32
unteraffen.de,160.0,33.0,5.0,5
unvernunft.social,695.0,297.0,4.0,216
unxpnx.farm,4.0,12.0,0.0,6
ursal.zone,2362.0,365.0,7.0,2958
urusai.social,21832.0,1818.0,153.0,969
uwu.social,4728.0,667.0,22.0,1424
valenciapa.ws,307.0,12.0,0.0,15
vegoon.party,18.0,13.0,0.0,6
velodrama.cc,10.0,11.0,0.0,1
verhu.xyz,32.0,7.0,0.0,3
vermont.masto.host,2737.0,304.0,18.0,256
vgn.church,18.0,27.0,0.0,4
vinzenz.social,299.0,11.0,0.0,1
visitors.sk,0.0,11.0,0.0,2
vmst.io,35613.0,2885.0,22.0,2348
void.hostdon.ne.jp,928.0,62.0,0.0,12
voyager.interstellar.flights,0.0,0.0,0.0,1
vtdon.com,2886.0,708.0,2.0,1063
vtuber.house,605.0,132.0,2.0,45
waff.club,1.0,24.0,0.0,7
wallflowersocial.club,0.0,2.0,0.0,2
wawa-huayuan.blue,313.0,15.0,0.0,3
waytoomuch.info,321.0,76.0,0.0,26
weatherishappening.network,12204.0,162.0,0.0,101
weibo.social,60.0,22.0,6.0,9
were.party,186.0,59.0,0.0,27
whale.party,10.0,10.0,0.0,2
wikis.world,6162.0,897.0,4.0,186
windbag.org,227.0,11.0,0.0,1
wireless-iot.social,7.0,10.0,0.0,4
wisdomhole.com,371.0,75.0,0.0,12
witten.social,63.0,59.0,1.0,12
witter.cz,8666.0,2042.0,98.0,1516
wkly.ws,274.0,35.0,0.0,14
wmd.social,0.0,3.0,0.0,4
wp-social.net,489.0,163.0,1.0,241
wrestling.social,4501.0,30.0,0.0,14
wspanialy.eu,3267.0,387.0,5.0,97
wue.social,2047.0,610.0,1.0,138
wwbaker.net,0.0,1.0,0.0,1
www.gctaisentl.com,6580.0,278.0,0.0,41
www.pandoli365.com,2.0,16.0,0.0,29
www.psychocloud.tech,29.0,88.0,0.0,30
wx.social,1727.0,64.0,0.0,137
x.zyi.io,24.0,11.0,0.0,4
xcloud.zone,46.0,29.0,0.0,9
xeno.glyphpress.com,6088.0,123.0,1.0,48
xn--8r9a.com,150.0,12.0,0.0,1
xn--baw-joa.social,2715.0,909.0,9.0,141
xn--xxa.computer,66.0,22.0,0.0,4
xreality.social,53.0,171.0,63.0,125
xtaldave.net,1105.0,11.0,0.0,1
xvlt.net,359.0,39.0,0.0,31
yakumo.foundation,3027.0,205.0,0.0,68
yamabi.co,11.0,73.0,0.0,65
yharnam.singles,2.0,8.0,0.0,6
yip.gay,1173.0,66.0,1.0,13
za.la,22.0,45.0,0.0,13
zeero.dev,0.0,1.0,0.0,1
zhenmei.li,0.0,0.0,0.0,7
znajomi.suwerenni.org,1.0,5.0,0.0,24
zone.liolok.com,32.0,45.0,0.0,59
zoo.retro-ink.com,206.0,119.0,1.0,44
swiftdevs.space,,,,3
mastodon.jamidisi-edu.de,1.0,23.0,0.0,14
1uca.com,67685.0,122.0,1.0,10
india.goonj.xyz,22463.0,545.0,0.0,327
usuzakuraya.us,,,,5
crafty.social,,,,1
metapixl.com,,,,5304
paw.best,,,,9
pixelfed.utopia-valley.com,,,,2
soundbyte.social,,,,2
fioredon.ysizuku.com,,,,2
djs.social,306.0,141.0,1.0,40
zeppelin.flights,1166.0,229.0,2.0,26
bolha.one,15216.0,264.0,1.0,64
social.ivor.org,397.0,22.0,0.0,2
tty0.social,588.0,294.0,2.0,123
mastodon.thin.computer,,,,1
thewizardingworld.com,2.0,24.0,0.0,95
social.xiven.com,1.0,2.0,0.0,1
ciberlandia.pt,10076.0,795.0,54.0,382
mastodon.eenoog.org,,,,4
me.pptry.info,9.0,13.0,0.0,4
social.bacardi55.io,,,,8
mastodon.horvath.com,0.0,0.0,0.0,1
echoes.stolen.day,63.0,23.0,0.0,3
procydon.net,15.0,19.0,0.0,3
paopu.social,51.0,48.0,0.0,4
social.kapellen.onl,,,,2
goyim.social,,,,8
anticapitalistcatgirl.club,0.0,3.0,0.0,11
mastodon.cogindo.net,1.0,11.0,0.0,1
tailored.social,,,,3
social.photo,,,,474
social.gaven.me,15.0,11.0,0.0,1
mstdn.gingarenpo.com,,,,14
pixelfed.snowhouse.noho.st,,,,10
social.agor.ist,,,,1
mastodon.rfc1925.org,35.0,23.0,0.0,2
catpost.ing,,,,1
mastodon.hk,1845.0,563.0,2.0,1013
mast.keyd.ru,1.0,9.0,0.0,3
ansiktsburk.se,0.0,4.0,0.0,4
mastodon.airi.tv,0.0,9.0,0.0,2
fishsci.com,144.0,56.0,3.0,20
middleearth.social,0.0,0.0,0.0,8
mastodon.li7g.com,0.0,0.0,0.0,3
mastodon.vanlife.is,52.0,80.0,5.0,60
mastodon-ero.xyz,,,,17
mastodon.cloudsecurityofficehours.com,,,,94
algebra.chat,0.0,0.0,0.0,8
freiewaehler.social,50.0,17.0,0.0,45
joshuastrobl.social,51.0,12.0,0.0,1
mastodon.thomaspreece.net,352.0,45.0,0.0,6
mastodon.palmer.house,0.0,17.0,0.0,3
mastodon.tech-nico.de,0.0,11.0,0.0,3
madworld.social,,,,31
argon.city,,,,19
demo24.graz.social,,,,3
linuxlab.sh,664.0,98.0,0.0,14
wbrew.radom.pl,69.0,11.0,0.0,2
don.nakochi.me,0.0,12.0,0.0,2
imastodon.net,136114.0,3386.0,15.0,5675
windscribe.social,0.0,12.0,0.0,9
social.franco.net.eu.org,4.0,11.0,0.0,2
beratna.net,1528.0,44.0,0.0,11
bergamot.social,70.0,30.0,0.0,10
irrelevant.me.uk,20.0,12.0,0.0,1
kopiti.am,1356.0,737.0,1.0,1258
urgentcodex.com,0.0,2.0,0.0,18
social.xwyqi.org,,,,2
earldouglas.social,99.0,12.0,0.0,1
fox.nexus,4098.0,72.0,1.0,8
darktundra.xyz,11256.0,66.0,0.0,9
westen.social,0.0,6.0,0.0,10
snailedit.social,93.0,221.0,8.0,65
tor.lat,2854.0,22.0,0.0,2
voi.social,369.0,130.0,3.0,87
social.tulsa.ok.us,5726.0,143.0,2.0,86
pluffy.monster,1.0,92.0,0.0,10
pigeon.place,58.0,27.0,0.0,8
spacenoid.social,0.0,0.0,0.0,3
social.khmelnytskyi.dcomm.net.ua,9.0,7.0,0.0,17
msdyn365bc.social,19.0,100.0,0.0,97
mastoxiv.page,179281.0,1789.0,0.0,158
mastodon.totmin.ru,80.0,77.0,1.0,19
korallenherz.masto.host,0.0,0.0,0.0,1
nerdculture.de,41286.0,9296.0,72.0,7228
ponjour.com,,,,5
higgy.social,276.0,23.0,0.0,2
fedi.erin.lgbt,22.0,11.0,0.0,2
www.sharebright.net,7.0,43.0,0.0,10
ploen.social,469.0,47.0,1.0,22
mastodon.vhack.eu,25.0,8.0,0.0,3
social.validpostage.com,2.0,14.0,0.0,15
dcae.fyi,0.0,25.0,0.0,3
byteheaven.net,809.0,13.0,0.0,2
redpawcollective.co,97.0,47.0,2.0,20
andalucia.social,35.0,91.0,0.0,38
pixelfed.casually.cat,,,,1
pixels.pks.ai,,,,13
m-i.im,6161.0,372.0,8.0,145
4d2.social,229.0,56.0,7.0,8
emacs.ch,,,,1269
dreamersreality.dev,23.0,11.0,0.0,7
social.dib.de,107.0,31.0,0.0,8
bayes.club,1150.0,448.0,8.0,369
fluffbu.de,,,,1
gs.leftic.club,7510.0,85.0,0.0,66
iam.mikei.sh,2.0,5.0,0.0,1
m.goehausen.org,0.0,1.0,0.0,1
moreofacomment.my,,,,1
metsubo-jinrai.net,128.0,72.0,0.0,28
scientists.today,2.0,16.0,0.0,6
asylum.nz,,,,7
tukkers.online,136.0,75.0,3.0,60
pixels.stocksfamily.online,,,,3
shiina.cafe,,,,4
ottweiler.social,,,,5
discordian.social,26622.0,183.0,4.0,67
toot.gaiac.io,,,,9
toot.niflheim.monster,,,,4
data-folks.masto.host,,,,2323
m.kretschmann.social,713.0,29.0,0.0,5
mastodon.tokyo,129.0,93.0,3.0,43
kunichogi.icu,53.0,35.0,0.0,6
soc.ottr.uk,271.0,14.0,0.0,3
mastodon.caylee.de,0.0,7.0,0.0,2
stellaria.network,7494.0,24.0,0.0,11
fedi.science,136.0,60.0,2.0,27
four-nine.club,2350.0,75.0,0.0,41
moessingen.social,361.0,115.0,0.0,47
barruf.eu,,,,4
social.pogo.community,0.0,0.0,0.0,15
m.blank.org,62.0,12.0,0.0,2
proc.social,,,,3
bjd.social,11.0,5.0,0.0,5
mastodon.scientiam.org,3.0,6.0,0.0,3
mastodon.zergy.net,1421.0,48.0,0.0,10
metalverse.social,509.0,361.0,20.0,966
mastodon.loutaci.cz,,,,7
clockwork.monster,1447.0,98.0,3.0,47
tallahasseesocial.org,,,,25
soc.bosio.info,47.0,11.0,0.0,8
beef.moe,3.0,11.0,0.0,16
freie-re.de,1141.0,62.0,2.0,20
dustbuster.club,53.0,13.0,0.0,11
fedi.transgendershitposting.com,,,,5
dhbenihana.jp,,,,3
gts.fsociety.social,,,,3
m.flyemoji.moe,,,,13
mastodon.nothus.fr,4.0,11.0,0.0,3
outre.social,0.0,11.0,0.0,6
cavalina.net,98.0,12.0,0.0,2
creature.garden,6.0,12.0,0.0,2
mifle.eu,,,,1
mastodon.re,18.0,33.0,1.0,9
anticapitalista.it,5214.0,122.0,1.0,43
autonomous.zone,1625.0,482.0,10.0,127
pixelfed.krebos.nl,,,,3
v2br.social,506.0,124.0,1.0,139
wandzeitung.xyz,3472.0,172.0,1.0,41
feed.nxs3.com,0.0,11.0,0.0,1
mstdn.thms.uk,314.0,11.0,0.0,1
samstodon.net,17.0,70.0,0.0,67
social.cyrusbio.com,0.0,0.0,0.0,1
social.foxes.life,152.0,22.0,0.0,2
saltylike.us,305.0,11.0,0.0,27
social.mykolayiv.dcomm.net.ua,0.0,2.0,0.0,37
glitch.braydmedia.de,1261.0,33.0,1.0,3
social.albertmin.com,1.0,7.0,0.0,1
zombofant.net,43.0,11.0,0.0,4
assortedflotsam.com,31347.0,129.0,2.0,63
social.davidbrush.info,0.0,12.0,0.0,1
social.kharkiv.dcomm.net.ua,13.0,87.0,2.0,93
forensicpsychiatry.social,0.0,12.0,0.0,2
dea42.social,1407.0,23.0,0.0,4
xn--eckza.net,,,,1
mastodon.hns.au,1.0,2.0,0.0,10
mastodon.gnomos.org,13.0,26.0,0.0,5
mstdn.whitepig.net,0.0,12.0,0.0,2
fedi.adamm.cc,1268.0,35.0,1.0,7
nebu.social,0.0,0.0,0.0,5
gosocial.au,0.0,6.0,0.0,6
ohbear.wtf,386.0,50.0,0.0,7
mstd.ircta.lk,18.0,30.0,0.0,20
overcomplicated.systems,,,,1
social.cwts.nl,318.0,102.0,0.0,36
attreno.fr,58.0,12.0,0.0,5
mastodon.heavymusic.rocks,,,,8
myapple.social,226.0,28.0,0.0,4
avatastic.uk,82.0,12.0,0.0,1
social.cryptography.dog,1923.0,46.0,1.0,6
social.gyt.is,,,,2
m.selden.page,,,,6
sociallydental.org,0.0,5.0,0.0,5
mammoth.gry.st,1.0,10.0,0.0,2
social.lykledevries.nl,22.0,11.0,0.0,1
teqpot.info,84.0,44.0,0.0,12
matus.cc,577.0,12.0,0.0,1
zoroark.cafe,1259.0,25.0,0.0,3
social.demi-sec.org,0.0,1.0,0.0,3
ptpverse.dns-cloud.net,,,,3
mastodon.einfachmc.de,31.0,24.0,0.0,5
mastodon.gaide.me,5.0,12.0,0.0,1
computerclub.social,172.0,156.0,4.0,43
pebble.social,2145.0,626.0,9.0,413
mastodon.libretic.fr,127.0,57.0,3.0,19
m.krikkert.net,,,,2
med-mastodon.com,19812.0,3454.0,1.0,11247
hellowelcome.club,0.0,9.0,0.0,5
mastodon.archive.org,1757.0,100.0,0.0,40
spartanburg.social,394.0,6.0,0.0,10
mastodon.wien,,,,597
www.polylux.xyz,,,,69
skvip.lol,384.0,24.0,1.0,3
ravenation.club,14688.0,5031.0,309.0,26333
thepathbegins.social,0.0,12.0,0.0,1
mast.sabross.xyz,1.0,10.0,0.0,2
tech.intersects.art,1588.0,45.0,0.0,7
sgc.social,5.0,12.0,0.0,1
cailincat.cloud,161.0,34.0,0.0,5
social.touhey.org,,,,1
meteo.social,3371.0,369.0,0.0,256
suivez.moi.ovh,,,,1
linuxhotel.social,40.0,41.0,0.0,38
functional.cafe,16229.0,2047.0,19.0,760
mastodon.parleur.net,1652.0,29.0,0.0,7
esoteric.party,,,,15
fwoof.space,28315.0,277.0,4.0,25
atta.ch.to,1.0,1.0,0.0,5
nileane.fr,1227.0,92.0,0.0,10
streamers.social,220.0,133.0,5.0,38
pawb.fun,18241.0,2293.0,42.0,1560
mastodon.rym.social,65.0,10.0,0.0,1
waterford.international,138.0,24.0,0.0,13
wish.fedicity.net,,,,4
social.karotte.org,145.0,6.0,0.0,2
crystallake.camp,431.0,12.0,0.0,1
pixel.staging.balamb.fr,,,,3
cheongyeon.masto.host,,,,39
fedi.turbofish.cc,408.0,39.0,1.0,8
openedtech.social,78.0,56.0,0.0,114
jemal.contact,,,,1
voip.social,0.0,11.0,0.0,3
mstdn.asterism.xyz,8130.0,24.0,0.0,2
jauntygoat.net,877.0,66.0,0.0,32
subculture.chat,,,,95
pol.social,30199.0,4616.0,199.0,7290
lazyatom.social,2.0,12.0,0.0,1
status.fberriman.com,,,,1
mastodon.bierschutzpartei.de,395.0,18.0,0.0,2
ppb.social,,,,1
cupoftea.social,33240.0,2120.0,101.0,5211
secretbearsociety.org,,,,4
justme.masto.host,359.0,12.0,0.0,1
thefire.work,,,,347
mainspitze.social,,,,5
awwter.online,14.0,24.0,0.0,8
frameperfect.space,36.0,23.0,0.0,31
nwb.social,46.0,67.0,3.0,281
insta.landofkittens.social,,,,78
eepy.life,,,,4
ftp.crysp.org,254.0,46.0,0.0,16
arielfinn.social,263.0,12.0,0.0,1
mastotut.cat,1620.0,54.0,1.0,7
jugendtrier.de,45.0,73.0,0.0,27
masto.wardenburg.social,,,,6
helvede.net,24252.0,1163.0,57.0,251
schach.social,274.0,235.0,3.0,78
socialcoderz.com,19.0,6.0,0.0,12
xyzyx.org,1419.0,44.0,0.0,7
thoughts.rahil.rocks,0.0,1.0,0.0,1
mastodon.networkback.synology.me,,,,1
mastodon.varjonvalo.fi,174.0,16.0,0.0,3
mastodon.au,39429.0,8785.0,205.0,26421
trustyantler.truanon.com,,,,26
bladerunner.social,,,,11
cyberfurz.social,1415.0,560.0,18.0,420
prodromou.pub,0.0,11.0,0.0,5
shrin.es,3.0,33.0,0.0,3
delregno.social,,,,11
notify.mstdn.wiki,,,,5
miau.le-chat-a-velo.at,124.0,30.0,0.0,4
socks.masto.host,666.0,11.0,0.0,1
toot.wales,14517.0,1826.0,29.0,11151
pellicule.bim.land,,,,1024
kave.kibbutz.gay,,,,11
mastodon.cabaal.net,10.0,11.0,0.0,1
anti-social.online,154.0,98.0,0.0,51
mastodon.buzhangjiuzhou.com,154.0,19.0,0.0,17
dudes.keinpfusch.net,,,,16
pouet.chapril.org,69713.0,8180.0,310.0,2020
program-theia.monster,,,,33
aipub.social,1417.0,344.0,20.0,188
kei.fashion,,,,20
mstdn.maud.io,78021.0,3425.0,3.0,2170
beep.town,6988.0,189.0,2.0,13
mastodon.flying-snail.de,33.0,11.0,0.0,2
mastodon.white-void.net,,,,2
exercise.cafe,55.0,13.0,0.0,118
social.duan.ca,,,,1
mastdn.social,903.0,135.0,7.0,233
mstdn.starnix.network,2637.0,230.0,1.0,86
mastodon.inclusion.cc,0.0,0.0,0.0,6
is.nota.live,3887.0,954.0,15.0,1695
mastodon.personalspaceshow.lawyer,0.0,1.0,0.0,3
toot.whatever.cz,128.0,40.0,1.0,56
m.kawaii.gg,1.0,9.0,0.0,6
wiesbaden.social,55.0,57.0,1.0,28
mstdn.pepepper.net,24029.0,35.0,0.0,5
px.fux.is,,,,6
ellie.social,8.0,17.0,0.0,3
mastodon.catgirl.cloud,20775.0,451.0,14.0,48
theexpan.se,,,,95
mstdn.facb69.com.br,481.0,12.0,0.0,1
wiki.style,111.0,12.0,0.0,9
poliverso.org,,,,355
mstdn.team-rescue.com,0.0,11.0,0.0,2
fedii.xn--n3haa.ws,3.0,12.0,0.0,2
sisulink.social,0.0,4.0,0.0,2
bbbdn.jp,4259.0,251.0,1.0,26
nagoyadon.jp,4704.0,244.0,0.0,137
squeak.games,176.0,71.0,0.0,6
cybermage.sh,10.0,12.0,0.0,2
colearn.social,2476.0,738.0,13.0,774
rvagc.social,2.0,37.0,0.0,42
rainbow.lol,0.0,1.0,0.0,6
mastodon.titi.me.uk,,,,1
edgy.social,141.0,28.0,0.0,3
mastodon.ezytech.fr,3.0,11.0,0.0,1
nerdcast.space,,,,2
meshed.cloud,110.0,22.0,0.0,5
mstdn.ke1go360.net,,,,1
social.headbright.eu,,,,3
betagravity.com,1002.0,31.0,1.0,1
mastodon.lawprofs.org,,,,422
social.dayvancowboy.net,,,,3
m.divita.eu,,,,1
mastodon.vshn.social,24.0,23.0,0.0,4
pixelfed.cz,,,,892
vandrare.page,2043.0,152.0,0.0,57
mastodon.uy,12764.0,1682.0,48.0,1412
merveilles.town,19958.0,3268.0,10.0,666
social.do.srb2.org,0.0,13.0,0.0,2
faith.2pp.uk,0.0,1.0,0.0,2
fedi.charlie2alpha.org,,,,2
observatory.social,622.0,22.0,0.0,3
notorious.gay,0.0,5.0,0.0,1
mstdn.tivy.work,,,,10
wizards.business,,,,3
fedi.quiet.horse,,,,3
mstdn.monapii.net,29.0,48.0,0.0,5
nekonya.nekosnowy.moe,4.0,12.0,0.0,1
social.patchmixolydic.com,,,,1
kish.social,9.0,17.0,0.0,6
m.ef.gg,26.0,12.0,0.0,3
fiasco.social,182.0,92.0,0.0,28
mastodon.catwuschel.com,757.0,49.0,0.0,15
tffp.masto.host,63.0,11.0,0.0,3
masto.nuteburn.com,1.0,23.0,0.0,2
houseofcreativeweirdos.com,,,,3
lou.lt,4228.0,491.0,44.0,3946
monkeyhex.com,,,,1
nekoland.fangluo.top,,,,8
enoent.org,,,,1
packmates.org,3062.0,493.0,7.0,77
justinyost.social,54.0,12.0,0.0,1
guerrill.art,1.0,35.0,0.0,7
meinungsschubla.de,18.0,12.0,0.0,24
closed.place,,,,7
i-nonaka.net,881.0,24.0,0.0,5
jvm.social,877.0,437.0,15.0,308
mastodon.lovetux.net,774.0,27.0,0.0,5
friendica.me,,,,423
mastodon.nether.net,0.0,1.0,0.0,9
social.rootaccess.org,655.0,44.0,5.0,18
drupal.community,3873.0,1181.0,18.0,533
pgh.social,1521.0,250.0,0.0,94
social.vvdog.net,,,,1
mastodonkenya.com,,,,10
member.ro,2.0,22.0,0.0,13
rethinkplaces.social,0.0,6.0,0.0,5
el5.net,,,,36
social.johnwarne.com,69.0,33.0,0.0,3
emeraldsocial.org,1895.0,131.0,1.0,50
mastodon.raptorpond.com,222.0,23.0,0.0,3
lipn.info,822.0,295.0,4.0,64
borderland.tokyo,0.0,12.0,0.0,2
locksport.space,53.0,66.0,4.0,38
transden.lgbt,0.0,0.0,0.0,15
voiceover.actor,,,,5
conversafiada.net,4519.0,230.0,2.0,130
minamina3710.com,34.0,30.0,0.0,44
douban.city,114.0,191.0,1.0,108
intentional.network,10.0,6.0,0.0,3
ms.cratonsed.ge,373.0,59.0,0.0,6
pone.social,5101.0,963.0,19.0,450
youmewrite.com,123.0,23.0,5.0,3
greengame.dev,,,,3
mammut.sekhen.com,35.0,12.0,0.0,1
mastodon.akhepcat.com,15.0,27.0,0.0,68
social.nextgamers.eu,,,,8
benten.ch,,,,3
cr8r.gg,10949.0,1396.0,244.0,3842
fedi.kevinisageek.org,253.0,11.0,0.0,1
aut.social,,,,339
pfadi.social,141.0,45.0,0.0,16
fedi.halcyon-is.land,610.0,155.0,1.0,46
skrivel.se,180.0,82.0,0.0,13
santos.social,0.0,7.0,0.0,1
barca.dix.asia,35162.0,310.0,1.0,41
mst.cyss.us.eu.org,,,,2
mastodon.deepak.science,0.0,3.0,0.0,2
kb.kurotanesou.online,1362.0,35.0,0.0,3
mastodon.jfmblinux.fr,0.0,2.0,0.0,1
gram.social,,,,3077
social.jabjab.de,115.0,24.0,1.0,6
anarchydica.net,,,,2
pixl.fi,,,,24
kalakukko.social,145.0,42.0,2.0,10
social.macer.life,25.0,8.0,0.0,1
soc.neonxp.ru,,,,1
witchlounge.ca,11.0,12.0,0.0,2
bonobo.net,,,,1
test.pawoo.org,,,,913910
mastodon.simpreative.network,2.0,8.0,0.0,3
digitalnomads.social,,,,22
sassafras.social,,,,4
cloud-social.xyz,,,,2
blackrocks.social,,,,8
social.zedpro.me,0.0,0.0,0.0,1
social.ftm.nl,174.0,49.0,0.0,7
cheddarcrackers.club,50.0,60.0,0.0,7
mastodon.magoniadb.com,,,,3
memory.sda1.net,,,,12
photofed.world,,,,19
mst.nekonohige.jp,17.0,34.0,0.0,5
social.olchis.net,45.0,18.0,0.0,3
geekdom.social,9746.0,2232.0,1.0,8093
bscabl.ddns.net,14.0,11.0,0.0,2
davidclarke.social,3.0,11.0,0.0,1
mstdn.fenslaw.nl,1722.0,12.0,0.0,2
social.kramse.org,,,,8
labyrinth.social,5667.0,174.0,2.0,16
mastodon.macato.net,,,,1
iko.pink,,,,6
meow.kiwa.space,,,,2
social.trout.garden,,,,8
pleroma.kwe-private.net,,,,3
mastodon.lqx.net,154.0,14.0,0.0,13
dolphinhome.net,,,,5
entomophagy.world,0.0,1.0,0.0,12
really.sleepytealcoder.com,37.0,12.0,0.0,3
brainworms.io,,,,19
social.scriptjunkie.us,299.0,11.0,0.0,1
mastodon.todfox.site,21.0,13.0,0.0,2
ma.fellr.net,412.0,13.0,1.0,1
mastodon.hochschule-trier.de,1.0,24.0,0.0,10
friendica.ingram-braun.net,,,,2
calamity.world,232.0,40.0,0.0,15
mastodaix.de,455.0,36.0,0.0,8
henshaw.social,701.0,12.0,0.0,1
oldos.me,16.0,12.0,0.0,1
starcitizen.name,25.0,26.0,0.0,26
fedi.winscloud.net,,,,3
social.vouaix.com,5.0,9.0,0.0,5
social.mclegoman.com,,,,3
mastodon.emmetcoughlan.com,11.0,12.0,0.0,1
mastodon.giftedmc.com,1052.0,18.0,0.0,3
vaughan.social,1.0,11.0,0.0,3
sixfeetup.social,6.0,8.0,0.0,5
social.1bitsquared.com,18.0,47.0,0.0,4
keyboards.social,598.0,72.0,0.0,15
mofu.one,,,,3
fmb.ftls.xyz,,,,2
jorts.horse,34387.0,2124.0,14.0,1217
mastdn.io,,,,5
pilote.me,,,,4
cosocial.ca,24663.0,1262.0,6.0,154
howes.nz,0.0,1.0,0.0,3
mastodon.infrageeks.social,307.0,11.0,0.0,2
mastodon.mesothermal.science,,,,3
tokonatsu.social,0.0,1.0,0.0,5
woof.group,26551.0,5873.0,107.0,2587
gts1.entities.org.uk,,,,2
nonsocialand.space,,,,10
social.oc.is,228.0,31.0,0.0,3
chaos-gp.social,,,,1
justsome.photos,,,,31
social.fifteen40.com,109.0,12.0,0.0,8
social.openhood.ru,77.0,108.0,0.0,27
misp-community.org,19.0,18.0,0.0,43
pixel.easter.fr,,,,3
mastodon.rozhlas.cz,1248.0,26.0,0.0,18
social.jsr.com,253.0,12.0,0.0,1
pixelfed.scot,,,,266
glitch.taks.garden,607.0,11.0,0.0,9
dju.social,11684.0,2528.0,0.0,5738
gotosocial.dev.seppo.social,,,,1
oliphaunt.social,342.0,82.0,1.0,40
twoot.space,16.0,22.0,0.0,8
puppyfire.social,0.0,11.0,0.0,4
lackthereof.info,0.0,8.0,0.0,1
hub.raf.rs,1.0,10.0,0.0,76
mastodon.yakovlev.me,,,,1
brokkoli.social,,,,13
folksocial.org,485.0,180.0,3.0,137
ap.pachy.social,0.0,12.0,0.0,2
social.zyphyr.de,0.0,7.0,0.0,3
vyizis.tech,0.0,12.0,0.0,3
ljs.social,737.0,97.0,4.0,76
blogator.com,0.0,0.0,0.0,5
mastodon.rosenberg-watt.com,2.0,28.0,0.0,6
mastodon.fsu-snuipp.fr,152.0,67.0,1.0,11
kogumus.masto.host,11.0,23.0,0.0,10
cybersecurity.masto.host,0.0,0.0,0.0,14
mastodon.xn--9cs231j0ji.xn--p8s937b.net,,,,19
hameln.social,3508.0,218.0,9.0,57
kvasir.lanofthedead.xyz,,,,4
oh.mastocaz.zone,,,,5
oceanplayground.social,4686.0,188.0,3.0,128
dram.group,0.0,13.0,0.0,6
abando.social,54.0,20.0,0.0,2
nofun.social,4.0,31.0,0.0,6
social.wigger.one,,,,1
img.dfdx.io,,,,1
nerdout.club,72.0,11.0,0.0,1
gensokyo.social,4733.0,326.0,1.0,3642
robertparker.se,5.0,12.0,0.0,1
masto.popgeeks.com,655.0,19.0,0.0,13
mastodon.ladn.org,,,,22
fosspri.de,407.0,47.0,0.0,6
uuchten.lu,,,,2
social.cativa.net,51.0,12.0,0.0,2
colter.social,470.0,91.0,2.0,36
mstdn.nicolog.jp,135.0,24.0,0.0,3
social.fops.one,0.0,1.0,0.0,4
mstdn.ch,22.0,43.0,0.0,14
woodland.cafe,,,,1
toot.snipesearch.co.uk,49.0,17.0,0.0,31
pixelfed.tokyo,,,,4651
social.naked.cash,,,,7
social.starmade.de,0.0,0.0,0.0,1
thegem.city,9.0,38.0,0.0,37
mstdn.haku-kazamaru.club,,,,2
social.mb-it.com,,,,1
awai.hostdon.ne.jp,0.0,0.0,0.0,6
ice-lolly.social,75.0,64.0,0.0,13
alwayssleeping.com,0.0,11.0,0.0,13
hatedon.1984.cz,,,,6
labo.nora.social,5.0,4.0,0.0,3
mastodon.mlsn.fr,175.0,23.0,0.0,3
mastodon.luemy.eu,8.0,11.0,0.0,3
brso.social,0.0,12.0,0.0,3
negative.social,1.0,11.0,0.0,2
religion.masto.host,35.0,45.0,0.0,111
mastodon.developage.de,,,,1
shitpost.school,0.0,11.0,0.0,13
globalskywatch.social,101.0,25.0,2.0,25
mastodon.miri.site,,,,13
mst.slu.mx,0.0,0.0,0.0,2
spojnik.works,0.0,36.0,2.0,237
tgts.dragon-vi.be,,,,1
social.running.cafe,358.0,111.0,2.0,18
ika.queloud.net,22148.0,2369.0,10.0,3092
mstdn.m3press.jp,,,,3
mu.mu7ou.com,,,,1
panatropic.social,0.0,9.0,0.0,2
masto.allerlei.it,44.0,20.0,0.0,3
mastodon.boiler.social,207.0,126.0,1.0,26
troettroet.de,31.0,12.0,0.0,2
elonsucks.org,167.0,89.0,12.0,133
gts.cybre.ninja,,,,1
chillpeep.zone,754.0,76.0,2.0,47
social.smaier.net,0.0,1.0,0.0,1
nobert.zone,,,,8
lucaire.ovh,,,,1
is.slonk.ing,,,,10
m.prettyshiny.org,625.0,23.0,0.0,2
kotatsu.cafe,,,,1
cursoryreview.org,1.0,3.0,0.0,30
mastodon.pirati.cz,298.0,263.0,3.0,387
norrebro.space,1897.0,401.0,0.0,236
www.consumertraveltips.com,,,,1
fidelis.social,5423.0,164.0,0.0,29
arturoserrano.site,,,,1
social.darkcrow.org,2.0,5.0,0.0,1
libertynode.cam,,,,2
friendica.namestaci.cz,,,,15
atheopagan.net,1.0,21.0,0.0,8
autisticpri.de,1433.0,9.0,0.0,2
social.fedida.com,0.0,0.0,0.0,2
pixelfed.eu,,,,362
friendica.a-zwenkau.de,,,,105
tormentnexus.social,,,,1
f-ckendehoelle.de,2990.0,83.0,2.0,34
social.animeprincess.net,62.0,12.0,0.0,1
hellinger.wtf,6253.0,48.0,0.0,4
social.huslage.com,,,,1
cyberplace.social,14129.0,5679.0,651.0,9995
noctua.social,26.0,19.0,0.0,2
blob.love,4462.0,23.0,0.0,2
g0v.social,46385.0,6742.0,40.0,7704
ieji.de,42011.0,6928.0,753.0,14475
mstdn.icu,,,,3
we.tei.li,0.0,14.0,0.0,4
trollian.space,,,,82
dembowski.social,55.0,24.0,0.0,3
occult.town,270.0,41.0,1.0,26
mastodon.familleboisteau.fr,24.0,12.0,0.0,2
zeal.center,674.0,60.0,0.0,17
ausglam.space,,,,249
mastodon.sg,4638.0,308.0,26.0,276
social.bdash.net.nz,25.0,11.0,0.0,1
masto.pt,34545.0,3843.0,45.0,5187
mastodon.naugrim.org,1.0,12.0,0.0,3
mastodon.ozioso.online,17920.0,240.0,2.0,21
kalaclista.com,,,,1
social.val-sans-retour.fr,1.0,11.0,0.0,4
blog.troch.org,0.0,8.0,0.0,1
toot.xn--radwrts-8wa.de,2.0,6.0,0.0,1
social.jamstation.ddns.net,0.0,4.0,0.0,2
mstdn.strafpla.net,486.0,47.0,0.0,10
friendica.ironbug.org,,,,2
mastodon.neito.us,31.0,12.0,0.0,1
thegoblin.market,13.0,11.0,0.0,1
avgeek.social,2245.0,203.0,0.0,109
mister.computer,651.0,11.0,0.0,1
polyam.space,415.0,49.0,0.0,6
social.bakunin.nohost.me,,,,1
benharri.org,,,,1
m.onweb.idv.tw,,,,5
pixel.everythingbagel.me,,,,3
mage.town,103.0,35.0,0.0,27
babaded.tk,,,,14
social.silicon.moe,8236.0,735.0,60.0,430
social.igotout.de,,,,7
mstdn.ca,258417.0,22724.0,291.0,34795
mastodon.481516.xyz,,,,12
bookstodon.thestorygraph.com,44.0,139.0,8.0,223
gts.liberated.press,,,,6
social.khaus.io,2.0,7.0,0.0,2
dopamine.social,74.0,34.0,0.0,11
social.sparkles.cafe,0.0,1.0,0.0,9
toot.ohhh.no,3.0,12.0,0.0,1
social.cemocom.de,0.0,13.0,0.0,2
social.just-joshin.lol,13.0,7.0,0.0,4
cztwitter.cz,3822.0,683.0,1.0,771
15-15-15.social,1.0,5.0,0.0,18
fedinerds.net,68.0,11.0,0.0,2
kanoa.de,8405.0,1695.0,93.0,1212
mastodon.aventer.biz,372.0,36.0,0.0,9
mastodon.raddemo.host,14.0,6.0,0.0,1
onboardthefilm.community,,,,28
cybersecurity.theater,203.0,39.0,1.0,12
m.gctxl.com,,,,6
mastodon.fl0w.fr,4.0,5.0,0.0,1
surutodon.net,2287.0,15.0,1.0,1
myonlinepi.uk,0.0,22.0,0.0,2
otadon.com,13961.0,2302.0,11.0,854
nnmdon.com,912.0,23.0,0.0,2
corp.social,,,,15
mastodon.furrycon.social,296.0,164.0,0.0,37
standup-comics.net,1.0,25.0,0.0,71
morehammer.uk,471.0,22.0,0.0,3
pogs.cafe,34.0,17.0,0.0,43
taruntarun.net,,,,64
soc.ua-fediland.de,2943.0,412.0,38.0,215
social.skewed.de,,,,11
climatejustice.social,85275.0,6128.0,89.0,9897
tt.vvxq.ca,557.0,15.0,0.0,8
ap.sanwon.kr,,,,1
mastodon.acc.sunet.se,2322.0,365.0,3.0,464
boop.network,2.0,9.0,0.0,5
posts.mu7ou.com,457.0,7.0,0.0,1
area51.social,223.0,6.0,0.0,6
e413-111-60-24-59.ngrok-free.app,,,,3
social.bigcavemaps.com,218.0,24.0,0.0,9
moris.social,117.0,32.0,1.0,9
friendica.erabo.de,,,,1
one.darnell.one,456.0,11.0,0.0,1
gts.nogoo.me,,,,1
flaki.social,456.0,70.0,0.0,8
books.idas.social,,,,5
mamutovo.cz,2712.0,204.0,7.0,20
brocks.social,65.0,12.0,0.0,2
wptoots.social,687.0,203.0,1.0,105
ramble.space,,,,12
hygge.bar,,,,2
blop.social,,,,25
library.love,1564.0,432.0,39.0,403
maier.social,18.0,11.0,0.0,1
social-t.uibk.ac.at,0.0,5.0,0.0,12
bitfudge.com,0.0,4.0,0.0,3
blue-write.com,180.0,24.0,0.0,2
pix.sekretaerbaer.net,,,,3
friendica.chilemasto.casa,,,,87
pnw-mastodon.com,0.0,6.0,0.0,19
mastodon.andreybondarenko.com,15.0,12.0,0.0,1
social.wohlfarth.name,122.0,23.0,0.0,2
mastodon2.cameko.org,0.0,2.0,0.0,1
mensmaaktmooi.nl,105.0,24.0,0.0,4
social.likeadragonmaid.dev,1216.0,12.0,1.0,3
bonga.nu,,,,2
mastodon.bofhers.es,1925.0,227.0,1.0,78
social.pupsplus.fans,51.0,21.0,2.0,5
go2.elstabloserver.de,,,,1
photolovers.net,,,,6
scl.csns.xyz,,,,3
strandgut.net,38.0,11.0,0.0,2
queer.dev,106.0,60.0,0.0,11
posts.dumb.stuff.donaberger.xyz,,,,2
mastodon.trand.fr,4.0,22.0,0.0,4
toot.cho.pm,,,,1
socialpa.ws,0.0,2.0,0.0,18
sv1.in-deep.blue,,,,3
w3c.social,1332.0,547.0,3.0,243
mastodon.doesnotexist.club,29.0,38.0,1.0,7
social.opensource.org,189.0,31.0,0.0,5
an.errant.cloud,237.0,67.0,0.0,15
pocmo.social,,,,3
varjo.org,0.0,11.0,0.0,2
social.authorhelp.uk,224.0,28.0,1.0,8
pixel.pol.social,,,,59
social.interferencias.tech,4.0,12.0,0.0,1
soc.kurator.tech,,,,4
oslo.town,7194.0,1772.0,38.0,2292
trunk.jmtr.org,,,,2
social.jpi.io,,,,3
zzz.hirunekingdom.com,,,,4
fediverse.krohsnest.com,,,,15
eduresearch.social,1211.0,381.0,31.0,20
josh.tel,,,,2
mastodon.com.br,13845.0,994.0,6.0,2041
doujin.biz,,,,15
social.sp-codes.de,546.0,223.0,15.0,57
costodon.social,142.0,162.0,2.0,139
arthropod.social,260.0,29.0,0.0,46
social.aaroncrocco.com,396.0,22.0,0.0,2
digitalcourage.social,89106.0,7743.0,43.0,2880
social.mapolist.com,470.0,47.0,0.0,36
toot.beep.computer,1614.0,101.0,2.0,15
cybercuties.net,17.0,11.0,0.0,2
feistycricket.org,395.0,23.0,1.0,2
tapbots.social,757.0,55.0,0.0,8
maestas.us,106.0,163.0,0.0,20
safejust.space,0.0,30.0,0.0,10
orbiscognito.com,0.0,0.0,0.0,9
iwatedon.net,19928.0,143.0,1.0,272
cruisers.social,0.0,14.0,0.0,4
mastodon.moscow,,,,41
social.gr-al-ch.duckdns.org,,,,3
social.cooltux.net,221.0,11.0,0.0,2
hydrate.space,20.0,46.0,0.0,169
tardis.team,33.0,60.0,0.0,5
bne.social,13186.0,754.0,4.0,235
mastodon.imagisphe.re,0.0,32.0,2.0,7
fastly.social,14.0,12.0,0.0,1
mastodon.rhys.wtf,1223.0,11.0,0.0,1
hsnl.social,2864.0,670.0,14.0,172
kaartinen.social,265.0,16.0,0.0,4
maxodon.com,,,,1
twinports.us,,,,4
crossdon.com,,,,1
sciencemastodon.com,2264.0,1409.0,0.0,1461
chaosfurs.social,2973.0,235.0,2.0,35
breeze.town,1.0,3.0,1.0,15
ijug.social,1647.0,210.0,3.0,35
nineworlds.social,0.0,2.0,0.0,7
idar.us,,,,2
poststoffarm.de,,,,3
mastodon.benpettis.ninja,53.0,12.0,0.0,2
patogh.co,,,,1
mublog.nl,709.0,52.0,0.0,9
tw.town,0.0,16.0,0.0,51
lagopine.lgbt,64.0,11.0,0.0,2
drohm.eu,548.0,12.0,0.0,1
mastodon.iow.social,854.0,183.0,1.0,230
kudzu.ca,,,,1
mu-ori.me,,,,1
tweesecake.social,28838.0,2304.0,17.0,450
theweird.space,144.0,23.0,1.0,15
toot.boston,,,,16
mastodon.cross-solution.de,0.0,1.0,0.0,2
toot.jimmygulp.co.uk,11.0,12.0,0.0,4
fedi.bobadin.icu,,,,7
mastodon.guerilla.studio,237.0,33.0,0.0,3
astronomy.social,3093.0,39.0,1.0,6
yelling.it,0.0,11.0,0.0,1
m.bavetta.com,,,,5
machikadon.online,3794.0,251.0,2.0,165
ailbhean.co-shaoghal.net,2453.0,199.0,4.0,85
masto.mkm.scot,,,,2
toot.kottman.xyz,,,,3
libori.social,2065.0,167.0,3.0,35
covelline.social,40.0,27.0,0.0,7
mstdn.nijist.info,,,,96
rope-access-work.com,56.0,12.0,0.0,7
mastodon.dataden.gay,0.0,6.0,0.0,4
tusky.gravyflex.ca,,,,3
ohgodohfuck.fraudulent.link,,,,9
iyasaretai.pw,8795.0,207.0,2.0,41
vocalodon.net,65246.0,2081.0,9.0,6989
mstdn.cordx.cx,,,,4
inane.chat,5.0,37.0,0.0,30
social.wps.de,132.0,39.0,0.0,23
skull.town,,,,4
social.techliminal.com,3.0,26.0,0.0,15
pixelfed.nz,,,,1226
boop.city,438.0,22.0,0.0,2
mm.xxooxx.xyz,0.0,6.0,0.0,1
reporter.social,,,,31
alpha.polymaths.social,,,,48
slut.town,0.0,11.0,0.0,6
www.orthy.de,,,,8
x.tkw.fm,0.0,12.0,0.0,1
mastodon.perso.org,,,,5
almajlis.me,0.0,5.0,0.0,14
freeatlantis.com,70554.0,1735.0,17.0,3823
social.joshanders.com,17.0,11.0,0.0,1
i.use.archlinux.fyi,,,,1
scientificnetwork.de,187.0,73.0,1.0,30
social.polynom.me,,,,2
pepple.us,88.0,12.0,0.0,1
mastodon.zombor.net,0.0,11.0,0.0,6
spezi.social,132.0,58.0,1.0,8
pxlmo.com,,,,11334
yeg.bike,4387.0,105.0,0.0,30
void.holdings,217.0,29.0,0.0,5
inari.opencocon.org,1193.0,53.0,1.0,111
harukakanata.net,32.0,12.0,0.0,3
toot.blue,52774.0,2345.0,25.0,750
chan.thebeans.zip,,,,19
social.laroche.dev,0.0,11.0,0.0,1
social.randomsonicnet.org,0.0,14.0,0.0,3
pixelfed.vpx.moe,,,,11
mastodon.teamnerds.cool,48.0,22.0,0.0,11
mastodon.gatewayy.net,93.0,25.0,0.0,3
www.wilcosky.com,,,,2
star.shaped.dog,11.0,15.0,0.0,3
8bit.social,0.0,7.0,0.0,1
m.r8z.us,,,,4
pc.cafe,1375.0,63.0,0.0,6
es5nhc.ee,,,,1
social.y-gallery.net,36.0,56.0,5.0,109
gumzo.africa,0.0,26.0,2.0,5
sachsen-medien.social,715.0,56.0,0.0,18
cyberdeck.social,48.0,11.0,0.0,1
chelmi.info,0.0,12.0,0.0,1
is.aaronbsmith.com,,,,4
lucha.nyc,32.0,7.0,0.0,8
koehler.social,0.0,11.0,0.0,1
mastodon.mdelaunay.fr,,,,4
heads.social,11527.0,1398.0,13.0,584
mastodon.mathys.social,,,,9
socl.win,,,,2
xurxodiz.eu,,,,1
panelinha.club,6235.0,57.0,0.0,6
deadlymilehigh.club,62.0,28.0,1.0,6
pixel.art3mis.de,,,,61
toot.org.il,14.0,32.0,0.0,8
code4lib.social,3393.0,345.0,0.0,172
438punk.house,,,,225
your-face.social,0.0,1.0,0.0,6
ourdoma.in,0.0,12.0,0.0,6
mastodon.xn--q9jyb4c,2.0,45.0,1.0,28
social.sitedethib.com,814.0,44.0,0.0,7
toots.hd0.eu,0.0,11.0,0.0,2
toot.fs.al,1.0,1.0,0.0,4
toot.hoppet.cool,,,,2
mastodon.proquality.ro,1.0,12.0,0.0,5
youth.social,23.0,45.0,0.0,8
dogsports.social,,,,10
hackerspace.au,19.0,18.0,1.0,14
mastodon.grml.de,10811.0,43.0,0.0,5
someone.elses.computer,701.0,191.0,2.0,62
elevenjpnxi.hostdon.ne.jp,491.0,36.0,0.0,4
social.bau-ha.us,,,,816
social.cabotcove.us,0.0,8.0,0.0,1
socialclub.nyc,348.0,48.0,0.0,110
sndcstle.fedicity.net,,,,3
some.evvk.fi,1525.0,11.0,0.0,3
mastodon.chriswright.photography,8.0,11.0,0.0,1
don.kofuk.org,914.0,23.0,0.0,3
otome.xyz,,,,7
tonybark.art,,,,3
ap.remote-shell.net,,,,1
linuxrocks.online,4612.0,2037.0,19.0,4353
social.wikimedia.es,0.0,1.0,0.0,5
mastodon.gibbens.dev,13.0,10.0,0.0,1
swiss.social,23047.0,5260.0,53.0,2176
cysec.social,5275.0,52.0,0.0,10
toot.bldrweb.org,907.0,106.0,2.0,175
gal.muri.zip,,,,29
d-64.social,3435.0,368.0,0.0,117
masto.theoks.net,137.0,12.0,0.0,1
pixelfed.tekdmn.me,,,,1
vyrse.social,777.0,44.0,0.0,10
mastodon.levis.name,0.0,11.0,0.0,1
elefant.social,1.0,32.0,0.0,5
champis.social,,,,4
vectemis.social,12.0,22.0,0.0,4
mastodon.pastleo.me,2.0,4.0,0.0,14
qpixel.pw,,,,1
seocommunity.social,492.0,461.0,12.0,1155
raikow.online,0.0,0.0,0.0,3
social.wethethinking.com,37.0,20.0,0.0,2
cytag.nl,359.0,56.0,0.0,7
social.kryta.app,781.0,50.0,3.0,36
sosyal.ihlal.net.tr,1.0,5.0,0.0,9
internetsladd.se,,,,9
drumstodon.net,190.0,257.0,63.0,694
trivia.to,0.0,12.0,0.0,9
ap.dny.social,,,,2
mastodon.net.au,0.0,0.0,0.0,2
mn.siru.tokyo,5463.0,274.0,1.0,29
mstdn.mimikun.jp,742.0,11.0,0.0,3
solutionpoint.in,,,,6
social.nortel.cloud,,,,2
social.brucknerite.net,1965.0,11.0,0.0,1
social.outsourcedmath.com,,,,392
u.miaomiao.li,17.0,9.0,0.0,5
social.b4tech.cc,6.0,24.0,0.0,8
nixie.name,253.0,11.0,0.0,3
mastodon.peaceful.social,657.0,56.0,1.0,5
vnecke.social,20.0,14.0,0.0,6
mastodon.iking.ca,31.0,12.0,0.0,1
toots.im,33.0,11.0,0.0,2
blat.at,434.0,42.0,0.0,6
nicagram.com,,,,151
end0.ru,78.0,9.0,0.0,2
dreamers-guild.net,1.0,11.0,0.0,6
mastodon.sunflowerfuchs.dev,,,,1
m.wedgi.us,20.0,12.0,0.0,1
songbird.cloud,20913.0,1110.0,0.0,223
social.synesthesia.co.uk,17.0,11.0,0.0,1
cogito.foundation,,,,38
under-bank.blue,6854.0,205.0,0.0,34
toot.yosh.is,712.0,11.0,0.0,1
fashionviz.xyz,0.0,13.0,0.0,2
tippetarius.ru,,,,2
dogno.se,2.0,25.0,0.0,19
ordinary.cafe,240.0,55.0,0.0,10
snabelen.no,15850.0,3672.0,41.0,2733
mstdn.my,,,,314
deadbirdsite.com,,,,3
piou.foolbazar.eu,830.0,23.0,0.0,3
pub.deferpanic.dev,,,,15
syzito.xyz,11253.0,91.0,5.0,14
molotov.sanrizuka-struggle.com,,,,9
badly.co,10.0,13.0,0.0,1
fandom.garden,,,,270
ilys.fm,0.0,24.0,0.0,13
darnell.ooo,,,,1
mastodon.darkou.fr,,,,3
thelounge.network,0.0,4.0,0.0,3
birdbox.party,16.0,27.0,1.0,6
social.intothecloud.net,36.0,22.0,0.0,3
wulf.social,89.0,12.0,0.0,3
connectified.com,1007.0,59.0,0.0,12
said.social,2.0,11.0,0.0,1
mastodon.sinoru.me,0.0,11.0,0.0,1
mastodon.eroticmohel.com,70.0,12.0,0.0,1
queef.social,69.0,12.0,0.0,6
khw-pixelfed.archeron.eu,,,,10
chattingdarkly.org,244.0,18.0,0.0,4
uri.life,36260.0,3839.0,87.0,3478
vocalounge.cafe,2995.0,323.0,2.0,1259
social.dytrych.cloud,18441.0,78.0,0.0,10
minby.info,0.0,0.0,0.0,3
social.devopsdays.org,46.0,85.0,0.0,18
zeroes.ca,42241.0,1626.0,21.0,1332
liberal.lgbt,16.0,39.0,0.0,87
rockcd.jp,3626.0,85.0,0.0,48
masto.terabyte-computing.com,0.0,11.0,0.0,1
reidodon.net,125.0,12.0,0.0,1
ap.xabirequejo.eus,,,,1
wer.social,,,,7
hahei.life,,,,3
social.edu.nl,4438.0,1388.0,31.0,908
mastodon.train.cz,,,,2
ligma.pro,,,,26
r2beat.jp,0.0,2.0,0.0,6
omoro.info,5.0,11.0,0.0,7
mast.2enp.cc,,,,7
selfhosted.cafe,663.0,87.0,0.0,34
mastodon.reysic.com,0.0,11.0,0.0,1
pourparlers.social,,,,2
mergl.in,,,,1
m.blablu.de,0.0,0.0,0.0,23
lucitt.social,,,,2
sieg-dragon.blue,17.0,60.0,0.0,5
trombas.vost.pt,604.0,20.0,3.0,23
quasisocial.lone-starr.net,0.0,1.0,0.0,1
sosialt.datasenter.drammen.no,,,,1
yeen.exposed,492.0,78.0,1.0,5
dungeons.social,0.0,1.0,0.0,6
irsoluciones.social,,,,4622
mstdn.social,1051684.0,112959.0,6934.0,234768
goto.77nn.it,,,,2
hallihan.net,,,,1
fedi.larlet.fr,229.0,12.0,0.0,1
tootz.org,,,,5
mastodon.wssmagazine.com,83.0,117.0,0.0,135
rodent.life,44.0,83.0,1.0,37
epistolary.org,30926.0,105.0,1.0,50
trpg-o.xyz,38990.0,2719.0,25.0,607
oo0.top,1.0,1.0,0.0,2
eliitin-some.fi,30311.0,606.0,12.0,102
mastodon.tetragir.com,41.0,13.0,0.0,2
sudomakecake.ddns.net,,,,2
nora.social,226.0,86.0,0.0,11
miltodon.social,0.0,18.0,0.0,47
akuanduba.masto.host,0.0,38.0,0.0,14
crowsnest.social,1.0,13.0,0.0,11
mastodon.pundo.com,33.0,17.0,0.0,7
lonely.town,231.0,126.0,0.0,36
libera.tokyo,12456.0,146.0,0.0,20
toot.4t2.uk,16.0,33.0,0.0,3
mastodon.positivenerd.duckdns.org,,,,17
mstdn.v-elf.com,24210.0,164.0,2.0,35
photosharing.work,0.0,22.0,0.0,2
jasondavis.net,55.0,12.0,0.0,1
gts.snoot.tube,,,,2
my0.net,255.0,15.0,0.0,10
woodworking.group,230.0,45.0,0.0,11
mastodon.mim-libre.fr,3243.0,1460.0,39.0,893
asso.lgbt,141.0,99.0,9.0,10
mstdn.bgmn.net,,,,1
linernotes.club,2163.0,416.0,3.0,390
deppenkessel.de,1320.0,31.0,0.0,16
social.tollofsen.se,,,,1
trekkies.social,1256.0,183.0,1.0,92
kulturfront.org,48.0,14.0,0.0,8
social.rivne.dcomm.net.ua,0.0,1.0,0.0,28
energydon.fi,885.0,53.0,2.0,14
mastodon.gamedev.place,107854.0,46375.0,395.0,32136
mstdn-kitakubu.com,525.0,34.0,0.0,3
epicyon-test.fly.dev,,,,1
ikuhumituki.fedicity.net,,,,1
social.tomtaylor.co.uk,,,,4
yysk.icu,,,,9
sosialist.party,,,,10
warhammer.social,2827.0,789.0,13.0,990
m.corduba.tech,,,,23
durdle.social,,,,3
mastodon.hausofhomeaux.ca,1.0,0.0,0.0,1
mastodon.b3lt3r.com,114.0,15.0,0.0,3
ayom.media,5853.0,588.0,16.0,136
snarthelg.no,0.0,5.0,0.0,7
mastodon.dtalens.com,527.0,12.0,0.0,1
tragically.social,64.0,11.0,0.0,2
squidnet.net,3.0,12.0,0.0,1
social.thegeneral.chat,0.0,28.0,0.0,6
gefahrengebiet.org,0.0,3.0,0.0,3
toad.social,50064.0,3014.0,68.0,3156
themondragons.com,0.0,8.0,0.0,5
scalie.business,,,,6
pwet.me,,,,15
oldbytes.space,25219.0,3475.0,41.0,1053
mastodon.lwr.wtf,15.0,46.0,0.0,9
wybt.net,1110.0,22.0,0.0,3
xn--y9a6bah4ck.xn--y9a3aq,,,,39
social.bopinions.de,205.0,33.0,0.0,4
mstdn.ro,377.0,180.0,6.0,139
thesix.social,1.0,11.0,0.0,4
mastodon.babb.be,,,,403
youthweb.social,78.0,75.0,0.0,17
notnull.space,,,,1
carfree.city,1885.0,82.0,0.0,31
spragleknas.no,0.0,12.0,0.0,1
eihei.net,83.0,72.0,0.0,460
pix.famichiki.jp,,,,27
social.datalabour.com,1191.0,393.0,10.0,577
sandbox.nyanya.net,0.0,7.0,0.0,1
nwpu.closed.social,,,,48
dre.casa,6.0,8.0,0.0,3
mindly.social,71645.0,9626.0,136.0,35782
social.nokes.name,80.0,11.0,0.0,1
steamedbread.pro,,,,6
ai.wiki,28870.0,8290.0,5262.0,10346
mastodon.54park.de,,,,1
social.noraa.gay,,,,2
social.lviv.dcomm.net.ua,1549.0,33.0,0.0,128
init3.us,24.0,12.0,0.0,1
mastodon.underworld.fr,824.0,131.0,2.0,112
maik.social,,,,1
mastodon.sandwich.net,12111.0,379.0,2.0,490
velocipederider.com,1755.0,29.0,0.0,3
mirwarso.de,1.0,29.0,0.0,4
libranet.de,,,,2084
ndrgrnd.social,134.0,23.0,0.0,11
hessen.social,84886.0,12332.0,103.0,9933
fedi.stuvel.eu,,,,1
social.pueseso.club,,,,1
neuss.social,35.0,24.0,0.0,5
tonybark.com,,,,5
mastodon.100terres.com,12.0,11.0,0.0,1
ma.anoyama.net,,,,2
soc.nym.se,35.0,17.0,0.0,2
coywolf.social,946.0,39.0,0.0,8
hamont.social,8007.0,45.0,0.0,17
floe.earth,2091.0,270.0,1.0,167
mstdn.kodein.be,71.0,19.0,0.0,5
cuties.cloud,676.0,26.0,0.0,5
social.zym.lol,65.0,36.0,0.0,12
pixelfed.hylobatidae.org,,,,1
social.learnlangs.com,0.0,22.0,0.0,8
talking.dev,,,,7
smartcity.social,28.0,69.0,1.0,10
csed.social,152.0,43.0,0.0,32
untrusted.website,243.0,48.0,0.0,17
mstdn.co.uk,108.0,11.0,0.0,3
andrew.masto.host,,,,1
shimanchu.social,,,,4
social.zerotier.com,0.0,4.0,0.0,10
bitbang.social,11883.0,2178.0,0.0,895
canary.fedibird.com,0.0,5.0,0.0,2
yip.vulpine.engineer,,,,1
embassy.social,1086.0,36.0,0.0,7
s.arns.lt,,,,2
mastodon.boyd.cloud,0.0,3.0,0.0,2
kampftoast.de,119.0,12.0,0.0,6
gamepad.club,11521.0,1144.0,16.0,238
towns.gay,945.0,278.0,0.0,220
magpie.masto.host,0.0,4.0,0.0,17
dorset.social,0.0,16.0,0.0,9
leds.social,1079.0,204.0,2.0,52
mastodon.alexnackenoff.com,1.0,4.0,0.0,1
weaknotes.com,,,,3
mastodon.rzgierskopp.de,0.0,0.0,0.0,5
burnthis.town,5726.0,311.0,2.0,98
hades.town,69.0,12.0,0.0,1
mstdn.xicon.eu,2.0,2.0,0.0,4
oberberg.nrw,360.0,75.0,0.0,18
verified.coop,,,,130
toot-lab.reclaim.technology,955.0,4.0,0.0,3
social.treehouse.systems,47279.0,5030.0,31.0,1497
karkador.com,,,,1
bostonmusic.online,357.0,14.0,2.0,12
mastodon.pretendo.network,6.0,4.0,0.0,4
quarteredcircle.net,1530.0,52.0,0.0,17
mastodon.lw1.at,0.0,11.0,0.0,1
opsone.social,8.0,34.0,0.0,5
hard.blue,351.0,16.0,0.0,2
onlycosplays.social,,,,46
mastodon.mihalis.net,0.0,0.0,0.0,3
agilealliance.social,606.0,133.0,2.0,152
lafriks.id.lv,0.0,2.0,0.0,1
mastodon.fredprod.com,92.0,11.0,0.0,1
0lb.be,197.0,65.0,0.0,8
turtleisland.social,12088.0,283.0,3.0,48
masto.nobigtech.es,13232.0,1455.0,7.0,3391
metalhead.club,56976.0,6558.0,99.0,5551
si.okin-jp.net,164.0,144.0,3.0,27
vault37.xyz,145.0,12.0,0.0,2
datavis.social,791.0,42.0,0.0,7
nemtie.net,18.0,10.0,0.0,2
now.ez-oo.com,,,,4
plumes.io,40.0,18.0,0.0,15
fedi.ckir.net,36.0,12.0,0.0,2
jmswag.xyz,,,,1
floofy.tech,34061.0,763.0,14.0,245
mokomokohouse.com,0.0,11.0,0.0,1
nfld.me,3040.0,99.0,5.0,68
meh.social,236.0,59.0,0.0,26
social.mikutter.hachune.net,82540.0,1056.0,4.0,486
fedinerds.social,3413.0,142.0,1.0,24
gulp.cafe,6325.0,2165.0,23.0,1380
mastodon.minetestserver.ru,5.0,23.0,0.0,9
rtsn.dev,47.0,82.0,0.0,28
toot.zehaeva.com,0.0,12.0,0.0,2
mastodon.math.unipd.it,21.0,13.0,0.0,20
jeremy.org,,,,4
mutant.cz,24.0,11.0,0.0,2
halfey.moe,,,,1
social.suchtbasis.de,66.0,26.0,0.0,4
mastodon.neilzone.co.uk,,,,4
backpacklife.social,,,,10
owncast.nimantu.de,,,,1
apple2.org.za,0.0,11.0,0.0,4
social.sullivanservices.xyz,0.0,8.0,0.0,10
pierce.xyz,6.0,12.0,0.0,2
samo.place,,,,13
east17.org,319.0,52.0,1.0,8
mastodon.crazynewworld.net,11493.0,117.0,0.0,19
m.socialyeti.club,143.0,15.0,1.0,15
swingset.social,2576.0,120.0,1.0,97
romancelandia.club,6548.0,918.0,9.0,1820
ibiocephalus.hostdon.ne.jp,,,,3
mastodon.ping.de,46.0,31.0,0.0,3
vucica.net,,,,1
social.snowcat.link,7.0,11.0,0.0,2
mastodon.cipherbliss.com,1638.0,286.0,8.0,2276
bocchi.yamako-ya.com,67.0,17.0,0.0,2
image.medienzentrum.rocks,,,,5
social.56k.guru,0.0,2.0,0.0,1
social.transrights.art,,,,2
social.undeadnetwork.de,532.0,11.0,0.0,8
mastodon.spideynn.net,0.0,4.0,0.0,1
balkan.fedive.rs,34.0,190.0,2.0,154
social.vicicode.com,,,,1
pxlmo.net,,,,14
social.politicaconciencia.org,9456.0,908.0,0.0,5403
pinnipedia.fedicity.net,430.0,20.0,1.0,1
its.waah.day,24.0,12.0,0.0,1
reshet.social,10.0,27.0,0.0,10
faithcollapsing.com,385.0,6.0,0.0,8
kongwoo.icu,,,,20
social.glennfitzpatrick.com,163.0,34.0,0.0,3
appcentric.social,,,,3
mastodon.3dgo.net,0.0,1.0,0.0,4
mastodon.teamrocket.nz,0.0,10.0,0.0,2
social.yussuv.com,0.0,3.0,0.0,2
mastodon.sharma.io,,,,5
fedimon.uk,771.0,14.0,0.0,6
taxes.theron.kane-il.us,0.0,0.0,0.0,7
abdl.link,1.0,7.0,0.0,16880
reyuzenfold.com,51.0,11.0,0.0,1
tny.social,307.0,12.0,0.0,2
myprivate.social,314.0,23.0,0.0,2
mastodon.hams.social,4928.0,1420.0,17.0,695
supersocial.space,37.0,4.0,0.0,1
social.kararyli.net,0.0,9.0,0.0,1
social.parentfamily.ca,0.0,7.0,0.0,4
pix.ublog.tech,,,,201
kjas.no,141.0,37.0,4.0,16
social.daspr.io,,,,18
mastinsaan.in,1183.0,69.0,0.0,12
pub.ehrengruppe.de,22.0,23.0,0.0,11
oursky.social,0.0,9.0,0.0,19
pixel.kjz.ca,,,,1
fedi.fifo-f.eu,,,,1
hax0rbana.social,,,,18
pixelfed.fi,,,,1183
electroverse.tech,912.0,90.0,5.0,126
lostall.faith,12.0,12.0,0.0,2
underwear.social,520.0,50.0,2.0,18
palcarajo.social,631.0,12.0,0.0,1
misanthrope.social,449.0,11.0,0.0,2
md.startide.jp,34.0,12.0,0.0,2
mstdn.chitose.org,,,,2
edumasto.org,76.0,91.0,0.0,241
mammut.gogreenit.net,946.0,26.0,0.0,5
bog.social,0.0,0.0,0.0,3
social.nibis.de,3.0,3.0,0.0,4
journa.host,,,,3006
istanza.ch,0.0,18.0,0.0,2
venera.social,,,,2206
cwb.social,1446.0,287.0,36.0,429
my.bookrastinating.com,,,,2
k8s.social,364.0,233.0,12.0,237
mastodon.zaclys.com,39521.0,4903.0,79.0,4033
social.granularperspective.com,69.0,11.0,0.0,4
mastodon.dtris.moe,,,,4
social.cezeri.tech,132.0,55.0,4.0,16
mastodon.byte23.net,0.0,0.0,0.0,5
kommentakerfid.is,0.0,19.0,0.0,20
social.design.systems,215.0,71.0,0.0,36
hydrocube.space,16.0,34.0,0.0,13
mastodon.twoslashes.com,0.0,11.0,0.0,1
baram.me,,,,5
social.sigsoft.org,78.0,84.0,1.0,75
mst.muiiio.com,,,,4
social.bundesparlament.de,,,,1
social.taupehat.com,189.0,13.0,0.0,3
social.chiefgyk3d.com,1766.0,39.0,1.0,28
slkr.space,0.0,7.0,0.0,2
cyber.digital-cache.cloud,6.0,12.0,0.0,1
psiren.eu,7143.0,11.0,0.0,1
liveplatform.ca,4.0,25.0,0.0,48
ma.diacrown.com,2272.0,80.0,0.0,11
tsarolion.com,3.0,22.0,0.0,3
mstdn.spin-off.com,0.0,8.0,0.0,2
social.keiths-place.com,85.0,12.0,0.0,4
mastodon.stuttgart.international,53.0,133.0,0.0,116
masto.globaleas.org,271986.0,2087.0,0.0,311
camp.smolnet.org,2332.0,305.0,7.0,99
node1.axome.de,,,,10
timeriver.xyz,10.0,13.0,0.0,4
urface.social,81.0,13.0,1.0,1
awaymessage.club,439.0,145.0,0.0,35
pippo.dev,,,,1
mastodos.com,2743.0,218.0,0.0,258
kanina.be,95.0,16.0,0.0,13
mastodon.dustinwilson.com,,,,1
ferrovipath.es,30.0,14.0,0.0,6
town.friendmaterial.lgbt,110.0,81.0,0.0,10
solo.masto.host,,,,1
snabel.party,107.0,13.0,0.0,4
silvan.cloud,586.0,48.0,0.0,4
divas.joburg,32.0,11.0,0.0,4
m.brokep.com,,,,1
owo.rs,14.0,23.0,0.0,45
mastodon.stevesworld.co,11538.0,11.0,0.0,1
mastodon.researchinstitute.at,18.0,22.0,0.0,5
kamu.social,2751.0,248.0,0.0,85
nfra.club,30.0,23.0,0.0,2
gorone.xyz,11630.0,334.0,0.0,87
mastodon.chrisduffley.com,1117.0,61.0,0.0,22
pixelfed.hamdorf.org,,,,1
egirl.social,,,,3
chatfreu.de,,,,2
mastodon.linux.ucla.edu,,,,13
waha.work,,,,116
datasci.social,4229.0,759.0,34.0,431
mastodon.inferiorlattice.com,46.0,35.0,0.0,24
pixelfed.cc,,,,6
hatoba.fedicity.net,0.0,2.0,0.0,1
mastodon.f2a.io,37.0,21.0,0.0,3
marimoko.biz,169.0,21.0,0.0,9
pentacop.moellus.net,0.0,3.0,0.0,1
kemoner-don.tokyo,14.0,12.0,0.0,2
stade.social,,,,4
pixelfed.mrak.at,,,,6
mastodon.cooleysekula.net,278.0,28.0,2.0,6
occm.cc,1909.0,16823.0,314.0,8229
wzrds.fun,116.0,11.0,0.0,2
yokonegi.hostdon.ne.jp,837.0,12.0,0.0,1
mouse.photos,8246.0,30.0,1.0,1
mastodon.elte.hu,283.0,199.0,0.0,4024
travel-friends.chat,13.0,35.0,0.0,13
sizeriot.com,135.0,22.0,0.0,3
md.uzla.net,70.0,33.0,0.0,3
mastodon.milll.ws,10.0,12.0,0.0,29
mst.cebo29.ipv64.de,,,,3
deaf.group,,,,6
flinta.social,,,,11
bs-x.org,3.0,11.0,0.0,1
thewalkingdeaf.social,,,,4
t.fred.social,0.0,5.0,0.0,3
environmentalists.social,,,,2
masto.allrite.at,1038.0,12.0,0.0,1
fatlads.lol,,,,5
slap.masterdan.net,5.0,13.0,0.0,4
retro-gaiden.com,3986.0,277.0,8.0,48
c18.masto.host,1977.0,169.0,2.0,166
mastodon.lepik.eu,0.0,4.0,0.0,2
mstdn.dsj-toot.com,,,,19
transmom.love,,,,10
njust.club,,,,336
politehumans.com,,,,2
fediver.de,1169.0,64.0,1.0,10
mitchelltribe.social,179.0,12.0,0.0,1
toot.beer,0.0,11.0,0.0,5
pix.toot.wales,,,,2851
pad.venzano.fr,199.0,36.0,0.0,5
glod.org,,,,29
arvr.social,2088.0,413.0,12.0,1663
tau-ceti.space,,,,3
social.linux.pizza,64529.0,11308.0,141.0,11624
hemmer.land,92.0,23.0,0.0,2
nycr.social,0.0,16.0,0.0,12
mastodon.free-warez.win,0.0,0.0,0.0,1
pixelfed.fr,,,,2799
tlv.cool,69.0,24.0,0.0,2
talipallopeli.club,0.0,0.0,0.0,4
nhw.social,0.0,1.0,0.0,2
press.coop,,,,95
mstdn.sublimer.me,4627.0,207.0,2.0,110
fedi.5013.es,122.0,16.0,0.0,3
social.thinkingguy.com,2.0,3.0,0.0,2
mastodon.wormhole.eu,249.0,12.0,0.0,2
ms.vg,1406.0,12.0,0.0,2
pravda.me,119621.0,431.0,97.0,228908
mastodon.kintsugi-lab.com,0.0,4.0,0.0,27
mabe.space,,,,10
astrosocial.space,,,,4
vrc-ins.net,930.0,79.0,2.0,45
m.yerp.io,0.0,1.0,0.0,2
dt.gl,167.0,18.0,0.0,3
lovelace.social,,,,2
social.wikimedia.de,447.0,128.0,0.0,41
mastodon.douvk.co.uk,10266.0,125.0,1.0,19
mastodon.altf4.fun,1414.0,23.0,0.0,8
md02q.obh8.net,,,,4
malenfant.net,240.0,22.0,0.0,2
fault.stsecurity.moe,0.0,4.0,0.0,122
dekadensverket.se,40.0,21.0,0.0,3
solderma.sk,0.0,1.0,0.0,4
soc.schuerz.at,,,,21
nova.community,0.0,6.0,0.0,5
agilodon.social,454.0,11.0,0.0,5
mstdn.ikebuku.ro,214.0,29.0,0.0,34
mytter.jp,22.0,39.0,0.0,7
social.trizz.io,0.0,11.0,0.0,2
dpm.social,113.0,25.0,0.0,3
m.danq.me,183.0,22.0,0.0,3
nya.otter.sh,741.0,11.0,0.0,2
bolha.photos,,,,754
epicure.social,4615.0,948.0,20.0,931
kinkycats.org,14987.0,1324.0,325.0,55
toots.coronet.io,74.0,11.0,0.0,1
pachy.youshallnotpass.com,3.0,3.0,0.0,1
thehappyfamily.stream,746.0,103.0,2.0,34
earthstream.social,3968.0,503.0,29.0,1371
veganism.social,25364.0,2162.0,112.0,3077
the.zymocosm.com,8.0,11.0,0.0,7
mastodon.gal,22433.0,2842.0,85.0,1278
comm.shotinthegun.com,,,,4
mastodon.schub.social,89.0,11.0,0.0,1
spaceshipguy.no-ip.biz,,,,2
mastodon.boyfails.me,3.0,12.0,0.0,2
birds.town,4632.0,407.0,0.0,554
makegayfriends.com,,,,497
tvwatch.party,2232.0,57.0,0.0,5
podcastindex.social,5100.0,1532.0,4.0,1351
gts.lohia.me,,,,1
social.galacticcoders.com,0.0,9.0,0.0,10
mastodon.coffee,17929.0,1581.0,1.0,1384
mastodon.nu,75987.0,11764.0,181.0,16753
riin.fr,187.0,57.0,2.0,70
audiogames.social,,,,17
theha.us,,,,19
pxlfed.de,,,,3
mastodon.vervainglobal.com,125.0,48.0,1.0,2
fantastic.earth,110.0,9.0,0.0,13
micro.arda.pw,34.0,12.0,0.0,1
glauca.space,1764.0,185.0,7.0,84
learningdisability.social,19.0,69.0,0.0,281
the.enchanted.quest,139.0,50.0,0.0,14
386898.xyz,0.0,4.0,0.0,1
fuwafuwa.town,,,,1
mastodon.ph,117.0,103.0,2.0,142
snep.place,206.0,32.0,0.0,3
parkfans.network,,,,26
social.gyahunkoubou.biz,,,,1
yatil.social,795.0,23.0,0.0,4
mastodon.squarecows.com,1062.0,22.0,0.0,2
uwyn.net,158.0,63.0,0.0,46
leporid.net,23.0,10.0,0.0,2
selent.ca,1.0,21.0,0.0,2
snowmastodon.social,0.0,5.0,0.0,1
beige.party,330942.0,4052.0,88.0,486
social.wildeboer.net,1799.0,22.0,0.0,3
mastodon.韓國語.漢字.net,,,,19
mastodon.a17t.dev,0.0,4.0,0.0,1
snowfan.masto.host,,,,12
mastodon.land,0.0,3.0,0.0,33
friendship.quest,79.0,12.0,0.0,1
futuregadgetlab.cc,5.0,21.0,0.0,39
social.zotha.de,,,,3
retrochat.online,1696.0,281.0,0.0,87
itdev.social,0.0,35.0,0.0,31
masto.phoenixlair.net,0.0,12.0,0.0,1
mousetodon.social,,,,2
gram.ello.tech,,,,3
mk.magicka.org,,,,3
gadget.inpocket.net,0.0,0.0,0.0,1
mastodon.philtanner.com,1040.0,24.0,1.0,2
mastodon.wurzelmann.at,2834.0,64.0,0.0,12
gayssues.club,,,,5
mejia.social,19.0,11.0,0.0,6
yotie.blue,84.0,12.0,0.0,2
awjeez.help,46.0,35.0,0.0,12
gazette.live,1.0,30.0,0.0,4
akademienl.social,2859.0,983.0,3.0,590
nautical.social,17.0,60.0,3.0,10
bunni.social,7712.0,37.0,0.0,20
mastodon.bachgau.social,113.0,194.0,10.0,480
commfurnity.com,3.0,12.0,0.0,3
masto.wizardfrag.co.uk,,,,1
mastodon.jj5fxl.net,26.0,136.0,1.0,22
penguicon.social,567.0,138.0,4.0,98
dosa.run,,,,38
exile.social,3673.0,56.0,0.0,8
toot.cafe,10797.0,1638.0,0.0,2878
mas.panix.com,0.0,0.0,0.0,6
mysocial.community,18.0,17.0,2.0,12
social.bternes.com,0.0,11.0,0.0,1
room19.com,174.0,38.0,0.0,23
rmaestas.social,17.0,12.0,0.0,1
wires.social,70.0,11.0,0.0,1
palmsy.club,0.0,11.0,0.0,12
pub.osrx.social,143.0,11.0,0.0,2
boopsnoot.de,1032.0,35.0,0.0,6
social.ancow.name,0.0,11.0,0.0,3
mastodon.kohanikin.com,,,,1
sonomaca.social,,,,5
toot.exchange,323.0,58.0,1.0,1
mas.atmx.ca,202.0,59.0,0.0,32
social.illusory.ink,43.0,156.0,0.0,18
dbg.social,0.0,2.0,0.0,13
mastodon.bar,,,,145
biologists.social,22803.0,751.0,5.0,309
krpgpub.net,1852.0,212.0,0.0,88
dynasty.football,0.0,1.0,0.0,4
boitam.eu,12056.0,188.0,1.0,32
brucknerite.net,,,,2
mstdn-test.sublimer.me,0.0,9.0,0.0,2
greenfield.social,0.0,8.0,0.0,7
mastodon.vaucher.org,,,,1
social.vasilis.nl,,,,7
cloudycrux.es,0.0,0.0,0.0,8
tchafia.be,2763.0,640.0,112.0,153
thx.gg,,,,3
fed.sfl.pro.br,,,,4
mo.tt,0.0,0.0,0.0,1
social.securitytheater.net,54.0,11.0,0.0,4
freundliches.de,0.0,0.0,0.0,4
fnordon.de,39045.0,2104.0,17.0,318
crowleyclub.com,122.0,12.0,0.0,2
gts.run0.ing,,,,2
mastodon.fun,32268.0,4622.0,25.0,8137
lounge.town,4662.0,265.0,3.0,1764
social.dogondo.de,47.0,21.0,0.0,4
feuerwehr.social,2087.0,9660.0,59.0,2190
m.gui.do,,,,1
social.phoenixharbor.net,,,,2
blackrock.city,799.0,39.0,0.0,203
tweet.assilvestrar.club,,,,3
remotelab.uk,139.0,12.0,0.0,1
timeline.wtf,8.0,4.0,0.0,2
mast.yuri.place,,,,2
masto.saturnforge.com,12.0,24.0,0.0,2
achi.masto.host,,,,4
fedi.ee,,,,1
lgbtcz.social,50.0,39.0,0.0,44
m.twi.wtf,,,,8
pie.gd,130.0,24.0,0.0,3
hackademiker.se,9.0,34.0,0.0,5
dacharycarey.social,159.0,11.0,0.0,1
texasobserver.social,468.0,25.0,0.0,10
easy.saramara.ai,,,,69
macrofurs.social,,,,954
dev2.fedibird.com,0.0,12.0,0.0,3
mastodon.lamacchinadesiderante.org,,,,1
sparkly.uni.horse,395.0,10.0,0.0,1
beepboop.one,2997.0,59.0,0.0,9
mastodon.chasalin.nl,4010.0,68.0,0.0,11
retro.social,8907.0,236.0,0.0,87
mhz.social,68.0,48.0,0.0,73
socialnotwork.net,123.0,72.0,0.0,36
mastodon.mrak.at,138.0,11.0,0.0,1
mamut.tic-ac.org,25.0,18.0,1.0,14
frinx.online,1.0,12.0,0.0,1
mastodon.lanhq.be,0.0,2.0,0.0,2
social.kherson.dcomm.net.ua,0.0,2.0,0.0,9
mastodon.motcha.tech,6409.0,68.0,0.0,79
tassaron.com,,,,2
msps.io,5.0,9.0,0.0,12
awkward.place,,,,5
social.gpiccolo.com,0.0,0.0,0.0,1
freesewing.social,17.0,39.0,3.0,12
ricko.photos,,,,1
fedi.opensourcestories.org,1.0,12.0,0.0,3
realsocial.life,2109.0,85.0,1.0,94
goettingen.social,9.0,19.0,0.0,7
social.muchametow.de,0.0,11.0,0.0,2
cornerbooth.chat,,,,7
mastodon.ghostdub.de,147.0,66.0,0.0,11
mastodon.cc,2420.0,586.0,7.0,1899
christenson.social,0.0,2.0,0.0,1
pidibi.com,0.0,0.0,0.0,2
brinjal.org,200.0,21.0,0.0,5
blackqueer.life,10585.0,219.0,4.0,36
awoo.fi,0.0,12.0,0.0,9
social.halfling13.com,0.0,12.0,0.0,2
mastodon.oldstyle-project.org,37.0,17.0,1.0,12
digisociety.social,12.0,37.0,0.0,24
t.chadole.com,848.0,164.0,0.0,192
social.sargasso.nl,720.0,65.0,0.0,11
scz.social,13.0,23.0,1.0,15
bananachips.club,,,,37
uwu.town,0.0,0.0,0.0,114
barcamp.social,23.0,49.0,0.0,48
mastodon.nuages.noho.st,19.0,20.0,3.0,1
ioc.exchange,34273.0,11274.0,360.0,26294
moew.app,0.0,0.0,0.0,1
nyanya.net,30.0,69.0,0.0,19
masto.lema.org,19954.0,36.0,0.0,5
mastodon.homelab.tokyo,1.0,12.0,0.0,1
terrible.city,,,,1
akkoma.kikuri.moe,,,,29
rails.social,4.0,6.0,0.0,6
www.naturistlife.co.uk,,,,4
webwizard.uk,0.0,1.0,0.0,2
epicyon.vikshepa.com,,,,3
nicolas.social,,,,1
geekstodon.com,43.0,28.0,1.0,14
md.peg.osaka,0.0,11.0,0.0,1
hci.social,7446.0,3049.0,23.0,2584
mstdn.mrmts.com,343.0,23.0,0.0,2
securitycafe.ca,408.0,34.0,1.0,20
social.toyuzuko.dev,0.0,14.0,0.0,5
mstdn.wildtree.jp,84.0,12.0,0.0,15
owo.sg,,,,1
social.mjohnson.net,,,,1
subversive.zone,14005.0,330.0,2.0,83
social.overheid.nl,1932.0,322.0,5.0,42
social.ksite.de,37.0,36.0,0.0,16
dfir.social,202.0,18.0,1.0,13
mastodon.acm.org,8557.0,1800.0,39.0,1080
researchbuzz.masto.host,2416.0,78.0,2.0,38
home.speakfree.social,2.0,14.0,0.0,105
welt.all.de,103.0,22.0,0.0,5
pixelfed.au,,,,1451
colovo.com,3.0,12.0,0.0,2
mastodon.kfed.org,0.0,0.0,0.0,2
solarsystem.social,118.0,75.0,5.0,16
hackers.town,53944.0,1994.0,3.0,366
lol.lamp.wtf,,,,4
chat.trueffzido.de,43.0,21.0,0.0,2
du.capricom.info,366.0,108.0,1.0,116
mastodon.in.th,4744.0,888.0,8.0,2996
eponaauthor.social,243.0,24.0,0.0,13
nonentity.fedicity.net,0.0,13.0,0.0,7
brians.town,0.0,0.0,0.0,4
masto.kreks.nl,,,,7
brettspiel.space,4606.0,1195.0,3.0,353
pixygram.com,,,,3
social.pornstarpromote.com,0.0,7.0,0.0,3
mastodon.liersch.it,2.0,2.0,0.0,3
tuffi.masto.host,103.0,11.0,0.0,1
mastodon.souperk.gr,0.0,0.0,0.0,5
mastodon.puffer.fish,1.0,13.0,0.0,6
topofthe.city,,,,2
bitwoods.duckdns.org,110.0,12.0,0.0,2
mstdn.yurutan.net,109.0,12.0,0.0,1
kpop.social,6611.0,524.0,16.0,150
heartystarty.net,0.0,22.0,0.0,2
social.ipsyn.net,51.0,21.0,0.0,3
cybervillains.com,87.0,142.0,0.0,254
mastodon.fsinf.at,20.0,35.0,1.0,25
jade.moe,2632.0,54.0,0.0,10
ohnepunktundkomma.org,0.0,11.0,0.0,5
mastodon.distos.org,3.0,5.0,0.0,1
pocketpixels.club,409.0,86.0,0.0,44
travelpandas.fr,,,,30
recht.social,1086.0,105.0,0.0,68
berlin.social,52553.0,5674.0,82.0,2890
raptol.net,2383.0,12.0,0.0,1
social.cwill.us,13.0,11.0,0.0,1
m.quaoar.xyz,120.0,234.0,0.0,110
mastodon.kylerank.in,,,,2
bluechakra.cloud,261.0,33.0,0.0,3
don.kumarin.co,,,,2
social.fluxfox.dev,757.0,12.0,0.0,4
mastouille.fr,15720.0,6049.0,0.0,21671
mastodon.svgun.ru,0.0,0.0,0.0,4
bbiz.io,31.0,12.0,0.0,16
www.ostkreuzblog.de,,,,1
seda.social,,,,307
www.listbuglar.com,,,,1
social.tacowolf.net,,,,1
hutte.macskatze.art,0.0,8.0,0.0,1
www.catswords.social,2582.0,135.0,9.0,48
mastod1.ddns.net,207.0,12.0,0.0,3
mastodon.kroy.io,68.0,11.0,0.0,1
mastodon.wellperns.com,10.0,49.0,0.0,110
x0f.org,,,,36
orfodon.org,27333.0,213.0,0.0,18
social.dbzfans.online,,,,1
foxes.rocks,32.0,83.0,0.0,11
terere.social,723.0,114.0,0.0,162
mastodon.tz.is,45.0,11.0,0.0,1
friends.polli.social,,,,7
toot.funami.tech,8665.0,904.0,4.0,5651
derpy.masto.host,69.0,21.0,0.0,3
ykzts.technology,14.0,12.0,0.0,1
mstdn.camora.dev,0.0,8.0,0.0,1
mond-basis.eu,982.0,59.0,0.0,12
social.secret-wg.org,508.0,123.0,0.0,28
mastodon.minionflo.net,1158.0,30.0,0.0,4
swisttal.social,7.0,26.0,0.0,8
sgb075.fedicity.net,,,,2
social.storydragon.nl,,,,2
misaka.chat,16.0,11.0,0.0,2
chatwithus.live,3368.0,141.0,0.0,13
mastodon.shatteredsky.net,2.0,12.0,0.0,1
oyasumi.space,516.0,125.0,1.0,58
stories.ahlroos.me,,,,1
pollyanna.social,854.0,13.0,0.0,3
social.finkhaeuser.de,878.0,23.0,0.0,3
bonequest.net,1904.0,100.0,2.0,120
mastodon.kneitzel.de,0.0,0.0,0.0,1
mastodon.olisti.co,0.0,1.0,0.0,1
ладога.su,0.0,3.0,0.0,6
t.testitfor.me,35.0,12.0,0.0,2
social.regenpfeifer.net,28.0,32.0,0.0,5
mstdn.fun.systems,22.0,12.0,0.0,1
muenchen.social,53459.0,9617.0,78.0,10871
social.aptx-4869.de,0.0,9.0,0.0,2
social.mpdl.mpg.de,121.0,255.0,1.0,361
mastodon.hongkongers.net,65446.0,1348.0,4.0,314
social.shanti.cafe,0.0,9.0,0.0,1
ricko.social,,,,2
felesitas.cloud,2174.0,74.0,0.0,16
mastodon.jing.lgbt,40.0,11.0,0.0,4
mastodon.ramble.moe,,,,1
exae.co,0.0,0.0,0.0,7
muri.network,,,,686
blooming-land.icu,1284.0,283.0,0.0,101
mastodon.thesuntrip.com,,,,3
atlbbs.com,9.0,22.0,0.0,2
photo.sarsworld.eu,,,,4
dommes.supremegoddesses.com,0.0,0.0,0.0,12
mastodon.galileivr.org,60.0,65.0,3.0,146
aircrew.rocks,125.0,202.0,0.0,75
social.findmyown.space,40.0,12.0,0.0,2
mastodon.rehtiniko.xyz,0.0,13.0,0.0,3
socialserver.science,381.0,22.0,0.0,22
social.npo.nl,,,,13
troet.cafe,564320.0,53722.0,1076.0,44293
fedi.at,1295.0,1004.0,20.0,521
m.csgo.gg,1.0,14.0,1.0,2
toot.nclf.net,1.0,12.0,0.0,3
wikimedia.social,13833.0,94.0,3.0,36
moonbow.garden,965.0,121.0,0.0,22
lsof.uk,,,,2
social.pincade.com.au,0.0,0.0,0.0,5
fedigroups.social,203.0,57.0,0.0,28
social.polysecure.ca,32.0,11.0,0.0,1
fidget.place,,,,2
mstdn.jetzou.com,0.0,2.0,0.0,6
mastodon.mcdowallfam.co,,,,10
thesinalab.de,,,,1
social.transsafety.network,6.0,22.0,0.0,7
livester.net,5074.0,158.0,21.0,699
mastodon.lafhq.nl,0.0,2.0,0.0,1
social.mondoweiss.net,190.0,34.0,0.0,3
esper.lol,28.0,27.0,2.0,18
mastodon.lo0.uk,27.0,34.0,0.0,3
mastodon.fediversity.eu,7.0,18.0,0.0,4
ala.masto.host,0.0,4.0,0.0,7
frawas.de,1469.0,36.0,0.0,5
mastodon.haetsal.me,0.0,0.0,0.0,2
social.adm.ink,760.0,23.0,0.0,2
justabit.social,55.0,11.0,0.0,3
mstdn.hyogo.jp,2244.0,109.0,0.0,346
mastodon.mikmak.cc,15235.0,25.0,0.0,8
leftover.puscii.nl,,,,1
mrcippy.xyz,105.0,12.0,0.0,1
masto.yttrx.com,793.0,313.0,74.0,979
longcovid.social,0.0,14.0,0.0,20
social.secwarz.com,,,,1
node.isonomia.net,,,,1
mastodon.nzoss.nz,5666.0,402.0,3.0,386
esq.social,12260.0,759.0,19.0,610
appy.cat,,,,1
hifish.social,0.0,0.0,0.0,5
eita.club,,,,12
social.ferrocarril.net,443.0,108.0,2.0,74
dara.li,4.0,7.0,0.0,7
ear.li,,,,4
hub.azkware.net,,,,1
mastodon.blackblock.rocks,0.0,0.0,0.0,14
clrk.space,,,,2
martianbase.net,239.0,11.0,0.0,1
nycity.social,19.0,9.0,0.0,10
netzkms.de,45.0,26.0,0.0,91
social.asturias.red,71.0,23.0,0.0,3
musicians.today,12815.0,1407.0,68.0,594
hoosier.social,7194.0,506.0,21.0,186
pixelfed.de,,,,44623
fediverse.repc.co,4.0,12.0,0.0,3
tooter.kr,0.0,4.0,0.0,13
qwq.ooo,100.0,77.0,0.0,10
mstdn.nursing.unibas.ch,73.0,72.0,0.0,10
montereybay.social,4537.0,158.0,4.0,47
fosstodon.org,240701.0,92153.0,232.0,62023
mastodon.ml,67507.0,5505.0,182.0,3035
implausiblyaverage.online,0.0,1.0,0.0,3
musicworld.social,23442.0,1150.0,301.0,598
talk.mls20.de,4.0,11.0,0.0,3
portside.social,15.0,4.0,0.0,10
mastodon.ie,104275.0,15595.0,100.0,21008
social.kd0ioe.com,,,,6
mastodon.joinhaven.us,0.0,0.0,0.0,2
mas.greatlakes.club,2.0,12.0,0.0,3
rosti.social,0.0,3.0,0.0,4
linux.social,209.0,414.0,0.0,492
bluefox.social,11.0,11.0,0.0,4
babka.social,22529.0,1531.0,20.0,833
thebigeasy.space,,,,43
nullpointer.org,77.0,70.0,1.0,8
toot.xdncs.com,0.0,10.0,0.0,2
masto.nerdy-technician.social,1092.0,20.0,0.0,2
pan.rent,923.0,77.0,3.0,27
social.r0r1.de,3.0,11.0,0.0,1
f.3ischn.de,,,,3
social.pixie.town,,,,44
social.peanutsmediaserver.com,0.0,7.0,0.0,2
mastodon.vtip.me,23.0,8.0,1.0,4
pictogram.social,,,,247
collapsible.systems,274.0,112.0,0.0,41
pixelfed.lovetux.net,,,,226
social.azuki.co,0.0,15.0,2.0,17
x.goonj.xyz,0.0,12.0,0.0,39
webperf.social,225.0,267.0,1.0,176
social.singularity.sh,22.0,12.0,0.0,1
social.deuill.org,,,,2
khiar.net,825.0,485.0,24.0,402
journodon.com,19.0,57.0,0.0,82
zdf.social,184.0,31.0,0.0,8
m.rakyll.org,0.0,0.0,0.0,1
toots.pp.ua,0.0,11.0,0.0,1
mastodon.paftech.se,7.0,3.0,0.0,2
inne.city,,,,21
m6n.onsen.tech,1271.0,159.0,0.0,322
imker.social,19.0,51.0,2.0,4
zarja.crq.systems,0.0,7.0,0.0,4
paquita.masto.host,113056.0,4572.0,0.0,2049
mastodon.opportunis.me,3616.0,309.0,2.0,55
mustard.blog,22929.0,1572.0,40.0,1879
rstats.me,2032.0,144.0,2.0,25
mastodon.sirrahd.com,,,,1
boothcomputing.social,358.0,11.0,0.0,3
friendsend.org,,,,1
community.orixon.org,29.0,41.0,3.0,11
mstdn.crakac.com,,,,1
spd.social,1308.0,234.0,5.0,56
ourtribeonline.com,78.0,35.0,1.0,5
medic.cafe,2217.0,93.0,1.0,28
nightly.fedibird.com,4167.0,1003.0,0.0,352
mentalhealth-masto.com,0.0,3.0,0.0,7
homestead.social,448.0,35.0,4.0,8
social.crablab.uk,483.0,26.0,0.0,4
mastodon.zazamankh.com,0.0,0.0,0.0,8
blubrry.chat,1.0,12.0,0.0,8
xeno.chat,21.0,35.0,0.0,7
sociafk.mym41l.co.uk,,,,56
ostfrieslnd.social,0.0,0.0,0.0,1
bvp.me,263.0,13.0,0.0,3
rat.party,0.0,4.0,0.0,15
antigram.org,,,,9
mastodon.dazed-gerbil.com,132.0,12.0,0.0,1
honeycomb.engineer,993.0,28.0,0.0,4
en.osm.town,14656.0,2203.0,45.0,879
bigrat.social,0.0,22.0,0.0,44
ku.vin.pet,,,,1
mstdn.klageweib.de,0.0,1.0,0.0,2
bropartment.party,,,,6
unstable.icu,,,,494
mastodon.enitin.xyz,762.0,45.0,3.0,4
folky.me,1.0,10.0,0.0,5
manny.dilithium.fr,,,,1
mtdn.anyqn.com,1511.0,11.0,0.0,7
mastodon.d09.app,,,,1
demtech.global,4.0,6.0,0.0,5
iys.io,0.0,7.0,0.0,21
mediapart.social,2659.0,279.0,8.0,22
fedi.rrr.sh,2009.0,59.0,3.0,6
dev.handon.club,55.0,29.0,6.0,30
mastodon.geekonweb.fr,63.0,13.0,1.0,4
lustigetiernamenbubble.de,3174.0,79.0,0.0,31
m.comfycamp.space,586.0,23.0,0.0,6
grammus.net,2.0,11.0,0.0,2
natterati.com,32.0,11.0,0.0,7
goddess.fedicity.net,,,,1
mastodon.inf.ethz.ch,,,,20
klunscher.social,0.0,11.0,0.0,2
smpl.hostdon.ne.jp,,,,2
mastodon.dev.iftas.org,0.0,19.0,0.0,5
mfy.social,46.0,12.0,0.0,1
is-a.cat,2227.0,119.0,0.0,16
opensimsocial.com,134.0,82.0,0.0,111
milliways.social,421.0,118.0,5.0,37
overgrown.garden,17.0,20.0,0.0,6
clownpropoganda.com,,,,3
alt.lawndale.space,,,,2
sonomu.club,5314.0,854.0,8.0,136
toulouse.social,,,,12
mastodon.straylight.engineering,8.0,4.0,0.0,8
mastodon.berlin,6781.0,2199.0,58.0,3744
qratedspace.me,,,,3
mastodon.westsideblogger.eu,1638.0,12.0,0.0,1
social.besties.house,3073.0,99.0,2.0,19
www.ams.su,,,,5
kolektiva.social,264348.0,28236.0,773.0,38208
mookiesplace.com,,,,1
greennet.social,297.0,70.0,1.0,34
yuzupon.fedicity.net,,,,1
mastodon.novylen.net,157.0,13.0,0.0,9
wiggle.website,,,,24
snowdon.jp,125.0,22.0,0.0,31
regenerate.social,1969.0,188.0,4.0,73
mstdn.sengenzakura.com,,,,2
chirpi.de,15.0,13.0,0.0,5
ooe.social,451.0,69.0,5.0,38
realms.jardin-des-slimes.fr,,,,7
mastodon.neoform.co,,,,3
social.galaxy-control.org,51.0,12.0,0.0,5
samenet.social,1207.0,104.0,4.0,89
saptodon.org,374.0,302.0,5.0,158
mastodon.evl.fi,,,,1
mastodon.gryphon.is,,,,3
spacerslike.us,3.0,11.0,0.0,9
ꩰ.com,199.0,12.0,0.0,1
gainer.cloud,236.0,187.0,4.0,231
stage.pixelfed.de,,,,14
mastodon.nerdlings.net,15.0,11.0,0.0,3
moresci.sale,,,,764
pics.houba.rocks,,,,1
gotosocial.net,,,,1
mofmof.coffee,3413.0,236.0,1.0,43
page.lgbt,190.0,42.0,4.0,10
etw.uk,43.0,15.0,0.0,39
donphan.social,5550.0,1090.0,12.0,3357
holopics.imperialba.se,,,,10
rathe.social,0.0,24.0,0.0,16
whitespashe.uk,55.0,12.0,0.0,4
mastodon.sdf.org,8851.0,2239.0,3.0,72952
fireplace.cafe,116.0,75.0,0.0,30
mast.srweaver.com,,,,2
mikrobloggen.no,12074.0,103.0,2.0,4
mkultra.monster,,,,8
guglhupf.social,,,,7
social.wastedalpaca.wtf,1909.0,14.0,0.0,11
t.kaikoga.net,14.0,12.0,0.0,1
fedist.me,1.0,12.0,0.0,4
homoo.social,5916.0,382.0,1.0,176
social.ullrich.is,,,,1
episcodon.net,279.0,149.0,22.0,187
social.rynth.net,,,,1
genomic.social,12347.0,3466.0,55.0,3841
burningboard.net,1567.0,580.0,60.0,162
sasa.africa,0.0,4.0,0.0,7
mstdn.musicforlife.jp,9.0,14.0,0.0,2
coolmathgam.es,9.0,3.0,0.0,49
social.bethejustin.com,15.0,11.0,0.0,3
gulo.monster,0.0,23.0,0.0,2
revcybertrucker.com,,,,2
mastodon.magnor.ovh,,,,1
tea.codes,,,,2278
mstdn.yue-kichi.world,989.0,12.0,0.0,2
mailcow.social,9.0,4.0,0.0,5
harekiet.com,4.0,12.0,0.0,1
viidalepp.me,0.0,1.0,0.0,1
gbo.social,,,,2
parasocial.network,3.0,24.0,0.0,5
yulran.masto.host,,,,2
toot.salted.fish,6.0,5.0,0.0,2
apricot.social,118.0,64.0,0.0,7
mast.giants-club.net,198.0,23.0,0.0,3
mstdn.io,23574.0,3729.0,0.0,1020
acc4e.com,15.0,41.0,0.0,9
mastodon.teia.art,284.0,106.0,0.0,220
toot.ebu.io,0.0,0.0,0.0,8
masto.machlis.com,121.0,23.0,0.0,2
our.devchatter.com,8.0,23.0,0.0,11
piconic.co,,,,493
twit.social,26865.0,11843.0,21.0,8278
post.miriel.dev,,,,1
antisocial.science,,,,290
mental.social,18934.0,1905.0,6.0,1649
epsilon-ix.masto.host,9281.0,72.0,1.0,11
phparch.social,129.0,63.0,0.0,14
gweep.cat,164.0,41.0,0.0,15
ezdog.org,307.0,4.0,1.0,1
cartersville.social,,,,155
xerrem.xyz,,,,9
3rdstone.cc,,,,1
moeda.me,,,,4
icom.lol,2.0,4.0,0.0,5
characters.cafe,4.0,25.0,1.0,17
theres.life,3086.0,520.0,5.0,317
social.nursetonyf.com,,,,1
toot.rhetro.de,11.0,12.0,0.0,1
brunch.zone,,,,3
mastodon.mixed-reality.social,0.0,1.0,0.0,2
tebukuro.xyz,,,,41
braunschweig.social,0.0,2.0,0.0,2
yoitsu.moe,3.0,10.0,0.0,5
hkc.social,445.0,58.0,0.0,6
cc.chat,,,,1
techdon.dev,34.0,12.0,0.0,7
engasjert.mdg.no,63.0,92.0,0.0,39
tzcafe.com,230.0,186.0,0.0,232
appdot.net,,,,140
kho.dev,0.0,1.0,0.0,3
idolmaster.live,,,,1
monarchists.uk,,,,2
crashloop.social,,,,9
mstdn-test.yuicho.net,,,,1
federated.glacier.dog,,,,41
botsin.space,,,,9001
masto.measure.chat,3.0,60.0,0.0,67
queer.group,,,,98
parody.town,12.0,59.0,0.0,7
mstd.dansmonorage.blue,139.0,37.0,0.0,28
mastodon.decentralised.chat,19.0,11.0,0.0,1
aleph.land,6545.0,529.0,4.0,1651
dasforum.org,76.0,38.0,0.0,18
chalk.moe,5086.0,145.0,7.0,19
tatooine.club,74.0,21.0,0.0,28
social.etwas42.de,59.0,28.0,1.0,2
oldpeople.cafe,0.0,0.0,0.0,10
mast.eu.org,3677.0,230.0,0.0,154
social.hintersphere.com,4.0,12.0,0.0,4
social.lillin.net,478.0,12.0,0.0,1
macnemo.social,1.0,12.0,0.0,2
mastodon.derpstra.nl,20483.0,75.0,0.0,8
firekitten.social,31.0,29.0,0.0,21
mastodon.omedia.cloud,,,,5
todon.ploud.fr,4313.0,38.0,11.0,751
b0x.social,,,,13
diskette.online,1.0,11.0,0.0,3
mastodon.lanofthedead.xyz,0.0,5.0,0.0,3
planetearth.social,879.0,429.0,96.0,228
wolvesare.sexy,100.0,18.0,0.0,2
social.futurnumerique.com,2.0,9.0,0.0,1
mastodon.yuuta.moe,131.0,58.0,0.0,30
terror.black,3009.0,33.0,0.0,6
mastodon.unmadegaming.com,6.0,12.0,0.0,10
pavlik.top,,,,1
furry.pet,0.0,10.0,0.0,2
bowlofpetunias.net,3.0,11.0,0.0,2
radio.w0abe.com,,,,2
obufalus.jp,1913.0,764.0,3.0,136
toot.ale.gd,2410.0,52.0,0.0,9
mastodon.melroy.org,237.0,34.0,1.0,8
toots.benpro.fr,,,,1
social.pp.lu,0.0,0.0,0.0,8
mstdn.yakitamago.info,23527.0,99.0,0.0,59
astral.camp,1462.0,294.0,15.0,112
porcelain.doll.repair,,,,9
strangeminds.social,48.0,15.0,3.0,4
1689.social,,,,13
rants.au,344.0,5.0,0.0,7
discourse.helenprejean.org,0.0,0.0,0.0,27
social.caskey-demaret.se,128.0,24.0,0.0,4
stay.woke.institute,3225.0,21.0,0.0,15
clacks.link,2913.0,196.0,1.0,30
www.knowicles.com,,,,2
criticalrolestats.com,0.0,0.0,0.0,2
foojay.social,1612.0,548.0,8.0,217
mastodon.lettucegarden.net,,,,1
social.nah.re,1225.0,35.0,0.0,9
social.fallenbeck.com,,,,1
catswords.social,2582.0,135.0,9.0,48
mastodon.eticadigital.eu,0.0,0.0,0.0,4
glitch.lgbt,384.0,96.0,2.0,66
garratt.social,0.0,5.0,0.0,1
mastodon.q2r.net,,,,2
weilnboeck.social,0.0,11.0,0.0,3
zacpwhite.social,6.0,11.0,0.0,1
mudhut.social,163.0,28.0,1.0,9
dz.social,1536.0,43.0,1.0,12
mastodon.fedivienne.org,1171.0,226.0,0.0,44
ruhr.social,82527.0,12354.0,147.0,10474
mastodon.computingcache.com,4.0,12.0,0.0,3
dysfunction.social,8.0,12.0,0.0,5
嘟文.com,656.0,342.0,30.0,129
mastodon.orbitmines.com,,,,3
pb.todon.de,,,,3
wholesome.computer,48.0,42.0,0.0,13
mazanec.social,10.0,33.0,0.0,6
deepspace.social,156.0,64.0,0.0,15
plantex.top,301.0,210.0,0.0,59
loser.cafe,,,,2
social.coletivos.org,1009.0,209.0,2.0,1431
vhspace.social,8.0,6.0,0.0,20
river.group.lt,2879.0,133.0,1.0,95
peoplemaking.games,17014.0,3141.0,46.0,2874
mitten.dur.ch,28.0,11.0,0.0,2
handmade.social,3450.0,321.0,3.0,89
pixelfed.babb.no,,,,190
rayci.st,,,,14
geekodon.org,,,,3
mstdn.rcode.fi,23.0,11.0,0.0,1
sandiegourbanists.com,85.0,117.0,0.0,82
nfdi.social,6048.0,544.0,3.0,151
social.litehell.info,11.0,12.0,0.0,1
sudojudo.com,,,,3
mastodon.flockofnazguls.com,,,,2
dragontavern.social,0.0,5.0,0.0,3
rincha.club,1.0,13.0,0.0,12
social.yba.dev,4.0,12.0,0.0,2
ist-ur.org,18.0,34.0,0.0,16
growers.social,2682.0,235.0,32.0,156
social.rickelobe.com,1541.0,24.0,0.0,4
stranger.social,23723.0,2059.0,92.0,9622
mastodon.pub.solar,1908.0,215.0,3.0,91
mastodon.common.se,400.0,14.0,0.0,8
freefortnitegift.cards,,,,7
maaw.social,658.0,70.0,0.0,18
community.irreni.social,0.0,3.0,0.0,1
guild.pmdcollab.org,1039.0,246.0,1.0,151
social.spejset.org,17264.0,1122.0,50.0,205
toot.chifilly.co.uk,,,,1
tormentnexus.dev,,,,1
3dp.chat,471.0,147.0,10.0,145
mastodon.scop.coop,507.0,192.0,15.0,105
social.jigmedatse.com,2065.0,13.0,0.0,5
m.teela.jp,,,,7
progressives.social,621.0,43.0,0.0,19
silicorn.social,,,,4
mastodon.thewarrens.name,46.0,12.0,0.0,3
mastodon.blaede.family,445.0,46.0,0.0,7
weirdo.network,,,,147
pfalz.social,12136.0,436.0,7.0,127
mofu.kemo.no,3857.0,249.0,1.0,208
tmi.pics,,,,4
bot.swiss.social,3342.0,101.0,2.0,12
toot.renn.es,189.0,12.0,0.0,4
mograph.social,3970.0,1006.0,27.0,497
s.mysw.moe,3289.0,22.0,0.0,4
borahae.love,411.0,17.0,0.0,49
genericsocialmediapage.com,39.0,11.0,0.0,3
inductive.space,150.0,120.0,0.0,20
waag.social,3388.0,676.0,206.0,90
bakedbean.xyz,11073.0,281.0,1.0,129
karakun.social,11.0,7.0,0.0,2
indieweb.social,55673.0,11057.0,95.0,11550
protogen.social,,,,45
devolver.social,0.0,0.0,0.0,7
xarxamontgri.masto.host,1355.0,39.0,0.0,12
pixelfed.rzgierskopp.de,,,,5
social.ei8fdb.org,34.0,22.0,0.0,5
social.data.coop,2625.0,266.0,1.0,40
mstdn.sidh.bzh,,,,2
social.cs.swarthmore.edu,0.0,0.0,0.0,26
indigenousgulf.online,98.0,69.0,3.0,10
bewegung.social,2318.0,282.0,1.0,47
lyricalpalette.social,0.0,18.0,0.0,3
mastodon.draeh.org,27.0,5.0,0.0,1
tivia.social,31.0,36.0,0.0,27
social.fuzzyoverlords.org,4.0,13.0,0.0,4
www.blabbergoats.com,,,,8
morph.todon.de,3111.0,29.0,0.0,5
tootr.co,1316.0,39.0,2.0,24
wjlafrance.net,0.0,0.0,0.0,2
kavlak.uk,232.0,17.0,0.0,5
toots.matapacos.dog,2411.0,576.0,8.0,255
social.yaofur.com,39.0,12.0,0.0,1
mastodon.flifloo.fr,3.0,22.0,0.0,5
social.tthi.as,5.0,12.0,0.0,1
mates.cafe,50.0,21.0,1.0,6
tester.social,0.0,3.0,0.0,7
mastodon.is-a.horse,269.0,55.0,2.0,19
lea.lgbt,890.0,12.0,0.0,3
hole.ucas.icu,,,,307
me.syslog.eu,0.0,2.0,0.0,2
docviper.de,55.0,16.0,0.0,2
technodon.org,145.0,78.0,9.0,94
imkerei.social,,,,3
lawfedi.blue,19876.0,32.0,0.0,6
lilkev.dev,0.0,5.0,0.0,4
piraten-partei.social,1500.0,199.0,0.0,24
micro.jacksonchen666.com,,,,4
mastodon.moonling.nl,0.0,8.0,0.0,5
mastodon.adrienlacombe.me,,,,4
social.curlyphries.net,,,,3
gardenstate.social,4752.0,631.0,74.0,675
mastodon.vapronva.pw,1.0,11.0,0.0,3
libraryland.social,77.0,108.0,0.0,86
dimick.social,0.0,3.0,0.0,1
syndicat.solidaires.org,,,,91
mastodon.nickcharlton.net,153.0,12.0,0.0,1
pho.social,0.0,14.0,0.0,21
x.gthree.win,21.0,5.0,0.0,2
mastodon.stsecurity.moe,0.0,1.0,0.0,3
pix.noyaskey.net,,,,10
social.klein.ruhr,136.0,12.0,0.0,3
blog.mbe.tv,76.0,35.0,0.0,6
mastodon.cemea.org,652.0,107.0,4.0,140
mastodon.scollectif.fr,10420.0,2815.0,6.0,409
pix.lalafell.org,,,,16
mastodon.hr,15011.0,111.0,3.0,130
hom.ph,36.0,31.0,0.0,8
fax.social,1.0,12.0,0.0,2
social.ziez.eu,0.0,12.0,0.0,3
boumi.me,62.0,12.0,0.0,2
groovytoot.com,,,,14
community.growregen.org,27.0,24.0,0.0,3
social.lilac.lab.shortcord.com,377.0,18.0,0.0,2
mastodon.hamburg,,,,7
mastodon.snmsoc.org,1349.0,12.0,0.0,3
librarysocialism.social,143.0,28.0,2.0,22
notbird.app,0.0,11.0,0.0,6
nixos.paris,271.0,39.0,0.0,6
howdidthisgethere.masto.host,,,,2
pix.anduin.net,,,,1054
masto.sadrarin.com,6278.0,100.0,1.0,5
toot.community,,,,31298
fundraising.social,70.0,44.0,1.0,24
rssfeed.media,6295.0,25.0,0.0,6
bertha.social,4731.0,289.0,6.0,113
social.mailpace.com,,,,2
setouchi.social,1060.0,12.0,0.0,1
lyingvoid.social,430.0,31.0,0.0,38
gnurfl.de,2.0,1.0,0.0,1
mededelingen.civieleautoriteiten.nl,2.0,8.0,0.0,1
mastodon.useless.one,0.0,1.0,0.0,6
najmon.com,,,,23
gaken.social,0.0,23.0,0.0,2
mastodon.breiteberg.de,3.0,32.0,0.0,6
spacelase.rs,,,,20
pixel.maik.ch,,,,1
pixelfed.automat.click,,,,456
social.evl.im,256.0,13.0,1.0,5
mastodon.8086.org,0.0,11.0,0.0,1
publicgood.social,127.0,87.0,0.0,68
respublicae.eu,8991.0,777.0,0.0,1592
mastodontti.fi,48200.0,6168.0,387.0,5288
hackers.org,0.0,7.0,0.0,1
better.boston,3032.0,1191.0,6.0,654
mastodon.laurenweinstein.org,1941.0,12.0,0.0,1
eozygodon.com,157.0,16.0,0.0,7
brunic.com,2.0,5.0,0.0,2
dial.modem.show,53.0,12.0,0.0,5
toot.mrah.live,5.0,12.0,0.0,1
suma-ev.social,348.0,207.0,8.0,66
theplant.social,0.0,26.0,0.0,66
unitedmastodon.com,0.0,3.0,0.0,2
o0o.social,518.0,25.0,0.0,7
buttsex.restaurant,9.0,26.0,0.0,4
junkhub.org,,,,2
odenwald.social,69.0,24.0,1.0,17
trees.social,604.0,79.0,0.0,8
mastodon.localecho.net,56.0,14.0,0.0,11
social.milktea.io,0.0,12.0,0.0,7
nbaden.club,0.0,7.0,0.0,111
federator.de,,,,2
peering.social,,,,11
tjatse.no,0.0,12.0,1.0,3
pkm.social,3718.0,1773.0,15.0,1453
biscuit.town,,,,36
teal.social,580.0,239.0,0.0,101
mastodon.com.py,,,,4175
frankfurt.social,2945.0,576.0,2.0,224
fedi.0x42.ch,,,,1
masts.lv,158.0,47.0,0.0,15
qa.social,0.0,2.0,0.0,45
mastodon.riebe.cloud,1.0,16.0,0.0,10
howdee.social,273.0,34.0,0.0,7
social.erw.ink,0.0,5.0,0.0,1
masto.krashboyz.org,2626.0,59.0,3.0,10
gotosocial.stripittoride.club,,,,1
www.ldwg.me,,,,2
fellies.social,2508.0,146.0,1.0,21
mtg.garden,13.0,69.0,0.0,24
polyglot.city,10902.0,572.0,10.0,184
mrnet.pt,,,,23
mstdn-amadeus.tech,737.0,88.0,0.0,35
fpv.social,106.0,54.0,1.0,9
social.villains.live,0.0,4.0,0.0,8
mstdn.axhxrx.com,,,,3
onephoto.club,11.0,84.0,1.0,38
cariad.social,44.0,14.0,0.0,2
etc.passwd.org,2.0,19.0,0.0,4
masto.extragornax.fr,,,,2
babyhollywood.social,108.0,25.0,1.0,1
iu.social,0.0,7.0,1.0,189
celsius.letemps.social,319.0,11.0,0.0,12
deepalenight.com,,,,32
mastodon.neshweb.net,0.0,12.0,0.0,2
mastadano.com,640.0,93.0,1.0,47
wansaw.com,,,,2
thu.closed.social,,,,20121
masto.batichi.net,516.0,11.0,0.0,1
mast.fslurs.gay,,,,17
mstd.seungjin.net,6915.0,47.0,0.0,8
toot.aquilenet.fr,14181.0,2111.0,62.0,5224
twiukraine.com,10757.0,1254.0,33.0,2124
mastodon.tails.ch,273.0,57.0,0.0,16
dewp.space,380.0,266.0,0.0,53
physfluids.fr,117.0,35.0,0.0,7
blobfox.coffee,,,,88
infosec.space,,,,117
polaroid.absturztau.be,,,,444
sling.monster,,,,2
pix.racoon.social,,,,3
worm.horse,682.0,109.0,0.0,77
justsave.space,4.0,327.0,0.0,68
ofsexandlove.com,,,,2
nostr.bar,,,,6
okla.social,795.0,295.0,32.0,183
mwtaylor.social,3.0,11.0,0.0,1
magical-ribbon.net,0.0,0.0,0.0,2
cliff.social,0.0,0.0,0.0,3
rustodon.hopto.org,,,,8
social.yewdar.world,0.0,12.0,0.0,3
toot.re,2275.0,285.0,26.0,243
mstdn.gunma.jp,23.0,106.0,2.0,52
mazaska.social,124.0,22.0,0.0,3
mastodon.nekojimi.moe,0.0,22.0,0.0,3
μ.computer,194.0,20.0,0.0,4
toot.hoyle.me.uk,368.0,12.0,0.0,2
pix.miri64.xyz,,,,1
minds.excession.llc,0.0,0.0,0.0,2
mastodon.pappenklatsch.de,2.0,12.0,0.0,2
social.exclaimindustries.net,7.0,12.0,0.0,1
garrison.su,1019.0,12.0,0.0,1
megantoots.com,4.0,11.0,0.0,1
masto.deoan.org,3126.0,68.0,2.0,18
pixel.livellosegreto.it,,,,606
mastodon.cl,9478.0,113.0,6.0,88
fedi.limes.pink,144.0,23.0,0.0,2
tu.social,434.0,157.0,0.0,173
melonsoda.site,186.0,12.0,0.0,1
pixelfed.flawbee.net,,,,2
pzdc.drakoshaslv.ru,,,,2
retrogaming.social,364.0,113.0,4.0,37
velour.social,139.0,12.0,0.0,1
social.underdesk.net,0.0,10.0,0.0,1
xn--t8j1bd0a4k.xn--q9jyb4c,66.0,13.0,0.0,4
kamel.social,14.0,32.0,0.0,10
social.spiezmaestro.ch,260.0,11.0,0.0,1
troet.burg-halle.de,83.0,36.0,0.0,16
paperbay.org,183.0,27.0,0.0,6
liminalgici.spacc.eu.org,,,,5
mastodon.highteq.net,27.0,22.0,0.0,3
furry.energy,1070.0,379.0,0.0,205
ku-kan-ya.hostdon.ne.jp,,,,3
sbntest.masto.host,,,,7
deepspace.gay,,,,2
elb.cloud,1.0,11.0,0.0,4
super-gay.co,4439.0,531.0,0.0,210
social.ichor.work,1.0,11.0,0.0,3
friend.baai.ac.cn,0.0,28.0,1.0,18
snoot.tube,,,,6
toot.the-cloud.io,0.0,0.0,0.0,1
intotheriff.com,,,,5
social.petertoushkov.eu,665.0,11.0,0.0,1
thejuniverse.no,10.0,46.0,0.0,299
physchem.science,637.0,34.0,0.0,10
fedi.mvpgame.dev,981.0,12.0,0.0,3
miltackink.space,2.0,12.0,1.0,9
social.chatty.monster,623.0,12.0,0.0,3
twipped.social,818.0,22.0,0.0,5
muknown.jp,,,,44
mastodon.clinicians-exchange.org,4898.0,105.0,2.0,18
furry.engineer,51195.0,4409.0,70.0,1475
masto.toadking.com,3.0,12.0,0.0,1
closednetwork.social,,,,45
social.harter.us,132.0,12.0,0.0,3
drumcorps.social,0.0,18.0,0.0,5
dm824.fedicity.net,99.0,121.0,1.0,16
dagegenbewegen.social,41.0,29.0,0.0,4
roughdraft.party,0.0,3.0,0.0,1
tooot.im,10427.0,2348.0,13.0,3413
swecyb.com,792.0,282.0,2.0,45
social.roeckoe.be,63.0,23.0,0.0,6
farmgarden.nora.social,320.0,145.0,1.0,29
gts.scoobysnack.net,,,,3
mstdn.plusminus.io,12393.0,87.0,1.0,20
mastodon.cr,15323.0,369.0,12.0,406
evilmeow.com,3.0,15.0,0.0,3
preciouslittle.life,,,,6
sauropods.win,23641.0,901.0,1.0,672
widget.uk,1454.0,24.0,0.0,2
fans.sonichu.com,,,,8
driveinsaturday.org,1519.0,24.0,0.0,4
prattle.top,1.0,10.0,0.0,1
mastodon.haris.paris,2.0,11.0,0.0,1
social.mootech.eu,,,,18
pixelfed.louy.social,,,,6
orbital.horse,2016.0,23.0,0.0,4
fedi.truth-sandwich.com,45.0,12.0,0.0,1
tentacle.social,15.0,18.0,0.0,6
social.ornella.xyz,,,,1
pixel.sp-codes.de,,,,21
crosstalk.tech,732.0,150.0,15.0,117
social.msa2p.be,0.0,0.0,0.0,2
nemushee.net,,,,229
hunterlife.net,1446.0,233.0,1.0,44
fckmsk.social,,,,3
foresdon.jp,4448.0,654.0,1.0,282
queerspirituality.social,824.0,28.0,2.0,7
2sheds.online,,,,1
mastodon.mgtow.pl,81.0,13.0,1.0,8
mastodon.metalbanana.net,19.0,11.0,0.0,3
pynews.com.br,669.0,59.0,0.0,6
jasette.facil.services,8660.0,1049.0,11.0,739
disabled.social,33626.0,1983.0,54.0,2820
toot.monster,,,,4
gaydadon.jp,1056.0,477.0,10.0,313
wonderful.social,,,,14
guitar.rodeo,326.0,312.0,2.0,2226
urda.social,58.0,11.0,0.0,1
omusubi.ayarika.com,,,,1
triangletoot.party,8758.0,769.0,3.0,366
webdebolsillo.com,,,,1
social.dorf-post.de,,,,9
xforum.dev,0.0,0.0,0.0,1
cornputer.org,21.0,13.0,0.0,3
mastodon.akxnet.de,,,,2
social.luca.run,249.0,16.0,0.0,6
beppo.online,2492.0,184.0,0.0,22
www.creatives-berlin.de,,,,2
ma.akazia.eu,24.0,4.0,0.0,1
social.kraftw3rk.de,16.0,10.0,0.0,2
7snowrin.net,,,,4
mastodon.transneptune.net,389.0,47.0,0.0,16
social.menzel.lol,42.0,33.0,0.0,4
coales.co,759.0,70.0,1.0,35
sausage.social,18.0,28.0,0.0,10
nautilus.place,0.0,16.0,0.0,3
moodoo.org,251.0,11.0,0.0,1
stammy.design,10.0,12.0,0.0,1
social.niso.org,34.0,24.0,0.0,3
hispagatos.space,4155.0,731.0,5.0,2817
cascarilla.social,916.0,54.0,0.0,8
breakpoint.cafe,286.0,33.0,0.0,7
social.crinstamcamp.com,0.0,12.0,0.0,1
lgbtqia.space,54707.0,2501.0,116.0,1337
rsngrtn.fyi,63.0,12.0,0.0,2
shadowverdon.info,799.0,127.0,0.0,121
waskuisland.com,4460.0,145.0,8.0,38
alphabetica.masto.host,,,,3
kitzmiller.social,0.0,5.0,0.0,6
awawa.meo.ws,0.0,16.0,0.0,10
humber.news,0.0,11.0,0.0,37
tardis.pw,,,,3
slonik.0chan.ru,9.0,36.0,0.0,56
x.coderblog.in,,,,3
free.gluten.space,604.0,42.0,0.0,12
social.dargan.uk,2.0,12.0,0.0,1
raptor-care.center,0.0,5.0,0.0,1
p.antsu.net,247.0,12.0,0.0,1
masto.efdnet.com,10.0,12.0,0.0,1
asocial.social,,,,6
social.thunderkeys.net,0.0,3.0,0.0,2
ferretfrizz.biz,48.0,16.0,0.0,5
ngmx.com,6265.0,131.0,0.0,13
pxl.roflcopter.fr,,,,1054
abraham.su,3971.0,11.0,0.0,1
neovibe.app,,,,687
sizestation.com,,,,1
dao.chinese.org,0.0,4.0,0.0,48
social.atiusamy.com,,,,7
legaltech.social,0.0,2.0,0.0,4
mas.todon.rocks,31.0,11.0,0.0,1
smitenet.com,0.0,3.0,0.0,1
social.iheartmichelle.com,0.0,11.0,0.0,2
bloade.social,4.0,12.0,0.0,1
travis.webseitler.com,,,,4
plsnobully.me,0.0,2.0,0.0,1
mtdn.ryuka-lucas.net,,,,2
alaskan.social,6096.0,633.0,10.0,149
i-love.liloandstit.ch,47.0,14.0,0.0,5
themeparks.social,51.0,15.0,0.0,6
famline.ru,,,,4
tooter.sftn.eu,0.0,24.0,0.0,13
social.detektor.fm,277.0,23.0,0.0,7
mast.wurmela.de,,,,6
radikal.social,3752.0,646.0,68.0,297
amphora.social,0.0,19.0,0.0,4
komachan.jp,0.0,2.0,0.0,4
toots.niark.nexus,6.0,7.0,0.0,5
wrong.tools,174.0,23.0,0.0,5
mastodon.lothlorien.net,311.0,11.0,0.0,4
tim-maloney.com,,,,1
social.subpolygon.com,4.0,12.0,0.0,6
developers.live,14.0,7.0,0.0,4
bauphysik.social,19.0,19.0,0.0,6
eicker.news,2298.0,124.0,0.0,12
mastodon.mail.at,2.0,26.0,0.0,7
avision-it.social,47.0,46.0,0.0,33
inscribe.social,,,,6
istoleyour.pw,371.0,12.0,0.0,1
social.esmarconf.org,649.0,36.0,4.0,70
async.social,35.0,23.0,0.0,19
73-110.pl,68.0,22.0,0.0,11
werebeast.net,,,,23
kinky.business,24368.0,6469.0,19.0,13454
tender-hearted.com,,,,2
dogs.chat,90.0,20.0,0.0,7
melendez.land,269.0,29.0,0.0,4
worldtravel.photos,26.0,31.0,1.0,7
social.wastaken.xyz,0.0,9.0,0.0,3
pixelfed.pix-n-chill.fr,,,,18
wandering.shop,111124.0,8637.0,33.0,3760
entrepreneurlibre.org,,,,69
megalonyx.social,231.0,11.0,0.0,3
tech.lgbt,271023.0,27609.0,340.0,14207
wasnever.cool,6.0,10.0,0.0,2
puppo.space,14.0,44.0,0.0,27
dragons.social,0.0,3.0,0.0,5
harrystyl.es,,,,10
reactions-test.mara.guru,,,,2
sleepybear.dev,0.0,12.0,0.0,2
e.fo,6679.0,242.0,4.0,860
talk.stayas.one,36.0,22.0,0.0,3
autistics.life,19765.0,842.0,10.0,134
pxl.nochiiverse.eu,,,,4
smol.cafe,0.0,21.0,0.0,2
mstdn.di-do.net,6.0,24.0,0.0,10
m.adventurehound.io,171.0,31.0,1.0,4
lektoren.dk,,,,2
zpravobot.news,174254.0,3422.0,9.0,379
book.everythingbagel.me,,,,2
okpeace.org,0.0,20.0,0.0,10
micro.baixllobregat.social,,,,8
mastodon.xcsdm.com,,,,3
mastodon.dennisforbes.ca,,,,1
social.drenth.xyz,4.0,31.0,0.0,4
genxer.nz,,,,1
stream.mykdeen.com,,,,1
mastodon.landlordsguild.com,34.0,11.0,0.0,4
aseriesoftubes.social,,,,2
mastodon.bstly.de,38.0,22.0,0.0,14
vrcjp.hostdon.ne.jp,,,,175
mastodon.tejat.net,26.0,35.0,0.0,7
mastodon.tomaszdunia.pl,,,,1
gamedev.lgbt,7727.0,568.0,7.0,159
rubberchicken.social,8.0,12.0,0.0,8
mastodon.com.tr,6477.0,2350.0,0.0,21043
aachen.social,,,,98
animeomake.com,0.0,4.0,0.0,1
futen.work,12736.0,299.0,1.0,77
snug.town,350.0,34.0,0.0,6
mastodon.woodburn.au,13.0,11.0,0.0,4
mastodon.cryobyte.net,0.0,4.0,0.0,3
mastodon.melin.org,2131.0,101.0,2.0,19
social.feep.org,33.0,15.0,0.0,2
nap.social,,,,14
dsj-toot.com,,,,14
pixelfed.com.tr,,,,92
tootsmcgoots.io,12.0,12.0,0.0,7
harbour.cafe,30.0,12.0,0.0,2
sobieski.social,0.0,0.0,0.0,2
ufoo9k.space,,,,3
toottoot.eu,135.0,35.0,0.0,3
meta.masto.host,30251.0,71.0,0.0,160
masto.adamchandler.me,,,,6
sevenscreens.net,2.0,6.0,0.0,1
mastodon.hayfarmusa.com,,,,1
mastodon.desord.re,73.0,16.0,0.0,4
evrial.com,0.0,12.0,0.0,1
zentribe.social,0.0,1.0,0.0,5
mastodon.blip.rocklin.dev,88.0,23.0,0.0,3
social.anufrij.de,161.0,15.0,0.0,2
psu.social,4056.0,75.0,0.0,15
burma.social,1131.0,508.0,30.0,1458
rwx.ch,6.0,11.0,0.0,5
thetare.tech,4438.0,210.0,0.0,23
mxin.org,0.0,1.0,0.0,6
social.horrorhub.club,5791.0,708.0,3.0,335
mastodon.malbela.net,0.0,11.0,0.0,2
social.edist.ro,16750.0,243.0,3.0,28
molaguay.xyz,0.0,1.0,0.0,4
social.owlcode.tech,456.0,11.0,0.0,2
groupthink.fun,0.0,9.0,0.0,6
mixedwrestlinguk.masto.host,0.0,7.0,0.0,9
goblin.technology,,,,24
friends.deko.cloud,,,,32
mindplex.sotatek.works,,,,69
3rdwall.net,0.0,8.0,0.0,6
hairbow.lol,,,,19
wpmastodon.es,28.0,29.0,0.0,33
qaf.men,15117.0,1539.0,422.0,968
noods.fun,2872.0,293.0,18.0,103
h-i.social,1845.0,108.0,0.0,18
toot.onlyfans.tokyo,,,,2
franken.social,3300.0,333.0,5.0,63
mastodon2.juggler.jp,,,,5
friend.camp,10582.0,475.0,0.0,96
masto.pogmom.me,662.0,23.0,0.0,6
social.purple-horizon-clan.net,1.0,11.0,0.0,5
gamerr.cyou,622.0,199.0,0.0,125
vhs.social,682.0,110.0,0.0,20
agora-thinktanks.social,60.0,28.0,0.0,6
social.r4v3.party,,,,9
sad.earth,,,,5
gts.kelbie.scot,,,,1
pf.floofy.city,,,,4
moyu.social,6.0,12.0,0.0,10
ma.s0c.in,3.0,11.0,0.0,1
social.montceleste.fr,50.0,6.0,0.0,2
3zi.ru,30165.0,153.0,5.0,20
wargamers.social,2225.0,924.0,26.0,665
poyusbuddy.com,5.0,12.0,0.0,10
toots.ch,1538.0,26.0,2.0,5
decco.net,0.0,20.0,0.0,4
mastodon.robomwm.com,8.0,9.0,0.0,1
friends.thoshis.net,,,,1
julialang.social,,,,244
kinkyelephant.com,11327.0,2024.0,16.0,4957
pixelfed.festnoz.de,,,,5
pixelfed.orko.it,,,,6
masto.design,,,,3
mastodon.fjerland.no,154.0,11.0,0.0,1
epicyon.libreserver.org,,,,1
dataare.cool,3160.0,94.0,0.0,10
tarasupadon.com,563.0,47.0,0.0,7
mastodon.activitypub.be,,,,2
grosshans.online,0.0,18.0,0.0,5
bloor.tw,563.0,21.0,0.0,3
fedi.omada.cafe,104.0,80.0,0.0,15
nijinofune.com,0.0,0.0,0.0,1
awesomein.space,,,,3
mastodon.mwegner.com,0.0,12.0,0.0,1
a2mi.social,13701.0,1045.0,7.0,431
nonoino.masto.host,2222.0,35.0,0.0,1
mastodon.business,24.0,26.0,0.0,5
mastodon.lebreton.fr,0.0,2.0,0.0,1
na.social,,,,11
social.spork.gg,0.0,0.0,0.0,1
ballhaus.community,21.0,27.0,0.0,15
sanktgeorg.art,,,,2
stephenwuebker.social,117.0,12.0,0.0,1
beeslink.com,54.0,41.0,1.0,7
eu.mastodon.green,,,,55
retroverse.social,2091.0,96.0,0.0,22
lehrerzimmer.social,934.0,244.0,0.0,169
mstdn.nagito.net,324.0,121.0,0.0,25
acat.world,,,,3
hdev.im,230.0,35.0,0.0,3
mastodon.mitmaro.dev,0.0,4.0,0.0,23
mstdn.bar,0.0,11.0,0.0,6
toot.rayonnant.org,58.0,9.0,0.0,2
mastodon.astifter.com,95.0,12.0,0.0,1
devianze.city,3690.0,240.0,39.0,85
social.thedevane.family,184.0,55.0,1.0,8
expressional.social,63478.0,2347.0,148.0,3231
saint-paul.us,161.0,24.0,1.0,5
ftrv.se,,,,1
thejoyo.com,,,,1
drizzle-damp.net,15844.0,639.0,4.0,93
mstdn.animexx.de,2252.0,508.0,26.0,347
scrappydog.com,,,,2
bayerwald.cafe,6.0,12.0,0.0,3
noclick.se,,,,7
pix.diaspodon.fr,,,,621
mas.home.monsiteinternet.org,16.0,11.0,0.0,2
chillr.de,,,,2
hacks.fi,0.0,13.0,0.0,20
piupiupiu.com.br,777.0,81.0,0.0,44
social.admin.ch,,,,8
symas.social,38.0,11.0,0.0,2
poag.one,,,,2
social.xavierbigfox.net,0.0,4.0,0.0,1
mib.contact,262.0,10.0,0.0,1
mastodon.nekohell.eu,0.0,0.0,0.0,2
blabber.lu-rp.net,789.0,917.0,0.0,1482
ma.rokoucha.net,3.0,12.0,0.0,1
janerationx.social,,,,1
ssda.me,4.0,9.0,2.0,3
social.yearg.in,76.0,24.0,0.0,2
social.synerate.com,,,,3
ni.hil.ist,14506.0,1004.0,16.0,397
shelter.moe,29361.0,2848.0,107.0,1681
shadows.rest,11.0,77.0,0.0,31
ellieayla.net,431.0,11.0,0.0,1
katholisch.social,807.0,129.0,18.0,21
mascodon.jp,916.0,243.0,2.0,54
www.perspectist.com,,,,1
mastodon.gruenerfaecher.eu,0.0,0.0,0.0,4
4bear.com,10460.0,2044.0,59.0,1300
claristdon.link,118.0,126.0,0.0,14
staging.pixelfed.net,,,,195
masto.es,152082.0,16629.0,1346.0,26971
pix.webm.ink,,,,3
pcgaming.club,,,,4
oye.social,777.0,122.0,2.0,27
mastodon.darksheep.social,0.0,3.0,0.0,11
social.twotenlabs.net,5293.0,79.0,1.0,13
mastodon.floyd.dk,6.0,8.0,0.0,2
dango.holyassociates.com,,,,1
straylight.expectnomore.net,1.0,12.0,0.0,20
sampleg325ps7z3d6oqadfgmokwvuic72lgr3b4um22ekgf3jq6ebaad.onion.monster,,,,1
antisocial.existentialdread.com,,,,3
pixelfed.furryfandom.me,,,,218
dresserfamily.social,0.0,0.0,0.0,2
dariox.club,18.0,49.0,3.0,143
tankchat.it,,,,1247
poyoro.id,14.0,48.0,2.0,62
ocw.social,1120.0,65.0,2.0,11
serenityos.social,574.0,152.0,0.0,37
social.kiziah.cloud,1.0,10.0,0.0,1
literatur.social,42020.0,2535.0,54.0,884
mtgjudge.social,360.0,44.0,0.0,27
birdon.social,2032.0,294.0,14.0,426
creature.social,1.0,23.0,0.0,6
feenix.community,0.0,3.0,0.0,2
social.process-one.net,15.0,30.0,0.0,6
nemargut.com,9.0,8.0,0.0,1
companies.social,,,,7
mastodon.wdorff.dev,7.0,13.0,0.0,2
social.pixels.pizza,,,,2
infosec.exchange,496592.0,105679.0,1607.0,69864
m.lonet.org,1397.0,41.0,0.0,6
social.ourwebgrove.com,,,,11
puyopuyotetr.is,50.0,45.0,7.0,9
blahaj.finch.ink,0.0,1.0,0.0,5
splat00n.ink,7266.0,265.0,4.0,75
mst.ramsdr.ru,160.0,50.0,0.0,5
neverwhe.re,227.0,14.0,0.0,2
mastodon.bentobin.com,0.0,0.0,0.0,1
pixels.gsi.li,,,,162
boys-love.xyz,,,,12
social.egalwaat.lu,153.0,21.0,0.0,10
wizarding-world.icu,4803.0,21.0,0.0,2
mastodon.simply-life.net,77.0,22.0,0.0,3
satori.cafe,18.0,14.0,0.0,2
don.rag.pub,60.0,11.0,0.0,1
altparty.social,2.0,13.0,0.0,6
kinkworks.com,,,,2
zocial.ee,,,,25
interledger.social,50.0,24.0,2.0,19
masto.marcleroi.be,,,,5
digitalsektor.se,,,,7
mamutut.space,42.0,13.0,0.0,5
toot.quest,0.0,0.0,0.0,3
open3dlab.social,747.0,90.0,0.0,150
schnauzer.social,0.0,1.0,0.0,4
mstdn.anqou.net,,,,36
volumetrics.social,,,,6
mastodon.rapidcow.org,,,,3
radz-at-han.city,0.0,0.0,0.0,3
beta1764.voyager.blue,,,,7
staging.mstdn.maud.io,,,,11
social.mirkwood.io,0.0,0.0,0.0,3
nullisland.social,,,,9
fulda.social,1962.0,1009.0,3.0,3198
loud.computer,933.0,52.0,0.0,8
flauschhausen.de,84.0,30.0,0.0,5
superhappy.social,180.0,30.0,1.0,10
mastodon.hosnet.fr,45.0,177.0,0.0,438
ifwo.eu,681.0,126.0,4.0,40
social.savemy.name,1.0,23.0,0.0,4
jazztodon.com,1385.0,438.0,4.0,280
amastodon.uk,541.0,49.0,1.0,32
fractalthreads.net,0.0,0.0,0.0,2
shrimply.social,229.0,29.0,1.0,10
mastodon.mebitek.com,1.0,7.0,0.0,1
mastodon.1in1.net,0.0,7.0,0.0,8
fujun-bungaku.com,450.0,66.0,0.0,15
www.librepunk.club,7163.0,604.0,7.0,270
masto.ink,25528.0,314.0,6.0,27
mastodon.free-solutions.org,1531.0,314.0,26.0,869
social.uibk.ac.at,10621.0,412.0,26.0,101
fountainpen.social,,,,21
einbeck.social,1430.0,150.0,2.0,34
beta.tapbots.social,0.0,46.0,0.0,18
exploit.social,,,,15
teh.entar.net,3950.0,203.0,0.0,35
social.larus.se,,,,1
strivings.life,,,,16
av8r.ca,2.0,5.0,0.0,3
social.eqver.se,3.0,24.0,1.0,17
spaceup.city,189.0,22.0,0.0,4
dabzyum.masto.host,,,,9
mastodon.medienzentrenbw.de,5.0,29.0,1.0,6
pixelfed.helvetet.eu,,,,3
nasface.cz,,,,1390
mastodon.cthos.dev,615.0,25.0,1.0,2
inari.click,0.0,11.0,0.0,5
mathstodon.xyz,74215.0,22973.0,643.0,17998
social.exo.icu,1723.0,70.0,0.0,8
pouet.space,146.0,36.0,0.0,15
notpickard.com,159.0,11.0,0.0,1
hackodon.com,3.0,7.0,0.0,3
foxfamily.online,0.0,7.0,0.0,3
esperanto.masto.host,3233.0,1740.0,14.0,1157
mastd.dev,11.0,14.0,0.0,7
social.tgj.services,,,,5
newmusic.social,,,,12
retirenow.top,7968.0,1900.0,13.0,556
raggedfeathers.com,1818.0,120.0,0.0,18
hellions.cloud,11942.0,28.0,1.0,11
pixelfed.tal.org,,,,2
girlcock.club,27469.0,4088.0,45.0,1958
mstdn.3naly.xyz,411.0,84.0,1.0,12
social.amsterdam.nl,76.0,23.0,1.0,5
ijaron.life,0.0,3.0,0.0,1
mastodon.launay.org,153.0,15.0,0.0,2
cybergladius.social,0.0,11.0,0.0,4
amigos.family,0.0,21.0,0.0,9
social.temanbsd.com,,,,1
namelesscitizen.space,,,,4
soc.mod-12.com,776.0,11.0,0.0,3
verbraucherzentrale.social,116.0,31.0,0.0,15
mastodon.iriseden.eu,685.0,1465.0,0.0,11112
onsbos.hopto.org,67.0,36.0,0.0,4
roedelkiste.de,16.0,12.0,0.0,1
mastodon.ameth.org,242.0,35.0,0.0,36
anakmanis.com,858.0,18.0,0.0,3
mtn.selfre.cc,295.0,48.0,4.0,8
toots.ravenoak.dev,20.0,6.0,0.0,3
mastodon.tod.net,48.0,36.0,0.0,11
devschile.social,1.0,15.0,0.0,66
wetshaving.social,207.0,84.0,0.0,62
mastodon.vhome.info,26.0,11.0,0.0,2
e5n.cc,230.0,12.0,0.0,1
macaw.social,3754.0,1644.0,1.0,1062
exoticsatlarge.apes.org.uk,,,,4
beach.city,7279.0,288.0,0.0,157
tribe.net,836.0,386.0,6.0,3155
allamaraine.io,211.0,15.0,0.0,3
cheekibreeki.express,0.0,37.0,0.0,19
xmob.social,2.0,12.0,0.0,2
deadrobots.social,58.0,3.0,0.0,3
f.reun.de,464.0,45.0,0.0,7
perfect.moe,23.0,11.0,0.0,1
atmasto.com,77.0,12.0,0.0,2
abshoff.social,65.0,12.0,0.0,1
cloudhub.social,5.0,9.0,0.0,2
front-end.social,9666.0,1734.0,3.0,287
mcnamarii.town,,,,3
greenhill.zone,709.0,38.0,0.0,22
diblasio.social,12.0,2.0,0.0,1
xelebre.com,1131.0,152.0,8.0,41
23.illuminati.org,31.0,71.0,4.0,170
blasmusik.social,4.0,29.0,0.0,6
mstdn.funil.de,25.0,15.0,0.0,3
masto.ctms.me,,,,4
mastodon.unsuspicious.website,3.0,20.0,0.0,5
pubsub.fun,,,,2
dmv.community,24473.0,1402.0,43.0,562
crime.st,36.0,11.0,0.0,2
gamelinks007.net,8541.0,181.0,1.0,166
soc.sekundenklebertransportverbot.de,,,,2
shrike.club,19849.0,1532.0,2.0,203
social.wintermade.it,,,,1
mastodon.mx,171.0,67.0,0.0,91
mastodon-projekt.uni-muenster.de,259.0,117.0,2.0,31
mstdn.isometry.group,6004.0,667.0,17.0,98
squeak.social,114.0,88.0,2.0,103
mastodon.nk.ca,156.0,2.0,1.0,1
social.pedalkickers.de,,,,2
makersocial.online,90.0,68.0,0.0,32
peak.pub,0.0,14.0,0.0,2
art.masto.host,0.0,12.0,0.0,1
mastodon.partipirate.org,2120.0,467.0,0.0,2537
social.fossdle.org,369.0,75.0,0.0,28
fedi.fullstuck.net,2041.0,12.0,0.0,1
toot.muchuu.net,13.0,8.0,0.0,2
wellduck.me,758.0,23.0,0.0,5
crazylab.online,62.0,14.0,0.0,57
mastodon.steinernebruecke.de,10.0,23.0,0.0,11
onemorestop.photo,,,,22
mammoth.nightcity.lu,1143.0,29.0,0.0,4
graz.social,374.0,259.0,1.0,1543
social.makerforums.info,1027.0,136.0,0.0,77
me.dm,23079.0,9210.0,1991.0,24285
august-don.site,0.0,7.0,0.0,113
blan.cc,169.0,11.0,0.0,2
onlynugs.net,,,,2
toot.finfur.net,311.0,59.0,0.0,24
mastodon.art,193580.0,35153.0,956.0,37434
cats.mastodon.musk.sucks,,,,2
artsio.com,1022.0,515.0,0.0,3953
retrohangout.club,26.0,22.0,0.0,5
social.zoc.me,1.0,11.0,0.0,2
mandra.us,2.0,6.0,0.0,2
andeby.city,,,,1
skj.social,393.0,9.0,0.0,1
mastodon.frl,365.0,96.0,6.0,81
pub.qu1x.one,11.0,35.0,0.0,3
saskodon.ca,2535.0,94.0,0.0,9
mastoneuron.com,,,,1
risk.social,0.0,13.0,0.0,19
nedludd.social,,,,4
h.kokuda.org,1706.0,157.0,0.0,42
sociala.me,12.0,24.0,0.0,5
plrm.polyohm.net,,,,2
gronp.masto.host,62.0,7.0,0.0,10
xenon.ecarlate.app,1105.0,24.0,0.0,2
handlewalks.masto.host,,,,7
welsea.site,228.0,11.0,0.0,3
mastodon.boyos.org,,,,3
federated.press,9846.0,971.0,29.0,2369
weedyverse.de,,,,17
dev.equel.social,,,,44
aus.lgbt,,,,6
face-house.fedicity.net,,,,4
ton-ton.link,,,,30
social.sunet.se,80.0,143.0,2.0,200
somewhy.net,181.0,22.0,0.0,7
social.fcourtois.net,11.0,86.0,0.0,9
mstdn.ivtune.net,,,,2
tecnfy.com,144.0,33.0,0.0,3
mastodon-japan.net,426331.0,16939.0,296.0,16154
routing.center,6.0,37.0,0.0,8
pixel.xarxa.cloud,,,,2
kazee.social,0.0,11.0,0.0,2
punk.demon.gay,,,,1
social.lostcoastoutpost.com,,,,41
social.pauldev.co,,,,1
soc.nes.sh,,,,2
pixey.org,,,,6268
social.sdfeu.org,1638.0,191.0,2.0,55
kar.ly,,,,1
mastodon.dermarcus.de,,,,4
social.ymstnt.com,,,,1
social.nozbe.com,52.0,16.0,0.0,4
social.globalpirates.net,182.0,46.0,0.0,66
blueviolet.monster,19.0,71.0,1.0,3
mastodon.colincogle.name,1097.0,21.0,1.0,1
mastodooooooon.xyz,31.0,75.0,0.0,48
digitalpioneers.social,,,,13
social.soongyu.me,3.0,11.0,0.0,11
social.soraharu.com,133.0,35.0,1.0,19
macavity.cat,32.0,11.0,0.0,3
mastodo.neoliber.al,10538.0,594.0,12.0,287
triangle.social,,,,82
im.alstadheim.no,371.0,17.0,0.0,3
denton.social,885.0,172.0,8.0,84
backs.day,21.0,11.0,0.0,1
chaosfem.tw,33963.0,1616.0,29.0,339
mastodon.green,94302.0,10256.0,27.0,11967
masto.queerscience.net,0.0,0.0,0.0,1
social.xcetera.biz,,,,3
hivemind.plus,236.0,22.0,0.0,9
mastodon.blaster.com.ar,6.0,2.0,0.0,20
mastodon.makerforce.io,5.0,11.0,0.0,7
social.mezzo.moe,,,,3
masto.bg,1815.0,221.0,4.0,236
photodn.net,427.0,264.0,1.0,1953
blackshuck.net,62.0,30.0,0.0,4
trivia.town,,,,6
fairpoints.social,6.0,16.0,0.0,15
solarpunkdruid.com,,,,1
masto.bhsnw.com,0.0,9.0,0.0,2
mielke.social,85.0,12.0,0.0,3
awoo.studio,,,,13
mastodon.com.pl,10657.0,755.0,122.0,965
post.rodeo,,,,17
bath.social,11.0,45.0,3.0,63
photog.social,34680.0,2735.0,10.0,3253
mastodon.o3o.icu,,,,3
mousectrl.org,,,,6
bawü.social,2901.0,908.0,8.0,141
mastodon.seishiono.com,0.0,0.0,0.0,1
social.mei-home.net,541.0,11.0,0.0,1
social.uggs.io,225.0,14.0,0.0,2
social.advancedsoftware.engineering,22.0,12.0,0.0,3
fedihum.org,17971.0,2331.0,19.0,502
mendeddrum.org,13672.0,1110.0,13.0,257
mastodon.berget.nu,3.0,12.0,0.0,1
mastodom.social,0.0,23.0,3.0,56
whoneedsabudget.cheap,9.0,12.0,0.0,7
susururu0.hostdon.ne.jp,,,,1
social.jaredzimmerman.com,15.0,11.0,0.0,2
ricorda.social,,,,3
meghadeep.social,9.0,3.0,0.0,2
precure.ml,6699.0,245.0,0.0,360
social.insider-it.de,,,,4
hhsocial.de,427.0,60.0,3.0,33
social.nebula.lgbt,63.0,38.0,0.0,5
techfieldday.net,564.0,142.0,1.0,50
godforsaken.website,7172.0,340.0,0.0,45
matya.social,0.0,0.0,0.0,2
shoddy.site,,,,5
chromium.social,34.0,12.0,0.0,2
fedi.nzyme.org,40.0,14.0,0.0,4
defcon.social,42669.0,11492.0,924.0,13140
mastodon.zunda.ninja,2784.0,12.0,0.0,1
fed.graycyg.net,,,,1
mastodon.adamgeitgey.com,405.0,13.0,0.0,8
my.elven.pw,127.0,16.0,0.0,25
social.domov.de,0.0,13.0,0.0,3
mamot.fr,261410.0,25130.0,378.0,38316
matts.network,2.0,11.0,0.0,1
foxi.sh,0.0,0.0,0.0,2
fedi.esgeroth.org,57.0,19.0,0.0,3
social.isaa.it,456.0,66.0,0.0,10
giersig.net,11.0,12.0,0.0,1
parens.social,151.0,58.0,0.0,10
mast.mako.li,0.0,1.0,0.0,2
tf3.social,0.0,11.0,0.0,6
webdev.so,190.0,58.0,1.0,25
brotkru.me,1377.0,50.0,0.0,6
myopic.one,0.0,1.0,0.0,2
social.team-unix.de,0.0,2.0,0.0,2
proto.lgbt,0.0,4.0,0.0,1
billys.mom,54.0,14.0,0.0,20
roark.voluminum.net,,,,2
mastodon.fooddrinklife.com,107.0,104.0,0.0,69
queer.blahaj.solutions,1.0,4.0,0.0,6
espressoapps.social,,,,1
mastodon.digital-science.com,0.0,0.0,0.0,3
social.jstsmthrgk.eu,644.0,31.0,0.0,3
neuromatch.social,14373.0,1549.0,10.0,1332
m.femboy.im,,,,3
torguard.social,2.0,14.0,0.0,105
ukgb.social,,,,1
mt.shc.kanagawa.jp,0.0,15.0,0.0,17
colonels.world,0.0,0.0,0.0,3
mastodon.fajne.eu,0.0,12.0,0.0,3
phyrexia.ru,0.0,0.0,0.0,4
zomglol.wtf,155.0,12.0,0.0,3
mastodon.kotet.jp,104.0,23.0,0.0,3
friendzone.social,5.0,14.0,0.0,5
norden.social,345605.0,31184.0,259.0,13292
sqrt.to,,,,3
normalunicorn.com,,,,1
queer.garden,,,,63
mastodon.cocamserverguild.com,66.0,25.0,1.0,6
social.kiesow.net,0.0,14.0,0.0,3
partageflex.com,,,,1
mederland.nl,310.0,12.0,0.0,1
social.tripelix.com,0.0,0.0,0.0,16
bikesare.cool,0.0,1.0,0.0,12
konbini.social,30.0,51.0,0.0,7
shakedown.social,11902.0,2634.0,10.0,1781
icosahedron.website,15746.0,1404.0,2.0,887
pix.norse.social,,,,1
reverendelvis.de,,,,2
pooper.fantranslation.org,164.0,11.0,0.0,3
frootmig.net,0.0,22.0,0.0,2
cackl.io,,,,44
netmynd.org,11.0,22.0,0.0,3
notwork.in,0.0,13.0,1.0,6
parrygod.club,1.0,12.0,0.0,2
mastodon.chotto.moe,,,,102
social.nerdnet.ovh,7.0,26.0,0.0,8
dje.li,0.0,0.0,0.0,1
mo.bugs.se,0.0,3.0,0.0,3
social.obeygravity.de,2497.0,47.0,0.0,6
laconic.social,,,,3
mastodon.wulfsige.com,0.0,0.0,0.0,2
social.opennerds.org,,,,1
stamps.town,0.0,1.0,0.0,3
tootsmygoots.com,21.0,26.0,0.0,6
social.krebsco.de,425.0,102.0,0.0,5
mastodon.bachmann.wtf,,,,1
comms.gsd.foundation,20.0,12.0,0.0,7
mstdn.nan1.casa,1052.0,36.0,0.0,3
fd.toripota.com,18.0,12.0,0.0,1
mastodon.ehlo.world,0.0,12.0,0.0,3
social.losno.co,325.0,24.0,0.0,3
allpro.social,2922.0,323.0,0.0,70
totoot.social,,,,3
doyle.boston,616.0,11.0,0.0,1
bahn.social,4726.0,1046.0,73.0,400
mastodon.radfoote.net,23.0,11.0,0.0,2
md.5273.me,,,,1
xn--80aaid7au.su,0.0,3.0,0.0,6
mastodon.snld.ca,12.0,16.0,0.0,4
social.mrtoto.net,387.0,54.0,1.0,4
rando.social,4.0,12.0,0.0,3
brain404.com,0.0,11.0,0.0,2
sdemp.masto.host,0.0,0.0,0.0,4
queer.party,37475.0,3232.0,6.0,6142
retroparadise.tech,0.0,3.0,0.0,7
bluetoot.hardill.me.uk,229.0,23.0,0.0,3
pixel.rochacbruno.com,,,,1
queernerds.social,3.0,41.0,0.0,21
galaxy.quest,0.0,0.0,0.0,4
poils.pachyderme.net,1961.0,15.0,0.0,29
felin.social,192.0,22.0,0.0,2
aus.social,229285.0,20728.0,300.0,25258
mastodon.paladinzero.com,,,,1
mastodon.collectifdhun.ovh,,,,1
talk.drdiddlybadger.com,6.0,5.0,0.0,2
homo.dev,3.0,9.0,0.0,3
sxgr.fun,15.0,12.0,0.0,5
social.consoledated.com,84.0,10.0,0.0,11
falk.cafe,204.0,37.0,1.0,5
bongo.social,2355.0,28.0,2.0,12
friendica.xyz,,,,12
mastodon.surazal.net,264.0,24.0,0.0,7
mastodon.miicat.eu,1123.0,12.0,0.0,2
faf.photos,,,,146
mstdn.ofraglapis.net,36.0,87.0,0.0,31
kalmar.social,30.0,22.0,0.0,13
old.mermaid.town,2507.0,112.0,1.0,25
mastodon.basjes.nl,1.0,12.0,0.0,1
toot.jeena.net,50.0,12.0,0.0,1
micro.blogs.princeton.edu,,,,12
amateurfunk.social,0.0,20.0,2.0,6
f.freinetz.ch,,,,60
micro.vonschack.com,,,,1
scruffy.parts,,,,3
fedi.lat,,,,12
boing.world,1851.0,40.0,0.0,51
meowstodon.net,2.0,12.0,0.0,5
chud.space,,,,1
sylveon.social,,,,1
sporedrive.space,,,,1
915.social,0.0,21.0,0.0,6
rah.social,406.0,11.0,0.0,1
pixelfed.poutounours.ovh,,,,4
starbase80.wtf,3153.0,97.0,0.0,57
baraag.net,,,,294606
shaughnessy.xyz,,,,1
syringa.social,2654.0,184.0,0.0,120
foggymtndrifter.social,,,,1
space.ministryoftesting.com,27.0,31.0,1.0,18
emergencyalerts.app,,,,3
cdrum.social,,,,1
social.gilespaterson.com,,,,1
mastodon.faithtree.social,326.0,67.0,1.0,18
fm619.club,3.0,2.0,0.0,3
scoat.es,193.0,11.0,0.0,2
nxt.social,0.0,10.0,0.0,5
thelawtoknow.com,,,,2
social.sgsknote.org,,,,2
pouet.aliel.fr,4.0,11.0,0.0,1
pixelfed.home.monsiteinternet.org,,,,1
sandbox.mastodon.iftas.org,,,,14
mastodon.incognitus.net,100.0,31.0,0.0,7
toot.9wd.eu,1.0,11.0,0.0,1
spv.sh,,,,1
social.liip.ch,1.0,1.0,0.0,15
atsudon.fedicity.net,,,,1
social.filipesm.eu,,,,1
ofurodon.com,,,,13
exito.social,0.0,18.0,0.0,9
megatherium.org,0.0,29.0,0.0,14
mastodon.mmjo.com,,,,4
mastodon.gfc.rocks,57.0,20.0,0.0,3
masto.glorious-space.eu,171.0,11.0,0.0,7
pixelfed.bachgau.social,,,,1064
tty.icu,8.0,19.0,0.0,16
datak.duckdns.org,3.0,4.0,0.0,2
mast.dragon-fly.club,6294.0,2099.0,47.0,2106
mastodon.delic.fi,0.0,12.0,0.0,1
momo.mame.moe,,,,1
social.apes.org.uk,14.0,10.0,0.0,2
pha.one,0.0,3.0,0.0,5
nongrata.social,2.0,9.0,0.0,10
superrad.social,,,,1
fo0bar.org,79.0,91.0,17.0,4
social.lila.network,,,,4
toot.radwärts.de,2.0,6.0,0.0,1
vgg.lol,65.0,13.0,0.0,6
masto.dopiaza.org,6.0,18.0,0.0,27
fpl.social,,,,245
itryhrd.com,0.0,0.0,0.0,4
mastodon.skrimmage.com,22.0,82.0,0.0,386
social.jvan.be,,,,2
social.evilcyberhacker.net,0.0,12.0,0.0,2
mastodon.kangaroopunch.com,,,,2
toots.258990001.xyz,0.0,12.0,0.0,4
arbitrarymusings.com,,,,1
friendica.mrpetovan.com,,,,1
n3trunn3r.org,0.0,0.0,0.0,3
uldegrova.com,31.0,41.0,0.0,14
luc.cat,0.0,0.0,0.0,11
mastodon.tedomum.net,1985.0,140.0,0.0,321
social.thisisjoes.site,,,,40
exquisite.social,,,,34
social.tsdev.live,0.0,1.0,0.0,2
mastodon.server.fifthdread.com,,,,3
toot.si,4307.0,919.0,4.0,715
forum.virctuary.com,489.0,11.0,0.0,2
social.meissa-gmbh.de,95.0,23.0,0.0,9
toot.pingu4.me,87.0,76.0,0.0,14
hallo.ween.de,,,,7
wrannek.me,0.0,11.0,0.0,4
mas.nzcow.com,4877.0,106.0,12.0,14
mcr.wtf,1193.0,160.0,1.0,154
social.sineware.ca,61.0,36.0,0.0,12
mstdn.klamath.jp,1743.0,110.0,0.0,13
trpg.cloud,,,,1062
noto.social,66.0,11.0,0.0,1
spolu.bucek.eu,70.0,94.0,0.0,12
press.community,,,,6
fivem.social,2577.0,2276.0,768.0,1135
goos.social,,,,2
social.firescry.com,,,,2
augsburg.social,5567.0,805.0,10.0,391
rheinhessen.social,2565.0,360.0,11.0,103
genealogie.social,1548.0,641.0,44.0,169
electrospek.com,,,,3
mastodon.granto.cloud,0.0,9.0,0.0,1
mastodon.versme.net,15.0,8.0,0.0,1
social.stilbedarf.de,0.0,8.0,0.0,1
hub.houseplants.cc,0.0,0.0,0.0,5
talksmacky.com,6.0,12.0,0.0,1
flooded.club,,,,3
pix.mastodont.cat,,,,60
social.bloom.casa,5.0,18.0,0.0,8
mastodon.trek3.io,,,,3
mastodon.cosmicnation.co,394.0,47.0,0.0,5
d3f4ult.space,62.0,25.0,0.0,19
b0o1y.com,3.0,15.0,0.0,5
interceptorx.live,,,,1
orthy.de,,,,8
route66.social,15.0,24.0,0.0,14
rainyday.social,1451.0,12.0,0.0,1
vltava.cloud,251.0,9.0,0.0,9
isntvery.social,0.0,7.0,0.0,7
verified.mastodonmedia.xyz,97.0,26.0,0.0,115
mastodon.thecrimsontint.com,0.0,0.0,0.0,1
princess.industries,,,,1
thecanadian.social,14519.0,1320.0,27.0,1147
jcx.nu,94.0,13.0,0.0,2
fediphilosophy.org,339.0,178.0,1.0,109
mastodon.inubo.ch,15.0,17.0,0.0,9
kopepasah.com,0.0,11.0,0.0,2
wxw.moe,434065.0,28139.0,133.0,23037
social.colormixed.de,1.0,14.0,0.0,2
social.territorisostenibili.org,,,,1
screencastsonline.social,135.0,161.0,1.0,88
mastodon.stickbear.me,11459.0,241.0,4.0,28
singsingsing.party,,,,2
social.pifferi.io,402.0,12.0,0.0,1
gamerstavern.online,6877.0,191.0,16.0,10
deepwoodsocial.net,10.0,26.0,1.0,10
social.mottokrosh.com,27.0,12.0,0.0,2
matthijs.social,0.0,12.0,0.0,1
mastodon.f4n.de,2.0,11.0,0.0,4
writ.live,48.0,8.0,0.0,2
mctetsudou.net,,,,22
im.mibo.live,1.0,10.0,0.0,4
ezone.fun,8.0,24.0,0.0,3
m.mou.best,,,,34
social.garudalinux.org,194.0,83.0,7.0,110
social.kanhuji.eu,0.0,0.0,0.0,3
dnsimple.social,26.0,31.0,0.0,11
mstdn.uno,,,,3
pfft.lol,6.0,29.0,0.0,10
social.zvavybir.eu,6632.0,11.0,0.0,1
mastodon.gramschladen.de,0.0,12.0,0.0,2
mastodon.bot,33370.0,530.0,0.0,158
mastodon.kxn4t.tech,4518.0,23.0,0.0,2
social.jellejansen.eu,4.0,6.0,0.0,1
orbsafe.masto.host,,,,4
mastodon.olivr.me,3.0,11.0,0.0,1
thinktanki.social,,,,57
mastodon.otherworldsink.com,1675.0,147.0,0.0,27
rejoiner.eu,0.0,0.0,0.0,6
svrdn.drillion.net,77.0,12.0,0.0,4
arguos.com,43.0,3.0,2.0,3
mstdn.bx23.net,0.0,3.0,0.0,1
prattle.org.uk,86.0,22.0,0.0,3
m.fru.bar,89.0,101.0,0.0,16
polsci.social,42.0,90.0,0.0,26
soc.eli173.com,1603.0,23.0,0.0,7
privacyofficers.social,50.0,109.0,3.0,67
social.cybertalk.io,82.0,37.0,0.0,8
mstdn.fujii-yuji.net,1499.0,12.0,0.0,1
mastodon.bluecatnet.work,,,,3
pixelfed.dk,,,,94
chillout.chat,3128.0,168.0,0.0,112
leibniz.pub,1.0,11.0,0.0,3
cloudfiction.social,,,,2
ernestoacosta.org,1009.0,11.0,0.0,1
strangeobject.space,,,,339
solarpunk.moe,16347.0,592.0,10.0,121
ebrt.eu,,,,1
freemasonry.social,0.0,121.0,0.0,11129
eattherich.club,,,,97
o3o.ca,210720.0,24552.0,3.0,18052
chswx.social,671.0,33.0,0.0,4
l3ib.org,143.0,40.0,0.0,6
sakurajima.moe,24666.0,1997.0,178.0,1157
info.performing-arts.ch,15.0,6.0,0.0,2
vixen.zone,2240.0,99.0,2.0,16
huber.social,0.0,7.0,0.0,1
mastodon.gassner.io,345.0,11.0,0.0,1
gore.pet,140.0,12.0,0.0,1
hello.2heng.xin,7647.0,877.0,6.0,2471
zuhair.social,1.0,9.0,0.0,3
social.thms.uk,314.0,11.0,0.0,1
pixel.johalla.org,,,,8
pic.mascodon.jp,,,,5
the-gathering.space,949.0,22.0,0.0,4
cho.yukiya.me,50.0,23.0,0.0,12
dialup.cafe,1021.0,51.0,2.0,23
det.social,70282.0,18839.0,40.0,25693
istheguy.com,105.0,12.0,0.0,11
notes.mu7ou.com,,,,1
welcometo.squelfland.com,14.0,11.0,0.0,1
sigmoid.social,9984.0,5792.0,83.0,10848
mastodon.scot,213693.0,17519.0,327.0,28857
geneadon.social,0.0,3.0,0.0,6
social.asraelvudogel.de,,,,28
mstdn.business,21529.0,8258.0,5603.0,9205
ngrdk.fedicity.net,,,,3
social.lecker.coffee,22.0,11.0,0.0,2
toot.houbahouba.de,369.0,24.0,3.0,5
freifunk.social,361.0,122.0,0.0,46
fedi.rafal06.dev,,,,1
xyu.social,,,,6
cherprang.xfk48.com,50.0,12.0,0.0,4
mstdn.yaesu-eas.tokyo,280.0,24.0,0.0,2
books.deltanauten.de,,,,2
awscommunity.social,9381.0,1837.0,1.0,11213
fedibird.com,1145470.0,85252.0,319.0,39069
miniature.photography,,,,335
mastodon.hopstudio.fr,0.0,0.0,0.0,1
neurology.social,0.0,27.0,0.0,41
book.itinerariummentis.org,,,,5
patavium.social,33.0,36.0,0.0,37
ti22.pro,,,,2
pixelfed.social,,,,120475
mastodon.deathbybandaid.net,3.0,12.0,0.0,2
reliverse.social,265.0,163.0,4.0,63
tabletop.vip,1749.0,359.0,5.0,284
quokka.city,75837.0,2007.0,57.0,380
typing.ink,57.0,27.0,0.0,8
fed.jpegs.forsale,0.0,2.0,0.0,3
chaotic.fun,1879.0,171.0,14.0,31
social.hamro.io,0.0,6.0,0.0,15
zug.network,24028.0,2554.0,22.0,381
nfld.social,0.0,4.0,0.0,23
forestver.se,,,,4
toot.iamninja.ru,0.0,10.0,0.0,1
famille.social,3.0,8.0,0.0,5
holonet.imperialba.se,351.0,58.0,0.0,4
sevagir.am,,,,6
masto.nox-rhea.org,4.0,11.0,0.0,3
gardons.contact,29.0,9.0,0.0,2
nuvem.lgbt,,,,10
social.bitsofsimplicity.com,158.0,12.0,0.0,2
social.itfm.xyz,0.0,12.0,0.0,3
t51b.org,2389.0,21.0,0.0,4
weird.autos,9706.0,363.0,5.0,153
squeet.me,,,,4610
maddie.rocks,,,,17
503junk.house,2274.0,93.0,2.0,19
boosts.squirrel.pictures,,,,4
rukii.net,329.0,29.0,0.0,8
libertynode.net,954.0,93.0,0.0,9
vortex.masto.host,79.0,30.0,0.0,11
mastodon.star-one.org.uk,245.0,43.0,0.0,26
ibite.lol,39.0,70.0,3.0,144
mstdn.jaws-ug.okinawa,1.0,0.0,0.0,40
mellow.zone,,,,8
extraordinarygeeks.social,0.0,1.0,0.0,9
lesbian.masto.host,298.0,29.0,0.0,4
fedi.kellioflix.win,,,,2
omg.sayitditto.net,,,,2
pix.myrkit.com,,,,6
trg.social,69.0,36.0,0.0,31
toot.abuzz.social,,,,1
belpheg.org,,,,1
mochi.social,0.0,0.0,0.0,4
social.iterna.de,0.0,5.0,0.0,3
hcommons.social,18831.0,3390.0,76.0,2200
pixelfed.sdf.org,,,,731
nerdjoy.social,3381.0,57.0,0.0,7
knottywolf.sexy,0.0,9.0,0.0,2
wayne.social,,,,24
social.routing.rocks,1.0,3.0,0.0,1
unixspace.online,,,,1
m.nithou.net,,,,1
lile.cl,15422.0,1767.0,10.0,3125
equestria.social,10449.0,3235.0,23.0,3021
mastodon.yoctomath.com,3.0,13.0,0.0,3
m.campfi.rs,,,,7
continuousdelivery.social,,,,20
traumatized.umbreon.online,,,,1
senate.social,0.0,1.0,0.0,1
helmholtz.social,892.0,191.0,1.0,26
mountains.photos,,,,24
my-spaces.social,218.0,15.0,0.0,4
fd00.space,249.0,22.0,0.0,9
mastodon.davidciani.com,0.0,11.0,0.0,1
bitsandpixels.dev,8.0,13.0,0.0,3
geeknews.chat,944.0,46.0,0.0,48
tuiter.rocks,26834.0,745.0,22.0,257
social.bitwig.community,665.0,292.0,0.0,162
mastodon.dragoncave.dev,635.0,69.0,0.0,15
staysilent.party,,,,3
mastodon.aridgwayweb.com,,,,1
gaypirates.club,3726.0,340.0,0.0,660
social.markofall.com,2.0,13.0,0.0,2
social.itshalfempty.com,24.0,12.0,0.0,2
social.jmstevens.ca,2.0,13.0,1.0,3
fedi.yaf.ai,21.0,11.0,0.0,1
friendica.bosio.info,,,,1
iaccessibility.social,311.0,154.0,0.0,92
ixchat.x4s.it,,,,1
toyvey.xyz,,,,2
wsb.social,0.0,0.0,0.0,7
0x3c.pl,77.0,80.0,0.0,93
savageworlds.social,509.0,83.0,2.0,76
mastodon.ouvaton.coop,489.0,197.0,8.0,24
social.ctrlz.es,,,,3
consudon.club,,,,32
deacon.social,1499.0,396.0,2.0,426
leuchtetgruen.me,14.0,11.0,0.0,1
toot.fedilab.app,83.0,11.0,0.0,7
canada.masto.host,4713.0,242.0,0.0,294
fruitade.xyz,50.0,122.0,0.0,17
honks.io,235.0,11.0,0.0,5
sukebe.hostdon.ne.jp,231.0,437.0,0.0,1128
fuzzy.zone,,,,15
mas.trolled.lol,28.0,10.0,5.0,8
puppybear.social,0.0,12.0,0.0,1
toonvandeputte.be,43.0,12.0,0.0,1
sadoway.com,0.0,3.0,0.0,1
mastodon.lagy.org,4.0,12.0,0.0,2
soc.rnrd.eu,,,,1
social.hackerspace.pl,1661.0,218.0,6.0,47
neubau.social,17.0,36.0,0.0,4
fuckyou.plus,0.0,1.0,0.0,3
zoot.fun,,,,2
aschaffenburg.social,3602.0,152.0,1.0,27
social.m1n1ster.com,3.0,12.0,0.0,3
splodge.fluff.org,94.0,24.0,0.0,5
bqri.us,0.0,0.0,0.0,4
quinnwitz.house,,,,3
mastodon.theshowshow.tv,58.0,35.0,0.0,16
toot.treffenstaedt.de,243.0,12.0,0.0,4
norfolk.social,347.0,12.0,0.0,1
barisa.social,,,,1
mastodon.craftingcomrades.net,,,,6
volksverpetzer.social,,,,6
social.amichan.de,92.0,35.0,0.0,6
social.neocloradas.com,13.0,12.0,1.0,5
oomfie.world,252.0,25.0,0.0,7
raccoon.place,1693.0,102.0,0.0,55
occitania.social,,,,775
pagan.plus,19552.0,1218.0,26.0,530
freaknik.vip,,,,1
social.sixi.me,,,,2
connectop.us,2526.0,99.0,0.0,29
malmo.chat,,,,1
haz.pink,416.0,11.0,0.0,1
19marbles.org,,,,10
mastodonts.se,,,,4
talkedabout.social,440.0,18.0,0.0,14
c3d2.social,1234.0,203.0,0.0,30
mastodon.quantumindigo.org,0.0,0.0,0.0,14
queer.cool,2993.0,159.0,3.0,26
100terres.social,0.0,11.0,0.0,1
ecoevo.social,25473.0,5563.0,41.0,5307
kauaku.us,,,,1
atx.pub,93.0,114.0,0.0,63
retrophisch.social,37.0,12.0,0.0,1
mastodon.ai8w.ddns.net,187.0,11.0,0.0,2
h4.io,11263.0,2156.0,98.0,8406
muenster.im,8028.0,2560.0,17.0,4313
mastodon.schnuffle.de,54.0,9.0,0.0,2
aoir.social,2042.0,791.0,1.0,378
corteximplant.com,29782.0,2080.0,33.0,552
rva.fyi,27.0,96.0,1.0,144
mastodon.mountainash.id.au,,,,1
prf.me,612.0,64.0,0.0,916
the-contraption.d.on-t.work,,,,6
m.prt.si,21.0,49.0,0.0,26
silmaril.blue,,,,1
social.archworks.co,56.0,15.0,0.0,1
darkmoon.social,1201.0,11.0,0.0,3
flokinet.social,9911.0,120.0,0.0,34
mstdn.immatrix.de,0.0,24.0,0.0,3
decayable.ink,,,,54
sorbit.no,10.0,11.0,0.0,1
perfumefan.jp,9433.0,31.0,0.0,18
paravielfalt.zone,250.0,122.0,2.0,62
social.hnws.me,6.0,51.0,0.0,11
nexus.servn.ca,,,,2
elbereth.xyz,119.0,11.0,0.0,1
noise.j-w.au,24.0,11.0,0.0,1
social.shadow-corporation.com,,,,5
heimat.drensteinfurt.net,0.0,12.0,0.0,6
social.rochacbruno.com,,,,1
m.cmx.im,232056.0,55901.0,321.0,45175
tbs.social,236.0,72.0,0.0,17
mastodon.bentasker.co.uk,653.0,25.0,0.0,5
mastodon.polyphony.me,,,,3
hawk.acosi.com,,,,8
owo.cafe,15869.0,1099.0,10.0,278
tfq.social,1.0,3.0,0.0,3
livellosegreto.it,41549.0,9955.0,209.0,7215
us.etarek.xyz,2.0,12.0,0.0,7
mastodon.baie.me,,,,2
ribbit.froggirl.club,50.0,36.0,0.0,5
social.worldc.one,,,,6
social.itu.dk,325.0,87.0,0.0,26
htt.social,,,,1
trystero.social,0.0,10.0,0.0,6
mastodon.arnos-vale.net,0.0,22.0,0.0,2
mstdn.wiper.dev,1.0,11.0,0.0,1
utopia.cool,5193.0,1090.0,4.0,253
sportsball.host,,,,1
social.netdc.ca,0.0,9.0,0.0,3
mstdn.science,22507.0,5199.0,40.0,7131
krems.social,4.0,7.0,0.0,7
menot.social,,,,2
mastodon.online,641316.0,92404.0,22.0,191025
don.haru3.me,,,,8
emu.social,,,,5
mammut.moe,114.0,22.0,0.0,4
col.social,14395.0,1239.0,12.0,743
social.yellowgoat.net,0.0,0.0,0.0,3
social.axiixc.com,,,,4
social.gravitons.org,,,,9
mstdn.lalafell.org.,394.0,104.0,2.0,133
silversword.online,302.0,146.0,13.0,210
mas.toast.ws,,,,2
barkshark.xyz,174.0,11.0,0.0,1
techhub.social,142941.0,41206.0,803.0,80771
mastodon.im,6406.0,886.0,8.0,460
toots.tangoit.net,117.0,26.0,0.0,6
isfeeling.social,987.0,22.0,0.0,4
holycarp.org,,,,3
tooter.thespawn.net,0.0,1.0,0.0,4
syma.social,5.0,6.0,0.0,1
myf.one,167.0,22.0,0.0,2
irrelephant.co,687.0,52.0,1.0,7
taidum.social,2.0,21.0,0.0,24
transfur.social,1895.0,1132.0,14.0,657
fedi.talktodan.com,1.0,11.0,0.0,1
kuru.si,,,,2
sportsfeed.me,27849.0,578.0,5.0,111
mastodon.pcgaldo.com,562.0,21.0,0.0,4
mirus.club,3811.0,54.0,1.0,5
hyperreal.cyou,5.0,6.0,0.0,8
masto.tab-e.de,,,,1
mastodon.moule.world,7492.0,134.0,0.0,35
mastodon.economiasocial.org,1418.0,359.0,80.0,66
mastodon.uguu.io,0.0,0.0,0.0,1
lawsocial.org,111.0,18.0,0.0,23
hachyderm.io,301222.0,85174.0,1147.0,53601
formu1a.social,21.0,11.0,0.0,23
m.blasteh.uk,0.0,11.0,0.0,4
shabsters.social,,,,22
fedi.gallegoiv.com,,,,1
social.hyuki.net,,,,4
grumble.social,377.0,81.0,0.0,25
jrpg.town,63.0,44.0,11.0,2
social.digitalmountains.co.uk,7.0,12.0,0.0,1
artsoqueer.com,12.0,28.0,5.0,42
toot.dusepo.co.uk,,,,8
ozlabs.house,30.0,38.0,0.0,8
wilcosky.com,,,,2
soc.jrconlin.com,,,,2
hotdok.dk,0.0,3.0,0.0,2
social.lysand.org,,,,13
mastodon.hamdorf.org,0.0,18.0,0.0,2
pool.social,,,,36
mastodonmusic.social,,,,442
sofritoandsons.com,,,,2
mastodon.brown-silva.social,1.0,3.0,0.0,1
mastodon.wolvar.net,1.0,2.0,0.0,2
butts.team,460.0,24.0,0.0,17
seo.chat,524.0,180.0,0.0,1377
mastodon.robserv.de,,,,3
toot.paris,,,,41
social.cms.garden,0.0,0.0,0.0,4
postingbrain.com,0.0,0.0,0.0,1
rosafamily.social,112.0,14.0,0.0,3
mstdn.geanix.com,0.0,13.0,0.0,3
cutie.city,7359.0,270.0,0.0,90
furries.club,5913.0,1507.0,38.0,901
toot.dswhi.com,,,,8
mast.lat,19623.0,2649.0,272.0,35688
social.groene.nl,401.0,27.0,0.0,15
mst.universoalterno.es,2209.0,130.0,0.0,28
mstdn.plus,17407.0,3675.0,284.0,11840
plush.city,93038.0,1863.0,19.0,636
frittaten.at,,,,3
toots.cordelya.net,50.0,20.0,0.0,2
radar.fail,,,,4
social.amd.im,1.0,12.0,0.0,1
mastodon.kwmns.eu,0.0,2.0,0.0,1
furnu.org,16.0,25.0,0.0,11
lizard.zone,0.0,12.0,0.0,12
social.van.buu.re,,,,4
todon.nl,69297.0,3652.0,129.0,3393
penfount.social,3592.0,317.0,2.0,204
mastodon.karottenfabrik.net,5.0,12.0,0.0,9
tech-nico.de,0.0,12.0,0.0,3
xoxo.zone,11113.0,2455.0,10.0,695
social.gamingecke.space,0.0,20.0,0.0,14
mastodon.pix-n-chill.fr,10.0,12.0,0.0,5
mstdn.online,1.0,21.0,0.0,52
mastodon.unsupervised.online,0.0,10.0,0.0,2
orthis.social,,,,4
vran.as,33.0,10.0,0.0,1
furpark.kr,13.0,27.0,0.0,12
patashnik.club,652.0,56.0,0.0,6
gervtuber.de,,,,98
physics.social,0.0,10.0,0.0,26
mas.to,819110.0,97795.0,3207.0,176011
mastodon.uno,122959.0,43323.0,1260.0,73628
euproject.info,21.0,20.0,0.0,4
dresden.network,53302.0,5497.0,32.0,3763
sueden.social,96014.0,16804.0,90.0,14462
newsbots.californialocal.com,,,,19
yunochi.moe,,,,4
masto.nyc,4059.0,1134.0,98.0,1578
famichiki.jp,27946.0,2457.0,28.0,1464
natestodon.social,0.0,10.0,0.0,14
mastodon.circle.lt,163.0,12.0,0.0,3
social.mkj.earth,4522.0,15.0,0.0,2
io.mwl.io,2177.0,22.0,0.0,1
leipzig.town,1055.0,359.0,17.0,106
social.eyluldogruel.com,,,,1
neos.social,304.0,177.0,0.0,47
craba.cab,1647.0,195.0,3.0,91
adforward.org,123.0,45.0,0.0,25
mast.shbbl.ru,28.0,17.0,0.0,6
bookwor.ms,8949.0,985.0,0.0,560
mastodon.madmanmarkau.net,,,,1
geekprojects.com,,,,4
mastodon.indiegamesdevel.com,0.0,12.0,0.0,3
jenkins.cc,6.0,11.0,0.0,2
social.baubs.net,3.0,12.0,0.0,4
spoonie.community,389.0,40.0,1.0,25
mastodon.ir0k.de,9.0,8.0,0.0,4
social.fz-juelich.de,98.0,27.0,2.0,5
wehavecookies.social,9168.0,1960.0,598.0,2113
uff.rip,,,,13
toot.lugbz.social,16.0,30.0,0.0,14
bucher.naturesmeatcandy.org,,,,2
bihar.social,14.0,12.0,0.0,24
shadowland.social,87.0,73.0,0.0,47
higheredweb.social,619.0,80.0,0.0,81
topspicy.social,6893.0,566.0,0.0,112
snake.club,8.0,55.0,0.0,24
peasej.me,2.0,12.0,1.0,2
frikiverse.zone,24108.0,981.0,43.0,234
rambleon.social,,,,1
fediverse.andy-bell.com,1.0,12.0,0.0,1
abypom.work,,,,10
techforgood.social,4.0,15.0,0.0,60
social.breisgaucave.de,6.0,13.0,0.0,3
pix.bothhands.ca,,,,10
stefanbohacek.online,21016.0,620.0,1.0,1
memtech.social,0.0,5.0,0.0,14
s.poweredbydev.com,110.0,11.0,0.0,1
hackaday.social,244.0,129.0,0.0,54
carpdiem.online,73.0,22.0,0.0,5
gts.passthejoe.net,,,,2
tomodachi.gafea.net,,,,4
scalie.zone,3533.0,83.0,0.0,8
mastodon.parkingmeter.info,3.0,12.0,0.0,3
mastodon.dkl.jp,,,,3
midorinasu.hostdon.ne.jp,,,,2
royalrainbow.link,3.0,11.0,0.0,3
soundcafe.nl,0.0,1.0,0.0,5
mastodon.teachmaths.org,,,,5
mb.draculaojisan.com,103.0,12.0,0.0,1
brandenburg.social,1967.0,413.0,5.0,160
mastodon.petripulkkinen.social,4.0,12.0,0.0,1
rwfertilizer.mydns.jp,,,,1
social.rossabaker.com,239.0,12.0,0.0,1
mastodon.bit.nl,34.0,36.0,0.0,10
estrogen.gg,2.0,3.0,0.0,17
social.gnuweeb.org,53.0,39.0,0.0,52
ubuntu.social,4938.0,168.0,0.0,36
typo3.social,109.0,78.0,1.0,15
snooker.uk.to,2413.0,80.0,0.0,23
mastodon.stahlstadt.cloud,,,,6
px.c-p-b.com,,,,8
mstdn.rkunkunr.com,706.0,25.0,0.0,15
mstdn.games,31514.0,4395.0,56.0,2326
the.voiceover.bar,66.0,11.0,0.0,75
nahe.social,4411.0,209.0,0.0,129
mastodon.yohan.es,0.0,9.0,0.0,1
baltic.social,1.0,23.0,0.0,5
mastodon.girino.org,26.0,22.0,0.0,8
social.codethink.co.uk,10.0,12.0,0.0,3
nekton.social,0.0,3.0,0.0,6
mastodon.chrispelli.fun,7845.0,46.0,1.0,4
homo.promo,678.0,24.0,0.0,2
gts.tiuxo.com,,,,1
rail.chat,1104.0,354.0,9.0,348
ostatus.taiyolab.com,426.0,9.0,0.0,3
xn--ratatskr-r4a.de,92.0,67.0,0.0,15
mstdn.mx,12976.0,1443.0,13.0,1390
hasacow.com,0.0,4.0,0.0,2
kaputtendorf.de,19.0,12.0,0.0,4
turath.tn,688.0,44.0,0.0,33
mastodns.net,183.0,176.0,2.0,69
disobey.net,,,,9
hometech.social,591.0,850.0,30.0,1934
social.undrground.org,238.0,18.0,0.0,19
ccrvb.com,0.0,4.0,0.0,7
misc.name,178.0,23.0,0.0,2
mastodon.gruezi.net,585.0,67.0,0.0,11
chicklens.foolbazar.eu,,,,1
mstdn.toonspell.net,31.0,35.0,0.0,3
mefi.social,13164.0,1114.0,3.0,271
indieapps.space,541.0,2261.0,12.0,393
scicomm.xyz,9700.0,2197.0,44.0,1522
mastodon.kumasotakeru.net,3.0,8.0,0.0,2
mastodon.kmkz.moe,19.0,21.0,0.0,2
fashionsocial.host,283.0,65.0,1.0,108
social.3detplus.ch,0.0,1.0,0.0,1
advent.social,8.0,14.0,0.0,17
social.codehearth.com,0.0,7.0,0.0,2
town.voyager.blue,28586.0,1028.0,13.0,117
toot.fromseabed.com,73.0,12.0,0.0,1
mastodon.spesh.com,33.0,11.0,0.0,4
haunted.computer,2397.0,221.0,0.0,49
payravi.xyz,31.0,23.0,0.0,2
500.social,,,,32
backend.newsmast.org,9783.0,883.0,16.0,2462
squawk.social,4323.0,366.0,3.0,101
rlidea.com,216.0,13.0,0.0,7
mast.evulid.cc,0.0,3.0,0.0,2
tmi.community,0.0,24.0,0.0,14
taverne-zum-wanderer.de,1.0,11.0,0.0,2
dev-friendica.mrpetovan.com,,,,8
tmux.f5.si,2051.0,12.0,0.0,1
fediverse.au,11.0,38.0,0.0,12
social.zete.tk,,,,2
social.lindhom.no,,,,4
mastod.no,174.0,11.0,0.0,2
vacatureforum.nl,9674.0,661.0,2.0,96
shakuhachi.social,4.0,20.0,1.0,19
social.partnerwerk.de,10.0,11.0,0.0,1
mainburg.hallertau.social,558.0,32.0,0.0,5
biplus.social,1095.0,128.0,11.0,44
pixelfed.mediasculp.com,,,,3
m.lanciano.it,52.0,76.0,0.0,163
aldr.social,,,,4
fedi.marty.tf,,,,3
coach.masto.host,,,,2
gleasonator.com,,,,858
burningnebula.net,169.0,22.0,0.0,7
koreus.social,62.0,4.0,0.0,3
mstdn.jmiguel.eu,37.0,11.0,0.0,1
colorid.es,4935.0,581.0,27.0,2260
frogdrool.net,223.0,23.0,0.0,5
latenight.social,0.0,11.0,0.0,4
mstdn.glaux.io,42.0,35.0,0.0,5
social.flipboard.com,0.0,21.0,0.0,19
t00t.cloud,34.0,11.0,0.0,1
mast.stalker.ee,2.0,4.0,0.0,3
mstdn.rosaceae.net,,,,1
dotnet.social,8869.0,1473.0,43.0,1150
log.topophils.com,0.0,0.0,0.0,7
historians.social,33870.0,1813.0,20.0,2116
mastodon.cyborgcentral.net,117.0,11.0,0.0,3
neo.gyara.moe,133.0,64.0,0.0,7
social.asgardius.company,18.0,12.0,0.0,1
mastodon.cisti.org,15699.0,530.0,8.0,616
podcasts.social,3405.0,2629.0,10.0,417
eworld.social,168.0,22.0,0.0,3
bangdream.tokyo,24.0,32.0,0.0,10
toot.darkcooger.net,128.0,23.0,0.0,3
mastodon.libre-entreprise.com,618.0,52.0,0.0,51
msocial.top,0.0,7.0,0.0,1
arcticwind.social,0.0,12.0,0.0,1
mastodon.thefword.club,,,,4
talamanca.social,535.0,62.0,0.0,13
ohai.social,106251.0,13493.0,265.0,39446
mieth.social,167.0,26.0,0.0,4
cyberpasti.me,32.0,23.0,0.0,2
social.rhea.art,2.0,11.0,0.0,1
rawr.tf,14.0,12.0,0.0,1
toot.tom-eric.info,0.0,11.0,0.0,1
mastodon.jabbxi.de,0.0,7.0,0.0,3
collantes.social,,,,1
toot.hostdon.ne.jp,136.0,12.0,0.0,1
social.lemee.co,,,,3
8bitar.io,0.0,7.0,0.0,4
social.nerd.net,2.0,14.0,0.0,6
goblin.camp,,,,100
come-together.nl,0.0,3.0,0.0,1
strangeplace.me,269.0,34.0,0.0,10
innoq.social,70.0,156.0,0.0,39
fabler.su,,,,7
gay.camera,50.0,125.0,8.0,42
fedi.computernewb.com,3476.0,97.0,2.0,14
lumberjacks.social,425.0,51.0,0.0,9
pixelfed.aargaunet.ch,,,,17
matitodon.com,,,,368
social.apfelfunk.com,98.0,36.0,0.0,5
social.linux-help.org,1.0,11.0,0.0,1
scg.owu.one,,,,68
batchats.net,471.0,45.0,0.0,23
vis.social,11741.0,2914.0,6.0,6242
masktodon.social,,,,1
drcit.social,0.0,10.0,0.0,2
mstdn.adminero.it,2.0,10.0,0.0,2
qn.krig.jp,1752.0,244.0,0.0,34
social.bij1.org,179.0,60.0,1.0,7
social.yjsoft.me,0.0,11.0,0.0,1
elcofre.social,15334.0,298.0,8.0,26
leftodon.social,2274.0,380.0,2.0,225
blahaj.social,5540.0,687.0,11.0,160
mozilla.social,,,,1292
kind.social,51772.0,11251.0,106.0,3977
chain.closetoya.com,0.0,8.0,0.0,7
mastodon.cronenberg.cc,0.0,4.0,0.0,3
social.linc.systems,0.0,28.0,0.0,11
nonexistent.ca,,,,1
kittyshards.net,7.0,36.0,0.0,2
aniy.jp,,,,3
mastodon.orko.it,413.0,16.0,0.0,3
toot.fan,150.0,27.0,5.0,9
social.van-hemmen.com,0.0,5.0,0.0,1
xierqi.club,,,,4
ellis.social,17.0,52.0,0.0,96
risc.social,,,,4
social.server17.net,298.0,29.0,0.0,5
uuu.moe,40.0,21.0,0.0,3
mooose.org,0.0,4.0,0.0,2
zusammenkunft.net,680.0,22.0,0.0,2
chat.radialbog9.com,0.0,1.0,0.0,3
social.wake.st,1395.0,11.0,0.0,1
mastodon.ftp.rip,,,,4
noauthority.social,,,,2653
social.tangoz.de,,,,2
mastoflute.social,1.0,11.0,0.0,2
whisper.tf,306.0,14.0,0.0,3
social.astralsystem.com,11.0,11.0,0.0,1
ozstream.net.au,11.0,10.0,0.0,5
konfigurationsmanufaktur.de,142.0,11.0,0.0,3
pdx.sh,145.0,93.0,0.0,129
easttexas.social,26.0,16.0,2.0,2
route.shinamikaidou42.net,0.0,8.0,0.0,2
mastodon.nichi.co,49.0,13.0,0.0,3
m.dsnv.net,0.0,6.0,0.0,1
social.gunju.de,7.0,6.0,0.0,3
yyc.bike,92.0,116.0,0.0,37
cuthrell.com,114.0,11.0,0.0,1
social.teamb.space,361.0,31.0,3.0,3
oomfie.city,,,,60
x.80px.com,0.0,4.0,0.0,1
m.thebroom.us,148.0,25.0,0.0,11
social.lol,51780.0,8504.0,0.0,1892
social.retronerd.at,7.0,19.0,0.0,6
kirikabu.fedicity.net,2115.0,24.0,1.0,2
genealysis.social,2404.0,734.0,15.0,549
spurlock.social,1.0,2.0,0.0,5
microhive.org,,,,3
social.brothertec.eu,50.0,12.0,0.0,2
narikiri.hostdon.ne.jp,234.0,143.0,10.0,101
inherently.digital,,,,3
yumeka.pw,4.0,18.0,0.0,3
partyparrot.social,,,,25
raphus.social,1318.0,389.0,3.0,212
yttrx.com,793.0,313.0,74.0,979
ukraine.rs,4.0,19.0,0.0,6
don.nzws.me,,,,26
mcyt.cc,25.0,23.0,0.0,130
ps-sw145sd.hostdon.ne.jp,2045.0,57.0,0.0,10
mordor.social,,,,3
owo.ff15.eu,,,,14
mastodon.org.uk,11142.0,1588.0,0.0,1928
mastodon.digitaino.com,,,,6
klog.tw,1174.0,415.0,2.0,117
yukari.cafe,25.0,82.0,0.0,67
acillba-lux.com,0.0,207.0,0.0,69
fuerth.social,1114.0,55.0,0.0,11
pixelfed.crimedad.work,,,,1
fanfare.horse,995.0,199.0,1.0,298
camp.crates.im,,,,4
micro.koray.al,0.0,4.0,0.0,2
mstdn.fedi.kirigiri.me,17.0,50.0,0.0,7
kmy.blue,40290.0,5214.0,45.0,2331
masto.danslesbois.info,,,,2
pouet.pas.la,33.0,23.0,0.0,4
slvn.social,2.0,7.0,0.0,1
machteburch.social,6903.0,1711.0,24.0,925
mastodon.zevs.me,0.0,16.0,0.0,13
gts.dtth.ch,,,,19
gts.fyrfli.social,,,,5
gaminginthe.cloud,557.0,81.0,0.0,127
techhangout.social,161.0,68.0,0.0,11
mastodon.is-hardly.online,473.0,38.0,1.0,5
rollenspiel.social,36779.0,4630.0,32.0,4569
social.dekay.se,33.0,3.0,0.0,1
freie-radios.org,717.0,35.0,1.0,6
supernatural.fans,14.0,87.0,2.0,94
mastodon.bres.cat,0.0,12.0,0.0,1
free.gaycatgirl.sex,,,,8
equel.social,,,,581
terapeldigitaal.nl,69.0,38.0,0.0,25
blueplanet.social,1909.0,378.0,4.0,87
social.dino.icu,,,,49
degrowth.social,1041.0,39.0,0.0,12
slashine.onl,,,,478
mastodon.replacementhipster.com,81.0,53.0,0.0,7
mastodon.sprawl.club,300.0,31.0,0.0,2
eletusk.club,6343.0,544.0,0.0,2311
social.coyotecrimes.dog,,,,1
social.lc,0.0,3.0,0.0,4
bots.krohsnest.com,71073.0,532.0,1.0,175
stefankoopmanschap.nl,384.0,11.0,0.0,1
elefanti.co,199.0,23.0,0.0,6
social.wasscher.com,5.0,5.0,0.0,5
allagar.masto.host,262.0,12.0,0.0,1
social.desbasques.com,9875.0,59.0,0.0,6
mstdn.soine.site,611.0,31.0,0.0,27
friendica.gidikroon.eu,,,,8
red.niboe.info,,,,416
simian.rodeo,375.0,52.0,0.0,14
social.ericcodes.io,13.0,12.0,0.0,1
www.factelves.com,,,,2
social.exs.gay,0.0,12.0,0.0,3
mastodon.xorp.hu,11.0,14.0,0.0,4
mastodon.memes.observer,,,,1
masto.twib.me,0.0,3.0,0.0,7
m.posterdati.it,1088.0,15.0,0.0,4
social.mkg20001.io,4.0,11.0,0.0,6
mstdn.delmulin.com,395.0,84.0,0.0,17
dan.mastohon.com,109.0,38.0,0.0,9
sleepycrew.social,,,,2
potla.ch,24.0,11.0,0.0,4
lincolnite.net,969.0,137.0,0.0,57
autism.social,,,,4
worldkey.io,3867.0,936.0,0.0,729
socialturtle.eu,8.0,12.0,0.0,4
poorlyrendered.com,195.0,11.0,0.0,4
komuna.minadoraserver.art,0.0,3.0,0.0,28
mastodon.tudgwal.fr,0.0,13.0,0.0,5
comunidad.nvda.es,7292.0,751.0,8.0,180
writeout.ink,1221.0,62.0,0.0,33
social.meadowing.club,,,,2
sajin.life,,,,61
social.anthro.fun,2.0,11.0,0.0,3
cyberspace.rodeo,170.0,12.0,0.0,1
moe.cat,3823.0,237.0,1.0,551
social.adlerweb.info,1521.0,43.0,0.0,9
salieri.hostdon.ne.jp,13.0,29.0,0.0,18
blabber.rocks,379.0,11.0,0.0,1
hed.im,1629.0,245.0,1.0,298
nofed01.heguro.com,0.0,3.0,0.0,4
asstodon.social,2131.0,38.0,1.0,7
ratingen.social,1.0,11.0,0.0,4
bern.social,43.0,11.0,0.0,2
pertsch.social,,,,1
blog.johanpersson.nu,,,,4
jamesgallagher.social,117.0,11.0,0.0,1
sebitech.social,30.0,14.0,0.0,12
pictochat.net,0.0,7.0,0.0,7
layer8.space,19096.0,3004.0,22.0,2445
fediverse.one,,,,3
friendicadev.sekretaerbaer.de,,,,2
purplepenguin.lol,25.0,11.0,0.0,1
hatchee.bz,183.0,28.0,0.0,16
offroad.town,,,,11
yabtm.us,1.0,19.0,0.0,4
amicale.net,66659.0,327.0,6.0,50
rusty.cat,70.0,11.0,0.0,3
maddie.oc.aleteoryx.me,,,,1
mastodon.nz,69625.0,9120.0,22.0,9074
creators.social,555.0,138.0,0.0,186
masto.onemanandhisblog.com,116.0,11.0,0.0,2
yrrsdn.rukonichi.com,88.0,76.0,0.0,11
blob.coffee,202.0,11.0,0.0,2
toot.shoes,0.0,0.0,0.0,96
social.lauercloud.de,0.0,22.0,0.0,7
kassel.social,,,,7
social.pawsitiv.space,152.0,56.0,1.0,81
mastodon.rejas.se,8.0,8.0,0.0,1
mikrotik.social,42.0,20.0,0.0,6
systerserver.town,4902.0,361.0,4.0,107
basidium.club,3.0,11.0,0.0,1
alentours.cc,261.0,13.0,0.0,5
kinney.social,0.0,5.0,0.0,1
mastodon.tetaneutral.net,7206.0,1148.0,18.0,866
toot.lv,19920.0,1869.0,13.0,1147
nastycandy.com,,,,1
edafe.social,,,,2
be-lieve.hostdon.ne.jp,2695.0,887.0,1.0,700
masto.sangberg.se,524.0,11.0,0.0,2
mstdn.ysnr5102.com,0.0,2.0,0.0,2
hi.47041.net,,,,1
screaminginsi.de,,,,5
waldvogel.family,1115.0,11.0,0.0,2
digitalstuntfactory.com,26.0,11.0,0.0,2
thebristol.social,77.0,11.0,0.0,3
mastodon.rip,3451.0,46.0,0.0,5
mastodon.ktachibana.party,2277.0,328.0,1.0,154
yiff.life,33085.0,5018.0,14.0,3714
osakanacreate.com,0.0,11.0,0.0,1
d.mrzm.io,1.0,12.0,0.0,1
social.tsun.co,191.0,11.0,0.0,2
osna.social,6552.0,995.0,2.0,558
ascule.mooo.com,0.0,9.0,0.0,1
pixelfed.co.za,,,,13
pixel.balamb.fr,,,,3
sp.kub2091.ru,36.0,32.0,1.0,35
plantegg.wiki.gd,,,,3
mastodon.raykoworld.com,200.0,11.0,0.0,1
displayeurope.social,49.0,56.0,4.0,31
x0r.be,430.0,324.0,0.0,200
pix.durehed.se,,,,1
mastodon.radio,33977.0,7818.0,85.0,3440
starside.social,298.0,40.0,0.0,6
kblue.10rino.net,2945.0,24.0,0.0,2
sre.masto.host,2.0,39.0,0.0,22
joomla.social,232.0,213.0,11.0,46
morphnet.de,674.0,11.0,0.0,1
gomastodon.cz,0.0,4.0,0.0,243
social.fairphone.community,620.0,75.0,1.0,16
aurorign.social,14.0,17.0,0.0,7
bcom.moe,155.0,65.0,0.0,46
pipou.academy,16239.0,791.0,2.0,244
nonexiste.net,54.0,22.0,0.0,10
ghostly.garden,72.0,10.0,0.0,1
biplus.date,7402.0,1474.0,12.0,773
endurance.racing,14.0,4.0,0.0,2
mellified.men,,,,19
app.bikers.social,472.0,189.0,2.0,66
social.growyourown.services,1708.0,53.0,0.0,7
rss-mstdn.studiofreesia.com,272541.0,4450.0,0.0,558
diaspodon.fr,17512.0,614.0,3.0,257
kannitverstan.eu,125.0,22.0,0.0,2
ludosphere.fr,14581.0,3206.0,83.0,857
avantwhatever.org,84.0,118.0,0.0,40
brokenhedge.org,,,,5
noot.noot.cloud,,,,3
vmh.rest,,,,8
comicscamp.club,3529.0,251.0,2.0,143
shrediverse.net,,,,14
social.psychodog.co.uk,23.0,11.0,0.0,6
ipv6.social,831.0,158.0,2.0,65
kicou.info,,,,2
tooter.wishy.co.uk,187.0,12.0,0.0,1
oransns.com,5627.0,487.0,5.0,610
mastodon.kronk.info,24.0,59.0,1.0,18
secuwing.social,29.0,14.0,0.0,3
inkspill.co,,,,2
sardegna.social,127.0,84.0,0.0,79
i1.no,102.0,81.0,0.0,37
masto.uno,,,,25
sns.mszpro.com,,,,4
so.scnr.it,0.0,0.0,0.0,1
catharsis.cafe,680.0,56.0,0.0,34
social.yesterweb.org,,,,722
mastodon.chuggybumba.com,971.0,13.0,1.0,6
ansico.dk,68.0,11.0,0.0,1
chitter.xyz,43066.0,2626.0,25.0,1234
tcp.fm,67.0,23.0,0.0,4
hypno.social,56.0,171.0,24.0,386
italkedtostrangers.com,2.0,16.0,0.0,5
mastodon.b2b-marketing.pl,,,,2
sozial.roter-kreis.de,116.0,23.0,0.0,5
social.balsillie.net,1.0,5.0,0.0,4
fediverse.bitals.xyz,24.0,12.0,0.0,2
mastodon.digi.rodeo,0.0,0.0,0.0,1
n.noxexcelsis.online,,,,7
coma.social,,,,1
bequeme-couch.de,1.0,19.0,1.0,7
mastodon.education,2542.0,591.0,0.0,610
katsuru.live,,,,2
pics.voiceover.bar,,,,2
social.typica.us,,,,12
social.pixelpusher.no,,,,2
unstable.systems,1246.0,175.0,2.0,27
pauho.net,,,,2
innocent.yukimochi.io,0.0,4.0,0.0,12
1234.as,,,,4271
mastodon.multimob.be,132.0,73.0,0.0,26
social.nordgaming.eu,0.0,2.0,0.0,6
verumsocial.com,,,,6
rob365.online,,,,2
social.openinfra.dev,32.0,24.0,0.0,7
mstdn.engawa.social,4.0,12.0,0.0,1
boerdica.de,,,,1
toot.majorshouse.com,2426.0,22.0,0.0,18
t.copyliu.org,2.0,9.0,0.0,1
v2.nyoki.club,179.0,111.0,0.0,20
meowr.me,111.0,40.0,0.0,30
oulipo.social,2813.0,691.0,7.0,1118
social.butterknifeestates.com,4.0,9.0,0.0,4
pix.zeroes.ca,,,,7
mastodon.gouacheairship.com,0.0,8.0,0.0,1
straightouttacotton.com,,,,14
social.modding.games,,,,7
mastodon.myaddomain.org,0.0,0.0,0.0,3
mastodon.indiegames.online,,,,20
messydesk.social,586.0,67.0,0.0,8
xarxa.cloud,28580.0,1984.0,101.0,911
mastodon.randompherret.com,5.0,12.0,0.0,1
masto.chelmi.info,0.0,12.0,0.0,1
dice.camp,114025.0,16345.0,144.0,9004
troet.tay-tec.de,2553.0,68.0,0.0,7
gayweeb.vip,2.0,12.0,0.0,7
strangeweb.page,2503.0,45.0,0.0,4
tum.social,159.0,138.0,0.0,83
slime.computer,,,,5
p.talesbythewanderer.com,,,,6
squawk.mytransponder.com,1348.0,319.0,9.0,381
discuss.systems,26118.0,3546.0,63.0,3302
adventurer-guild.org,,,,45
tsrats.net,7.0,12.0,0.0,1
social.inter-mundos.de,4.0,11.0,0.0,3
mapstodon.space,12024.0,3632.0,74.0,2249
mastodon.valha.la,0.0,2.0,0.0,1
are.sexy,8.0,11.0,0.0,2
kono.pub,,,,21
sandbox.skoji.jp,322.0,12.0,0.0,2
furdon.com,,,,15
guzmer.social,10.0,11.0,0.0,6
iosdev.space,6879.0,2793.0,17.0,1185
mastodon.fuckoff.top,,,,1
yetanother.place,88.0,14.0,0.0,3
fedi.xamk.fi,0.0,18.0,0.0,16
place-of-refuge.com,,,,18
social.smnz.de,,,,11
social.elbespace.de,36.0,17.0,0.0,8
pouet.it,,,,23
lewacki.space,757.0,373.0,6.0,780
vkl.world,3353.0,1347.0,8.0,1792
social.learntosolveit.com,37.0,11.0,0.0,2
netmonkey.xyz,126.0,23.0,0.0,3
naapurinpoika.com,42.0,19.0,0.0,6
photos.mroberts.me,,,,2
freiburg.social,32535.0,4335.0,32.0,2572
westvisions.social,13.0,26.0,0.0,15
vorny-animals.online,0.0,14.0,0.0,16
ms.maritime.social,0.0,57.0,2.0,48
tombraidersocial.com,81.0,63.0,1.0,50
social.trumpi.co.za,2.0,6.0,0.0,1
sharlayan.in,44598.0,489.0,6.0,63
social.eb8.org,0.0,0.0,0.0,2
ostalb.social,0.0,28.0,1.0,18
mastodon.poukpouk.com,,,,1
seldo.dev,0.0,2.0,0.0,11
social.danpalmer.me,,,,1
friscode.dev,,,,1
mastodon.d.gs,,,,1
newsmast.community,1279062.0,686.0,0.0,68
mastodon.gisvold.co.uk,53.0,12.0,0.0,2
puniman.xsns.jp,3.0,24.0,0.0,3
open-source-eschaton.net,,,,5
s.pebcak.de,133.0,35.0,0.0,4
cunnin.me,1261.0,65.0,0.0,30
allovertheplace.ca,5609.0,97.0,2.0,11
pixel.kitchen,81.0,12.0,0.0,3
curling.social,307.0,90.0,0.0,61
voidwood.online,92.0,11.0,0.0,7
masto.98degrees.co.uk,8.0,3.0,0.0,1
cast.hidyn.com,,,,1
feed.yopp.me,118.0,11.0,0.0,1
artistalley.space,49.0,36.0,0.0,35
social.4score7pongs.com,125.0,62.0,0.0,10
kwick.rip,0.0,11.0,0.0,16
frogs.lgbt,814.0,95.0,0.0,15
pirati.ca,,,,84
colloquy.social,,,,2
darksky.social,1.0,22.0,0.0,2
bebopping.social,22.0,26.0,0.0,6
social.openearth.org,2.0,2.0,0.0,7
pics.gayfr.online,,,,56
pixelfed.de.,,,,44623
mastodon.altearn.xyz,,,,7
brands.town,4110.0,396.0,0.0,264
onlyfeds.cc,0.0,1.0,0.0,1
mstdn.cool,,,,2
notnull.click,,,,1
m.einverne.info,1842.0,26.0,1.0,19
social.zocradio.info,387.0,24.0,0.0,5
gxtech.social,4.0,12.0,0.0,9
kinktroet.social,52.0,120.0,0.0,145
social.ayco.io,640.0,10.0,0.0,1
social.myexp.de,0.0,3.0,1.0,3
toot.diglet.ca,1.0,18.0,0.0,9
mastodon.cubsex.lol,,,,20
olender.me,4.0,11.0,0.0,1
sick.pictures,,,,15
mastodon.near.social,0.0,0.0,0.0,150
social.abwesend.com,22.0,14.0,0.0,3
social.vyvojari.dev,11.0,13.0,0.0,10
opensocial.media,507.0,67.0,6.0,9
bookstodon.es,1797.0,55.0,0.0,6
social.purrucker.de,41.0,11.0,0.0,5
toot.portes-imaginaire.org,7781.0,1428.0,35.0,851
nodespace.social,,,,7
kinkpic.site,,,,36
katzebot.space,107.0,16.0,0.0,35
puddle.town,,,,4
botwerks.social,,,,2
anubis.social,898.0,38.0,0.0,7
m.heine.xyz,4.0,12.0,0.0,4
nunu.fedicity.net,623.0,10.0,0.0,2
cybersulu.ninja,0.0,6.0,0.0,3
mastodon.yockow.jp,22.0,44.0,0.0,4
rubber.social,8435.0,4226.0,73.0,3969
social.troll.academy,1266.0,127.0,0.0,30
frmsn.network,,,,1
m.g3l.org,7474.0,315.0,4.0,237
toot.works,3751.0,140.0,2.0,92
the.goofs.space,71.0,25.0,1.0,4
mastodon.vaporghost.at,,,,5
definitely.social,86.0,57.0,0.0,18
toot.coinfund.app,9.0,22.0,0.0,2
isocial.cloud,117.0,17.0,0.0,19
nitecrew.rip,,,,24
kraut.social,0.0,3.0,0.0,1
mastodon.hexix.de,152.0,41.0,0.0,12
bullcity.space,,,,43
hub.uckermark.social,980.0,49.0,1.0,19
distant.social,10.0,12.0,0.0,1
greenfield.masto.host,5134.0,62.0,0.0,15
mstdn.imi.moe,0.0,0.0,0.0,1
m.alexyang.me,0.0,12.0,0.0,2
toots.tylerdavis.xyz,261.0,11.0,0.0,1
rly.at,,,,176
toot.metasyntactical.com,23.0,22.0,0.0,3
pix.plopoyop.me,,,,1
eloi.social,6.0,14.0,0.0,3
social.fantorovevo.com,48.0,18.0,0.0,6
zeroping.cc,0.0,1.0,0.0,5
chadthundercock.com,,,,34
petrous.vislae.town,36294.0,144.0,0.0,22
mastodon.habets.dev,136.0,15.0,0.0,12
federatedfandom.net,7002.0,1543.0,10.0,704
deyes.im,,,,1
social.techie.org,0.0,2.0,0.0,3
toot.team.jetzt,11847.0,38.0,0.0,9
climatejustice.rocks,,,,2115
social.goose.rodeo,534.0,34.0,0.0,8
mastodon.drjpdns.com,2528.0,23.0,1.0,4
mastodon.content.town,637.0,796.0,0.0,656
bumscode.com,625.0,76.0,0.0,15
dcj.me,,,,1
mastodon.michonline.com,9.0,12.0,0.0,2
toot.kotocoop.org,4.0,11.0,0.0,3
gts.oniricorpe.eu,,,,1
bologna.one,622.0,273.0,7.0,670
hollow.raccoon.quest,,,,43
mastodononline.com,646.0,21.0,2.0,1
duisburg.social,,,,3
superheronecromancer.games,,,,3
whereismysupersuit.com,4.0,12.0,0.0,3
uestc.social,,,,52
rack.social,,,,8
mastodon.d2dx.com,0.0,11.0,0.0,2
climatejustice.global,2277.0,748.0,3.0,202
photos.tsrats.net,,,,2
mastodon.clusterfucks.nl,19.0,17.0,0.0,5
eightpoint.app,,,,786
m.ipoac.nl,37.0,13.0,0.0,2
mastodon.pandoli365.com,1.0,15.0,0.0,29
masto.fediverse.be,0.0,9.0,0.0,1
mastodon.yakka.art,,,,4
social.azureheads.gr,0.0,2.0,0.0,67
things.uk,1090.0,23.0,0.0,3
h-net.social,2188.0,573.0,13.0,1435
jiaojiao.org,177.0,247.0,4.0,48
irrsinn.life,14.0,11.0,0.0,1
social.ttnrtsite.me,,,,6
fantasyhockey.social,191.0,48.0,0.0,6
lounge.swineair.com,0.0,0.0,0.0,2
social.ceod.net,3.0,11.0,0.0,2
goshdarn.fun,,,,4
social.0x705h.com,13.0,11.0,0.0,4
thevipvipers.space,226.0,51.0,0.0,19
air11.social,3.0,9.0,0.0,1
undefined.social,275.0,78.0,6.0,39
social.mrks.network,,,,8
circumstances.run,17835.0,208.0,0.0,26
vivere.uno,20443.0,661.0,1.0,95
mastodon.gregnilsen.com,31.0,12.0,0.0,1
donmasto.com,,,,2
social.vegan.im.it,5.0,6.0,0.0,1
masto.esophiamedias.fr,0.0,0.0,0.0,5
votho.social,5.0,6.0,0.0,1
bloop.blipdrifter.com,,,,1
lakedistrict.social,0.0,6.0,0.0,3
mastodon.dentrassi.de,11.0,12.0,0.0,1
vrparty.social,115.0,48.0,0.0,14
social.parentheticalrecluse.com,276.0,12.0,0.0,1
woof.tech,4868.0,1287.0,162.0,257
publishing.social,340.0,23.0,0.0,43
social.badjack.org,,,,4
social.matthias-bender.de,,,,1
xn--69aa8bzb.xn--y9a3aq,410.0,360.0,2.0,376
no7es.mu7ou.com,,,,1
pardal.agoranet.info,30.0,13.0,0.0,8
mastodon.no2nd.earth,972.0,181.0,2.0,75
social.tomkrizan.com,,,,5
social.oddly-influenced.dev,8.0,29.0,0.0,13
sb17.space,745.0,42.0,0.0,12
toot.radicle.xyz,3.0,3.0,0.0,1
mastodon.well.com,2581.0,346.0,0.0,101
social.sd.ai,30.0,12.0,0.0,1
social.am-networks.fr,5045.0,21.0,1.0,2
omgwars.com,65.0,11.0,0.0,6
toots.valken.org,1.0,4.0,0.0,1
getoote.de,0.0,0.0,0.0,4
clar.ke,15.0,11.0,0.0,6
forgi.social,652.0,74.0,0.0,19
kiri.to,4.0,12.0,0.0,1
gotgoat.com,,,,10
oceanvibe.nz,,,,21
mastodon.madhammer.club,18.0,20.0,0.0,13
social.moment.at,300.0,138.0,9.0,95
m.takamoriai.co,0.0,34.0,0.0,12
benehomini.social,94.0,11.0,0.0,18
emsdetten.mastodon.info,0.0,5.0,0.0,2
thinkydoers.social,221.0,18.0,2.0,11
planet.moe,306930.0,69156.0,1988.0,27439
hideouts.space,,,,4
mastodon.xn--t8jzbl7g.jp,1411.0,11.0,0.0,1
takeo.social,17.0,11.0,0.0,1
guns.krackhou.se,,,,2
pixelfed.eus,,,,461
social.hardlimit.com,507.0,59.0,0.0,36
mastodon.yyyyy.world,,,,34
mastodon.raumfahrer.net,26.0,33.0,0.0,7
ma.fono.jp,1382.0,44.0,1.0,18
masto.hivane.net,520.0,77.0,1.0,7
spacey.space,10475.0,969.0,2.0,707
harz.social,15.0,40.0,1.0,20
bassrock.social,30.0,14.0,0.0,2
emilcar.social,214.0,61.0,0.0,7
federation.p1k3.com,,,,3
pentimento.me,109.0,11.0,0.0,5
airwaves.social,,,,359
social.veraciousnetwork.com,145.0,276.0,11.0,2148
rustedneuron.com,519.0,22.0,0.0,5
smutlandia.com,2007.0,246.0,4.0,201
andrews.me,46.0,11.0,0.0,1
ctdl.co,,,,8
bonn.pics,,,,9
cultusmechanic.us,,,,1
mastodon.1984.cz,26.0,34.0,0.0,21
social.plom.net,,,,1
subdued.social,221.0,95.0,2.0,45
gaygeek.social,15220.0,1663.0,319.0,1368
mastodon.try-to-hack.me,,,,2
seepocke.at,10.0,11.0,0.0,3
riedstadt.social,15.0,12.0,0.0,1
kafeneio.social,42493.0,929.0,16.0,382
vrchat.today,0.0,0.0,0.0,7
pixel.nx-pod.de,,,,1
mastodon.lithium03.info,1398.0,13.0,2.0,3
poly.cybre.city,,,,2
m.tpaschalis.me,12.0,10.0,0.0,2
mastodon.stevex.online,0.0,12.0,0.0,1
neo.knzk.me,14.0,15.0,0.0,3
social.detroit.hockey,36.0,12.0,0.0,2
waldorf.fyi,,,,5
mess.social,,,,5
mas.n0t.net,,,,1
dragonscave.space,42586.0,2469.0,3.0,423
mstdn.thymefield.jp,21.0,11.0,0.0,1
vivinezz.hostdon.ne.jp,1474.0,12.0,0.0,1
analog.am,,,,4
floss.social,,,,1279
routingmagic.club,0.0,0.0,0.0,1
noxon.cc,274.0,23.0,0.0,2
skinheads.social,,,,67
bnnuy.space,13.0,46.0,0.0,16
social.xmflsct.com,,,,4
social.roteserver.de,29.0,19.0,1.0,7
flashist.live,,,,1
politiek.social,,,,2
social.tr0llhoehle.de,112.0,77.0,0.0,7
sc.skrlet13.xyz,,,,1
lightcrystal.fedicity.net,1903.0,214.0,0.0,24
maguire.social,0.0,12.0,0.0,2
1132don.com,,,,13
mastodon.jannis-goeing.de,5.0,12.0,0.0,4
mapsupport.de,4519.0,580.0,97.0,142
mst3k.interlinked.me,,,,239
mastodon.thirring.org,5372.0,378.0,0.0,87
mastodon.kuylar.dev,39.0,11.0,0.0,1
jadero.com,,,,3
3dart.social,,,,29
internaut.club,0.0,0.0,0.0,8
social.chregu.tv,,,,1
daydream.ink,3872.0,100.0,2.0,19
mastodon.experienceadvisors.io,0.0,0.0,0.0,13
social.shinyuu.net,0.0,12.0,0.0,1
social.rubikoid.ru,2.0,3.0,0.0,11
m.thibau.lt,23.0,3.0,0.0,3
telegrafverket.cc,192.0,64.0,0.0,16
tulipgardenshow.masto.host,517.0,22.0,0.0,2
xno.social,,,,113
mastodon.retr0.party,14.0,24.0,0.0,33
toot.monny.cloud,53.0,23.0,0.0,4
toot.sh,27.0,23.0,0.0,8
haminoa.net,12.0,11.0,0.0,1
uwu.mikkonen.com,,,,1
social.diehildebrands.de,0.0,12.0,0.0,1
m.uwuntu.org,0.0,17.0,0.0,5
mastodon.sacamano.net,0.0,4.0,0.0,6
pix.novababilonia.me,,,,2
libretooth.gr,11805.0,1486.0,10.0,2277
toot.earth,375.0,32.0,0.0,17
techdonuts.uk,0.0,14.0,0.0,3
restraint.social,1.0,48.0,0.0,94
unkomaker.hostdon.ne.jp,,,,3
genart.social,,,,494
mastodon.from-de.com,12.0,26.0,0.0,11
blog.stegemann.de,33.0,35.0,0.0,12
networker.social,,,,11
mastodon.woitschetzki.de,9.0,12.0,0.0,3
bots.kurator.tech,,,,2
convo.casa,5745.0,1030.0,16.0,5271
mastodon.cultuurpers.nl,35.0,16.0,3.0,9
jxmsocial.xyz,0.0,12.0,0.0,2
sheppi.es,7.0,12.0,0.0,1
doesstuff.social,339.0,3.0,0.0,1
snapp.social,137.0,61.0,0.0,13
thoughtbot.social,262.0,91.0,0.0,46
veoh.social,685.0,23.0,1.0,2
crab.garden,112.0,16.0,0.0,4
postagram.net,,,,11
social.mildlyfunctional.gay,830.0,24.0,0.0,2
gamedev.berlin,0.0,14.0,0.0,8
philos.fkn-systems.de,,,,4
mastodon.monotropa-satellite.social,0.0,12.0,0.0,6
ap.insertapp.net,9.0,12.0,0.0,1
academiccloud.social,1313.0,813.0,87.0,515
social.minx.space,0.0,22.0,0.0,3
bimbo.social,,,,14
gesichtsbu.ch,7.0,16.0,1.0,17
glaceon.social,20165.0,562.0,4.0,513
mastodon.demortes.com,,,,5
ertona.net,5678.0,24.0,0.0,9
pointless.chat,17965.0,719.0,16.0,943
tedcarstensen.social,5.0,11.0,0.0,1
social.slat.org,676.0,288.0,4.0,1270
acrion.social,0.0,11.0,0.0,2
bluelupine.social,51.0,53.0,0.0,21
sanjuans.life,,,,78
galbo.io,,,,2
social.daleth.cafe,,,,3
theatrez.day,281.0,101.0,0.0,13
kotlin.social,72.0,154.0,3.0,228
metapan.online,0.0,1.0,0.0,1
jtrem.me,3.0,12.0,0.0,1
comfy.blue,43.0,19.0,0.0,5
awoo.chat,128.0,23.0,0.0,22
racoon.social,108.0,64.0,0.0,8
social.gyahunkoubou.com,39.0,34.0,3.0,1
prognesubis.net,0.0,1.0,0.0,1
mistodon.cloud,17703.0,442.0,0.0,107
mastodon.hackerdrinks.social,27.0,47.0,0.0,28
social.shinyuploads.com,86.0,79.0,14.0,18
toot.turbo.chat,3.0,110.0,0.0,1170
osten.social,27.0,46.0,4.0,14
truth.rip,0.0,12.0,0.0,3
social.goonj.xyz,0.0,11.0,0.0,65
m.tigercubden.com,0.0,7.0,0.0,1
mastodon.jawa.moe,2.0,7.0,0.0,2
announcements.managedwphosting.pro,,,,1
archaeo.social,7450.0,1285.0,28.0,857
mastodon.creation.md,0.0,15.0,0.0,14
mstdn.sagami-yashiro.net,140.0,11.0,0.0,1
m.qqs.tw,77.0,70.0,0.0,50
280562.com,26.0,15.0,0.0,6
microhive.social,,,,1
mstdn.studiofreesia.com,84.0,34.0,0.0,5
unocha.social,187.0,12.0,0.0,2
nothankyou.hostdon.ne.jp,,,,2
mastodon.hexsix.me,2.0,3.0,0.0,1
mastodon.spowage.info,23.0,11.0,0.0,4
existentialcrisis.link,0.0,6.0,0.0,4
social.extremelyoffline.org,62.0,12.0,0.0,2
ginpatu.moe,,,,9
estrogen.cat,0.0,1.0,0.0,4
seoul.earth,39.0,65.0,0.0,34
meron.io,79.0,12.0,0.0,4
bfd.so,,,,1
mstdn.beer,105309.0,2291.0,0.0,862
wallonie-bruxelles.social,631.0,13.0,0.0,5
ukadon.shillest.net,24604.0,1272.0,5.0,301
don.academist.jp,0.0,0.0,0.0,5
social.01840.casa,0.0,15.0,0.0,3
mipuertorico.social,4.0,9.0,0.0,9
mastodon.mallegolhansen.com,433.0,23.0,0.0,5
smilodon.chatslibres.com,96.0,30.0,0.0,7
mstdn.party,73714.0,13457.0,508.0,50942
9kb.me,6732.0,410.0,2.0,760
mastonederland.nl,4672.0,122.0,2.0,66
toot.bike,13951.0,1137.0,3.0,623
diddlyfx.space,,,,4
mastodon.ounce.zone,,,,1
mog.blue,484.0,50.0,0.0,11
scl.kaffeemonster.com,233.0,22.0,0.0,2
audiophile-mastodon.com,0.0,6.0,0.0,10
bits.social,0.0,12.0,0.0,2
the.unforgiven.pl,6.0,12.0,3.0,2
social.thearchitects.world,0.0,11.0,0.0,3
hanamaru.uk,,,,9
dev.neodb.prvcy.page,0.0,0.0,0.0,26
maestas.photos,,,,19
toots.deds.nl,34.0,55.0,0.0,17
popindustry.org,,,,133
hachyderm.wtf,4.0,12.0,0.0,8
freeframe.masto.host,,,,2237
delaylama.de,2.0,12.0,0.0,2
allships.run,,,,292
social.antifa.gmbh,544.0,108.0,0.0,45
fandom.ink,12862.0,2004.0,20.0,1491
plock.social,2.0,12.0,0.0,12
ffxiv-mastodon.com,8786.0,2729.0,5.0,3201
m.allistodon.xyz,8.0,9.0,0.0,1
mstdn.vodka,135.0,44.0,1.0,35
social.uji.es,129.0,62.0,14.0,4
utveckla.re,10.0,12.0,0.0,6
erotica.social,,,,78
pixel.sadrarin.com,,,,2
brien.hosted.spacebear.ee,,,,14
ashlande.rs,82.0,17.0,0.0,8
blieb.net,2.0,11.0,0.0,1
breizh.social,59.0,24.0,0.0,3
labview.social,0.0,1.0,0.0,15
loci.onl,,,,20
mastobate.social,2751.0,726.0,43.0,417
linh.social,1099.0,91.0,0.0,10
fotofed.nl,,,,1370
masto.astrra.space,5.0,14.0,0.0,35
social.wjt.je,22.0,12.0,0.0,1
mastodon.lertsenem.com,240.0,12.0,0.0,2
mastoden.com,24.0,12.0,0.0,1
whitesmokebbq.social,30.0,30.0,0.0,15
sensitive.hostdon.ne.jp,0.0,0.0,0.0,16
social.plux.wtf,46.0,12.0,0.0,1
plustodon.net,6107.0,96.0,3.0,195
erica.moe,13.0,58.0,0.0,19
pixel.tiggi.es,,,,27
mstdn.b-shock.org,1187.0,73.0,0.0,42
digressive.me,0.0,51.0,0.0,8
boy.s.cz,,,,9
click.unternet.org,,,,6
hamradio.tel,0.0,6.0,0.0,26
fed.wjboll.es,1.0,12.0,0.0,1
cultofshiv.wtf,1501.0,172.0,0.0,42
vapers.jp,,,,94
toot.supremesyntax.com,,,,4
freeradical.zone,38143.0,2229.0,39.0,2786
urbanists.social,50713.0,5072.0,31.0,6290
taedcke.social,5.0,12.0,0.0,2
quite.social,,,,1
frenfiverse.net,,,,139
pixel.fabulousfabs.fr,,,,2
photo.horslimites.org,,,,1
maciek.pics,,,,4
dataplatform.social,313.0,275.0,1.0,232
troetmund.de,0.0,34.0,0.0,6
c7.io,7821.0,729.0,44.0,207
mastodon.vlaanderen,4696.0,476.0,26.0,1288
social.vivaldi.net,260941.0,39251.0,5429.0,53288
social.techn1k.de,,,,6
cultur.social,9464.0,383.0,38.0,213
secluded.ch,157.0,22.0,0.0,2
ruhrpott.social,981.0,396.0,0.0,394
arasaka.vip,,,,9
surf.cyberspace.club,225.0,11.0,0.0,5
radicalsocial.work,433.0,50.0,1.0,58
mastodon.kapler.family,0.0,6.0,0.0,3
hear-me.social,23626.0,1022.0,137.0,625
blog.fami.ga,41.0,11.0,0.0,1
social.ivydra.com,10.0,12.0,0.0,2
drk.st,463.0,45.0,0.0,6
ajtaci.club,5.0,12.0,0.0,9
doughnuton.com,558.0,36.0,0.0,3
imaginair.es,4952.0,646.0,0.0,347
fedipix.de,,,,147
fediscience.org,37067.0,9590.0,79.0,5555
girldick.party,3.0,8.0,0.0,2
luzeed.org,,,,840
social.benny.de,1144.0,12.0,0.0,1
marctodon.marci.one,672.0,20.0,0.0,6
s-h.social,,,,3
photos.xavs.ca,,,,1
անքուն.հայ,,,,39
southampton.social,,,,26
indg.club,2221.0,129.0,1.0,131
utter.online,241.0,84.0,2.0,22
social.schleswig-holstein.de,169.0,136.0,7.0,15
seine.fleuv.es,,,,2
social.n33.eu,,,,1
focal.social,1.0,9.0,0.0,27
social.jelliefrontier.net,124.0,13.0,0.0,2
makerspace.au,0.0,1.0,0.0,7
univention.social,126.0,53.0,0.0,20
toot.revelin.fr,58.0,6.0,0.0,4
chelseafc.social,,,,5
sector25.de,162.0,23.0,0.0,4
kirche.social,17871.0,2172.0,28.0,617
weremember.social,126.0,113.0,0.0,52
devtools.social,,,,6
m.wingu.se,8.0,13.0,0.0,2
wolfhaus.me,11.0,10.0,0.0,9
mastodon.randomcat.org,1.0,12.0,0.0,1
tablegame.mstdn.cloud,9061.0,875.0,1.0,1348
www.omeowgle.com,0.0,0.0,0.0,2
kokoro.shugetsu.space,,,,5
fetistodon.com,253.0,375.0,5.0,394
fedi.katze.sh,,,,5
thickey.com,23.0,35.0,0.0,3
fluttercommunity.social,54.0,141.0,0.0,141
recsys.social,351.0,102.0,0.0,90
social.saarland,8110.0,781.0,1.0,306
kemonodon.club,12405.0,2778.0,0.0,2936
social.e-editiones.org,33.0,37.0,0.0,14
mastodon.meguhub.com,,,,5
mastodon.garden,1.0,30.0,0.0,25
m.pcgt.link,183.0,12.0,0.0,3
focal.love,1.0,2.0,0.0,5
fouroclockfarms.club,5352.0,80.0,0.0,10
mountains.social,6848.0,1268.0,55.0,574
mastodon.murkworks.net,7452.0,91.0,1.0,18
mastodon.0011.lt,39.0,26.0,3.0,2
endtimebelievers.com,1.0,12.0,1.0,4
packetwarriors.net,,,,1
social.dog-s.global,79.0,33.0,0.0,22
stars.eroaward.com,0.0,12.0,0.0,193
social.xin.cat,315.0,18.0,0.0,5
mastodon.constant.social,51.0,23.0,0.0,4
ecologie.social,387.0,159.0,20.0,137
social.moormaker.space,0.0,3.0,0.0,6
turingfesten.dk,,,,27
social.fetedelamusique.de,0.0,1.0,0.0,4
wisskomm.social,3497.0,1593.0,46.0,315
social.memes.nz,25.0,30.0,0.0,5
alpaka.garden,739.0,132.0,2.0,13
mastodon.techrekt.com,,,,3
zirk.us,55248.0,6556.0,91.0,5904
alpherg.fedicity.net,11.0,17.0,0.0,2
social.cpress.org,0.0,10.0,0.0,6
mastoot.fr,5939.0,2005.0,541.0,964
poliversity.it,5010.0,686.0,33.0,109
littlesakura.blanchatre.net,,,,1
miteff.co,,,,3
mastodon.codelyoko.me,,,,1
www.littlefaqs.com,,,,3
moe.pastwind.top,89.0,37.0,0.0,18
spore.social,33143.0,1814.0,27.0,1794
dutchcaribbean.social,0.0,0.0,0.0,3
mastodonczech.cz,36710.0,5633.0,68.0,5341
twitchfr.social,119.0,52.0,0.0,75
mastodon.living.tech,,,,2
mastodon.staton.us,,,,3
mastodon.quebec,14563.0,386.0,61.0,99
mastodonapp.uk,195332.0,27703.0,354.0,80124
twoot.site,14248.0,551.0,5.0,57
gamemaking.social,,,,112
social.lyrenhex.com,270.0,13.0,0.0,2
neph.social,2.0,11.0,0.0,3
social.kyzune.com,,,,1
social.ericvandam.me,433.0,23.0,0.0,2
mammut.ericmitch.com,91.0,14.0,0.0,2
social.foederiert.de,0.0,11.0,0.0,3
social.wiredancer.hu,0.0,9.0,0.0,3
mastodon.desmu.fr,490.0,23.0,0.0,2
masto.onurb.net,4.0,41.0,0.0,4
social.sparkforge.pro,,,,4
rouge.eu.org,1482.0,27.0,0.0,4
thebackroom.life,,,,31
nomanssky.social,2015.0,207.0,20.0,183
worst.computer,0.0,3.0,0.0,1
mastodon.bandshell.rocks,0.0,6.0,0.0,4
partyon.xyz,7802.0,40.0,7.0,27
monogram.org,,,,8
wstrsd.masto.host,4489.0,19.0,0.0,2
mastodon.xolus.net,44.0,12.0,0.0,7
fasol.org,49.0,13.0,0.0,2
mstdn.midyuki.net,,,,1
wistodon.org,8.0,4.0,0.0,2
おともだち.みんな,66.0,13.0,0.0,4
mastodon.uniastur.com,84.0,23.0,0.0,11
masto.nd2.uk,1857.0,22.0,0.0,3
social.leinde.de,10.0,66.0,0.0,35
loma.ml,,,,577
boles.xyz,20.0,11.0,0.0,3
rivals.space,21848.0,3367.0,149.0,2027
mastodon.hakurei.win,2240.0,46.0,0.0,11
asbestosden.org,6.0,11.0,0.0,1
cirno9.mynetgear.com,8.0,16.0,0.0,5
furry.horse,244.0,77.0,0.0,50
ehr.scot,,,,17
social.harukizaemon.com,,,,1
about.to.be.nota.live,,,,3
nyxa.jojess.net,11.0,19.0,0.0,6
nine.land,58.0,61.0,0.0,23
social.outof.coffee,,,,6
toot.thoughtworks.com,405.0,184.0,5.0,884
social.shas.am,,,,3
upload.chat,114.0,17.0,0.0,3
s3th.me,,,,1
bsd.network,19859.0,3235.0,0.0,1107
gamerplus.org,1284.0,46.0,2.0,9
goto.ryuslash.org,,,,1
mreow.de,1.0,4.0,0.0,2
mastodon.maswag.net,19.0,12.0,0.0,1
grandma.space,,,,21
friendsofdesoto.social,10030.0,701.0,1.0,464
alliec.at,1.0,12.0,0.0,1
decentralis.social,17.0,15.0,0.0,7
varmint.town,107.0,23.0,0.0,3
catcatnya.com,24941.0,1434.0,24.0,378
bbq.snoot.com,1967.0,596.0,0.0,1232
thetavern.social,0.0,0.0,0.0,7
mstdn.home.neso.tech,2390.0,20.0,0.0,8
mstdon.com,,,,57
compound.social,3.0,8.0,0.0,2
wxcloud.social,,,,58
friendica.hagew.blog,,,,4
mastodon.knight.fyi,108.0,12.0,0.0,3
pullopen.xyz,,,,391
gshep.social,,,,2
toot.empathyintech.com,,,,1
mastodon.ocfox.me,14.0,11.0,0.0,1
mastodon.attiplayz.dev,,,,8
mastodon.de,46153.0,2835.0,299.0,668
fedi.raventhemaker.com,641.0,12.0,0.0,1
starwish.co.kr,,,,55
persia.social,,,,85
social.fidart.it,3.0,10.0,0.0,3
nso.group,623.0,194.0,3.0,121
modelrailroadballast.com,0.0,2.0,0.0,27
mastodon.lajaqueria.org,,,,7
mstdn.virtecam.net,9651.0,12.0,0.0,3
photocave.net,,,,7
rpvortex.online,6162.0,4120.0,36.0,327
f.mae.wtf,,,,20
kosmos.social,994.0,232.0,1.0,53
misjump.net,0.0,3.0,0.0,2
birb.site,929.0,40.0,0.0,12
social.darn.fish,0.0,12.0,0.0,2
top-netz.de,145.0,48.0,1.0,7
lllsecurity.com,0.0,1.0,0.0,3
fluffy.family,4627.0,237.0,0.0,81
crag.social,,,,2
social.sigb.us,,,,1
nyan.pics,,,,3
quickbrb.social,0.0,11.0,0.0,3
sackheads.social,54.0,34.0,0.0,16
akm.worldc.one,,,,3
terz.at,0.0,5.0,0.0,4
truthandfreedom.social,100.0,13.0,0.0,4
rocketsnail.masto.host,239.0,22.0,0.0,2
developerlink.com,0.0,0.0,0.0,8
pics.chez.gay,,,,5
mastodon.ap-msk.com,,,,14
blorbo.social,53364.0,4660.0,289.0,1807
mastodon.babb.no,1160.0,185.0,5.0,102
academictalk.org,,,,17
a17k.social,0.0,16.0,0.0,4
mastodon.bitcoin.ninja,2.0,19.0,0.0,5
don.secretbatcave.co.uk,238.0,11.0,0.0,2
mastodon.hardcoredevs.com,,,,8
nocci.it,,,,2
dkm.cloud,7.0,14.0,1.0,2
social.joncamfield.com,0.0,12.0,0.0,1
sakh.social,0.0,14.0,0.0,19
nghieng.net,,,,36
thepit.social,13759.0,604.0,0.0,214
plushies.social,8214.0,613.0,0.0,76
social.bytten-studio.com,6.0,24.0,0.0,3
ponysocial.ru,,,,3
zmtdn.de,68.0,20.0,0.0,2
abraum.social,130.0,65.0,0.0,15
pandoli365.com,1.0,15.0,0.0,29
isastylet.me,,,,1
sociabl.be,710.0,36.0,0.0,19
social.froghat.ca,2.0,12.0,0.0,7
fisting.social,32.0,149.0,7.0,342
mastodon.kypeli.com,56.0,11.0,0.0,1
i.cymaphore.net,263.0,11.0,0.0,1
social.petrovic.rs,0.0,1.0,0.0,1
join.mttv.it,9.0,22.0,0.0,3
theriault.co,0.0,11.0,0.0,1
social.knot.space,5.0,14.0,0.0,6
dcerberus.com,2078.0,97.0,0.0,24
social.sndevs.com,6.0,68.0,0.0,248
mstdn.one,15.0,7.0,0.0,12
oozuze.social,0.0,0.0,0.0,4
social.cologne,54090.0,9873.0,111.0,11995
queralt.social,28.0,12.0,0.0,1
theinternet.social,276.0,65.0,0.0,13
blu.social,25.0,5.0,0.0,1
jbo.social,44.0,66.0,0.0,34
blog.rochacbruno.com,,,,1
suomi.social,1156.0,156.0,24.0,58
communist.accountant,,,,12
mastodon.electric-goat.net,88.0,41.0,0.0,10
dumpster.social,11.0,17.0,0.0,5
arrrgh.online,10.0,13.0,0.0,8
friends.librescrum.org,157.0,43.0,1.0,27
cityofchicago.live,218.0,185.0,1.0,207
beyondwatts.social,75.0,11.0,0.0,5
courbet.social,665.0,70.0,0.0,38
sfba.social,208843.0,20407.0,304.0,38787
beautifullosers.org,883.0,35.0,0.0,4
mastodon.adsaminu.com,,,,2
mastodon.geekery.org,3.0,13.0,0.0,7
typo.social,10909.0,5401.0,110.0,1932
mastodon.nl,364517.0,35245.0,1602.0,41547
social.theindiestone.com,45.0,36.0,0.0,9
pixel.melin.org,,,,1
inaccessible.ac,0.0,22.0,0.0,20
io.lu,,,,2
md.korako.me,3946.0,78.0,0.0,14
kcmo.social,211.0,184.0,4.0,272
zettel.haus,128.0,24.0,0.0,4
social.diehumanisten.de,109.0,24.0,0.0,11
fossdev.fr,,,,1
mastodon.monoceros.co.za,3415.0,24.0,0.0,5
craftgoblin.club,1429.0,35.0,0.0,6
mastodon.discourse-research.net,0.0,0.0,0.0,69
toots.social,259.0,258.0,3.0,945
antisocialsocialnetwork.it,,,,2
social.kreuder.me,,,,2
tangofam.space,4.0,10.0,0.0,4
follow.proofgeist.com,0.0,2.0,0.0,18
michaonline.net,12.0,11.0,0.0,2
flowerpot.fyi,216.0,18.0,0.0,3
mastodon.mariusdavid.fr,6.0,11.0,0.0,2
cfultz.com,2302.0,34.0,0.0,5
social.lviv2.dcomm.net.ua,,,,32
marchingband.social,0.0,18.0,0.0,4
m.ie9.org,15.0,5.0,0.0,1
toot.nexryai.me,,,,1
social.thespiralbound.com,,,,2
fotz.cc,0.0,6.0,0.0,6
mastodon.schule,58.0,206.0,13.0,465
galaxypaws.page,,,,1
dumbfuckingweb.site,,,,3
odakyu.app,5775.0,196.0,7.0,279
mastodon.jangho.io,0.0,12.0,0.0,2
tkz.one,56208.0,5491.0,101.0,35685
morrow.social,0.0,2.0,0.0,5
social.kontrollapparat.de,330.0,34.0,0.0,4
pouet.evolix.org,0.0,3.0,0.0,5
mastodon.dduel.dev,0.0,2.0,0.0,2
mastodonters.nl,,,,8
mastodon.pirateparty.be,2651.0,567.0,13.0,1673
don.mamemo.online,551.0,107.0,0.0,37
usr.cloud,3.0,41.0,1.0,15
social.j62.de,,,,2
ottawa.place,15576.0,607.0,15.0,232
kocour.club,73.0,73.0,0.0,14
shoghi.rocks,0.0,7.0,0.0,1
social.on2it.net,,,,28
ghoti.au,0.0,11.0,0.0,2
spaceballs.masto.host,134.0,19.0,0.0,17
mastodon.lilysthings.org,12.0,13.0,0.0,4
thicc.horse,25444.0,1682.0,31.0,798
toot.kif.rocks,10094.0,1462.0,9.0,739
sauna.social,1586.0,158.0,4.0,47
forum-lucifer.com,718.0,417.0,32.0,644
ima.cm,,,,4
tiphon.nerv-project.eu,57.0,48.0,0.0,8
ashworth.io,,,,1
r2.do,17.0,12.0,0.0,29
does.social,138.0,55.0,0.0,11
social.vsp.ink,20.0,12.0,0.0,1
mastodon.top,40558.0,11248.0,1.0,51355
pony.social,4073.0,825.0,7.0,421
bibletalk.social,285.0,24.0,0.0,16
shellsharks.social,266.0,23.0,0.0,2
about-the-author.online,67.0,28.0,0.0,3
pl.qou.moe,,,,1
scholar.social,23929.0,3851.0,1.0,4774
mulberryphotowerx.social,,,,2
masto.bike,75508.0,2956.0,46.0,826
mastodon.social,1628733.0,388547.0,42845.0,2066406
sddn.space,16.0,28.0,0.0,14
kinetix.social,0.0,3.0,0.0,3
choom.club,,,,9
skeptics.social,5420.0,139.0,0.0,46
mastodon.linuxmuster.net,35.0,73.0,0.0,35
windswe.pt,,,,2
onjase.quebec,,,,20
social.stlouist.com,,,,53
samariter.social,,,,2
mst.small.cloud,,,,1
chocot.art,,,,4
museum.community,20.0,57.0,0.0,17
equinox.ws,,,,6
federate.blogpocket.com,317.0,12.0,0.0,3
wank.social,,,,617
wanderingdj.hostdon.ne.jp,0.0,0.0,0.0,1
nelson.social,48.0,54.0,4.0,77
wobbl.xyz,5575.0,1995.0,10.0,1050
tenforward.social,,,,680
port87.social,92.0,68.0,0.0,56
mastodon.yshi.org,634.0,66.0,1.0,12
pandas.social,1034.0,28.0,1.0,12
electron.ninja,,,,7
don.luhrck.com,,,,1
cousteaudivers.social,,,,2
dawdling.net,3189.0,11.0,0.0,1
social.mango.vg,128.0,19.0,0.0,2
howse.social,4071.0,67.0,0.0,10
social.ndn.digital,0.0,0.0,0.0,13
nluug.social,6.0,51.0,0.0,25
social.schmarrn.dev,,,,2
m29.us,0.0,9.0,0.0,4
tyrol.social,10661.0,934.0,11.0,1261
social.zdx.fr,3509.0,189.0,0.0,37
jinxd.tech,0.0,1.0,0.0,6
mastodon.opendots.social,,,,4
mast.querie.net,,,,1
moss.haus,38.0,12.0,0.0,4
mastodoom.social,,,,5
social.jondev.lol,101.0,12.0,0.0,1
moth.social,2622.0,2140.0,89.0,7405
workaholic.cloud,4176.0,121.0,0.0,54
inclusion.click,,,,5
zeeborn.social,29.0,11.0,0.0,1
toot.aornis.dev,,,,8
xavier.ooo,5.0,12.0,0.0,1
a11y.info,747.0,217.0,0.0,84
bobs.social,0.0,0.0,0.0,2
social.wierenga.net,0.0,0.0,0.0,2
darticulate.com,9.0,28.0,5.0,29
masto.al2.in,76.0,22.0,0.0,2
mastodon.weinzierlweb.com,9.0,9.0,0.0,1
mastodon.libreon.fr,60.0,86.0,0.0,14
social.python-gsoc.org,2.0,38.0,0.0,40
philately.social,28.0,66.0,0.0,57
mastodon.redstonelp2.com,2648.0,12.0,0.0,1
mastodon.pathconnect.de,3.0,15.0,2.0,3
openbiblio.social,28379.0,5369.0,45.0,1517
mastodon.nissesdomain.org,11.0,8.0,0.0,3
hannover.town,5277.0,106.0,6.0,29
social.netz.org,57.0,44.0,0.0,16
mastodon.mashi.ro,2829.0,28.0,0.0,2
history.lol,,,,20
mast.thomasdmn.net,0.0,0.0,0.0,3
fedisabled.social,,,,104
weserbergland.social,1125.0,270.0,15.0,49
demon.haus,9.0,50.0,0.0,14
m.banjo.camp,,,,1
mstdn.at,1.0,22.0,0.0,20
chromachan.net,,,,4
stansells.org,2414.0,35.0,0.0,4
bitforged.social,5.0,8.0,0.0,3
social.rmrs.nl,,,,3
thefaith.social,,,,2
gearpaws.com,,,,4
grafana.social,211.0,163.0,2.0,82
afcolegiado.app,113.0,1.0,0.0,3
ma.suldomi.net,,,,15
burnout.cafe,27.0,33.0,0.0,4
sunshinecoast.social,0.0,0.0,0.0,2
fb.paulgeanta.com,0.0,6.0,0.0,6
pix.nah.re,,,,2
rama3.jp,193.0,12.0,0.0,1
social.sinnesro.se,,,,1
zarapito.cl,,,,15
lily.network,,,,8
quietzero.net,196.0,22.0,0.0,9
social.seattle.wa.us,6701.0,1229.0,21.0,646
hexadon.net,13679.0,537.0,2.0,76
daotodon.me,,,,37
mstdn.wtsnjp.com,,,,1
mstdn.manas.website,,,,1
mstdn-bike.net,40543.0,1066.0,1.0,658
toot.lgbt,7740.0,536.0,4.0,233
mostodon.de,1424.0,23.0,0.0,2
social.u2s.cloud,18.0,12.0,0.0,2
sspaeth.de,,,,3
maratang.life,,,,125
netsphere.one,,,,41
abyss.fun,8635.0,237.0,0.0,487
javabubble.social,10.0,21.0,0.0,3
pixelfed.spiezmaestro.ch,,,,3
frequency.app,1.0,44.0,5.0,38
social.sveken.au,72.0,26.0,0.0,3
fedi.awoo.pet,,,,2
mastodon.jtl.vision,0.0,12.0,0.0,4
moth.zone,,,,74
drk.network,74.0,74.0,2.0,55
mastodon.queensnkings.de,,,,4
odon.mast.zone,8.0,9.0,0.0,1
mastodon.bhop.zone,8.0,27.0,0.0,9
mastodon.bosio.info,,,,2
social.toplap.org,959.0,628.0,20.0,177
daedal.io,101.0,33.0,1.0,5
mstdn.shalyu.run,6168.0,100.0,0.0,26
jako.social,0.0,3.0,0.0,26
artsocial.boston,17.0,26.0,0.0,5
mastodon.zufki.de,18.0,11.0,0.0,7
mstdn.bdms.ca,58.0,13.0,0.0,2
ariesmc21.com,2185.0,26.0,0.0,4
cherrykitten.gay,,,,1
myke.social,131.0,11.0,0.0,1
earthlings.social,,,,1
social.europlus.zone,1730.0,35.0,0.0,6
deadinsi.de,13319.0,562.0,5.0,561
abraham.social,0.0,9.0,0.0,2
mastodon.gurney.dev,,,,1
social.hutch.chat,,,,1
mastodon.haojia-wu.com,13.0,14.0,0.0,4
social.main-angler.de,891.0,72.0,0.0,9
cubhub.social,15924.0,5106.0,94.0,2392
blimps.xyz,12313.0,1584.0,11.0,605
mastsocial.de,,,,5
mastodon.me.uk,56338.0,5189.0,60.0,2582
videochina.net,2546.0,12.0,1.0,22
rebel.ar,6689.0,1378.0,51.0,593
foto.libre.bzh,,,,8
vivatucson.net,0.0,1.0,0.0,2
herd.bovid.space,,,,6
trek3.io,,,,3
social.datarek.nl,,,,3
mastodon.dragonbox.de,0.0,3.0,0.0,13
6510.nu,69.0,11.0,0.0,2
bloomfield.social,,,,4
bms.social,1.0,43.0,0.0,53
thecooltable.wtf,10.0,22.0,0.0,41
mn.drunu.be,0.0,2.0,0.0,1
mastodon.knightpp.cc,232.0,7.0,0.0,5
mstdn.dk,5833.0,1171.0,37.0,2089
lepoulsdumonde.com,17752.0,601.0,0.0,56
mastoscat.club,11.0,39.0,0.0,12
uhlmann.social,0.0,3.0,0.0,3
airpollution.science,3.0,32.0,0.0,91
meemu.org,4920.0,368.0,5.0,448
social.spicysources.de,,,,7
shout.3xd.eu,12.0,2.0,0.0,14
quakers.social,359.0,202.0,4.0,172
social.sudovim.net,0.0,5.0,0.0,5
fedi.keinpfusch.net,,,,20
lopp.social,22.0,12.0,0.0,1
klezmor.im,170.0,12.0,0.0,7
tuffidon.de,298.0,32.0,0.0,14
skaverat.net,538.0,36.0,0.0,4
aberrantwinds.bond,230.0,76.0,0.0,21
m.trisweb.com,438.0,12.0,0.0,2
mastodon.richardloxley.com,6.0,3.0,0.0,1
social.sdf-cn.org,,,,5
maly.io,4500.0,568.0,1.0,942
trada.day,0.0,3.0,0.0,6
mostlychris.net,6.0,11.0,0.0,3
sociale.network,45734.0,2036.0,82.0,4149
mstdn.cc,0.0,3.0,0.0,1
social.devteams.at,222.0,39.0,0.0,5
mastodon.despise.computer,381.0,28.0,0.0,6
afn.game-host.mydns.jp,0.0,0.0,0.0,1
live.magikh.fr,,,,1
mastodon.pixeloasis.eu,5.0,33.0,0.0,6
mastodon.n5h.co,8.0,12.0,0.0,4
geek.gay,2.0,23.0,0.0,9
blockfowl.com,,,,8
mastodon.mindlesstux.com,,,,2
thelife.boats,747.0,112.0,1.0,104
mastodon.bsd.cafe,17572.0,1827.0,42.0,259
az.social,841.0,102.0,1.0,43
social.wakemu.fr,13.0,12.0,0.0,4
youtaite.xyz,0.0,22.0,0.0,4
todon.eu,74334.0,5213.0,78.0,4375
social.tcpcat.net,0.0,2.0,0.0,12
social.skynetcloud.site,253.0,1.0,0.0,1
overland.social,44.0,11.0,0.0,1
mastodon.brk.io,61.0,7.0,0.0,10
im-in.space,6970.0,1068.0,4.0,1069
rollforcupcakes.com,,,,2
micro.mnino.us,,,,1
elephant.crime.group,11.0,11.0,0.0,4
mtd.pythonasia.org,174.0,50.0,0.0,23
social.harekiet.com,,,,1
m.ai6yr.org,244752.0,2057.0,14.0,565
m.otter.homes,79030.0,4995.0,141.0,927
muon.social,2.0,11.0,0.0,1
beery.beer,0.0,3.0,0.0,4
mastodon.eternalaugust.com,1914.0,98.0,1.0,18
tutoteket.no,2022.0,82.0,0.0,11
social.jdbnet.co.uk,10.0,9.0,0.0,5
clttr.it,,,,3
mastodon.katniss.top,0.0,7.0,0.0,2
furrysocial.ru,,,,2
pouchi.ca,168.0,23.0,0.0,2
mastodon.tymoon.eu,1270.0,38.0,0.0,8
social.maou-maou.fr,,,,1
social.smalldog.club,472.0,11.0,0.0,1
ow3.cn,,,,1
varwest.fr,2.0,10.0,0.0,4
mstdn.hokkaido.jp,1789.0,187.0,2.0,107
social.digitalundso.net,47.0,14.0,0.0,3
squirrelmob.com,,,,4
mstdn.drawsdraws.com,3.0,4.0,0.0,4
correctiv.social,11.0,7.0,0.0,7
bigchat.social,5.0,12.0,0.0,2
sisterkiss.ing,,,,112
fim.social,,,,164
billsmafia.social,200.0,20.0,0.0,7
toot.cyano.uk,0.0,2.0,0.0,1
mastodon.nogods.be,,,,56
social.nog.community,1.0,10.0,0.0,36
8bit.red,199.0,46.0,0.0,4
adastra234.info,,,,14
smithtodon.org,310.0,13.0,1.0,4
barkclub.xyz,86.0,73.0,1.0,44
m.0x.mk,1.0,2.0,0.0,3
futurist.info,6.0,2.0,0.0,2
miniatures.social,0.0,23.0,0.0,3
mastodon.mfbfreaks.nl,0.0,3.0,0.0,10
plshug.me,76.0,46.0,0.0,4
speedlines.stctp.zone,1606.0,293.0,1.0,75
mstdn.jmrp.io,0.0,4.0,0.0,1
botany.social,570.0,33.0,0.0,4
linkedlist.social,,,,5
ignifi.social,48.0,12.0,0.0,7
legal.social,6592.0,871.0,0.0,344
social.basilweb.net,78.0,11.0,0.0,1
visegrad24.social,,,,1
awoo.chown.me,19.0,18.0,0.0,5
bookwyrm.lovetux.net,,,,3
social.filik.eu,,,,9
greifswald.lgbt,21.0,3.0,0.0,4
social.birdinter.net,16.0,12.0,0.0,2
psychotherapy.social,0.0,11.0,0.0,3
garver.social,0.0,11.0,0.0,2
newgrounds.club,0.0,1.0,0.0,19
econtwitter.net,1992.0,1525.0,11.0,8027
social.c3l.lu,61.0,69.0,0.0,10
blacksun.social,,,,92
publicsquare.global,38.0,19.0,0.0,21
foxsay.southfox.me,140.0,47.0,0.0,22
mastodon.infodocs.eu,76.0,57.0,4.0,18
region-bergstrasse.social,,,,1
social.accum.se,6862.0,88.0,1.0,9
vault322.net,4.0,11.0,0.0,1
niedersachsen.social,3426.0,129.0,3.0,85
localization.cafe,947.0,373.0,5.0,275
babblebox.net,28.0,27.0,0.0,11
mastodon.futaba.social,15.0,11.0,0.0,7
don.blognot.co,7.0,85.0,0.0,121
bundyo.com,1266.0,22.0,0.0,2
mastodon.iftas.org,261.0,41.0,0.0,6
mystical.garden,250.0,100.0,1.0,10
basilisk.gallery,756.0,23.0,0.0,5
acg.mn,337.0,251.0,0.0,2611
mattebox.social,22.0,34.0,0.0,3
social.boom.army,1.0,9.0,0.0,86
mastodon.jordanwages.com,619.0,11.0,0.0,1
g2s.azbycx.xyz,,,,1
weyr.social,19.0,12.0,0.0,4
anarres.family,9385.0,248.0,1.0,21
mastodon.bellamazz.com,,,,6
wetdry.world,128975.0,6623.0,100.0,2958
mstdn.gsi.li,22.0,12.0,1.0,4
mastodon.sl,147.0,29.0,1.0,49
nashtodon.com,139.0,145.0,0.0,79
meow.cloud,19.0,57.0,0.0,51
mastodon.run,,,,3
fnlog.page,,,,1
mstdn.vientos.live,17.0,12.0,0.0,3
social.haveyouevenmet.me,,,,1
mon-desu.com,179.0,83.0,0.0,24
any.dev,,,,18
mastodon.overholts.dev,0.0,1.0,0.0,2
social.blogsofwar.com,,,,1
krigskunst.social,4266.0,125.0,0.0,106
social.v.b4tman.ru,1.0,5.0,0.0,1
goeppingen.social,591.0,22.0,0.0,5
shutinnerd.space,0.0,11.0,0.0,1
mastodon-swiss.org,65.0,242.0,1.0,884
friendl.y-y.li,,,,2
neurodifferent.me,8022.0,1312.0,0.0,1098
hips.social,2.0,7.0,0.0,3
41020.social,955.0,94.0,0.0,22
friendica.myportal.social,,,,41
don.gomasy.jp,,,,7
masatodon.net,1686.0,35.0,0.0,4
fediserve.com,0.0,12.0,0.0,2
m.santolin.eu,5.0,12.0,0.0,1
m.jeppesen.io,0.0,2.0,0.0,1
p.floyd.dk,,,,3
beamship.mpaq.org,7857.0,75.0,0.0,18
radiosocial.de,2965.0,609.0,3.0,137
arkm.social,394.0,121.0,0.0,17
gigq.com,0.0,10.0,0.0,1
deliverabilit.ie,,,,67
pixel.infosec.exchange,,,,357
fendek.net,,,,1
www.davidjmiller.org,,,,1
togl.me,199.0,13.0,0.0,4
mstd.onl,11.0,10.0,0.0,2
gnu.gl,83.0,54.0,1.0,30
grants.cafe,23.0,50.0,2.0,39
flyovercountry.social,3032.0,66.0,0.0,14
galaxyrailway.link,,,,10
pixel.chladny.de,,,,1
chat.wecops.uk,10.0,47.0,0.0,14
tanuki.hostdon.ne.jp,470.0,129.0,0.0,27
gluck.cc,274.0,53.0,0.0,6
chasmcity.net,1117.0,46.0,0.0,5
surreptitious.ly,0.0,1.0,0.0,3
stigma.whippy.kr,0.0,28.0,0.0,40
matstar.error.pe.kr,,,,2
mastodon.tal.org,159.0,49.0,1.0,4
beltaine.day,,,,3
toot.spooky.computer,,,,1
fed.qaz.red,,,,2
gts.0x7be.net,,,,2
bears.town,1233.0,250.0,0.0,77
goblin.masto.host,,,,15
tacocat.space,3385.0,45.0,0.0,15
pxlfd.dsnv.net,,,,1
mastodon.neat.computer,201.0,53.0,0.0,12
bb5.social,66.0,59.0,0.0,14
social.fungalhalo.com,3.0,12.0,0.0,1
social.toot9.de,133.0,30.0,0.0,6
werd.social,339.0,16.0,1.0,1
go5.dev,,,,1501
social.skbo.net,84.0,12.0,0.0,3
mstdn.mini4wd-engineer.com,1037.0,148.0,0.0,130
ilinx.masto.host,,,,19
mastodon.tuxtendo.nl,5.0,29.0,0.0,5
social.hostpath.de,0.0,16.0,0.0,2
mtd.naraku.cc,,,,4
brunty.social,164.0,11.0,0.0,1
social.metaccount.de,28.0,12.0,0.0,6
ulman.social,316.0,27.0,0.0,4
pixelfed.chuggybumba.com,,,,1
audio-video.tech,,,,7
sci.kiwi,18.0,10.0,0.0,9
openshare.me,0.0,0.0,0.0,4
thunderstruck.fedicity.net,,,,1
tiny.tilde.website,,,,242
mastodon.autostatic.net,195.0,11.0,0.0,1
social.aa.net.uk,150.0,51.0,0.0,8
mastodon.africa,9716.0,590.0,29.0,306
social.edzilla.info,3.0,12.0,0.0,2
toot.ballioljcr.org,,,,14
dulc.es,6.0,9.0,0.0,4
connected.so,,,,11
digitaal66.social,0.0,18.0,0.0,28
mastodon.hypnoguys.com,1061.0,907.0,45.0,1231
alpaka.social,,,,69
mastobotti.eu,,,,17
melijn.me,36.0,15.0,0.0,5
masto.nicolastissot.fr,15.0,9.0,0.0,2
kuicker.koogle.sk,,,,74
donley.io,0.0,10.0,1.0,2
pixel.tchncs.de,,,,9790
fissionator.com,0.0,2.0,0.0,7
don.taprix.org,135.0,10.0,0.0,1
pixelpost.uk,,,,4
kirishima.cloud,5852.0,825.0,0.0,555
octodon.social,71246.0,5358.0,1.0,12220
cmm.fyi,,,,12
mastodon.rockhost.se,1.0,12.0,0.0,8
procursus.social,218.0,253.0,16.0,228
social.drastical.tech,43.0,15.0,1.0,17
pawoo.org,,,,2
notvery.social,239.0,34.0,0.0,5
pqcdao.com,0.0,1.0,0.0,13
drykath.red,0.0,12.0,0.0,2
keystat.shimanami.online,,,,1
mastodon.roe.dev,,,,1
social.overlappingmagisteria.org,,,,14
don.zr23.aomori.jp,16.0,26.0,0.0,8
skastodon.com,155.0,153.0,5.0,202
mastodon.zyun.jp,,,,1
hub.mtf.party,50.0,134.0,7.0,685
mastodon.hydrantosaurus.com,,,,1
hub.winslow.cloud,,,,18
mastodon.modern-industry.com,4.0,20.0,0.0,62
chabant.social,94.0,11.0,0.0,2
iam.reasonably.social,,,,4
masto.fuzzy.systems,328.0,27.0,0.0,4
social.pmj.rocks,6619.0,60.0,0.0,6
tjakosquad.nl,0.0,3.0,0.0,4
mastodon.holeyfox.co,591.0,163.0,43.0,934
vael.town,29.0,45.0,0.0,6
photos.communitymedia.video,,,,3
graeber.social,565.0,162.0,1.0,109
fedifriends.social,1202.0,7.0,1.0,2
zzuli.closed.social,,,,32
toot.lmorchard.com,0.0,10.0,0.0,9
mastodon-sheep-smile.com,0.0,1.0,0.0,5
tlg.link,7.0,18.0,0.0,2
social.hardfork.ngo,64.0,14.0,0.0,8
mastodon.wg0.xyz,11.0,22.0,0.0,2
com.thephysics.xyz,,,,3
toot.io,15717.0,5664.0,670.0,11772
cloudisland.nz,21559.0,1278.0,0.0,184
social.adlerhorst.net,34.0,12.0,0.0,2
pcgamer.social,258.0,233.0,1.0,348
social.oarsnet.nl,4.0,5.0,0.0,3
gm-cloud.org.uk,0.0,12.0,0.0,1
batorbros.me,,,,159
ingwine.social,,,,16
mastodon.brittg.com,,,,4
mastodon.cackhanded.net,3.0,35.0,0.0,3
nottwitter.puhtahtoe.com,,,,1
social.no-input.xyz,,,,1
social.ndlug.org,35.0,22.0,0.0,14
rovers.social,,,,4
mastodon.grin.hu,40.0,33.0,0.0,17
mastodon.twictee.org,838.0,404.0,1.0,153
wp-punks.social,52.0,26.0,0.0,9
nekonote.fedicity.net,,,,1
tusk.chat,0.0,0.0,0.0,3
collar.place,199.0,22.0,0.0,3
social.densco.net,365.0,11.0,0.0,2
tucows.social,1.0,7.0,0.0,21
toot.imowl.net,,,,3
soc.umrath.net,1444.0,12.0,1.0,1
social.security.plumbing,370.0,24.0,0.0,5
dimension.host,1732.0,71.0,1.0,7
mastodon.schwanzer.online,,,,5
retrorewind.social,120.0,86.0,0.0,24
toots.toby.ink,167.0,21.0,0.0,5
tuebingen.network,116.0,103.0,2.0,30
fanscannabis.club,,,,3
swissodon.ch,15.0,25.0,3.0,3
wien.rocks,17830.0,3582.0,59.0,4324
social.nowicki.io,347.0,23.0,0.0,2
mastodon.conquestuniverse.com,,,,68
mastoart.social,15728.0,1332.0,302.0,80
mastodon.snthtns.jp,68.0,24.0,0.0,6
social.sgf.dev,5.0,11.0,0.0,21
funcoland.net,9.0,9.0,0.0,1
mastodon.xy-space.de,284.0,9.0,0.0,10
gayfr.social,9815.0,484.0,26.0,115
mastodon.tstm.info,0.0,0.0,0.0,2
thoughtful.social,96.0,4.0,0.0,49
aquatan.net,5365.0,45.0,0.0,34
stormwaltz.net,,,,1
pixelfed.imagisphe.re,,,,9
mastodon.oeru.org,91.0,140.0,20.0,2222
religious.social,12.0,2.0,0.0,26
kurry.social,5802.0,537.0,2.0,1912
write.echoless.space,0.0,15.0,0.0,3
plural.cafe,,,,1374
mastodon.flaircheck.ca,0.0,7.0,0.0,8
mastvie.eu,1.0,9.0,0.0,1
donadvr.de,0.0,8.0,0.0,3
plesiosaur.net,99.0,6.0,0.0,5
shark.community,1193.0,163.0,7.0,46
wayland.social,,,,54
mstdn.moe,611.0,196.0,1.0,193
masto.hoffman.studio,1.0,12.0,0.0,1
muso.social,97.0,61.0,10.0,143
social.ccc-ffm.space,2.0,17.0,0.0,7
social.mp0.jp,0.0,12.0,0.0,1
polaris.masto.host,0.0,337.0,0.0,52
fluffs.au,915.0,153.0,0.0,119
gimme5.club,0.0,12.0,0.0,9
jitakurack.chotto.moe,,,,58
freethought.online,2721.0,27.0,0.0,10
perish.restricted.garden,,,,1
link.baai.ac.cn,1832.0,4956.0,372.0,3793
social.circl.lu,3729.0,155.0,1.0,127
chatsubo.bar,57.0,57.0,0.0,5
stadtmg.social,203.0,20.0,0.0,2
tinycities.net,139.0,23.0,0.0,3
social.matriphe.net,0.0,1.0,0.0,2
social.jh220.de,,,,2
feral.cafe,239.0,447.0,14.0,422
masto.ai,202156.0,17358.0,1.0,73436
eggplant.social,,,,173
social-me.online,,,,1
silence.horse,239.0,35.0,0.0,3
tschopp.net,171.0,45.0,1.0,4
fandomonium.space,0.0,17.0,0.0,27
social.remoteplay.im,,,,2
comunidad.blasterradio.net,27.0,7.0,0.0,4
social.dmcblue.com,,,,3
est.social,590.0,642.0,2.0,1133
mastodon.sujets-libres.fr,189.0,13.0,0.0,2
fedi.j1nk4l.com,2622.0,22.0,1.0,1
masto.trtmn.io,45.0,11.0,0.0,2
fv.technogothic.net,1643.0,11.0,0.0,3
diversity.kitchen,,,,4
mastodon.dredgelords.com,21.0,23.0,0.0,6
dctr.uk,0.0,0.0,0.0,5
mastodon.home.little.place,0.0,9.0,0.0,4
mona.do,24338.0,2856.0,3.0,1467
albanian.social,,,,6
mstdn.beah.jp,3.0,6.0,0.0,2
microblog.lunai.re,,,,3
pegelinux.top,668.0,56.0,1.0,14
jawns.club,6426.0,1378.0,4.0,966
sumanko.com,,,,4
bgme.me,,,,3842
social.maplecrew.org,66.0,13.0,0.0,4
vt.social,3652.0,1590.0,8.0,1058
www.seo-theory.com,,,,11
eattra.sh,0.0,12.0,0.0,6
truthsocial.co.in,8179.0,252.0,113.0,7208
mastodon.modspil.dk,109.0,10.0,0.0,1
universeodon.com,242978.0,27280.0,499.0,80975
meow.lgbt,932.0,259.0,6.0,97
scorpinc.social,244.0,36.0,0.0,4
pixelfed.ru,,,,509
sbg-social.at,7.0,34.0,0.0,28
soc.stepman.guide,0.0,2.0,0.0,2
mastodon.gougere.fr,6617.0,817.0,8.0,1880
pinkorange.red,1570.0,185.0,0.0,55
bzh.social,12048.0,643.0,123.0,171
mastodon.sanpo-an.site,25.0,13.0,0.0,3
mastodon.falconk.rocks,60.0,11.0,0.0,1
mastodon.pnpde.social,17315.0,1260.0,22.0,254
mastodon.kitamurakz.com,,,,1
safareig.calbasi.net,0.0,5.0,0.0,18
anasodon.com,0.0,12.0,0.0,2
mastodon.atikoro.net,26.0,11.0,0.0,321
mastodon.lescommuns.org,,,,35
hugs.lgbt,,,,2
hintertupf.ing,240.0,39.0,2.0,4
fediverse.xavin.net,399.0,46.0,0.0,8
redd.live,,,,40
mastodon.bitfrost.gg,0.0,0.0,0.0,5
meow.social,112297.0,17247.0,28.0,13060
masto.empresasenegocios.com.br,32.0,43.0,8.0,20
idic.social,4.0,33.0,0.0,19
plantsand.coffee,,,,8
recordplug.club,97.0,48.0,2.0,83
broken.graphics,,,,2
pkutalk.com,492.0,57.0,1.0,39
mastodon.someotherguy.xyz,,,,3
dis-le.de,,,,29
cas.social,,,,13
m.webtoo.ls,347.0,273.0,1.0,65
mnstdn.monster,,,,4
mastodon.gizmo4487.dev,0.0,3.0,0.0,3
social.jeffl.es,10.0,11.0,0.0,1
toot.me.uk,1229.0,50.0,0.0,7
bridport.pics,,,,8
