instance,rules_preelon,rules_postelon2023,rules_postelon2024,changed_preelon_postelon2023,changed_postelon2023_postelon2024
184.im,[],[],,False,True
social.oberhauser.space,"[{""id"": ""2"", ""text"": ""Hate speech and acts of discrimination such as racism, sexism, homophobia, transphobia, xenophobia, or casteism will not be tolerated.""}, {""id"": ""3"", ""text"": ""Do not intentionally share false or misleading information.""}, {""id"": ""4"", ""text"": ""Do not send unsolicited DMs.""}, {""id"": ""5"", ""text"": ""Sexually explicit or violent media must be marked as sensitive.""}, {""id"": ""6"", ""text"": ""Do not share posts containing incitement of violence or promotion of violent ideologies.""}]",,,True,True
appellate.social,"[{""id"": ""5"", ""text"": ""To preserve a friendly space, and to preserve our links with other federated servers, people here will be expected to follow basic rules. Those include:""}, {""id"": ""6"", ""text"": ""No harassment, dogpiling or doxxing of other users""}, {""id"": ""7"", ""text"": ""Sexually explicit or violent media must be marked as sensitive when posting""}, {""id"": ""8"", ""text"": ""No racism, sexism, homophobia, transphobia, xenophobia, or casteism""}, {""id"": ""9"", ""text"": ""No incitement of violence or promotion of violent ideologies""}, {""id"": ""10"", ""text"": ""Do not share intentionally false or misleading information""}]","[{""id"": ""5"", ""text"": ""To preserve a friendly space, and to preserve our links with other federated servers, people here will be expected to follow basic rules. Those include:""}, {""id"": ""6"", ""text"": ""No harassment, dogpiling or doxxing of other users""}, {""id"": ""7"", ""text"": ""Sexually explicit or violent media must be marked as sensitive when posting""}, {""id"": ""8"", ""text"": ""No racism, sexism, homophobia, transphobia, xenophobia, or casteism""}, {""id"": ""9"", ""text"": ""No incitement of violence or promotion of violent ideologies""}, {""id"": ""10"", ""text"": ""Do not share intentionally false or misleading information""}]",,False,True
social.restless.systems,"[{""id"": ""2"", ""text"": ""Hatred will not be tolerated. This includes, but isn't limited to racist language, degorgatory statements and more.\r\n""}, {""id"": ""3"", ""text"": ""Remember the human. Try to keep it civil, although we understand things can get heated.""}, {""id"": ""4"", ""text"": ""Harassing others will not be tolerated: no means no.""}, {""id"": ""5"", ""text"": ""Server admins have final authority. Bans may be appealed, but ban evasion will lead to either IP blocks, or instance blocks as needed""}, {""id"": ""6"", ""text"": ""Be kind to others ...""}, {""id"": ""7"", ""text"": ""NSFW/R18 content must be marked as such""}, {""id"": ""8"", ""text"": ""Cyrptocurrency/NFT scams and spam will not be tolerated""}]",,,True,True
post.lurk.org,[],,,True,True
types.pl,"[{""id"": ""1"", ""text"": ""Racism, homophobia, antisemitism, transphobia, classism against the working class, ableism, exclusionary behavior, misogyny, genocide denial, harassment, Islamophobia, and other similar hate is not permitted. I will personally blast you into the sun. ""}, {""id"": ""2"", ""text"": "" Use content warnings for various topics, such as sexual content, mental health, food, and other touchy topics at your own discretion. If a content warning is required, the admins will let you know. ""}, {""id"": ""3"", ""text"": "" Don't advertise or spam. Asking for money is alright, but this is not a space to solely sell a product without somehow being tied to a user. ""}, {""id"": ""4"", ""text"": "" As a general rule of thumb, images should be captioned. If you are for whatever reason unable to caption an image, please add the content warning \""uncaptioned image\"" or something akin. ""}, {""id"": ""5"", ""text"": "" Illegal content is not allowed. Despite the knowledge that some laws are unjust, types.pl does not endorse illegal action. This specifically lies under the jurisdiction of the United States, as that is where the servers are located. ""}, {""id"": ""6"", ""text"": "" If you are using a Twitter crossposter, you should be posting content on Mastodon as well. If the large majority of your posts are Twitter crossposts, you will be banned. ""}, {""id"": ""8"", ""text"": ""No cops, no feds. Members of law enforcement, federal security and intelligence, the military, etc. are not welcome. This is particularly relevant for such organizations in the United States, where the servers are located.""}, {""id"": ""9"", ""text"": ""Administrators reserve the right to defederate with instances or boot users off the instance at their will for any reason.""}]","[{""id"": ""1"", ""text"": ""Racism, homophobia, antisemitism, transphobia, classism against the working class, ableism, exclusionary behavior, misogyny, genocide denial, harassment, Islamophobia, and other similar hate is not permitted. I will personally blast you into the sun. ""}, {""id"": ""2"", ""text"": "" Use content warnings for various topics, such as sexual content, mental health, food, and other touchy topics at your own discretion. If a content warning is required, the admins will let you know. ""}, {""id"": ""3"", ""text"": "" Don't advertise or spam. Asking for money is alright, but this is not a space to solely sell a product without somehow being tied to a user. ""}, {""id"": ""4"", ""text"": "" As a general rule of thumb, images should be captioned. If you are for whatever reason unable to caption an image, please add the content warning \""uncaptioned image\"" or something akin. ""}, {""id"": ""5"", ""text"": "" Illegal content is not allowed. Despite the knowledge that some laws are unjust, types.pl does not endorse illegal action. This specifically lies under the jurisdiction of the United States, as that is where the servers are located. ""}, {""id"": ""6"", ""text"": "" If you are using a Twitter crossposter, you should be posting content on Mastodon as well. If the large majority of your posts are Twitter crossposts, you will be banned. ""}, {""id"": ""8"", ""text"": ""No cops, no feds. Members of law enforcement, federal security and intelligence, the military, etc. are not welcome. This is particularly relevant for such organizations in the United States, where the servers are located.""}, {""id"": ""9"", ""text"": ""Administrators reserve the right to defederate with instances or boot users off the instance at their will for any reason.""}]",,False,True
lor.sh,"[{""id"": ""3"", ""text"": ""Don't be evil"", ""hint"": """"}, {""id"": ""4"", ""text"": ""Shitposting is evil"", ""hint"": """"}, {""id"": ""5"", ""text"": ""Nazism is also evil"", ""hint"": """"}, {""id"": ""6"", ""text"": ""And *phobia is evil too"", ""hint"": """"}, {""id"": ""7"", ""text"": ""Any kind of adult content that includes underage persons is not allowed"", ""hint"": """"}, {""id"": ""8"", ""text"": ""Keep local timeline safe for work"", ""hint"": """"}, {""id"": ""9"", ""text"": ""Be careful with people that don't understand jokes, they can be offended"", ""hint"": """"}, {""id"": ""10"", ""text"": ""Try to keep civil discourse even if the other side is not. Some people don't really know when their behavior is toxic. That does not make them bad"", ""hint"": """"}, {""id"": ""11"", ""text"": ""Respect free speech, but do not abuse it"", ""hint"": """"}, {""id"": ""12"", ""text"": ""Keep public content in English, French, or Russian. Don't forget to set the correct one in the post's settings"", ""hint"": """"}, {""id"": ""14"", ""text"": ""Mention that you read the rules in the registration message. Otherwise, your account will not be approved"", ""hint"": """"}, {""id"": ""15"", ""text"": ""Remember, each ActivityPub instance has its own set of rules. Other servers have no obligation to follow our rule set, but you can always block accounts/servers on your side"", ""hint"": """"}, {""id"": ""17"", ""text"": ""You are 18 or older"", ""hint"": """"}]",,,True,True
sciences.social,"[{""id"": ""5"", ""text"": ""Treat people with respect. ""}, {""id"": ""4"", ""text"": ""Use your real name and be yourself. Your real world reputation is valuable here and your reputation here is valuable in the real world.""}, {""id"": ""6"", ""text"": ""No sexism, racism, homophobia or transphobia or abusive behavior""}, {""id"": ""7"", ""text"": ""Use content warnings for \""off-topic\"" posts including rants and non-academic political or election content.""}]",,,True,True
astrodon.social,"[{""id"": ""1"", ""text"": ""No hate speech, sexism, ableism, homophobia, transphobia, discrimination, or harassment of any kind.""}, {""id"": ""3"", ""text"": ""No advertising or spam content. It's okay to promote yourself (especially your work and publications!), but not paid products or services.""}, {""id"": ""2"", ""text"": ""Be respectful and treat others the way you want to be treated. Disagreement and collegiate discussion is acceptable, and rational debate is to be encouraged. Rudeness, insults, exclusion of others, dogpiling, and other anti-social behaviour is not.""}, {""id"": ""5"", ""text"": ""No impersonation of others, or false representation of yourself, your credentials, or institutional affiliations.""}, {""id"": ""4"", ""text"": ""Public images and media must be annotated. Where the material is not yours, source attribution must be provided, preferably with a link to the original. ""}, {""id"": ""6"", ""text"": ""No shortened links, e.g. bit.ly, t.ly, goo.gl, ift.tt, lnkd.in, is.gd or t.co (These are malicious because link-shorteners track users without their consent and obscure the destination address, which also prevents users from being able to decide whether they want to visit the link beforehand)""}, {""id"": ""7"", ""text"": ""Use content warnings to help keep this a stress-free community. Consider marking off-topic content as sensitive to allow other community members to engage with it or not. Triggering content (see below) must be marked as sensitive.""}]","[{""id"": ""1"", ""text"": ""No hate speech, sexism, ableism, homophobia, transphobia, discrimination, or harassment of any kind.""}, {""id"": ""3"", ""text"": ""No advertising or spam content. It's okay to promote yourself (especially your work and publications!), but not paid products or services.""}, {""id"": ""2"", ""text"": ""Be respectful and treat others the way you want to be treated. Disagreement and collegiate discussion is acceptable, and rational debate is to be encouraged. Rudeness, insults, exclusion of others, dogpiling, and other anti-social behaviour is not.""}, {""id"": ""5"", ""text"": ""No impersonation of others, or false representation of yourself, your credentials, or institutional affiliations.""}, {""id"": ""4"", ""text"": ""Public images and media must be annotated. Where the material is not yours, source attribution must be provided, preferably with a link to the original. ""}, {""id"": ""6"", ""text"": ""No shortened links, e.g. bit.ly, t.ly, goo.gl, ift.tt, lnkd.in, is.gd or t.co (These are malicious because link-shorteners track users without their consent and obscure the destination address, which also prevents users from being able to decide whether they want to visit the link beforehand)""}, {""id"": ""7"", ""text"": ""Use content warnings to help keep this a stress-free community. Consider marking off-topic content as sensitive to allow other community members to engage with it or not. Triggering content (see below) must be marked as sensitive.""}]","[{""id"": ""1"", ""text"": ""No hate speech, sexism, ableism, homophobia, transphobia, discrimination, or harassment of any kind.""}, {""id"": ""2"", ""text"": ""Be respectful and treat others the way you want to be treated. Disagreement and collegiate discussion is acceptable, and rational debate is to be encouraged. Rudeness, insults, exclusion of others, dogpiling, and other anti-social behaviour is not.""}, {""id"": ""3"", ""text"": ""No advertising or spam content. It's okay to promote yourself (especially your work and publications!), but not paid products or services.""}, {""id"": ""4"", ""text"": ""Public images and media must be annotated. Where the material is not yours, source attribution must be provided, preferably with a link to the original. ""}, {""id"": ""5"", ""text"": ""No impersonation of others, or false representation of yourself, your credentials, or institutional affiliations.""}, {""id"": ""6"", ""text"": ""No shortened links, e.g. bit.ly, t.ly, goo.gl, ift.tt, lnkd.in, is.gd or t.co (These are malicious because link-shorteners track users without their consent and obscure the destination address, which also prevents users from being able to decide whether they want to visit the link beforehand)""}, {""id"": ""7"", ""text"": ""Use content warnings to help keep this a stress-free community. You are expected to mark off-topic content with a descriptive CW to allow other community members to engage with it or not. Stressful or triggering content (see community guidelines) must be marked with a content warning.""}]",False,True
flipboard.social,"[{""id"": ""6"", ""text"": ""This instance is part of Flipboard and adheres to the same Community Guidelines. You can read them here https://about.flipboard.com/community-guidelines/"", ""hint"": """"}, {""id"": ""7"", ""text"": ""Keep this instance safe, respectful, and fun by not violating the rules."", ""hint"": """"}, {""id"": ""8"", ""text"": ""Consider how your post might impact others - if it might be received as offensive, painful, or otherwise unwanted, please use a content warning (CW.)"", ""hint"": """"}, {""id"": ""34"", ""text"": ""Misgendering, deadnaming, or promotion of so-called \""conversion therapy\"" is prohibited."", ""hint"": """"}]",,"[{""id"": ""6"", ""text"": ""This instance is part of Flipboard and adheres to the same Community Guidelines. You can read them here https://about.flipboard.com/community-guidelines/"", ""hint"": """"}, {""id"": ""7"", ""text"": ""Keep this instance safe, respectful, and fun by not violating the rules."", ""hint"": """"}, {""id"": ""8"", ""text"": ""Consider how your post might impact others - if it might be received as offensive, painful, or otherwise unwanted, please use a content warning (CW.)"", ""hint"": """"}, {""id"": ""34"", ""text"": ""Misgendering, deadnaming, or promotion of so-called \""conversion therapy\"" is prohibited."", ""hint"": """"}]",True,True
c.im,"[{""id"": ""11"", ""text"": ""Respect the laws of Germany and the Isle of Man, including those related to hate speech and defamation.""}, {""id"": ""12"", ""text"": ""Threatening, abusive, intolerant or illegal behavior may lead to moderation and/or further measures. We have a zero tolerance approach to racism, sexism, homophobia and transphobia. Moderation decisions are final. ""}, {""id"": ""13"", ""text"": ""The Content Warning flag should be used for NSFW content, and NSFW media should be marked as sensitive.""}, {""id"": ""14"", ""text"": ""Account registrations are monitored and accounts considered spam (including commercial advertising, political campaigning/propaganda, duplicate accounts or impersonating legal entities) will be moderated or removed.""}, {""id"": ""15"", ""text"": ""Do not harass or bully other users.""}, {""id"": ""16"", ""text"": ""Do not share illegal or copyrighted content.""}, {""id"": ""17"", ""text"": ""Do not spam or engage in any form of malicious activity.""}, {""id"": ""18"", ""text"": ""Keep discussions civil and respectful, and refrain from using derogatory language or engaging in personal attacks.""}, {""id"": ""19"", ""text"": ""Do not reveal personal information about other people without their consent.""}, {""id"": ""20"", ""text"": ""Use appropriate tags and content warnings when posting potentially sensitive or triggering content.""}, {""id"": ""21"", ""text"": ""If you see a violation of these rules, report it to the moderation team.""}, {""id"": ""22"", ""text"": ""To use our service, you are at least 18 years old.""}]","[{""id"": ""11"", ""text"": ""Respect the laws of Germany and the Isle of Man, including those related to hate speech and defamation.""}, {""id"": ""12"", ""text"": ""Threatening, abusive, intolerant or illegal behavior may lead to moderation and/or further measures. We have a zero tolerance approach to racism, sexism, homophobia and transphobia. Moderation decisions are final. ""}, {""id"": ""13"", ""text"": ""The Content Warning flag should be used for NSFW content, and NSFW media should be marked as sensitive.""}, {""id"": ""14"", ""text"": ""Account registrations are monitored and accounts considered spam (including commercial advertising, political campaigning/propaganda, duplicate accounts or impersonating legal entities) will be moderated or removed.""}, {""id"": ""15"", ""text"": ""Do not harass or bully other users.""}, {""id"": ""16"", ""text"": ""Do not share illegal or copyrighted content.""}, {""id"": ""17"", ""text"": ""Do not spam or engage in any form of malicious activity.""}, {""id"": ""18"", ""text"": ""Keep discussions civil and respectful, and refrain from using derogatory language or engaging in personal attacks.""}, {""id"": ""19"", ""text"": ""Do not reveal personal information about other people without their consent.""}, {""id"": ""20"", ""text"": ""Use appropriate tags and content warnings when posting potentially sensitive or triggering content.""}, {""id"": ""21"", ""text"": ""If you see a violation of these rules, report it to the moderation team.""}, {""id"": ""22"", ""text"": ""To use our service, you are at least 18 years old.""}]","[{""id"": ""11"", ""text"": ""Respect the laws of the Netherlands and the Isle of Man, including those related to hate speech and defamation.""}, {""id"": ""12"", ""text"": ""Threatening, abusive, intolerant or illegal behavior may lead to moderation and/or further measures. We have a zero tolerance approach to racism, sexism, homophobia and transphobia. Moderation decisions are final. ""}, {""id"": ""13"", ""text"": ""The Content Warning flag should be used for NSFW content, and NSFW media should be marked as sensitive.""}, {""id"": ""14"", ""text"": ""Account registrations are monitored and accounts considered spam (including commercial advertising, political campaigning/propaganda, duplicate accounts or impersonating legal entities) will be moderated or removed.""}, {""id"": ""15"", ""text"": ""Do not harass or bully other users.""}, {""id"": ""16"", ""text"": ""Do not share illegal or copyrighted content.""}, {""id"": ""17"", ""text"": ""Do not spam or engage in any form of malicious activity.""}, {""id"": ""18"", ""text"": ""Keep discussions civil and respectful, and refrain from using derogatory language or engaging in personal attacks.""}, {""id"": ""19"", ""text"": ""Do not reveal personal information about other people without their consent.""}, {""id"": ""20"", ""text"": ""Use appropriate tags and content warnings when posting potentially sensitive or triggering content.""}, {""id"": ""21"", ""text"": ""If you see a violation of these rules, report it to the moderation team.""}, {""id"": ""22"", ""text"": ""To use our service, you are at least 18 years old.""}]",False,True
bae.st,[],,[],True,True
me.pptry.info,"[{""id"": ""3"", ""text"": ""他人に対して礼儀正しく、敬意を持って接しましょう。""}, {""id"": ""4"", ""text"": ""差別、暴力、嫌がらせをしてはいけません。日本法に触れるコンテンツや、他人の個人情報を無断で共有してはいけません。""}, {""id"": ""5"", ""text"": ""未成年に不適切なコンテンツの共有はできません。必要に応じて、警告ラベル（CW = Content Warning、NSFW = Not Safe For Work）をつけてください。""}, {""id"": ""6"", ""text"": ""スパム（迷惑行為）はいかなる形態でも禁止します。""}]",,"[{""id"": ""3"", ""text"": ""他人に対して礼儀正しく、敬意を持って接しましょう。""}, {""id"": ""4"", ""text"": ""差別、暴力、嫌がらせをしてはいけません。日本法に触れるコンテンツや、他人の個人情報を無断で共有してはいけません。""}, {""id"": ""5"", ""text"": ""未成年に不適切なコンテンツの共有はできません。必要に応じて、警告ラベル（CW = Content Warning、NSFW = Not Safe For Work）をつけてください。""}, {""id"": ""6"", ""text"": ""スパム（迷惑行為）はいかなる形態でも禁止します。""}]",True,True
pol.social,"[{""id"": ""1"", ""text"": ""Na serwerze obowiązują ogólne zasady Netykiety ( https://pl.wikipedia.org/wiki/Netykieta )\r\nZwracamy się do siebie z szacunkiem.""}, {""id"": ""2"", ""text"": ""Nie dopuszczamy poniższych rzeczy:\r\n- Pornografii\r\n- Przemocy seksualnej\r\n- Homofobii, transfobi, ksenofobi\r\n- Rasizmu, seksizmu\r\n- Fake newsów\r\n- Przemocy w każdej formie do innych użytkowników\r\n- Treści niedozwolonych polskim prawem.""}]","[{""id"": ""1"", ""text"": ""Na serwerze obowiązują ogólne zasady Netykiety ( https://pl.wikipedia.org/wiki/Netykieta )\r\nZwracamy się do siebie z szacunkiem.""}, {""id"": ""2"", ""text"": ""Nie dopuszczamy poniższych rzeczy:\r\n- Pornografii\r\n- Przemocy seksualnej\r\n- Homofobii, transfobi, ksenofobi\r\n- Rasizmu, seksizmu\r\n- Fake newsów\r\n- Przemocy w każdej formie do innych użytkowników\r\n- Treści niedozwolonych polskim prawem.""}]",,False,True
cosocial.ca,"[{""id"": ""1"", ""text"": ""Do not post or share any content that is illegal in Canada""}, {""id"": ""2"", ""text"": ""Do not harass, dogpile, or dox users on this server or other servers""}, {""id"": ""3"", ""text"": ""No racism, sexism, homophobia, transphobia, xenophobia, casteism, fatphobia, or other forms of bigotry""}, {""id"": ""4"", ""text"": ""NSFW content and depictions of violence must be behind a content warning.""}, {""id"": ""5"", ""text"": ""Do not share intentionally false or misleading information.""}, {""id"": ""7"", ""text"": ""CoSocial.ca is a service for the members of the CoSocial Community Cooperative.""}, {""id"": ""8"", ""text"": ""CoSocial is for Canadian residents.""}, {""id"": ""9"", ""text"": ""CoSocial is for people 18 and over.""}, {""id"": ""10"", ""text"": ""Business accounts are allowed, but don't spam or engage in excessive commercial posting.""}, {""id"": ""11"", ""text"": ""Read and follow the full Code of Conduct and Acceptable Use Policy section of our Terms of Service, available at https://cosocial.ca/terms#coc""}]",,,True,True
woof.group,"[{""id"": ""1"", ""text"": ""Be kind!"", ""hint"": """"}, {""id"": ""2"", ""text"": ""If it'd be fine in a bar or public leather event space, it doesn't need a flag here. Use sensitive media flags or content warnings for things you'd take to the back bar or a private room. "", ""hint"": """"}, {""id"": ""3"", ""text"": ""We're trans-inclusive, body-positive, and anti-racist here."", ""hint"": """"}, {""id"": ""4"", ""text"": ""You must be over 18 years of age."", ""hint"": """"}, {""id"": ""5"", ""text"": ""You must have the legal rights to any content you post."", ""hint"": """"}, {""id"": ""6"", ""text"": ""When you apply, tell us a bit about your connection to queer leather/kink/BDSM."", ""hint"": """"}]",,"[{""id"": ""1"", ""text"": ""Be kind!"", ""hint"": """"}, {""id"": ""2"", ""text"": ""If it'd be fine in a bar or public leather event space, it doesn't need a flag here. Use sensitive media flags or content warnings for things you'd take to the back bar or a private room. "", ""hint"": """"}, {""id"": ""3"", ""text"": ""We're trans-inclusive, body-positive, and anti-racist here."", ""hint"": """"}, {""id"": ""4"", ""text"": ""You must be over 18 years of age."", ""hint"": """"}, {""id"": ""5"", ""text"": ""You must have the legal rights to any content you post."", ""hint"": """"}, {""id"": ""6"", ""text"": ""When you apply, tell us a bit about your connection to queer leather/kink/BDSM."", ""hint"": """"}]",True,True
uuchten.lu,"[{""id"": ""1"", ""text"": ""Op dësem Server sinn onerwënscht:\r\n\r\n- Duerstellunge vu Gewalt,\r\n- Opruff zu Hass\r\n- Diskriminéierung\r\n- Fakenews\r\n\r\nDës Lëscht ass net ofgeschloss a wiisst mat der Phantasie vun de BenotzerInnen.""}]",,,True,True
g0v.social,"[{""id"": ""1"", ""text"": ""https://g0v.social/terms""}, {""id"": ""4"", ""text"": ""遵守參與守則 code of conduct https://g0v.hackmd.io/s/COC""}, {""id"": ""5"", ""text"": ""閱讀使用說明 \r\n\r\nhttps://siaulian.wordpress.com/2021/01/14/mastodon-taiwan-user-guide/\r\n""}, {""id"": ""12"", ""text"": ""Taiwan is a country""}, {""id"": ""13"", ""text"": ""閱讀使用說明\r\nhttps://www.notion.so/peilun/Mastodon-9257c3e1cd3f42ae9902d6fc9cda6320""}, {""id"": ""16"", ""text"": ""多說做了什麼，少說看了什麼\r\n\r\nPost what you did, not what you saw""}]","[{""id"": ""1"", ""text"": ""https://g0v.social/terms""}, {""id"": ""4"", ""text"": ""遵守參與守則 code of conduct https://g0v.hackmd.io/s/COC""}, {""id"": ""5"", ""text"": ""閱讀使用說明 \r\n\r\nhttps://siaulian.wordpress.com/2021/01/14/mastodon-taiwan-user-guide/\r\n""}, {""id"": ""12"", ""text"": ""Taiwan is a country""}, {""id"": ""13"", ""text"": ""閱讀使用說明\r\nhttps://www.notion.so/peilun/Mastodon-9257c3e1cd3f42ae9902d6fc9cda6320""}, {""id"": ""16"", ""text"": ""多說做了什麼，少說看了什麼\r\n\r\nPost what you did, not what you saw""}]",,False,True
oslo.town,"[{""id"": ""7"", ""text"": ""Treat people with kindness 💖 🏳️‍🌈""}, {""id"": ""10"", ""text"": ""No racism, homophobia, xenophobia, sexism, discrimination, nazis. 🛑""}, {""id"": ""12"", ""text"": ""Report bad or suspicious activity ⚠️  Use the block button when needed 🚫  Try not to argue with other members 😡""}, {""id"": ""19"", ""text"": ""Use a Content Warning (CW) when posting sexual, graphic, and potentially triggering subject matters 🫣""}, {""id"": ""20"", ""text"": ""Think carefully before sharing personal information 🔐 ""}, {""id"": ""21"", ""text"": ""No robots 🤖 ""}]",,"[{""id"": ""7"", ""text"": ""Treat people with kindness 💖""}, {""id"": ""10"", ""text"": ""No racism, homophobia, xenophobia, sexism, discrimination, nazis. 🛑""}, {""id"": ""12"", ""text"": ""Report bad or suspicious activity ⚠️  Use the block button when needed 🚫 ""}, {""id"": ""19"", ""text"": ""Use a Content Warning (CW) when posting sexual, graphic, and potentially triggering subject matters 🫣""}, {""id"": ""20"", ""text"": ""Think carefully before sharing personal information 🔐 ""}, {""id"": ""21"", ""text"": ""Bleep-bloop-bleep. No robots 🤖 ""}]",True,True
sciencemastodon.com,"[{""id"": ""6"", ""text"": ""Please be as kind, polite, and understanding as you would be in a cocktail party of friends and strangers. Harassment, racism, bullying will get you shown to the door.""}, {""id"": ""2"", ""text"": ""Users may not be anonymous, at least while this site is in its infancy. ""}, {""id"": ""4"", ""text"": ""Users should be scientists or journalists. ""}, {""id"": ""5"", ""text"": ""If your application is rejected, please see rules 2 and/or 3.""}]",,"[{""id"": ""6"", ""text"": ""Please be as kind, polite, and understanding as you would be in a cocktail party of friends and strangers. Harassment, racism, bullying will get you shown to the door.""}, {""id"": ""2"", ""text"": ""Users may not be anonymous, at least while this site is in its infancy. ""}, {""id"": ""4"", ""text"": ""Users should be scientists or journalists. ""}, {""id"": ""5"", ""text"": ""If your application is rejected, please see rules 2 and/or 3.""}]",True,True
social.treehouse.systems,"[{""id"": ""1"", ""text"": ""NSFW content (you know what this is) must be posted behind a content warning.  Anything else where a content warning makes reasonable sense should probably have one.""}, {""id"": ""3"", ""text"": ""Respect people's boundaries, if you don't, you will be banned.  We have a zero-tolerance policy.""}, {""id"": ""4"", ""text"": ""Doxing will not be tolerated.  Again, zero-tolerance policy and all that.""}, {""id"": ""5"", ""text"": ""Office politics stay at the office.  Some of us don't want to talk about work all the time.""}]",,,True,True
mastodon.math.unipd.it,"[{""id"": ""1"", ""text"": ""- use 'mastodon.math.unipd.it' as server""}]",,"[{""id"": ""1"", ""text"": ""- use 'mastodon.math.unipd.it' as server""}]",True,True
veganism.social,"[{""id"": ""25"", ""text"": ""No speciesism, animal abuse, carnists, omnivores, vegetarians, or other non-vegans""}, {""id"": ""26"", ""text"": ""Sexually explicit or violent media must be marked as sensitive when posting""}, {""id"": ""27"", ""text"": ""No racism, sexism, homophobia, transphobia, xenophobia, fatphobia, or casteism""}, {""id"": ""28"", ""text"": ""No incitement of violence or promotion of violent ideologies""}, {""id"": ""29"", ""text"": ""No harassment or doxxing of other users""}, {""id"": ""30"", ""text"": ""Do not share intentionally false or misleading information""}]",,"[{""id"": ""25"", ""text"": ""No speciesism, animal abuse, carnists, omnivores, vegetarians, or other non-vegans""}, {""id"": ""26"", ""text"": ""Sexually explicit or violent media must be marked as sensitive when posting""}, {""id"": ""27"", ""text"": ""No racism, sexism, homophobia, transphobia, xenophobia, fatphobia, or casteism""}, {""id"": ""28"", ""text"": ""No incitement of violence or promotion of violent ideologies""}, {""id"": ""29"", ""text"": ""No harassment or doxxing of other users""}, {""id"": ""30"", ""text"": ""Do not share intentionally false or misleading information""}]",True,True
podcastindex.social,"[{""id"": ""1"", ""text"": ""Not for promotion of podcasts. ""}]","[{""id"": ""1"", ""text"": ""Not for promotion of podcasts. ""}]",,False,True
akademienl.social,"[{""id"": ""2"", ""text"": ""No racism, sexism, homophobia, transphobia, xenophobia, able-ism, etc."", ""hint"": """", ""translations"": {}}, {""id"": ""3"", ""text"": ""No incitement of violence, promotion of violent ideologies or violent behaviour of any manner."", ""hint"": """", ""translations"": {}}, {""id"": ""4"", ""text"": ""No doxxing, dogpiling or harassment in any form of other users."", ""hint"": """", ""translations"": {}}, {""id"": ""5"", ""text"": ""No spam, bots or advertisements. "", ""hint"": """", ""translations"": {}}, {""id"": ""6"", ""text"": ""No media and content which is sexual or violent in nature."", ""hint"": """", ""translations"": {}}, {""id"": ""7"", ""text"": ""No harmful, manipulated, or misleading information (e.g., regarding elections, public health)"", ""hint"": """", ""translations"": {}}, {""id"": ""8"", ""text"": ""In order to be able to moderate this server, posts need to either be written in Dutch or English."", ""hint"": """", ""translations"": {}}]","[{""id"": ""2"", ""text"": ""No racism, sexism, homophobia, transphobia, xenophobia, able-ism, etc."", ""hint"": """", ""translations"": {}}, {""id"": ""3"", ""text"": ""No incitement of violence, promotion of violent ideologies or violent behaviour of any manner."", ""hint"": """", ""translations"": {}}, {""id"": ""4"", ""text"": ""No doxxing, dogpiling or harassment in any form of other users."", ""hint"": """", ""translations"": {}}, {""id"": ""5"", ""text"": ""No spam, bots or advertisements. "", ""hint"": """", ""translations"": {}}, {""id"": ""6"", ""text"": ""No media and content which is sexual or violent in nature."", ""hint"": """", ""translations"": {}}, {""id"": ""7"", ""text"": ""No harmful, manipulated, or misleading information (e.g., regarding elections, public health)"", ""hint"": """", ""translations"": {}}, {""id"": ""8"", ""text"": ""In order to be able to moderate this server, posts need to either be written in Dutch or English."", ""hint"": """", ""translations"": {}}]",,False,True
pub.osrx.social,"[{""id"": ""1"", ""text"": ""Keine Hassrede, Hetze, Rassismus oder Mobbing."", ""hint"": """"}]","[{""id"": ""1"", ""text"": ""Keine Hassrede, Hetze, Rassismus oder Mobbing."", ""hint"": """"}]",,False,True
dbg.social,"[{""id"": ""2"", ""text"": ""No content illegal in the US""}, {""id"": ""3"", ""text"": ""Treat everyone with respect""}, {""id"": ""4"", ""text"": ""No intentionally misleading information""}]","[{""id"": ""2"", ""text"": ""No content illegal in the US""}, {""id"": ""3"", ""text"": ""Treat everyone with respect""}, {""id"": ""4"", ""text"": ""No intentionally misleading information""}]",,False,True
ioc.exchange,"[{""id"": ""1"", ""text"": ""Be Nice!""}, {""id"": ""2"", ""text"": ""Mark sensitive content with a content warning.""}, {""id"": ""3"", ""text"": ""No Spam and No Advertisement. (Promoting your own work is fine.)""}, {""id"": ""4"", ""text"": ""No Hate Speech!""}, {""id"": ""5"", ""text"": ""Reason for joining: What is your connection to the infosec/cybersecurity community?""}]","[{""id"": ""1"", ""text"": ""Be Nice!""}, {""id"": ""2"", ""text"": ""Mark sensitive content with a content warning.""}, {""id"": ""3"", ""text"": ""No Spam and No Advertisement. (Promoting your own work is fine.)""}, {""id"": ""4"", ""text"": ""No Hate Speech!""}, {""id"": ""5"", ""text"": ""Reason for joining: What is your connection to the infosec/cybersecurity community?""}]",,False,True
hci.social,"[{""id"": ""8"", ""text"": ""Treating everyone with respect and consideration; under the umbrella of respect, we expect all participants to be mindful of their speech and behaviors.""}, {""id"": ""9"", ""text"": ""Communicating openly and thoughtfully with others and being considerate of the multitude of views and opinions that may be different than your own.""}, {""id"": ""10"", ""text"": ""Being respectful and mindful in your critique of ideas.""}, {""id"": ""11"", ""text"": ""Respecting others’ identities in full, e.g., using their specified pronouns.""}, {""id"": ""12"", ""text"": ""Respecting others’ right to engage or disengage in conversation.""}, {""id"": ""13"", ""text"": ""Accepting responsibility to take action, as bystanders and advocates, to call out and report misbehavior and to hold each other accountable to these rules.""}, {""id"": ""14"", ""text"": ""Comments that target other participants based on characteristics such as gender, gender identity and expression, sexual orientation, race, ethnicity, age, ability, status, physical appearance, body size, or religion.""}, {""id"": ""15"", ""text"": ""Unwelcome personal attention, particularly when one individual has authority over the other.""}, {""id"": ""16"", ""text"": ""Persistent, unwanted attempts to contact another group member, particularly when one individual has authority over the other.""}, {""id"": ""17"", ""text"": ""Deliberate intimidation, stalking, or threats of violence.""}, {""id"": ""18"", ""text"": ""Sustained disruption of presentations, events, or online discussion.""}, {""id"": ""19"", ""text"": ""Advocating for, or encouraging, any of the above behavior.""}]",,"[{""id"": ""8"", ""text"": ""Treating everyone with respect and consideration; under the umbrella of respect, we expect all participants to be mindful of their speech and behaviors.""}, {""id"": ""9"", ""text"": ""Communicating openly and thoughtfully with others and being considerate of the multitude of views and opinions that may be different than your own.""}, {""id"": ""10"", ""text"": ""Being respectful and mindful in your critique of ideas.""}, {""id"": ""11"", ""text"": ""Respecting others’ identities in full, e.g., using their specified pronouns.""}, {""id"": ""12"", ""text"": ""Respecting others’ right to engage or disengage in conversation.""}, {""id"": ""13"", ""text"": ""Accepting responsibility to take action, as bystanders and advocates, to call out and report misbehavior and to hold each other accountable to these rules.""}, {""id"": ""14"", ""text"": ""Comments that target other participants based on characteristics such as gender, gender identity and expression, sexual orientation, race, ethnicity, age, ability, status, physical appearance, body size, or religion.""}, {""id"": ""15"", ""text"": ""Unwelcome personal attention, particularly when one individual has authority over the other.""}, {""id"": ""16"", ""text"": ""Persistent, unwanted attempts to contact another group member, particularly when one individual has authority over the other.""}, {""id"": ""17"", ""text"": ""Deliberate intimidation, stalking, or threats of violence.""}, {""id"": ""18"", ""text"": ""Sustained disruption of presentations, events, or online discussion.""}, {""id"": ""19"", ""text"": ""Advocating for, or encouraging, any of the above behavior.""}]",True,True
martianbase.net,"[{""id"": ""2"", ""text"": ""Follow the laws of the Martian Congressional Republic"", ""hint"": """"}, {""id"": ""3"", ""text"": ""Be a responsible citizen of the Red Planet"", ""hint"": """"}, {""id"": ""4"", ""text"": ""No discrimination, Earthers and Belters are welcome too!"", ""hint"": """"}]",,,True,True
pixelfed.de,"[{""id"": ""1"", ""text"": ""No harrasment, no stalking, no doxxing""}, {""id"": ""2"", ""text"": ""No racism or relativization of racism.""}, {""id"": ""3"", ""text"": ""No sexism or relativization of sexism.""}, {""id"": ""4"", ""text"": ""No xenophobia or relativization of xenophobia.""}, {""id"": ""5"", ""text"": ""No discriminating against gender identities or sexual orientations, or relativizing them.""}, {""id"": ""6"", ""text"": ""No advertising.""}, {""id"": ""7"", ""text"": ""No intentionally misleading content (including new/alt-right conspiracy theories or scams like cryptocurrencies).""}, {""id"": ""8"", ""text"": ""No content that violates the laws of the Federal Republic of Germany.""}]",,,True,True
en.osm.town,"[{""id"": ""4"", ""text"": ""Follow the instance Code of Conduct: https://en.osm.town/about"", ""hint"": """"}, {""id"": ""5"", ""text"": ""Have fun"", ""hint"": """"}]",,"[{""id"": ""4"", ""text"": ""Follow the instance Code of Conduct: https://en.osm.town/about"", ""hint"": """"}, {""id"": ""5"", ""text"": ""Have fun"", ""hint"": """"}]",True,True
genomic.social,"[{""id"": ""1"", ""text"": ""Be kind to each other.""}, {""id"": ""2"", ""text"": ""No sexually explicit images or video""}, {""id"": ""3"", ""text"": ""No incitement of violence or promotion of violent ideologies""}, {""id"": ""5"", ""text"": ""No racism, sexism, homophobia, transphobia, xenophobia, or casteism""}, {""id"": ""7"", ""text"": ""No illegal content""}, {""id"": ""6"", ""text"": ""No harassment, dogpiling or doxxing of other users. This includes private harassment. ""}, {""id"": ""4"", ""text"": ""No intentionally false or misleading information""}, {""id"": ""8"", ""text"": ""No abuse or manipulation of the server instance""}]","[{""id"": ""1"", ""text"": ""Be kind to each other.""}, {""id"": ""2"", ""text"": ""No sexually explicit images or video""}, {""id"": ""3"", ""text"": ""No incitement of violence or promotion of violent ideologies""}, {""id"": ""5"", ""text"": ""No racism, sexism, homophobia, transphobia, xenophobia, or casteism""}, {""id"": ""7"", ""text"": ""No illegal content""}, {""id"": ""6"", ""text"": ""No harassment, dogpiling or doxxing of other users. This includes private harassment. ""}, {""id"": ""4"", ""text"": ""No intentionally false or misleading information""}, {""id"": ""8"", ""text"": ""No abuse or manipulation of the server instance""}]",,False,True
mailcow.social,"[{""id"": ""1"", ""text"": ""Please communicate decently here! No insults / discrimination / sexual statements or similar offensive statements. \r\n\r\nBitte kommuniziert hier anständig! Keine Beleidigungen/Diskriminierungen/Sexuelle Aussagen oder ähnliche Beleidigende Aussagen. ""}, {""id"": ""2"", ""text"": ""Respect everyone! Not only admins/moderators as well as everyone else and allow other opinions. Discussions are welcome. Respektiert jeden! Nicht nur Admins/Moderatoren sondern jeden und lasst auch andere Meinungen zu, denn Diskussionen sind erwünscht.""}, {""id"": ""3"", ""text"": ""Please mark dangerous content as such and avoid NSFW postings. Markiert gefährlichen Kontent bitte auch als solchen und vermeidet NSFW Postings.""}, {""id"": ""4"", ""text"": ""Report offensive posts! This will keep the Mastodon server clean and safe. Meldet anstößige Beiträge! Damit haltet ihr den Mastodon Server sauber.""}, {""id"": ""5"", ""text"": ""Registrations are open to all for now!\r\nHowever, we reserve the right to restrict them at any time, even without justification.\r\nRegistrierungen sind zunächst offen für alle!\r\nWir behalten uns jedoch vor diese zu jederzeit Einzuschränken auch ohne Rechtfertigung dafür.""}]",,,True,True
ruhr.social,"[{""id"": ""1"", ""text"": ""Sei immer freundlich und höflich. Behandle andere mit Respekt.""}, {""id"": ""2"", ""text"": ""Belästige und beleidige niemanden und unterlasse persönliche Angriffe.Weder allein noch als Gruppe. Das Veröffentlichen oder die Androhung von Veröffentlichung von personen-identifizierenden Informationen (\""doxing\"") wird als Belästigung ausgelegt.""}, {""id"": ""3"", ""text"": ""Kontaktiere keine Nutzer:innen die angegeben haben, dass sie nicht kontaktiert werden möchten.""}, {""id"": ""4"", ""text"": ""Nochmal ganz deutlich: Wir dulden keine nationalistische Propaganda, keine Nazi-Symbolik und keine Förderung der Ideologie des Nationalsozialismus!""}, {""id"": ""5"", ""text"": ""Poste keine pornographischen oder sexualisierten Inhalte. Dazu gehören auch Witze und Kommentare.""}, {""id"": ""6"", ""text"": ""Veröffentliche keinen Spam oder kommerzielle Werbung. Kommerzielle Werbung in diesem Zusammenhang bedeutet, wenn die veröffentlichten Inhalte keinen persönlichen Bezug aufweisen und eindeutig dazu gedacht sind, direkt oder indirekt Geld zu erwirtschaften.""}, {""id"": ""7"", ""text"": ""Keine Killerphrasen, Scheinargumente, schwarze Rhetorik oder Sophismus""}, {""id"": ""8"", ""text"": ""Diskutiere Moderationsentscheidungen nicht zuerst in öffentlichen Toots""}, {""id"": ""9"", ""text"": ""Die Nutzung oder Befürwortung von rassistischer, sexistischer, homophober, transphober, behindertenfeindlicher und anderweitig diskriminierender oder hasserfüllter Sprache wird nicht geduldet""}, {""id"": ""10"", ""text"": ""Verharmlosende oder gutheißende Inhalte zu Weißer Vorherrschaft, Antisemitismus, Transphobie oder anderen hasserfüllten Ideologien werden nicht geduldet.""}, {""id"": ""11"", ""text"": ""Halte dich an die in Deutschland geltenden Gesetze (verbietet u.a. auch gewaltverherrlichende Inhalte).""}, {""id"": ""12"", ""text"": ""Nutze Inhaltswarnungen für Posts und NSFW-Marker bei Medien im Falle von kontroversen, aufrührerischen oder triggernden Themen""}, {""id"": ""13"", ""text"": ""Nachgewiesene Falschinformationen/Fakenews (inkl. Verschwörungstheorien) sind hier unerwünscht""}]",,,True,True
indieweb.social,"[{""id"": ""1"", ""text"": ""No spam or self-promoting posts.""}, {""id"": ""2"", ""text"": ""No bots that are not labeled as such in their profile.""}, {""id"": ""3"", ""text"": ""Keep conversations civil and respectful even in disagreement.""}]","[{""id"": ""1"", ""text"": ""No spam or excessive self-promoting in posts.""}, {""id"": ""2"", ""text"": ""No bots that are not labeled as such in their profile.""}, {""id"": ""3"", ""text"": ""Keep conversations civil and respectful even in disagreement.""}, {""id"": ""4"", ""text"": ""No racism, sexism, homophobia, transphobia, xenophobia, anti-Semitism, or casteism""}, {""id"": ""5"", ""text"": ""No sexually explicit or violent posts or media allowed""}, {""id"": ""6"", ""text"": ""No incitement of violence or promotion of violent ideologies""}, {""id"": ""7"", ""text"": ""No illegal content.""}]","[{""id"": ""1"", ""text"": ""No spam or excessive self-promoting in posts.""}, {""id"": ""2"", ""text"": ""No bots that are not labeled as such in their profile.""}, {""id"": ""3"", ""text"": ""Keep conversations civil and respectful even in disagreement.""}, {""id"": ""4"", ""text"": ""No racism, sexism, homophobia, transphobia, xenophobia, anti-Semitism, or casteism""}, {""id"": ""5"", ""text"": ""No sexually explicit or violent posts or media allowed""}, {""id"": ""6"", ""text"": ""No incitement of violence or promotion of violent ideologies""}, {""id"": ""7"", ""text"": ""No illegal content.""}]",True,False
social.milktea.io,"[{""id"": ""2"", ""text"": ""Be kind""}, {""id"": ""4"", ""text"": ""Do not post content that is illegal""}, {""id"": ""5"", ""text"": ""Do not reupload other people’s content (eg art) without their permission""}, {""id"": ""6"", ""text"": ""Do use spoilers and content warnings as appropriate!""}]","[{""id"": ""2"", ""text"": ""Be kind""}, {""id"": ""4"", ""text"": ""Do not post content that is illegal""}, {""id"": ""5"", ""text"": ""Do not reupload other people’s content (eg art) without their permission""}, {""id"": ""6"", ""text"": ""Do use spoilers and content warnings as appropriate!""}]",,False,True
mstdn.plusminus.io,"[{""id"": ""4"", ""text"": ""利用規約\r\nhttps://plusminus.io/mstdn-plusminus-io/terms-of-service""}]",,"[{""id"": ""4"", ""text"": ""利用規約\r\nhttps://plusminus.io/mstdn-plusminus-io/terms-of-service""}]",True,True
neovibe.app,"[{""id"": ""1"", ""text"": ""No discrimination, including (but not limited to) racism, sexism, homophobia or transphobia.""}, {""id"": ""3"", ""text"": ""No harassment of other users on this or other servers.""}, {""id"": ""4"", ""text"": ""No incitement of violence or promotion of violent ideologies.""}, {""id"": ""5"", ""text"": ""No disinformation regarding public health issues or political/military campaigns.""}, {""id"": ""6"", ""text"": ""No spam or unverified use of copyrighted material. This includes promotional campaigns, and SEO. If you have a self-run small business, please request permission before linking to any products for sale. We would like to make sure all items being sold are legal under this instance's USA laws.""}, {""id"": ""7"", ""text"": ""No impersonation of other individuals, public figures or organisations, unless clearly marked as a parody.""}, {""id"": ""8"", ""text"": ""No explicit (NSFW) content without content warnings and/or sensitive media markers. Explicit content must not be used in user avatars or header images.""}]","[{""id"": ""1"", ""text"": ""No discrimination, including (but not limited to) racism, sexism, homophobia or transphobia.""}, {""id"": ""3"", ""text"": ""No harassment of other users on this or other servers.""}, {""id"": ""4"", ""text"": ""No incitement of violence or promotion of violent ideologies.""}, {""id"": ""5"", ""text"": ""No disinformation regarding public health issues or political/military campaigns.""}, {""id"": ""6"", ""text"": ""No spam or unverified use of copyrighted material. This includes promotional campaigns, and SEO. If you have a self-run small business, please request permission before linking to any products for sale. We would like to make sure all items being sold are legal under this instance's USA laws.""}, {""id"": ""7"", ""text"": ""No impersonation of other individuals, public figures or organisations, unless clearly marked as a parody.""}, {""id"": ""8"", ""text"": ""No explicit (NSFW) content without content warnings and/or sensitive media markers. Explicit content must not be used in user avatars or header images.""}]",,False,True
na.social,[],,[],True,True
antisocial.existentialdread.com,"[{""id"": ""1"", ""text"": ""No. If you have to ask, then the answer is No.""}]",,"[{""id"": ""1"", ""text"": ""No. If you have to ask, then the answer is No.""}]",True,True
mathstodon.xyz,"[{""id"": ""1"", ""text"": ""Don’t do anything that’s illegal in the UK or EU.""}, {""id"": ""2"", ""text"": ""Aggression and elitism are unwelcome here - it’s not a competition. Don’t assume you know better than the person you’re talking to.""}, {""id"": ""3"", ""text"": ""We want to be inclusive; do not engage in exclusionary behaviour or language against anyone based on their race, gender (binary, assigned or otherwise), disability, mental health, sexual orientation, level of education or age.""}, {""id"": ""4"", ""text"": ""Don’t make exclusionary jokes. Don’t even make them “ironically”.""}, {""id"": ""5"", ""text"": ""Don’t harass people. Unconsented contact or sexual attention can constitute harassment, even if it wasn’t intended to cause upset. Dressing or acting in a certain way is not consent.""}]","[{""id"": ""1"", ""text"": ""Don’t do anything that’s illegal in the UK or EU.""}, {""id"": ""2"", ""text"": ""Aggression and elitism are unwelcome here - it’s not a competition. Don’t assume you know better than the person you’re talking to.""}, {""id"": ""3"", ""text"": ""We want to be inclusive; do not engage in exclusionary behaviour or language against anyone based on their race, gender (binary, assigned or otherwise), disability, mental health, sexual orientation, level of education or age.""}, {""id"": ""4"", ""text"": ""Don’t make exclusionary jokes. Don’t even make them “ironically”.""}, {""id"": ""5"", ""text"": ""Don’t harass people. Unconsented contact or sexual attention can constitute harassment, even if it wasn’t intended to cause upset. Dressing or acting in a certain way is not consent.""}]",,False,True
tribe.net,"[{""id"": ""1"", ""text"": ""Be kind. \r\nBy that, I mean don't upload a ton of stuff here because disk space is limited and costs $$. If you want to use Mastodon as an archive of your big photos and videos, then you should run your own server. It's easy and I can walk you through it. \r\n""}, {""id"": ""2"", ""text"": ""If you want to show off your products or services, you may post an ad once per month. If you are reported for posting more than that, you will get a warning, and then suspension.""}, {""id"": ""3"", ""text"": ""If you send unsolicited direct messages to users, and you are reported by anyone, you will get a warning and set to limited visibility. The second report will result in your suspension.""}, {""id"": ""4"", ""text"": ""Accounts that display ads in their profile photo and description will be set to limited visibility, meaning only your followers will see your posts. ""}, {""id"": ""5"", ""text"": ""Also, just be nice in general. I'm doing my best but I don't know everything about Mastodon. The community is a better resource for answering questions, especially if things don't seem to work for you the way you'd like. Remember, this is a free service. ""}]",,"[{""id"": ""1"", ""text"": ""Be kind. \r\nBy that, I mean don't upload a ton of stuff here because disk space is limited and costs $$. If you want to use Mastodon as an archive of your big photos and videos, then you should run your own server. It's easy and I can walk you through it. \r\n""}, {""id"": ""2"", ""text"": ""If you want to show off your products or services, you may post an ad once per month. If you are reported for posting more than that, you will get a warning, and then suspension.""}, {""id"": ""3"", ""text"": ""If you send unsolicited direct messages to users, and you are reported by anyone, you will get a warning and set to limited visibility. The second report will result in your suspension.""}, {""id"": ""4"", ""text"": ""Accounts that display ads in their profile photo and description will be set to limited visibility, meaning only your followers will see your posts. ""}, {""id"": ""5"", ""text"": ""Also, just be nice in general. I'm doing my best but I don't know everything about Mastodon. The community is a better resource for answering questions, especially if things don't seem to work for you the way you'd like. Remember, this is a free service. ""}]",True,True
front-end.social,"[{""id"": ""1"", ""text"": ""No racism/white supremacy""}, {""id"": ""2"", ""text"": ""No sexism""}, {""id"": ""3"", ""text"": ""No ableism""}, {""id"": ""4"", ""text"": ""No queer/trans-phobia           No homophobia, xenophobia, TERF, or other 'gender critical' shit. No dead-naming, misgendering, etc. No debating other people's right to exist.""}, {""id"": ""5"", ""text"": ""No fascism or nationalism""}, {""id"": ""6"", ""text"": ""No violence or harassment        No violence or harassment. No disrespecting people's boundaries. No sliding into DMs or @-mentioning those who have blocked you.""}, {""id"": ""7"", ""text"": ""No spam""}, {""id"": ""8"", ""text"": ""Be good to each other""}, {""id"": ""10"", ""text"": ""No crypto""}]",,"[{""id"": ""1"", ""text"": ""No racism/white supremacy""}, {""id"": ""2"", ""text"": ""No sexism""}, {""id"": ""3"", ""text"": ""No ableism""}, {""id"": ""4"", ""text"": ""No queer/trans-phobia           No homophobia, xenophobia, TERF, or other 'gender critical' shit. No dead-naming, misgendering, etc. No debating other people's right to exist.""}, {""id"": ""5"", ""text"": ""No fascism or nationalism""}, {""id"": ""6"", ""text"": ""No violence or harassment        No violence or harassment. No disrespecting people's boundaries. No sliding into DMs or @-mentioning those who have blocked you.""}, {""id"": ""7"", ""text"": ""No spam""}, {""id"": ""8"", ""text"": ""Be good to each other""}, {""id"": ""10"", ""text"": ""No crypto""}]",True,True
crazylab.online,"[{""id"": ""2"", ""text"": ""Only sharing, discussion, gathering and communication are allowed.\r\n在這里 只有分享丶討論丶聚會丶交流。""}, {""id"": ""3"", ""text"": ""Regardless of the choice of gender, gender identity and expression, age, sexual orientation, disability, appearance, body shape, race, religion or technology, we do not tolerate any form of cyber bullying and verbal attacks here.\r\n無論性別丶性別認同和表達方式丶年齡丶性取向丶殘疾丶外表丶身材丶種族丶宗教 或技術如何選擇, 在這裏我們不容忍任何形式的網絡欺凌及言語攻擊。""}, {""id"": ""4"", ""text"": ""Any  pornographic related contents (including languages, images, videos, URLs ...etc) cannot be uploaded here.\r\n任何色情相關的內容（包括: 語言、圖片、視頻、網址等）均不能上載到這裏。""}, {""id"": ""5"", ""text"": ""Copyrighted materials (including texts, files, photos, voices and videos ...etc) cannot be uploaded here.\r\n有版權的資料(包括文字、檔案、圖片、語音及視頻等)也不能上載到這裏。""}, {""id"": ""8"", ""text"": ""Prohibit issuing all contents which violate Hong Kong laws. \r\n禁止發送違反香港法律的內容。""}, {""id"": ""9"", ""text"": ""Don't toots political remarks and focus only for professional topics. \r\n本站不討論政治，重㸃討論專業的話題。""}, {""id"": ""10"", ""text"": ""No Advertisement & Spam but professional product reviews are accepted and welcome. \r\n謝絕廣告推送, 但可接受及歡迎專業的產品評論。""}, {""id"": ""6"", ""text"": ""All the above items are applicable to any discussion places and locations here (including TAGS, private messages, public discussion forums and other URL links). \r\n以上所有項目適用於在這里的任何討論場所及位置(包括 TAGS，私信，公開討論區 和其它連結)。 ""}, {""id"": ""7"", ""text"": ""In order to avoid affecting the freedom of other users and normal enjoyment of this system, users who violate the above rules will be removed from our system (without warning). \r\n為了避免影響其他用戶的自由及正常享用本系統, 違反以上那些規則的用户 會從我們的系統中被移除 (無需警告)。""}, {""id"": ""11"", ""text"": ""This is one non-profit project with no SLA guarantee but we shall try our best with FailOver Clustering System to stay system online 99.9%. \r\n這是一個沒有 SLA 保證的非盈利項目, 但我們將盡我們最大努力使用 故障轉移集群系統 來保持系統在線 99.9%。""}, {""id"": ""12"", ""text"": ""We do not accept any donation now and we shall consider to use stripe to handle all donations from donors if needed in future. \r\n我們現在不接受任何捐款, 如果將來有需要才考慮使用 Stripe 來處理捐贈者的捐贈。""}]",,"[{""id"": ""2"", ""text"": ""Only sharing, discussion, gathering and communication are allowed.\r\n在這里 只有分享丶討論丶聚會丶交流。""}, {""id"": ""3"", ""text"": ""Regardless of the choice of gender, gender identity and expression, age, sexual orientation, disability, appearance, body shape, race, religion or technology, we do not tolerate any form of cyber bullying and verbal attacks here.\r\n無論性別丶性別認同和表達方式丶年齡丶性取向丶殘疾丶外表丶身材丶種族丶宗教 或技術如何選擇, 在這裏我們不容忍任何形式的網絡欺凌及言語攻擊。""}, {""id"": ""4"", ""text"": ""Any  pornographic related contents (including languages, images, videos, URLs ...etc) cannot be uploaded here.\r\n任何色情相關的內容（包括: 語言、圖片、視頻、網址等）均不能上載到這裏。""}, {""id"": ""5"", ""text"": ""Copyrighted materials (including texts, files, photos, voices and videos ...etc) cannot be uploaded here.\r\n有版權的資料(包括文字、檔案、圖片、語音及視頻等)也不能上載到這裏。""}, {""id"": ""8"", ""text"": ""Prohibit issuing all contents which violate Hong Kong laws. \r\n禁止發送違反香港法律的內容。""}, {""id"": ""9"", ""text"": ""Don't toots political remarks and focus only for professional topics. \r\n本站不討論政治，重㸃討論專業的話題。""}, {""id"": ""10"", ""text"": ""No Advertisement & Spam but professional product reviews are accepted and welcome. \r\n謝絕廣告推送, 但可接受及歡迎專業的產品評論。""}, {""id"": ""6"", ""text"": ""All the above items are applicable to any discussion places and locations here (including TAGS, private messages, public discussion forums and other URL links). \r\n以上所有項目適用於在這里的任何討論場所及位置(包括 TAGS，私信，公開討論區 和其它連結)。 ""}, {""id"": ""7"", ""text"": ""In order to avoid affecting the freedom of other users and normal enjoyment of this system, users who violate the above rules will be removed from our system (without warning). \r\n為了避免影響其他用戶的自由及正常享用本系統, 違反以上那些規則的用户 會從我們的系統中被移除 (無需警告)。""}, {""id"": ""11"", ""text"": ""This is one non-profit project with no SLA guarantee but we shall try our best with FailOver Clustering System to stay system online 99.9%. \r\n這是一個沒有 SLA 保證的非盈利項目, 但我們將盡我們最大努力使用 故障轉移集群系統 來保持系統在線 99.9%。""}, {""id"": ""12"", ""text"": ""We do not accept any donation now and we shall consider to use stripe to handle all donations from donors if needed in future. \r\n我們現在不接受任何捐款, 如果將來有需要才考慮使用 Stripe 來處理捐贈者的捐贈。""}]",True,True
august-don.site,[],,[],True,True
mastodon.art,"[{""id"": ""1"", ""text"": ""No posting other artist's work without credit AND analysis/opinion .""}, {""id"": ""2"", ""text"": ""Posting the same content on multiple instances in order to spam local and/or federated timelines is not permitted.""}, {""id"": ""3"", ""text"": ""Respect other users' boundaries. ""}, {""id"": ""5"", ""text"": ""Tag sensitive content such as violence/blood, NSFW content, and other potentially upsetting or triggering topics, AND hide them under a Content Warning (CW). ""}, {""id"": ""6"", ""text"": ""No trolling, microaggressions, or harassment. See the Code of Conduct for the full list.""}, {""id"": ""7"", ""text"": ""No unapproved bots, advertising, or spam (this does *not* mean your shop links and commission pages! Please share those often!).""}, {""id"": ""8"", ""text"": ""No racism, sexism, discrimination against gender and sexual minorities, ableism, fatmisia, xenophobia and/or violent nationalism, or the advocation of all of the above.""}, {""id"": ""9"", ""text"": ""No content that includes sexual depictions of minors (this includes loli), content illegal in Germany and/or France, such as holocaust denial or Nazi symbolism, conduct promoting the ideology of National Socialism.""}, {""id"": ""10"", ""text"": ""•ART has a zero-tolerance mandate for harassment or bullying — your account will be immediately suspended.""}, {""id"": ""11"", ""text"": ""Conduct intended to stalk or harass users, impede users from using the service, degrade the performance of the service, or incite others to perform any of the aforementioned actions, is disallowed. ""}, {""id"": ""13"", ""text"": ""No NFT content. None at all. There are crypto-related instances on the fediverse that would be more suitable. ""}, {""id"": ""14"", ""text"": ""AI art only allowed if tagged with #AIArt and with the conditions stipulated under the Code of Conduct""}, {""id"": ""15"", ""text"": ""No flooding the public timelines (making lots of public posts in quick succession).""}]","[{""id"": ""1"", ""text"": ""No posting other artist's work without credit AND analysis/opinion .""}, {""id"": ""2"", ""text"": ""Posting the same content on multiple instances in order to spam local and/or federated timelines is not permitted.""}, {""id"": ""3"", ""text"": ""Respect other users' boundaries. ""}, {""id"": ""5"", ""text"": ""Tag sensitive content such as violence/blood, NSFW content, and other potentially upsetting or triggering topics, AND hide them under a Content Warning (CW). ""}, {""id"": ""6"", ""text"": ""No trolling, microaggressions, or harassment. See the Code of Conduct for the full list.""}, {""id"": ""7"", ""text"": ""No unapproved bots, advertising, or spam (this does *not* mean your shop links and commission pages! Please share those often!).""}, {""id"": ""8"", ""text"": ""No racism, sexism, discrimination against gender and sexual minorities, ableism, fatmisia, xenophobia and/or violent nationalism, or the advocation of all of the above.""}, {""id"": ""9"", ""text"": ""No content that includes sexual depictions of minors (this includes loli), content illegal in Germany and/or France, such as holocaust denial or Nazi symbolism, conduct promoting the ideology of National Socialism.""}, {""id"": ""10"", ""text"": ""•ART has a zero-tolerance mandate for harassment or bullying — your account will be immediately suspended.""}, {""id"": ""11"", ""text"": ""Conduct intended to stalk or harass users, impede users from using the service, degrade the performance of the service, or incite others to perform any of the aforementioned actions, is disallowed. ""}, {""id"": ""13"", ""text"": ""No NFT content. None at all. There are crypto-related instances on the fediverse that would be more suitable. ""}, {""id"": ""14"", ""text"": ""AI art only allowed if tagged with #AIArt and with the conditions stipulated under the Code of Conduct""}, {""id"": ""15"", ""text"": ""No flooding the public timelines (making lots of public posts in quick succession).""}]","[{""id"": ""1"", ""text"": ""No posting other artist's work without credit AND analysis/opinion .""}, {""id"": ""3"", ""text"": ""Respect other users' boundaries. ""}, {""id"": ""5"", ""text"": ""Tag sensitive content such as violence/blood, graphic nudity, lewd content, and other potentially upsetting or triggering topics, AND hide them under a Content Warning (CW). ""}, {""id"": ""6"", ""text"": ""No trolling, microaggressions, bullying, or harassment. See the Code of Conduct for the full list.""}, {""id"": ""7"", ""text"": ""No unapproved bots, corporate advertising, or spam (this does *not* mean your shop links and commission pages! Please share those often!).""}, {""id"": ""8"", ""text"": ""No racism, sexism, discrimination against gender and sexual minorities, ableism, fatmisia, xenophobia and/or violent nationalism, or the advocation of all of the above.""}, {""id"": ""9"", ""text"": ""No content that includes sexual depictions of minors (this includes loli), content illegal in Germany and/or France, such as holocaust denial or Nazi symbolism, conduct promoting the ideology of National Socialism.""}, {""id"": ""11"", ""text"": ""Conduct intended to stalk or harass users, impede users from using the service, degrade the performance of the service, or incite others to perform any of the aforementioned actions, is disallowed. ""}, {""id"": ""13"", ""text"": ""No NFT content. None at all. There are crypto-related instances on the fediverse that would be more suitable. ""}, {""id"": ""14"", ""text"": ""No AI-generated imagery allowed at all""}, {""id"": ""15"", ""text"": ""No flooding the public timelines (making lots of public posts in quick succession).""}]",False,True
friendzone.social,[],[],,False,True
social.krebsco.de,"[{""id"": ""1"", ""text"": ""don't suck"", ""hint"": """"}]",,,True,True
sakurajima.moe,"[{""id"": ""2"", ""text"": ""You may not harass/bully people, incite violence, and/or post hate speech (e.g. racism, homophobia, transphobia, ableism, etc). This includes other abusive behavior such as cyberbullying, brigading/dogpiling, doxxing, trolling, swatting, sending death threats, abusing #fediblock tag,  etc.""}, {""id"": ""3"", ""text"": ""Do not post misinformation (Anti-Vaxx, Covid-19 misinformation, 5G conspiracy theories) or anything to extremist movements (National Socialism, Alt-Right, Ultra-MAGA, etc)""}, {""id"": ""4"", ""text"": ""Do not post images associated with hate movements, extremist ideologies or groups (Confederate States, Alt-Right, etc.).""}, {""id"": ""5"", ""text"": ""NSFW content must be tagged (content warning applied). No posting of underaged sexual-explicit content (real life and lolicon/shotacon) is allowed. This rule is handled differently for servers on the exception list, see about page.""}, {""id"": ""6"", ""text"": ""Properly credit artwork that you didn’t create. Use #AIArt for any artwork that is generated from AI so users can properly filter it.""}, {""id"": ""7"", ""text"": ""Do not post SPAM, links to scam sites, pirated materials, phishing sites, or websites that break federal laws. Self promotion is OK, as long the links are safe and does not break the above rules.""}, {""id"": ""8"", ""text"": ""By using this service, you are expected to follow the laws of the United States of America. Refrain from posting anything that may break federal laws.\r\n""}, {""id"": ""9"", ""text"": ""No mini-modding is allowed. If you see any post break the rules, report the post instead.""}, {""id"": ""11"", ""text"": ""Sensitive content (e.g. violence, blood/gore, NSFW) and other potentially upsetting or triggering topics should be put behind a content warning. It is recommended to put any spoilers, food, eye contact, and political content behind a content warning, but not necessarily required.""}]",,"[{""id"": ""2"", ""text"": ""You may not harass/bully people, incite violence, and/or post hate speech (e.g. racism, homophobia, transphobia, ableism, etc). This includes other abusive behavior such as cyberbullying, brigading/dogpiling, doxxing, trolling, swatting, sending death threats, abusing #fediblock tag,  etc.""}, {""id"": ""3"", ""text"": ""Do not post misinformation (Anti-Vaxx, Covid-19 misinformation, 5G conspiracy theories) or anything to extremist movements (National Socialism, Alt-Right, Ultra-MAGA,  voicing support for fascist/totalitarian regimes, etc)""}, {""id"": ""4"", ""text"": ""Do not post images associated with hate movements, extremist ideologies or groups (Confederate States, Alt-Right, etc.).""}, {""id"": ""5"", ""text"": ""NSFW content must be tagged approprately with content warning applied or marked as sensitive. No posting of underaged sexual-explicit content (real life/CSAM/CSEM and lolicon/shotacon) is allowed. This rule is handled differently for servers on the exception list, see about page.""}, {""id"": ""6"", ""text"": ""Properly credit artwork that you didn’t create. Use #AIArt for any artwork that is generated from AI so users can properly filter it.""}, {""id"": ""7"", ""text"": ""Do not post SPAM, links to scam sites, pirated materials, phishing sites, or websites that break federal laws. Self promotion is OK, as long the links are safe and does not break the above rules.""}, {""id"": ""8"", ""text"": ""By using this service, you are expected to follow the laws of the United States of America. Refrain from posting anything that may break federal laws.\r\n""}, {""id"": ""9"", ""text"": ""No mini-modding. If you see any post break the rules, report the post instead.""}, {""id"": ""11"", ""text"": ""Sensitive content (e.g. violence, blood/gore, NSFW, self harm, eating disorders) should be put behind a content warning or mark sensitive. Demanding and/or berating users for not using CW, except from a moderator is not allowed.""}, {""id"": ""13"", ""text"": ""Creator accounts that consist of more than one member or small businesses must be Japanese media/culture related. This restriction doesn’t apply to individuals.""}, {""id"": ""14"", ""text"": ""You may operate bots, but they must follow our rules and must be Japanese Media related. No more than 4 public posts in an hour or 16 unlisted posts in an hour. No repetitive posts, unless unlisted.""}]",True,True
sigmoid.social,"[{""id"": ""1"", ""text"": ""No racism, sexism, homophobia, transphobia, xenophobia, or discrimination in general""}, {""id"": ""2"", ""text"": ""No sexually explicit or violent media ""}, {""id"": ""3"", ""text"": ""No harassment, dogpiling or doxxing of other users""}, {""id"": ""4"", ""text"": ""Do not share intentionally false or misleading information""}, {""id"": ""5"", ""text"": ""Follow the Code of Conduct""}]",,"[{""id"": ""1"", ""text"": ""No racism, sexism, homophobia, transphobia, xenophobia, or discrimination in general""}, {""id"": ""2"", ""text"": ""No sexually explicit or violent media ""}, {""id"": ""3"", ""text"": ""No harassment, dogpiling or doxxing of other users""}, {""id"": ""4"", ""text"": ""Do not share intentionally false or misleading information""}, {""id"": ""5"", ""text"": ""Follow the Code of Conduct""}]",True,True
pixelfed.social,"[{""id"": ""1"", ""text"": ""Sexually explicit or violent media must be marked as sensitive when posting""}, {""id"": ""2"", ""text"": ""No racism, sexism, homophobia, transphobia, xenophobia, or casteism""}, {""id"": ""3"", ""text"": ""No incitement of violence or promotion of violent ideologies""}, {""id"": ""4"", ""text"": ""No harassment, dogpiling or doxxing of other users""}, {""id"": ""5"", ""text"": ""No content illegal in United States""}]",,,True,True
hcommons.social,"[{""id"": ""6"", ""text"": ""No racism, sexism / misogyny, ableism, anti-semitism / religious-based hate, homophobia, transphobia, xenophobia, or casteism.""}, {""id"": ""7"", ""text"": ""No incitement of violence or promotion of violent, white supremecist, incel, Holocaust denial or Nazi ideologies.""}, {""id"": ""8"", ""text"": ""No harassment, dogpiling, or doxxing of other users.""}, {""id"": ""9"", ""text"": ""Sexually explicit or violent media must be marked as sensitive. Pornographic material may not be posted.""}, {""id"": ""10"", ""text"": ""No intentionally false or misleading information (this includes COVID-19 and vaccine misinformation).""}, {""id"": ""11"", ""text"": ""No spam.""}]","[{""id"": ""6"", ""text"": ""No racism, sexism / misogyny, ableism, anti-semitism / religious-based hate, homophobia, transphobia, xenophobia, or casteism.""}, {""id"": ""7"", ""text"": ""No incitement of violence or promotion of violent, white supremecist, incel, Holocaust denial or Nazi ideologies.""}, {""id"": ""8"", ""text"": ""No harassment, dogpiling, or doxxing of other users.""}, {""id"": ""9"", ""text"": ""Sexually explicit or violent media must be marked as sensitive. Pornographic material may not be posted.""}, {""id"": ""10"", ""text"": ""No intentionally false or misleading information (this includes COVID-19 and vaccine misinformation).""}, {""id"": ""11"", ""text"": ""No spam.""}]",,False,True
corteximplant.com,"[{""id"": ""22"", ""text"": ""We do not tolerate discriminatory behaviour and content promoting or advocating the oppression of members of marginalised groups."", ""hint"": """"}, {""id"": ""23"", ""text"": ""We do not tolerate threatening behaviour, stalking, and doxxing."", ""hint"": """"}, {""id"": ""24"", ""text"": ""We do not tolerate harassment, including brigading, dogpiling, or any other form of contact with a user who has stated that they do not wish to be contacted."", ""hint"": """"}, {""id"": ""25"", ""text"": ""We do not tolerate mobbing, including name-calling, intentional misgendering or deadnaming.\r\nWe do not tolerate violent nationalist propaganda, Nazi symbolism or promoting the ideology of National Socialism."", ""hint"": """"}, {""id"": ""26"", ""text"": ""We do not tolerate conspiracy narratives or other reactionary myths supporting or leading to the above-mentioned (and/or similar) behavior."", ""hint"": """"}, {""id"": ""27"", ""text"": ""Actions intended to damage this instance or its performance may lead to immediate account suspension."", ""hint"": """"}, {""id"": ""28"", ""text"": ""Content that is illegal in Germany will be deleted and may lead to immediate account suspension."", ""hint"": """"}, {""id"": ""29"", ""text"": ""We do not tolerate spam, fraud, or theft in our community. This includes excessive cross-posts, links, and posts related to crypto/NFT projects and AI art (AI art can be posted under certain conditions: the post must be published as \""unlisted,\"" labeled as AI Art, and should not be profit-oriented)."", ""hint"": """"}, {""id"": ""31"", ""text"": ""⚠️ We kindly ask you to attentively read the information under \""Registration\"" on our About Page in order to join our community. \r\n\r\n🔗 https://corteximplant.com/about"", ""hint"": ""⚠️ Describe what type of cyberpunk you are and why you would like to join this community.\r\n""}]",,"[{""id"": ""22"", ""text"": ""We do not tolerate discriminatory behaviour and content promoting or advocating the oppression of members of marginalised groups."", ""hint"": """"}, {""id"": ""23"", ""text"": ""We do not tolerate threatening behaviour, stalking, and doxxing."", ""hint"": """"}, {""id"": ""24"", ""text"": ""We do not tolerate harassment, including brigading, dogpiling, or any other form of contact with a user who has stated that they do not wish to be contacted."", ""hint"": """"}, {""id"": ""25"", ""text"": ""We do not tolerate mobbing, including name-calling, intentional misgendering or deadnaming.\r\nWe do not tolerate violent nationalist propaganda, Nazi symbolism or promoting the ideology of National Socialism."", ""hint"": """"}, {""id"": ""26"", ""text"": ""We do not tolerate conspiracy narratives or other reactionary myths supporting or leading to the above-mentioned (and/or similar) behavior."", ""hint"": """"}, {""id"": ""27"", ""text"": ""Actions intended to damage this instance or its performance may lead to immediate account suspension."", ""hint"": """"}, {""id"": ""28"", ""text"": ""Content that is illegal in Germany will be deleted and may lead to immediate account suspension."", ""hint"": """"}, {""id"": ""29"", ""text"": ""We do not tolerate spam, fraud, or theft in our community. This includes excessive cross-posts, links, and posts related to crypto/NFT projects and AI art (AI art can be posted under certain conditions: the post must be published as \""unlisted,\"" labeled as AI Art, and should not be profit-oriented)."", ""hint"": """"}, {""id"": ""31"", ""text"": ""⚠️ We kindly ask you to attentively read the information under \""Registration\"" on our About Page in order to join our community. \r\n\r\n🔗 https://corteximplant.com/about"", ""hint"": ""⚠️ Describe what type of cyberpunk you are and why you would like to join this community.\r\n""}]",True,True
m.cmx.im,"[{""id"": ""27"", ""text"": ""【用户交流】禁止发布对性取向、性癖、爱好、信仰、宗教、政治立场、民族、地域等的侮辱性言论""}, {""id"": ""28"", ""text"": ""【用户交流】禁止对任何用户发送具有骚扰、猥亵、恐吓、威胁、诱骗、霸凌性质的内容、不受欢迎的性暗示内容，或其他令他人感到不安或不适、打扰他人正常生活的内容""}, {""id"": ""30"", ""text"": ""【用户交流】请不要发布种族主义、性别主义、同性恋恐惧以及跨性别恐惧言论""}, {""id"": ""31"", ""text"": ""【敏感内容】只要涉及成人内容，包括文字及媒体，均需使用恰当的CW标签及隐藏内容警告""}, {""id"": ""32"", ""text"": ""【敏感内容】请不要发布违反伦理及社会共识的成人内容，如由真实的儿童参与制作的色情内容""}, {""id"": ""33"", ""text"": ""【使用行为】禁止对其他用户实施任何人肉行为""}, {""id"": ""34"", ""text"": ""【使用行为】禁止使用包括但不限于任何形式的自动化程序等手段大量获取本站的数据""}, {""id"": ""35"", ""text"": ""【使用行为】机器人账户不得滥用服务器资源""}, {""id"": ""36"", ""text"": ""【使用行为】禁止冒用他人身份注册账号或发布冒用他人身份的嘟文""}, {""id"": ""37"", ""text"": ""【使用行为】禁止将本站服务用于正常交流以外的用途的滥用行为""}, {""id"": ""38"", ""text"": ""【使用行为】禁止散布计算机恶意程序""}, {""id"": ""39"", ""text"": ""【广告及推广】请不要推广虚假、诈骗、或违反本站服务条款的内容""}, {""id"": ""40"", ""text"": ""【广告及推广】请不要发布重复推广内容或重复刷屏""}, {""id"": ""41"", ""text"": ""【广告及推广】请不要发布与本站用户完全不相干的推广内容""}, {""id"": ""42"", ""text"": ""【知识产权】请不要发布盗版内容""}, {""id"": ""43"", ""text"": ""【知识产权】请不要在未经作者授权的情况下发布他人作品""}, {""id"": ""44"", ""text"": ""【新用户注册须知】\r\n1. 注册账户时请回答以下开放性问题，答案没有对错，请自由挥发作答；但若答非所问或漏项，注册将被拒绝：「请推荐一部你最喜欢的影视作品，并简要说明原因」 \r\n2. 请勿使用无法正常收到邮件的临时邮箱或虚假的邮箱地址注册本站，否则注册将被拒绝。\r\n3. 开设机器人账户需先与站长沟通。""}]",,"[{""id"": ""27"", ""text"": ""【用户交流】禁止发布对性取向、性癖、爱好、信仰、宗教、政治立场、民族、地域等的侮辱性言论""}, {""id"": ""28"", ""text"": ""【用户交流】禁止对任何用户发送具有骚扰、猥亵、恐吓、威胁、诱骗、霸凌性质的内容、不受欢迎的性暗示内容，或其他令他人感到不安或不适、打扰他人正常生活的内容""}, {""id"": ""30"", ""text"": ""【用户交流】请不要发布种族主义、性别主义、同性恋恐惧以及跨性别恐惧言论""}, {""id"": ""31"", ""text"": ""【敏感内容】只要涉及成人内容，包括文字及媒体，均需使用恰当的CW标签及隐藏内容警告""}, {""id"": ""32"", ""text"": ""【敏感内容】请不要发布违反伦理及社会共识的内容""}, {""id"": ""33"", ""text"": ""【使用行为】禁止对其他用户实施任何人肉行为""}, {""id"": ""34"", ""text"": ""【使用行为】禁止使用包括但不限于任何形式的自动化程序等手段大量获取本站的数据""}, {""id"": ""35"", ""text"": ""【使用行为】机器人账户不得滥用服务器资源""}, {""id"": ""36"", ""text"": ""【使用行为】禁止冒用他人身份注册账号或发布冒用他人身份的嘟文""}, {""id"": ""37"", ""text"": ""【使用行为】禁止将本站服务用于正常交流以外的用途的滥用行为""}, {""id"": ""38"", ""text"": ""【使用行为】禁止散布计算机恶意程序""}, {""id"": ""39"", ""text"": ""【广告及推广】请不要推广虚假、诈骗、或违反本站服务条款的内容""}, {""id"": ""40"", ""text"": ""【广告及推广】请不要发布重复推广内容或重复刷屏""}, {""id"": ""41"", ""text"": ""【广告及推广】请不要发布与本站用户完全不相干的推广内容""}, {""id"": ""42"", ""text"": ""【知识产权】请不要发布盗版内容""}, {""id"": ""43"", ""text"": ""【知识产权】请不要在未经作者授权的情况下发布他人作品""}, {""id"": ""45"", ""text"": ""【政治言论】请不要发布针对政体、政党、社团、国家的仇恨性言论。""}, {""id"": ""46"", ""text"": ""【政治言论】请不要鼓吹、鼓动极端思想。""}, {""id"": ""47"", ""text"": ""【政治言论】请不要对持不同政见，或者压根对该话题不感兴趣的用户发表侮辱性言论。""}, {""id"": ""48"", ""text"": ""【新用户注册须知】 1. 完整版实例规则请见 https://cmx-im.github.io/terms.html 2. 注册账户时请回答以下开放性问题，答案没有对错，请自由挥发作答；但若答非所问或漏项，注册将被拒绝：「请推荐一部你最喜欢的影视作品，并简要说明原因」 3. 请勿使用无法正常收到邮件的临时邮箱或虚假的邮箱地址注册本站，否则注册将被拒绝。 4. 开设机器人账户需先与站长沟通。""}, {""id"": ""49"", ""text"": ""我知悉违反任何服务器规则都可能导致删除个别嘟文，或隐藏/封禁整个账号，创建账号即表示我接受所有规则。""}]",True,True
social.hyuki.net,"[{""id"": ""3"", ""text"": ""いつも喜び、たえず祈り、すべてに感謝しましょう。""}]","[{""id"": ""3"", ""text"": ""いつも喜び、たえず祈り、すべてに感謝しましょう。""}]",,False,True
xoxo.zone,"[{""id"": ""3"", ""text"": ""No harassment. For a detailed definition, refer to the XOXO Code of Conduct at xoxofest.com/conduct."", ""hint"": """"}, {""id"": ""4"", ""text"": ""No hate speech, including but not limited to sexist, racist, homophobic, and transphobic posts."", ""hint"": """"}, {""id"": ""5"", ""text"": ""No illegal content or activity."", ""hint"": """"}, {""id"": ""6"", ""text"": ""Use content warnings for adult content, or posts that may be disturbing or triggering."", ""hint"": """"}, {""id"": ""7"", ""text"": ""No sharing personal information about others without their consent."", ""hint"": """"}, {""id"": ""8"", ""text"": ""No intentional sharing of false or misleading information."", ""hint"": """"}, {""id"": ""9"", ""text"": ""No spam. Self-promotion is welcome, sending mass unsolicited replies is not."", ""hint"": """"}]",,,True,True
famichiki.jp,"[{""id"": ""1"", ""text"": ""We unconditionally do not tolerate oppressive behaviour against anyone, regardless of race, colour, sex, sexual orientation, gender, language, religion, or other status. ""}, {""id"": ""2"", ""text"": ""NSFW content is OK. But be sure to use Content Warnings when posting such content.""}, {""id"": ""3"", ""text"": ""No excessive advertising. It's OK to promote what you're working on. Share cool stores you found and companies you work for or with. Do not shill MLM/NFT/Crypto.""}, {""id"": ""4"", ""text"": ""Be mindful with the amount of media that you upload. This is a community ran Mastodon, not Flickr. There's no hard limits, please use common sense.""}, {""id"": ""5"", ""text"": ""Bots are allowed, if they serve the community\r\n\r\nAllowed bots shouldn't flood the timeline with repetitive content. Lock your account or use https://botsin.space/ for high-frequency bots. Contact admins for help.""}, {""id"": ""6"", ""text"": ""No sexually suggestive avatars and header graphics are permitted. This includes, but is not limited to, anime-type graphics, photos, illustrations, and others.""}]","[{""id"": ""1"", ""text"": ""We unconditionally do not tolerate oppressive behaviour against anyone, regardless of race, colour, sex, sexual orientation, gender, language, religion, or other status. ""}, {""id"": ""2"", ""text"": ""NSFW content is OK. But be sure to use Content Warnings when posting such content.""}, {""id"": ""3"", ""text"": ""No excessive advertising. It's OK to promote what you're working on. Share cool stores you found and companies you work for or with. Do not shill MLM/NFT/Crypto.""}, {""id"": ""4"", ""text"": ""Be mindful with the amount of media that you upload. This is a community ran Mastodon, not Flickr. There's no hard limits, please use common sense.""}, {""id"": ""5"", ""text"": ""Bots are allowed, if they serve the community\r\n\r\nAllowed bots shouldn't flood the timeline with repetitive content. Lock your account or use https://botsin.space/ for high-frequency bots. Contact admins for help.""}, {""id"": ""6"", ""text"": ""No sexually suggestive avatars and header graphics are permitted. This includes, but is not limited to, anime-type graphics, photos, illustrations, and others.""}]",,False,True
hackaday.social,"[{""id"": ""1"", ""text"": ""Respect Others. Harassment of other users in any form will not be tolerated.""}, {""id"": ""2"", ""text"": ""Stay Work Safe. Sexual language and imagery is not appropriate for this server, and excessive foul language will get you muted or kicked.""}, {""id"": ""3"", ""text"": ""No Illegal Activity. We aren’t those kinds of hackers, so keep discussion on-topic.\r\n""}, {""id"": ""4"", ""text"": ""No Spam. Repeatedly posting the same messages and images is disruptive and annoying.""}, {""id"": ""5"", ""text"": ""No Ads. Personal projects are OK, but links to commercial products or paid services may be deleted.""}]","[{""id"": ""1"", ""text"": ""Respect Others. Harassment of other users in any form will not be tolerated.""}, {""id"": ""2"", ""text"": ""Stay Work Safe. Sexual language and imagery is not appropriate for this server, and excessive foul language will get you muted or kicked.""}, {""id"": ""3"", ""text"": ""No Illegal Activity. We aren’t those kinds of hackers, so keep discussion on-topic.\r\n""}, {""id"": ""4"", ""text"": ""No Spam. Repeatedly posting the same messages and images is disruptive and annoying.""}, {""id"": ""5"", ""text"": ""No Ads. Personal projects are OK, but links to commercial products or paid services may be deleted.""}]",,False,True
ostatus.taiyolab.com,"[{""id"": ""1"", ""text"": ""藤井太洋の管理するアカウントだけが登録できます""}]","[{""id"": ""1"", ""text"": ""藤井太洋の管理するアカウントだけが登録できます""}]",,False,True
disobey.net,"[{""id"": ""1"", ""text"": ""Don't be a jerk. Hate speech, discrimination, and harassment of any kind are not tolerated here.\r\n\r\n""}, {""id"": ""2"", ""text"": ""If you post adult content, please mark it as sensitive so that your followers can choose when to see it.""}, {""id"": ""3"", ""text"": ""No spam.""}, {""id"": ""4"", ""text"": ""Do not post anything which would violate the law in either your home jurisdiction, under United States law, or Washington State law.""}]","[{""id"": ""1"", ""text"": ""Don't be a jerk. Hate speech, discrimination, and harassment of any kind are not tolerated here.\r\n\r\n""}, {""id"": ""2"", ""text"": ""If you post adult content, please mark it as sensitive so that your followers can choose when to see it.""}, {""id"": ""3"", ""text"": ""No spam.""}, {""id"": ""4"", ""text"": ""Do not post anything which would violate the law in either your home jurisdiction, under United States law, or Washington State law.""}]",,False,True
scicomm.xyz,"[{""id"": ""1"", ""text"": ""Be civil, polite, and respectful in your posts and replies.""}, {""id"": ""3"", ""text"": ""Use the Content Warning (CW) feature for your posts. If you are not sure, do it anyway: treat it like a 'Subject' header for your message.""}, {""id"": ""7"", ""text"": ""Include an image description to all images. The description should describe the image.""}, {""id"": ""5"", ""text"": ""No language or imagery which is: spam or advertising, harassing, pornographic, violent, xenophobic, nationalistic, racist, sexist, homophobic, transphobic, ableist, or otherwise discriminatory.""}, {""id"": ""6"", ""text"": ""Please do not use bots. This instance is for humans only. There are many other instances that will let you develop and run bots.""}, {""id"": ""4"", ""text"": ""Avoid cross-posters wherever possible. If you do use a cross-poster then be sure to maintain regular healthy engagement with your account here directly.""}, {""id"": ""2"", ""text"": ""Read the full list of rules and acceptable behaviour and content standards. These are below. If you have any questions or spot any inconsistencies, please raise the issue with a moderator.\r\n""}, {""id"": ""8"", ""text"": ""Please do not use URL shortening services. Always include the full URL in your posts, copied from the address bar of your browser. All links count as 23 characters in your post regardless of their length, long or short.""}]",,"[{""id"": ""1"", ""text"": ""Be civil, polite, and respectful in your posts and replies.""}, {""id"": ""3"", ""text"": ""Use the Content Warning (CW) feature for your posts. If you are not sure, do it anyway: treat it like a 'Subject' header for your message.""}, {""id"": ""7"", ""text"": ""Include an image description to all images. The description should describe the image.""}, {""id"": ""5"", ""text"": ""No language or imagery which is: spam or advertising, harassing, pornographic, violent, xenophobic, nationalistic, racist, sexist, homophobic, transphobic, ableist, or otherwise discriminatory.""}, {""id"": ""6"", ""text"": ""Please do not use bots. This instance is for humans only. There are many other instances that will let you develop and run bots.""}, {""id"": ""4"", ""text"": ""Avoid cross-posters wherever possible. If you do use a cross-poster then be sure to maintain regular healthy engagement with your account here directly.""}, {""id"": ""2"", ""text"": ""Read the full list of rules and acceptable behaviour and content standards. These are below. If you have any questions or spot any inconsistencies, please raise the issue with a moderator.\r\n""}, {""id"": ""8"", ""text"": ""Please do not use URL shortening services. Always include the full URL in your posts, copied from the address bar of your browser. All links count as 23 characters in your post regardless of their length, long or short.""}]",True,True
historians.social,"[{""id"": ""1"", ""text"": ""Be respectful.""}, {""id"": ""2"", ""text"": ""No hate.""}, {""id"": ""3"", ""text"": ""No harassment.""}, {""id"": ""4"", ""text"": ""No content that is illegal in Germany and/or France, such as Holocaust denial or Nazi symbolism""}, {""id"": ""5"", ""text"": ""No disinformation.""}, {""id"": ""6"", ""text"": ""No fascism.""}, {""id"": ""7"", ""text"": ""No violence.""}, {""id"": ""8"", ""text"": ""No white supremacy.""}, {""id"": ""9"", ""text"": ""No Spam.""}, {""id"": ""10"", ""text"": ""No racism.""}, {""id"": ""11"", ""text"": ""No homophobia.""}, {""id"": ""12"", ""text"": ""No transphobia.""}, {""id"": ""13"", ""text"": ""No conspiracy theories unless in historical context.""}, {""id"": ""14"", ""text"": ""Safe Space: LGTBQIA+""}, {""id"": ""15"", ""text"": ""Safe Space: neurodivergent (ADHD, Aspie, Autism, etc)""}, {""id"": ""16"", ""text"": ""No hacking.""}, {""id"": ""17"", ""text"": ""No pornography.""}, {""id"": ""18"", ""text"": ""No impersonation accounts unless linked to an actual person visible to site admin.""}]",,,True,True
ohai.social,"[{""id"": ""1"", ""text"": ""We do not tolerate discriminatory behavior and content promoting or advocating the oppression of members of marginalized groups."", ""hint"": """", ""translations"": {}}, {""id"": ""8"", ""text"": ""We do not tolerate threatening behavior, stalking, doxxing, or harassment (including brigading, dogpiling, or any other form of contact with a user who has stated that they do not wish to be contacted)."", ""hint"": """", ""translations"": {}}, {""id"": ""11"", ""text"": ""We do not tolerate violent nationalist propaganda, Nazi symbolism or promoting the ideology of National Socialism."", ""hint"": """", ""translations"": {}}, {""id"": ""12"", ""text"": ""We do not tolerate conspiracy narratives or other reactionary myths supporting or leading to the above-mentioned (and/or similar) behavior."", ""hint"": """", ""translations"": {}}, {""id"": ""15"", ""text"": ""All explicit (NSFW) content must be marked as sensitive and have a content warning. Explicit content must not be used in user avatars or header images."", ""hint"": """", ""translations"": {}}, {""id"": ""16"", ""text"": ""Content that is illegal in Germany will be deleted and may lead to immediate account suspension."", ""hint"": """", ""translations"": {}}]","[{""id"": ""1"", ""text"": ""We do not tolerate discriminatory behavior and content promoting or advocating the oppression of members of marginalized groups."", ""hint"": """", ""translations"": {}}, {""id"": ""8"", ""text"": ""We do not tolerate threatening behavior, stalking, doxxing, or harassment (including brigading, dogpiling, or any other form of contact with a user who has stated that they do not wish to be contacted)."", ""hint"": """", ""translations"": {}}, {""id"": ""11"", ""text"": ""We do not tolerate violent nationalist propaganda, Nazi symbolism or promoting the ideology of National Socialism."", ""hint"": """", ""translations"": {}}, {""id"": ""12"", ""text"": ""We do not tolerate conspiracy narratives or other reactionary myths supporting or leading to the above-mentioned (and/or similar) behavior."", ""hint"": """", ""translations"": {}}, {""id"": ""15"", ""text"": ""All explicit (NSFW) content must be marked as sensitive and have a content warning. Explicit content must not be used in user avatars or header images."", ""hint"": """", ""translations"": {}}, {""id"": ""16"", ""text"": ""Content that is illegal in Germany will be deleted and may lead to immediate account suspension."", ""hint"": """", ""translations"": {}}]",,False,True
vis.social,"[{""id"": ""1"", ""text"": ""A social space for anyone in SciArt, SciComm, data, visualization, creative coding, and related arts and research. Share your work, discuss, critique, and ask for help! ""}, {""id"": ""2"", ""text"": ""English is the common language of the instance. Other languages are welcome, but please be kind and post English translations so that we can all read your posts.""}, {""id"": ""4"", ""text"": ""INCLUSION :  We want everyone to feel welcome, safe, and respected. This is a free service. Please be welcoming and kind to everyone, especially when you have a difference of opinion. Then, be  *extra* kind. :-)""}, {""id"": ""6"", ""text"": ""NFTs: We know many people involved in computational art sell NFTs. However, on vis.social we’ve made the decision that we don’t want to be involved in NFTs. So we’d love to see your art, but we ask that you don’t post your NFTs here.""}]",,,True,True
kind.social,"[{""id"": ""2"", ""text"": ""Don't be an asshole, and don't post anything illegal. Those concepts guide most other rules & moderation.""}, {""id"": ""3"", ""text"": ""No racism, sexism, homophobia, transphobia, discrimination, ableism, harassment, disinfo, conspiracists, trolls, etc. Please, also report this whenever seen.""}, {""id"": ""4"", ""text"": ""Content Warnings & Sensitive Media labels are required for depictions of nudity, bloodshed, or extreme harm (NSFW.)\r\nCWs, Alt Text, & PascalCase hashtags are encouraged to improve everyone's experiences, especially disabled users. However, policing or bullying people to use them is unacceptable.""}, {""id"": ""6"", ""text"": ""No big corporate advertising, spam, or accounts.\r\nNo crypto advertising, spam, or accounts.\r\nNo \""AI\"" advertising, spam, or accounts.\r\nHowever, small businesses & independent creators, along with their self-promotion, are welcomed and encouraged.""}, {""id"": ""8"", ""text"": ""Automated & Bot accounts must be labeled as such. If the account will be regularly posting more than 3 times a day, posts should be set as Unlisted by default to prevent clogging up the Local timeline.""}, {""id"": ""9"", ""text"": ""Check out the admin's Pinned Posts for user info like: how to migrate servers, app suggestions, Mastodon norms, & more. The admin's profile can be found at https://kind.social/@Texan_Reverend\r\nIf you have questions or want help configuring your account & app, Texan_Reverend is only an @ away.""}]",,"[{""id"": ""2"", ""text"": ""Don't be an asshole, and don't post anything illegal. Those concepts guide most other rules & moderation.""}, {""id"": ""3"", ""text"": ""No racism, sexism, homophobia, transphobia, discrimination, ableism, harassment, disinfo, conspiracists, trolls, etc. Please, also report this whenever seen.""}, {""id"": ""4"", ""text"": ""Content Warnings & Sensitive Media labels are required for depictions of nudity, bloodshed, or extreme harm (NSFW.)\r\nCWs, Alt Text, & PascalCase hashtags are encouraged to improve everyone's experiences, especially disabled users. However, policing or bullying people to use them is unacceptable.""}, {""id"": ""6"", ""text"": ""No big corporate advertising, spam, or accounts.\r\nNo crypto advertising, spam, or accounts.\r\nNo \""AI\"" advertising, spam, or accounts.\r\nHowever, small businesses & independent creators, along with their self-promotion, are welcomed and encouraged.""}, {""id"": ""8"", ""text"": ""Automated & Bot accounts must be labeled as such. If the account will be regularly posting more than 3 times a day, posts should be set as Unlisted by default to prevent clogging up the Local timeline.""}, {""id"": ""9"", ""text"": ""Check out the admin's Pinned Posts for user info like: how to migrate servers, app suggestions, Mastodon norms, & more. The admin's profile can be found at https://kind.social/@Texan_Reverend\r\nIf you have questions or want help configuring your account & app, Texan_Reverend is only an @ away.""}]",True,True
sajin.life,"[{""id"": ""1"", ""text"": ""타인을 모욕, 괴롭힘, 사칭 명예 훼손등의 목적으로 계정을 생성하거나 컨텐츠를 업로드 하지 마세요.""}, {""id"": ""2"", ""text"": ""다른 사람이 불쾌감을 느낄 수 있는 컨텐츠는 NSFW 표시로 가려주세요.""}, {""id"": ""3"", ""text"": ""인종, 성정체성, 장애, 지역 및 국적등을 이유로 다른 사람을 차별하는 행위를 금지합니다.""}, {""id"": ""4"", ""text"": ""과도한 욕설 혹은 높은 수위의 게시글은 NSFW를 적용하고 공개 범위를 변경해주세요.""}, {""id"": ""5"", ""text"": ""타인의 명시적인 동의 없이 개인 정보를 게시하거나 공유하지 마세요.""}, {""id"": ""6"", ""text"": ""스팸 행위 및 이를 위한 계정 생성을 금지합니다.""}, {""id"": ""7"", ""text"": ""위의 규칙들을 악용하여 서버 이용을 방해하는 행위를 금지합니다.""}]","[{""id"": ""1"", ""text"": ""타인을 모욕, 괴롭힘, 사칭 명예 훼손등의 목적으로 계정을 생성하거나 컨텐츠를 업로드 하지 마세요.""}, {""id"": ""2"", ""text"": ""다른 사람이 불쾌감을 느낄 수 있는 컨텐츠는 NSFW 표시로 가려주세요.""}, {""id"": ""3"", ""text"": ""인종, 성정체성, 장애, 지역 및 국적등을 이유로 다른 사람을 차별하는 행위를 금지합니다.""}, {""id"": ""4"", ""text"": ""과도한 욕설 혹은 높은 수위의 게시글은 NSFW를 적용하고 공개 범위를 변경해주세요.""}, {""id"": ""5"", ""text"": ""타인의 명시적인 동의 없이 개인 정보를 게시하거나 공유하지 마세요.""}, {""id"": ""6"", ""text"": ""스팸 행위 및 이를 위한 계정 생성을 금지합니다.""}, {""id"": ""7"", ""text"": ""위의 규칙들을 악용하여 서버 이용을 방해하는 행위를 금지합니다.""}]",,False,True
layer8.space,"[{""id"": ""2"", ""text"": ""Don't be a dick""}, {""id"": ""3"", ""text"": ""Sexually explicit or violent media must be marked as sensitive when posting""}, {""id"": ""4"", ""text"": ""No incitement of violence or promotion of violent ideologies""}, {""id"": ""5"", ""text"": ""No harassment, dogpiling or doxxing of other users""}, {""id"": ""6"", ""text"": ""No content illegal in Germany""}, {""id"": ""7"", ""text"": ""Do not share false or misleading information that may lead to physical harm""}, {""id"": ""8"", ""text"": ""No racism, sexism, homophobia, transphobia, xenophobia, or casteism""}]",,,True,True
mastodon.nz,"[{""id"": ""16"", ""text"": ""In order to register here, you must be at least 13 years of age.""}, {""id"": ""17"", ""text"": ""You MUST describe your link to NZ as part of your reason for wanting to join on the next page. Applications without this will be declined. You must be a kiwi or honorary kiwi, at home or abroad, to join Mastodon.nz.""}, {""id"": ""18"", ""text"": ""You may only have one account on Mastodon.nz.""}, {""id"": ""19"", ""text"": ""Personal accounts only. We do not allow bots, commercial, business, organisation or purely promotional accounts.""}, {""id"": ""20"", ""text"": ""Automated cross-posting from other services such as twitter is considered to be a bot and is not allowed. If you have a blog or something and you want feed that through, this is generally fine.""}, {""id"": ""21"", ""text"": ""No spamming. The occasional mention of your shop, fundraiser etc. is fine. It's hard to give a defined daily limit of what constitutes spam. Personal or professional (i.e. Mutual Aid/Kickstarters) fundraisers must be clearly tagged as such.""}, {""id"": ""22"", ""text"": ""Content Warnings are mandatory on posts containing gore, violence, and “hot button” political or news takes, including accompanying images and links.""}, {""id"": ""23"", ""text"": ""No impersonation of others. We may consider obvious parody accounts, but they must be agreed with @theadmin in advance.""}, {""id"": ""24"", ""text"": ""No hate speech, racism, sexism, ableism, homophobia or transphobia.""}, {""id"": ""25"", ""text"": ""No illegal content, gore or violence for the sake of it, incitement of violence or promotion of violent ideologies or conspiracy theories.""}, {""id"": ""26"", ""text"": ""No NSFW content. A bit of casual swearing is fine, but don't be derogatory or aggressive to other users (see rule 12).""}, {""id"": ""27"", ""text"": ""Be kind. No abuse or harassment will be tolerated. ""}, {""id"": ""28"", ""text"": ""No doxxing other users.""}, {""id"": ""29"", ""text"": ""Content hosted on Mastodon.nz or produced by its users may not be reused outside of the fediverse without the express permission of the author(s).""}, {""id"": ""30"", ""text"": ""Mastodon.NZ complies with copyright laws. We expect you to as well. Your content must be your own or acceptable use.""}, {""id"": ""32"", ""text"": ""Image descriptions: It is expected that users will add image descriptions to their uploads for\r\nour visually impaired users. Unless there is a reason you can not, you must do so.""}, {""id"": ""33"", ""text"": ""Expanded rule list with examples can be found @ https://mastodon.nz/rules.pdf""}]","[{""id"": ""16"", ""text"": ""In order to register here, you must be at least 13 years of age.""}, {""id"": ""17"", ""text"": ""You MUST describe your link to NZ as part of your reason for wanting to join on the next page. Applications without this will be declined. You must be a kiwi or honorary kiwi, at home or abroad, to join Mastodon.nz.""}, {""id"": ""18"", ""text"": ""You may only have one account on Mastodon.nz.""}, {""id"": ""19"", ""text"": ""Personal accounts only. We do not allow bots, commercial, business, organisation or purely promotional accounts.""}, {""id"": ""20"", ""text"": ""Automated cross-posting from other services such as twitter is considered to be a bot and is not allowed. If you have a blog or something and you want feed that through, this is generally fine.""}, {""id"": ""21"", ""text"": ""No spamming. The occasional mention of your shop, fundraiser etc. is fine. It's hard to give a defined daily limit of what constitutes spam. Personal or professional (i.e. Mutual Aid/Kickstarters) fundraisers must be clearly tagged as such.""}, {""id"": ""22"", ""text"": ""Content Warnings are mandatory on posts containing gore, violence, and “hot button” political or news takes, including accompanying images and links.""}, {""id"": ""23"", ""text"": ""No impersonation of others. We may consider obvious parody accounts, but they must be agreed with @theadmin in advance.""}, {""id"": ""24"", ""text"": ""No hate speech, racism, sexism, ableism, homophobia or transphobia.""}, {""id"": ""25"", ""text"": ""No illegal content, gore or violence for the sake of it, incitement of violence or promotion of violent ideologies or conspiracy theories.""}, {""id"": ""26"", ""text"": ""No NSFW content. A bit of casual swearing is fine, but don't be derogatory or aggressive to other users (see rule 12).""}, {""id"": ""27"", ""text"": ""Be kind. No abuse or harassment will be tolerated. ""}, {""id"": ""28"", ""text"": ""No doxxing other users.""}, {""id"": ""29"", ""text"": ""Content hosted on Mastodon.nz or produced by its users may not be reused outside of the fediverse without the express permission of the author(s).""}, {""id"": ""30"", ""text"": ""Mastodon.NZ complies with copyright laws. We expect you to as well. Your content must be your own or acceptable use.""}, {""id"": ""32"", ""text"": ""Image descriptions: It is expected that users will add image descriptions to their uploads for\r\nour visually impaired users. Unless there is a reason you can not, you must do so.""}, {""id"": ""33"", ""text"": ""Expanded rule list with examples can be found @ https://mastodon.nz/rules.pdf""}]","[{""id"": ""16"", ""text"": ""You must read the rules.""}, {""id"": ""17"", ""text"": ""You MUST describe your link to NZ as part of your reason for wanting to join on the next page. Applications without this will be declined. You must be a kiwi or honorary kiwi, at home or abroad, to join Mastodon.nz.""}, {""id"": ""18"", ""text"": ""You may only have one account on Mastodon.nz and be at least 13 years of age.""}, {""id"": ""19"", ""text"": ""Personal accounts only. We do not allow bots, commercial, business, organisation or purely promotional accounts.""}, {""id"": ""20"", ""text"": ""Automated cross-posting from other services such as twitter is considered to be a bot and is not allowed. If you have a blog or something and you want feed that through, this is generally fine.""}, {""id"": ""21"", ""text"": ""No spamming. The occasional mention of your shop, fundraiser etc. is fine. It's hard to give a defined daily limit of what constitutes spam. Personal or professional (i.e. Mutual Aid/Kickstarters) fundraisers must be clearly tagged as such.""}, {""id"": ""22"", ""text"": ""Content Warnings are mandatory on posts containing gore and/or violence. Posts about politics must be tagged one or more of #nzpol, #tōrangapū, #pol, and/or #politics, and optionally may be content warned.""}, {""id"": ""23"", ""text"": ""No impersonation of others. We may consider obvious parody accounts, but they must be agreed with @theMods in advance.""}, {""id"": ""24"", ""text"": ""No hate speech, racism, sexism, ableism, homophobia or transphobia.""}, {""id"": ""25"", ""text"": ""No illegal content, gore or violence for the sake of it, incitement of violence or promotion of violent ideologies or conspiracy theories.""}, {""id"": ""26"", ""text"": ""No NSFW content. A bit of casual swearing is fine, but don't be derogatory or aggressive to other users (see rule 12).""}, {""id"": ""27"", ""text"": ""Be kind. No abuse or harassment will be tolerated. ""}, {""id"": ""28"", ""text"": ""No doxxing other users.""}, {""id"": ""29"", ""text"": ""Content hosted on Mastodon.nz or produced by its users may not be reused outside of the fediverse without the express permission of the author(s).""}, {""id"": ""30"", ""text"": ""Mastodon.nz complies with copyright laws. We expect you to as well. Your content must be your own or acceptable use.""}, {""id"": ""32"", ""text"": ""Image descriptions: It is expected that users will add image descriptions to their uploads for\r\nour visually impaired users. Unless there is a reason you can not, you must do so.""}, {""id"": ""33"", ""text"": ""Copy of rules with more detailed guidance can be found at https://mastodon.nz/rules.pdf""}]",False,True
social.growyourown.services,"[{""id"": ""1"", ""text"": ""No racist, sexist, anti-LGBTQIA, ableist or other bigoted content""}, {""id"": ""2"", ""text"": ""No illegal content or links to illegal content""}, {""id"": ""3"", ""text"": ""No harassment, no bullying, no intimidation""}, {""id"": ""4"", ""text"": ""No incitement to violence or threats of violence""}, {""id"": ""5"", ""text"": ""No spam, advertising, sexually explicit or violent contents""}]","[{""id"": ""1"", ""text"": ""No racist, sexist, anti-LGBTQIA, ableist or other bigoted content""}, {""id"": ""2"", ""text"": ""No illegal content or links to illegal content""}, {""id"": ""3"", ""text"": ""No harassment, no bullying, no intimidation""}, {""id"": ""4"", ""text"": ""No incitement to violence or threats of violence""}, {""id"": ""5"", ""text"": ""No spam, advertising, sexually explicit or violent contents""}]",,False,True
definitely.social,"[{""id"": ""3"", ""text"": ""Don't be a dick.""}, {""id"": ""4"", ""text"": ""No violence or threats of violence.""}, {""id"": ""5"", ""text"": ""No white supremacy.""}, {""id"": ""6"", ""text"": ""No racism.""}, {""id"": ""7"", ""text"": ""No homophobia.""}, {""id"": ""8"", ""text"": ""No transphobia.""}, {""id"": ""9"", ""text"": ""No fascism.""}, {""id"": ""10"", ""text"": ""No spam.""}]","[{""id"": ""3"", ""text"": ""Don't be a dick.""}, {""id"": ""4"", ""text"": ""No violence or threats of violence.""}, {""id"": ""5"", ""text"": ""No white supremacy.""}, {""id"": ""6"", ""text"": ""No racism.""}, {""id"": ""7"", ""text"": ""No homophobia.""}, {""id"": ""8"", ""text"": ""No transphobia.""}, {""id"": ""9"", ""text"": ""No fascism.""}, {""id"": ""10"", ""text"": ""No spam.""}]",,False,True
nitecrew.rip,"[{""id"": ""2"", ""text"": ""Don't be a shithead""}, {""id"": ""4"", ""text"": ""CW required on truly disturbing content. Things like nudity/sexual content, gore/blood, and imagery or discussions that could get someone in trouble if opened in mixed company. EC and food are optional. ""}, {""id"": ""5"", ""text"": ""Don't touch the poop. It'll eventually touch back.""}, {""id"": ""6"", ""text"": ""No shoes. Take 'em off at the door, don't track your filth onto my clean floors.""}, {""id"": ""7"", ""text"": ""Don't fix your typos. Full sends only.""}, {""id"": ""8"", ""text"": ""Give Skelly your bones. EXCEPT squirrel bones.""}, {""id"": ""9"", ""text"": ""NO AHEGAO. not allowed.""}, {""id"": ""11"", ""text"": ""You cannot be racist against white people. It doesn't work that way.""}, {""id"": ""12"", ""text"": ""UH OH COMMUNISM""}]","[{""id"": ""2"", ""text"": ""Don't be a shithead""}, {""id"": ""4"", ""text"": ""CW required on truly disturbing content. Things like nudity/sexual content, gore/blood, and imagery or discussions that could get someone in trouble if opened in mixed company. EC and food are optional. ""}, {""id"": ""5"", ""text"": ""Don't touch the poop. It'll eventually touch back.""}, {""id"": ""6"", ""text"": ""No shoes. Take 'em off at the door, don't track your filth onto my clean floors.""}, {""id"": ""7"", ""text"": ""Don't fix your typos. Full sends only.""}, {""id"": ""8"", ""text"": ""Give Skelly your bones. EXCEPT squirrel bones.""}, {""id"": ""9"", ""text"": ""NO AHEGAO. not allowed.""}, {""id"": ""11"", ""text"": ""You cannot be racist against white people. It doesn't work that way.""}, {""id"": ""12"", ""text"": ""UH OH COMMUNISM""}]",,False,True
