instance,rule_preelon,GPT category preelon,rule_postelon2023,GPT category postelon2023,rule_postelon2024,GPT category postelon2024
101010.pl,"['101010.pl jest instancją udostępnioną dla wszystkich dążących do swobodnego przepływu wiadomości, wiedzy, opinii, sztuki i żartów. Nasz serwer i społeczność są do Twojej dyspozycji. Czytaj, pisz, uczestnicz i rozwijaj się wraz z nami. Jako serwer krajowy preferujemy język polski, lub angielski.', 'Administracja 101010.pl zachowuje neutralność światopoglądową i promuje wolność słowa. Wierzymy, że sieć jest miejscem dialogu pozwalającym na wymianę różnorodnych poglądów.', 'Masz prawo do własnego zdania. Możesz mieć lewicowe, prawicowe albo centrowe poglądy polityczne. Możesz wyznawać dowolną wiarę, albo być ateistą. Możesz reprezentować dowolną orientację seksualną.', 'Twoje prawo do wolności to jednocześnie obowiązek. Szanuj innych, jako ludzi, nawet jeśli nie podzielasz i nie szanujesz ich poglądów. Nie agituj nachalnie, dyskutuj korzystając z argumentów i uznając prawo innych do posiadania własnego zdania.', 'Szanuj prawo do prywatności. Pamiętaj, że nie każdy musi się z Tobą zgadzać, możesz spotkać się z krytyką. Krytyka nie jest tożsama z nietolerancją. Na tym polega wolność.', 'Nie zostaniesz zbanowany za poglądy, ale musisz stosować się do kilku zawartych tutaj zasad. Nie bądź agresywny, nie obrażaj innych i nie groź im. Erotykę i inne treści przeznaczone dla dorosłych wstawiaj, jako treść ukrytą (przycisk CW).', 'Powstrzymaj się od agresywnej reklamy (produktów, polityków, ideologii i czegokolwiek innego). Publikuj wyłącznie treści legalne i przestrzegaj prawa (w tym prawa lokalizacji serwera, czyli polskiego). Łamiąc prawo wyrażasz zgodę na wzięcie na siebie za to pełnej odpowiedzialności.']","{'Not Applicable': 3, 'A: Harassment, Hate Speech': 1, 'Doxxing/Personal Info, Harassment': 1, 'Hate Speech, Harassment, NSFW, Content Warnings': 1, 'Advertising & Commercialization, Illegal Content': 1}","['101010.pl jest instancją udostępnioną dla wszystkich dążących do swobodnego przepływu wiadomości, wiedzy, opinii, sztuki i żartów. Nasz serwer i społeczność są do Twojej dyspozycji. Czytaj, pisz, uczestnicz i rozwijaj się wraz z nami. Jako serwer krajowy preferujemy język polski, lub angielski.', 'Administracja 101010.pl zachowuje neutralność światopoglądową i promuje wolność słowa. Wierzymy, że sieć jest miejscem dialogu pozwalającym na wymianę różnorodnych poglądów.', 'Masz prawo do własnego zdania. Możesz mieć lewicowe, prawicowe albo centrowe poglądy polityczne. Możesz wyznawać dowolną wiarę, albo być ateistą. Możesz reprezentować dowolną orientację seksualną.', 'Twoje prawo do wolności to jednocześnie obowiązek. Szanuj innych, jako ludzi, nawet jeśli nie podzielasz i nie szanujesz ich poglądów. Nie agituj nachalnie, dyskutuj korzystając z argumentów i uznając prawo innych do posiadania własnego zdania.', 'Szanuj prawo do prywatności. Pamiętaj, że nie każdy musi się z Tobą zgadzać, możesz spotkać się z krytyką. Krytyka nie jest tożsama z nietolerancją. Na tym polega wolność.', 'Nie zostaniesz zbanowany za poglądy, ale musisz stosować się do kilku zawartych tutaj zasad. Nie bądź agresywny, nie obrażaj innych i nie groź im. Erotykę i inne treści przeznaczone dla dorosłych wstawiaj, jako treść ukrytą (przycisk CW).', 'Powstrzymaj się od agresywnej reklamy (produktów, polityków, ideologii i czegokolwiek innego). Publikuj wyłącznie treści legalne i przestrzegaj prawa (w tym prawa lokalizacji serwera, czyli polskiego). Łamiąc prawo wyrażasz zgodę na wzięcie na siebie za to pełnej odpowiedzialności.']","{'Not Applicable': 4, 'Doxxing/Personal Info, Harassment': 1, 'Hate Speech, Harassment, NSFW, Content Warnings': 1, 'Advertising & Commercialization, Illegal Content': 1}","['101010.pl jest instancją udostępnioną dla wszystkich dążących do swobodnego przepływu wiadomości, wiedzy, opinii, sztuki i żartów. Nasz serwer i społeczność są do Twojej dyspozycji. Czytaj, pisz, uczestnicz i rozwijaj się wraz z nami. Jako serwer krajowy preferujemy język polski, lub angielski.', 'Administracja 101010.pl zachowuje neutralność światopoglądową i promuje wolność słowa. Wierzymy, że sieć jest miejscem dialogu pozwalającym na wymianę różnorodnych poglądów.', 'Masz prawo do własnego zdania. Możesz mieć lewicowe, prawicowe albo centrowe poglądy polityczne. Możesz wyznawać dowolną wiarę, albo być ateistą. Możesz reprezentować dowolną orientację seksualną.', 'Twoje prawo do wolności to jednocześnie obowiązek. Szanuj innych, jako ludzi, nawet jeśli nie podzielasz i nie szanujesz ich poglądów. Nie agituj nachalnie, dyskutuj korzystając z argumentów i uznając prawo innych do posiadania własnego zdania.', 'Szanuj prawo do prywatności. Pamiętaj, że nie każdy musi się z Tobą zgadzać, możesz spotkać się z krytyką. Krytyka nie jest tożsama z nietolerancją. Na tym polega wolność.', 'Nie zostaniesz zbanowany za poglądy, ale musisz stosować się do kilku zawartych tutaj zasad. Nie bądź agresywny, nie obrażaj innych i nie groź im. Erotykę i inne treści przeznaczone dla dorosłych wstawiaj, jako treść ukrytą (przycisk CW).', 'Powstrzymaj się od agresywnej reklamy (produktów, polityków, ideologii i czegokolwiek innego). Publikuj wyłącznie treści legalne i przestrzegaj prawa (w tym prawa lokalizacji serwera, czyli polskiego). Łamiąc prawo wyrażasz zgodę na wzięcie na siebie za to pełnej odpowiedzialności.']","{'Not Applicable': 3, 'A: Harassment, Hate Speech': 1, 'Doxxing/Personal Info, Harassment': 1, 'Hate Speech, Harassment, NSFW, Content Warnings': 1, 'Advertising & Commercialization, Illegal Content': 1}"
184.im,[nan],{'A: Not Applicable': 1},[nan],{'A: Not Applicable': 1},[nan],{'Not Applicable': 1}
akademienl.social,"['No racism, sexism, homophobia, transphobia, xenophobia, able-ism, etc.', 'No incitement of violence, promotion of violent ideologies or violent behaviour of any manner.', 'No doxxing, dogpiling or harassment in any form of other users.', 'No spam, bots or advertisements.', 'No media and content which is sexual or violent in nature.', 'No harmful, manipulated, or misleading information (e.g., regarding elections, public health)', 'In order to be able to moderate this server, posts need to either be written in Dutch or English.']","{'Hate Speech': 1, 'Incitement of Violence': 1, 'Doxxing/Personal Info, Harassment, Dogpiling': 1, 'Spam, Advertising & Commercialization, Automated tools': 1, 'NSFW, Images': 1, 'Mis/Disinformation/Conspiracy': 1, 'Off-topic/topic specific': 1}","['No racism, sexism, homophobia, transphobia, xenophobia, able-ism, etc.', 'No incitement of violence, promotion of violent ideologies or violent behaviour of any manner.', 'No doxxing, dogpiling or harassment in any form of other users.', 'No spam, bots or advertisements.', 'No media and content which is sexual or violent in nature.', 'No harmful, manipulated, or misleading information (e.g., regarding elections, public health)', 'In order to be able to moderate this server, posts need to either be written in Dutch or English.']","{'Hate Speech': 1, 'Incitement of Violence': 1, 'Doxxing/Personal Info, Harassment, Dogpiling': 1, 'Spam, Automated tools, Advertising & Commercialization': 1, 'NSFW, Images': 1, 'Mis/Disinformation/Conspiracy': 1, 'Off-topic/topic specific': 1}",[nan],{'A: Not Applicable': 1}
antisocial.existentialdread.com,"['No. If you have to ask, then the answer is No.']",{'Not Applicable': 1},[nan],{'Not Applicable': 1},"['No. If you have to ask, then the answer is No.']",{'Not Applicable': 1}
appellate.social,"['To preserve a friendly space, and to preserve our links with other federated servers, people here will be expected to follow basic rules. Those include:', 'No harassment, dogpiling or doxxing of other users', 'Sexually explicit or violent media must be marked as sensitive when posting', 'No racism, sexism, homophobia, transphobia, xenophobia, or casteism', 'No incitement of violence or promotion of violent ideologies', 'Do not share intentionally false or misleading information']","{'A: Not Applicable': 1, 'Doxxing/Personal Info, Harassment, Dogpiling': 1, 'Images': 1, 'Hate Speech': 1, 'Incitement of Violence': 1, 'Mis/Disinformation/Conspiracy': 1}","['To preserve a friendly space, and to preserve our links with other federated servers, people here will be expected to follow basic rules. Those include:', 'No harassment, dogpiling or doxxing of other users', 'Sexually explicit or violent media must be marked as sensitive when posting', 'No racism, sexism, homophobia, transphobia, xenophobia, or casteism', 'No incitement of violence or promotion of violent ideologies', 'Do not share intentionally false or misleading information']","{'A: Not Applicable': 1, 'Doxxing/Personal Info, Harassment, Dogpiling': 1, 'Images': 1, 'Hate Speech': 1, 'Incitement of Violence': 1, 'Mis/Disinformation/Conspiracy': 1}",[nan],{'A: Not Applicable': 1}
astrodon.social,"['No hate speech, sexism, ableism, homophobia, transphobia, discrimination, or harassment of any kind.', ""No advertising or spam content. It's okay to promote yourself (especially your work and publications!), but not paid products or services."", 'Be respectful and treat others the way you want to be treated. Disagreement and collegiate discussion is acceptable, and rational debate is to be encouraged. Rudeness, insults, exclusion of others, dogpiling, and other anti-social behaviour is not.', 'No impersonation of others, or false representation of yourself, your credentials, or institutional affiliations.', 'Public images and media must be annotated. Where the material is not yours, source attribution must be provided, preferably with a link to the original.', 'No shortened links, e.g. bit.ly, t.ly, goo.gl, ift.tt, lnkd.in, is.gd or t.co (These are malicious because link-shorteners track users without their consent and obscure the destination address, which also prevents users from being able to decide whether they want to visit the link beforehand)', 'Use content warnings to help keep this a stress-free community. Consider marking off-topic content as sensitive to allow other community members to engage with it or not. Triggering content (see below) must be marked as sensitive.']","{'Hate Speech, Harassment': 1, 'Advertising & Commercialization, Spam': 1, 'Harassment, Dogpiling': 1, 'Impersonation': 1, 'Images, Links & Outside Content': 1, 'Links & Outside Content': 1, 'Content Warnings, Off-topic/topic specific': 1}","['No hate speech, sexism, ableism, homophobia, transphobia, discrimination, or harassment of any kind.', ""No advertising or spam content. It's okay to promote yourself (especially your work and publications!), but not paid products or services."", 'Be respectful and treat others the way you want to be treated. Disagreement and collegiate discussion is acceptable, and rational debate is to be encouraged. Rudeness, insults, exclusion of others, dogpiling, and other anti-social behaviour is not.', 'No impersonation of others, or false representation of yourself, your credentials, or institutional affiliations.', 'Public images and media must be annotated. Where the material is not yours, source attribution must be provided, preferably with a link to the original.', 'No shortened links, e.g. bit.ly, t.ly, goo.gl, ift.tt, lnkd.in, is.gd or t.co (These are malicious because link-shorteners track users without their consent and obscure the destination address, which also prevents users from being able to decide whether they want to visit the link beforehand)', 'Use content warnings to help keep this a stress-free community. Consider marking off-topic content as sensitive to allow other community members to engage with it or not. Triggering content (see below) must be marked as sensitive.']","{'Hate Speech, Harassment': 1, 'Advertising & Commercialization, Spam': 1, 'Harassment, Dogpiling': 1, 'Impersonation': 1, 'Images, Links & Outside Content': 1, 'Links & Outside Content': 1, 'Content Warnings, Off-topic/topic specific': 1}","['No hate speech, sexism, ableism, homophobia, transphobia, discrimination, or harassment of any kind.', 'Be respectful and treat others the way you want to be treated. Disagreement and collegiate discussion is acceptable, and rational debate is to be encouraged. Rudeness, insults, exclusion of others, dogpiling, and other anti-social behaviour is not.', ""No advertising or spam content. It's okay to promote yourself (especially your work and publications!), but not paid products or services."", 'Public images and media must be annotated. Where the material is not yours, source attribution must be provided, preferably with a link to the original.', 'No impersonation of others, or false representation of yourself, your credentials, or institutional affiliations.', 'No shortened links, e.g. bit.ly, t.ly, goo.gl, ift.tt, lnkd.in, is.gd or t.co (These are malicious because link-shorteners track users without their consent and obscure the destination address, which also prevents users from being able to decide whether they want to visit the link beforehand)', 'Use content warnings to help keep this a stress-free community. You are expected to mark off-topic content with a descriptive CW to allow other community members to engage with it or not. Stressful or triggering content (see community guidelines) must be marked with a content warning.']","{'Hate Speech, Harassment': 1, 'Harassment, Dogpiling': 1, 'Advertising & Commercialization, Spam': 1, 'Images, Links & Outside Content': 1, 'Impersonation': 1, 'Links & Outside Content': 1, 'Content Warnings, Off-topic/topic specific': 1}"
augsburg.social,[nan],{'A: Not Applicable': 1},[nan],{'A: Not Applicable': 1},[nan],{'A: Not Applicable': 1}
august-don.site,[nan],{'A: Not Applicable': 1},[nan],{'Not Applicable': 1},[nan],{'A: Not Applicable': 1}
aus.social,"['Do not break the Code of Conduct.', 'Do not break the law (Australian).', 'Do not open a Business/Professional/Brand account (Art, Music or homemade stuff is fine).', 'Do not create accounts for Impersonation (individuals, groups, or organisations)']","{'Not Applicable': 1, 'Illegal Content': 1, 'Advertising & Commercialization': 1, 'Impersonation': 1}","['Do not break the Code of Conduct.', 'Do not break the law (Australian).', 'Do not open a Business/Professional/Brand account (Art, Music or homemade stuff is fine).', 'Do not create accounts for Impersonation (individuals, groups, or organisations)']","{'Not Applicable': 1, 'Illegal Content': 1, 'Advertising & Commercialization': 1, 'Impersonation': 1}","['Do not break the Code of Conduct.', 'Do not break the law (Australian).', 'Do not open a Business/Professional/Brand account (Art, Music or homemade stuff is fine).', 'Do not create accounts for Impersonation (individuals, groups, or organisations)']","{'Not Applicable': 1, 'Illegal Content': 1, 'Advertising & Commercialization': 1, 'Impersonation': 1}"
autonomous.zone,"['This server is antifa', 'No racism, sexism, homophobia, transphobia, xenophobia, ableism and classism', 'This server is anti-capitalist', 'Respect the consent of others, no harassment', 'No borders, no nations', 'Community fridges for all!', 'The use of image descriptions and content warnings is greatly appreciated']","{'Not Applicable': 4, 'Hate Speech': 1, 'Harassment': 1, 'A: Content Warnings, Images': 1}","['This server is antifa', 'No racism, sexism, homophobia, transphobia, xenophobia, ableism and classism', 'This server is anti-capitalist', 'Respect the consent of others, no harassment', 'No borders, no nations', 'Community fridges for all!', 'The use of image descriptions and content warnings is greatly appreciated']","{'Not Applicable': 4, 'Hate Speech': 1, 'Harassment': 1, 'Images, Content Warnings': 1}","['This server is antifa', 'No racism, sexism, homophobia, transphobia, xenophobia, ableism and classism', 'This server is anti-capitalist', 'Respect the consent of others, no harassment', 'No borders, no nations', 'Community fridges for all!', 'The use of image descriptions and content warnings is greatly appreciated']","{'Not Applicable': 3, 'Hate Speech': 1, 'Harassment': 1, 'A: Not Applicable': 1, 'Content Warnings, Images': 1}"
bae.st,[nan],{'Not Applicable': 1},[nan],{'Not Applicable': 1},[nan],{'A: Not Applicable': 1}
bequeme-couch.de,"['Don’t post anything illegal.', 'No harassment, stalking, mobbing, deadnaming, misgendering, or contacting users who have made it clear they do not wish to be contacted.', 'No right or alt-right bullshit, Nazi content, conspiracy narratives.', 'No spam.', ""Don’t post anything that you wouldn’t say on Max's real couch.""]","{'Illegal Content': 1, 'Harassment': 1, 'Hate Speech, Mis/Disinformation/Conspiracy': 1, 'Spam': 1, 'A: Not Applicable': 1}","['Don’t post anything illegal.', 'No harassment, stalking, mobbing, deadnaming, misgendering, or contacting users who have made it clear they do not wish to be contacted.', 'No right or alt-right bullshit, Nazi content, conspiracy narratives.', 'No spam.', ""Don’t post anything that you wouldn’t say on Max's real couch.""]","{'Illegal Content': 1, 'Harassment': 1, 'Hate Speech, Mis/Disinformation/Conspiracy': 1, 'Spam': 1, 'A: Not Applicable': 1}","['Don’t post anything illegal.', 'No harassment, stalking, mobbing, deadnaming, misgendering, or contacting users who have made it clear they do not wish to be contacted.', 'No right or alt-right bullshit, Nazi content, conspiracy narratives.', 'No spam.', ""Don’t post anything that you wouldn’t say on Max's real couch.""]","{'Illegal Content': 1, 'Harassment, Doxxing/Personal Info': 1, 'Hate Speech, Mis/Disinformation/Conspiracy': 1, 'Spam': 1, 'Not Applicable': 1}"
buttsex.restaurant,"[""do whatever you want but don't fuck up""]",{'Not Applicable': 1},"[""do whatever you want but don't fuck up""]",{'Not Applicable': 1},"[""do whatever you want but don't fuck up""]",{'A: Not Applicable': 1}
c.im,"['Respect the laws of Germany and the Isle of Man, including those related to hate speech and defamation.', 'Threatening, abusive, intolerant or illegal behavior may lead to moderation and/or further measures. We have a zero tolerance approach to racism, sexism, homophobia and transphobia. Moderation decisions are final.', 'The Content Warning flag should be used for NSFW content, and NSFW media should be marked as sensitive.', 'Account registrations are monitored and accounts considered spam (including commercial advertising, political campaigning/propaganda, duplicate accounts or impersonating legal entities) will be moderated or removed.', 'Do not harass or bully other users.', 'Do not share illegal or copyrighted content.', 'Do not spam or engage in any form of malicious activity.', 'Keep discussions civil and respectful, and refrain from using derogatory language or engaging in personal attacks.', 'Do not reveal personal information about other people without their consent.', 'Use appropriate tags and content warnings when posting potentially sensitive or triggering content.', 'If you see a violation of these rules, report it to the moderation team.', 'To use our service, you are at least 18 years old.']","{'Not Applicable': 2, 'Hate Speech, Illegal Content': 1, 'Hate Speech, Illegal Content, Harassment': 1, 'NSFW, Content Warnings': 1, 'Advertising & Commercialization, Spam, Impersonation': 1, 'Harassment': 1, 'Illegal Content, Copyright/Piracy': 1, 'Spam': 1, 'Harassment, Hate Speech': 1, 'Doxxing/Personal Info': 1, 'Content Warnings': 1}","['Respect the laws of Germany and the Isle of Man, including those related to hate speech and defamation.', 'Threatening, abusive, intolerant or illegal behavior may lead to moderation and/or further measures. We have a zero tolerance approach to racism, sexism, homophobia and transphobia. Moderation decisions are final.', 'The Content Warning flag should be used for NSFW content, and NSFW media should be marked as sensitive.', 'Account registrations are monitored and accounts considered spam (including commercial advertising, political campaigning/propaganda, duplicate accounts or impersonating legal entities) will be moderated or removed.', 'Do not harass or bully other users.', 'Do not share illegal or copyrighted content.', 'Do not spam or engage in any form of malicious activity.', 'Keep discussions civil and respectful, and refrain from using derogatory language or engaging in personal attacks.', 'Do not reveal personal information about other people without their consent.', 'Use appropriate tags and content warnings when posting potentially sensitive or triggering content.', 'If you see a violation of these rules, report it to the moderation team.', 'To use our service, you are at least 18 years old.']","{'Not Applicable': 2, 'Hate Speech, Illegal Content': 1, 'Hate Speech, Illegal Content, Harassment': 1, 'NSFW, Content Warnings': 1, 'Advertising & Commercialization, Spam, Impersonation': 1, 'Harassment': 1, 'Illegal Content, Copyright/Piracy': 1, 'Spam': 1, 'Harassment, Hate Speech': 1, 'Doxxing/Personal Info': 1, 'Content Warnings': 1}","['Respect the laws of the Netherlands and the Isle of Man, including those related to hate speech and defamation.', 'Threatening, abusive, intolerant or illegal behavior may lead to moderation and/or further measures. We have a zero tolerance approach to racism, sexism, homophobia and transphobia. Moderation decisions are final.', 'The Content Warning flag should be used for NSFW content, and NSFW media should be marked as sensitive.', 'Account registrations are monitored and accounts considered spam (including commercial advertising, political campaigning/propaganda, duplicate accounts or impersonating legal entities) will be moderated or removed.', 'Do not harass or bully other users.', 'Do not share illegal or copyrighted content.', 'Do not spam or engage in any form of malicious activity.', 'Keep discussions civil and respectful, and refrain from using derogatory language or engaging in personal attacks.', 'Do not reveal personal information about other people without their consent.', 'Use appropriate tags and content warnings when posting potentially sensitive or triggering content.', 'If you see a violation of these rules, report it to the moderation team.', 'To use our service, you are at least 18 years old.']","{'Not Applicable': 2, 'Hate Speech, Illegal Content': 1, 'Hate Speech, Illegal Content, Harassment': 1, 'A: NSFW, Content Warnings': 1, 'Advertising & Commercialization, Spam, Impersonation': 1, 'Harassment': 1, 'Illegal Content, Copyright/Piracy': 1, 'Spam': 1, 'Harassment, Hate Speech': 1, 'Doxxing/Personal Info': 1, 'Content Warnings': 1}"
corteximplant.com,"['We do not tolerate discriminatory behaviour and content promoting or advocating the oppression of members of marginalised groups.', 'We do not tolerate threatening behaviour, stalking, and doxxing.', 'We do not tolerate harassment, including brigading, dogpiling, or any other form of contact with a user who has stated that they do not wish to be contacted.', 'We do not tolerate mobbing, including name-calling, intentional misgendering or deadnaming.\r\nWe do not tolerate violent nationalist propaganda, Nazi symbolism or promoting the ideology of National Socialism.', 'We do not tolerate conspiracy narratives or other reactionary myths supporting or leading to the above-mentioned (and/or similar) behavior.', 'Actions intended to damage this instance or its performance may lead to immediate account suspension.', 'Content that is illegal in Germany will be deleted and may lead to immediate account suspension.', 'We do not tolerate spam, fraud, or theft in our community. This includes excessive cross-posts, links, and posts related to crypto/NFT projects and AI art (AI art can be posted under certain conditions: the post must be published as ""unlisted,"" labeled as AI Art, and should not be profit-oriented).', '⚠️ We kindly ask you to attentively read the information under ""Registration"" on our About Page in order to join our community. \r\n\r\n🔗 https://corteximplant.com/about']","{'Hate Speech': 1, 'Doxxing/Personal Info, Harassment': 1, 'Harassment, Dogpiling': 1, 'Hate Speech, Harassment, Incitement of Violence': 1, 'Mis/Disinformation/Conspiracy': 1, 'Harassment': 1, 'Illegal Content': 1, 'Spam, Reposting/Crossposting, Links & Outside Content, Advertising & Commercialization': 1, 'Links & Outside Content': 1}",[nan],{'A: Not Applicable': 1},"['We do not tolerate discriminatory behaviour and content promoting or advocating the oppression of members of marginalised groups.', 'We do not tolerate threatening behaviour, stalking, and doxxing.', 'We do not tolerate harassment, including brigading, dogpiling, or any other form of contact with a user who has stated that they do not wish to be contacted.', 'We do not tolerate mobbing, including name-calling, intentional misgendering or deadnaming.\r\nWe do not tolerate violent nationalist propaganda, Nazi symbolism or promoting the ideology of National Socialism.', 'We do not tolerate conspiracy narratives or other reactionary myths supporting or leading to the above-mentioned (and/or similar) behavior.', 'Actions intended to damage this instance or its performance may lead to immediate account suspension.', 'Content that is illegal in Germany will be deleted and may lead to immediate account suspension.', 'We do not tolerate spam, fraud, or theft in our community. This includes excessive cross-posts, links, and posts related to crypto/NFT projects and AI art (AI art can be posted under certain conditions: the post must be published as ""unlisted,"" labeled as AI Art, and should not be profit-oriented).', '⚠️ We kindly ask you to attentively read the information under ""Registration"" on our About Page in order to join our community. \r\n\r\n🔗 https://corteximplant.com/about']","{'Hate Speech': 1, 'Doxxing/Personal Info, Harassment': 1, 'Harassment, Dogpiling': 1, 'Hate Speech, Harassment, Incitement of Violence': 1, 'Mis/Disinformation/Conspiracy': 1, 'Harassment': 1, 'Illegal Content': 1, 'Spam, Reposting/Crossposting, Links & Outside Content': 1, 'Links & Outside Content': 1}"
cosocial.ca,"['Do not post or share any content that is illegal in Canada', 'Do not harass, dogpile, or dox users on this server or other servers', 'No racism, sexism, homophobia, transphobia, xenophobia, casteism, fatphobia, or other forms of bigotry', 'NSFW content and depictions of violence must be behind a content warning.', 'Do not share intentionally false or misleading information.', 'CoSocial.ca is a service for the members of the CoSocial Community Cooperative.', 'CoSocial is for Canadian residents.', 'CoSocial is for people 18 and over.', ""Business accounts are allowed, but don't spam or engage in excessive commercial posting."", 'Read and follow the full Code of Conduct and Acceptable Use Policy section of our Terms of Service, available at https://cosocial.ca/terms#coc']","{'Illegal Content': 1, 'Doxxing/Personal Info, Harassment, Dogpiling': 1, 'Hate Speech': 1, 'A: NSFW, Content Warnings': 1, 'Mis/Disinformation/Conspiracy': 1, 'Not Applicable': 1, 'Off-topic/topic specific': 1, 'NSFW': 1, 'Advertising & Commercialization, Spam': 1, 'Links & Outside Content': 1}",[nan],{'A: Not Applicable': 1},[nan],{'Not Applicable': 1}
crazylab.online,"['Only sharing, discussion, gathering and communication are allowed.\r\n在這里 只有分享丶討論丶聚會丶交流。', 'Regardless of the choice of gender, gender identity and expression, age, sexual orientation, disability, appearance, body shape, race, religion or technology, we do not tolerate any form of cyber bullying and verbal attacks here.\r\n無論性別丶性別認同和表達方式丶年齡丶性取向丶殘疾丶外表丶身材丶種族丶宗教 或技術如何選擇, 在這裏我們不容忍任何形式的網絡欺凌及言語攻擊。', 'Any  pornographic related contents (including languages, images, videos, URLs ...etc) cannot be uploaded here.\r\n任何色情相關的內容（包括: 語言、圖片、視頻、網址等）均不能上載到這裏。', 'Copyrighted materials (including texts, files, photos, voices and videos ...etc) cannot be uploaded here.\r\n有版權的資料(包括文字、檔案、圖片、語音及視頻等)也不能上載到這裏。', 'Prohibit issuing all contents which violate Hong Kong laws. \r\n禁止發送違反香港法律的內容。', ""Don't toots political remarks and focus only for professional topics. \r\n本站不討論政治，重㸃討論專業的話題。"", 'No Advertisement & Spam but professional product reviews are accepted and welcome. \r\n謝絕廣告推送, 但可接受及歡迎專業的產品評論。', 'All the above items are applicable to any discussion places and locations here (including TAGS, private messages, public discussion forums and other URL links). \r\n以上所有項目適用於在這里的任何討論場所及位置(包括 TAGS，私信，公開討論區 和其它連結)。', 'In order to avoid affecting the freedom of other users and normal enjoyment of this system, users who violate the above rules will be removed from our system (without warning). \r\n為了避免影響其他用戶的自由及正常享用本系統, 違反以上那些規則的用户 會從我們的系統中被移除 (無需警告)。', 'This is one non-profit project with no SLA guarantee but we shall try our best with FailOver Clustering System to stay system online 99.9%. \r\n這是一個沒有 SLA 保證的非盈利項目, 但我們將盡我們最大努力使用 故障轉移集群系統 來保持系統在線 99.9%。', 'We do not accept any donation now and we shall consider to use stripe to handle all donations from donors if needed in future. \r\n我們現在不接受任何捐款, 如果將來有需要才考慮使用 Stripe 來處理捐贈者的捐贈。']","{'Not Applicable': 3, 'Off-topic/topic specific': 2, 'Hate Speech, Harassment': 1, 'NSFW, Images, Links & Outside Content': 1, 'Copyright/ Piracy': 1, 'Illegal Content': 1, 'Advertising & Commercialization, Spam': 1, 'A: Not Applicable': 1}",[nan],{'A: Not Applicable': 1},"['Only sharing, discussion, gathering and communication are allowed.\r\n在這里 只有分享丶討論丶聚會丶交流。', 'Regardless of the choice of gender, gender identity and expression, age, sexual orientation, disability, appearance, body shape, race, religion or technology, we do not tolerate any form of cyber bullying and verbal attacks here.\r\n無論性別丶性別認同和表達方式丶年齡丶性取向丶殘疾丶外表丶身材丶種族丶宗教 或技術如何選擇, 在這裏我們不容忍任何形式的網絡欺凌及言語攻擊。', 'Any  pornographic related contents (including languages, images, videos, URLs ...etc) cannot be uploaded here.\r\n任何色情相關的內容（包括: 語言、圖片、視頻、網址等）均不能上載到這裏。', 'Copyrighted materials (including texts, files, photos, voices and videos ...etc) cannot be uploaded here.\r\n有版權的資料(包括文字、檔案、圖片、語音及視頻等)也不能上載到這裏。', 'Prohibit issuing all contents which violate Hong Kong laws. \r\n禁止發送違反香港法律的內容。', ""Don't toots political remarks and focus only for professional topics. \r\n本站不討論政治，重㸃討論專業的話題。"", 'No Advertisement & Spam but professional product reviews are accepted and welcome. \r\n謝絕廣告推送, 但可接受及歡迎專業的產品評論。', 'All the above items are applicable to any discussion places and locations here (including TAGS, private messages, public discussion forums and other URL links). \r\n以上所有項目適用於在這里的任何討論場所及位置(包括 TAGS，私信，公開討論區 和其它連結)。', 'In order to avoid affecting the freedom of other users and normal enjoyment of this system, users who violate the above rules will be removed from our system (without warning). \r\n為了避免影響其他用戶的自由及正常享用本系統, 違反以上那些規則的用户 會從我們的系統中被移除 (無需警告)。', 'This is one non-profit project with no SLA guarantee but we shall try our best with FailOver Clustering System to stay system online 99.9%. \r\n這是一個沒有 SLA 保證的非盈利項目, 但我們將盡我們最大努力使用 故障轉移集群系統 來保持系統在線 99.9%。', 'We do not accept any donation now and we shall consider to use stripe to handle all donations from donors if needed in future. \r\n我們現在不接受任何捐款, 如果將來有需要才考慮使用 Stripe 來處理捐贈者的捐贈。']","{'Not Applicable': 3, 'A: Not Applicable': 2, 'Hate Speech, Harassment': 1, 'NSFW, Images, Links & Outside Content': 1, 'Copyright/ Piracy': 1, 'Illegal Content': 1, 'Off-topic/topic specific': 1, 'A: Advertising & Commercialization, Spam': 1}"
cupoftea.social,"['Be Respectful, Content that is racist, sexist, hateful, nasty or discriminatory is not welcome.', 'No harassment, dogpiling or doxxing of other users', 'No incitement of violence or promotion of violent ideologies', 'Sexually explicit ,violent  or sensitive media must be marked as such when posting', 'No spam , Porn or S**t Posting, Its just not for this server', 'No accounts setup purely to sell something / Fake Engagement (Such As Investments/NFT/Cryptos/Wealth stuff)']","{'Hate Speech, Harassment': 1, 'Doxxing/Personal Info, Harassment, Dogpiling': 1, 'Incitement of Violence': 1, 'A: Images, Content Warnings': 1, 'A: NSFW, Spam': 1, 'Advertising & Commercialization, Spam': 1}","['Be Respectful, Content that is racist, sexist, hateful, nasty or discriminatory is not welcome.', 'No harassment, dogpiling or doxxing of other users', 'No incitement of violence or promotion of violent ideologies', 'Sexually explicit ,violent  or sensitive media must be marked as such when posting', 'No spam , Porn or S**t Posting, Its just not for this server', 'No accounts setup purely to sell something / Fake Engagement (Such As Investments/NFT/Cryptos/Wealth stuff)']","{'Hate Speech, Harassment': 1, 'Doxxing/Personal Info, Harassment, Dogpiling': 1, 'Incitement of Violence': 1, 'A: Images, Content Warnings': 1, 'A: NSFW, Spam': 1, 'Advertising & Commercialization, Spam': 1}","['Be Respectful, Content that is racist, sexist, hateful, nasty or discriminatory is not welcome.', 'No harassment, dogpiling or doxxing of other users', 'No incitement of violence or promotion of violent ideologies', 'Sexually explicit ,violent  or sensitive media must be marked as such when posting', 'No spam , Porn or S**t Posting, Its just not for this server', 'No accounts setup purely to sell something / Fake Engagement (Such As Investments/NFT/Cryptos/Wealth stuff)']","{'Hate Speech, Harassment': 1, 'Doxxing/Personal Info, Harassment, Dogpiling': 1, 'Incitement of Violence': 1, 'A: Images, Content Warnings': 1, 'A: NSFW, Spam': 1, 'Advertising & Commercialization, Spam': 1}"
dbg.social,"['No content illegal in the US', 'Treat everyone with respect', 'No intentionally misleading information']","{'Illegal Content': 1, 'Not Applicable': 1, 'Mis/Disinformation/Conspiracy': 1}","['No content illegal in the US', 'Treat everyone with respect', 'No intentionally misleading information']","{'Illegal Content': 1, 'Not Applicable': 1, 'Mis/Disinformation/Conspiracy': 1}",[nan],{'A: Not Applicable': 1}
definitely.social,"[""Don't be a dick."", 'No violence or threats of violence.', 'No white supremacy.', 'No racism.', 'No homophobia.', 'No transphobia.', 'No fascism.', 'No spam.']","{'Hate Speech': 5, 'Not Applicable': 1, 'Incitement of Violence': 1, 'Spam': 1}","[""Don't be a dick."", 'No violence or threats of violence.', 'No white supremacy.', 'No racism.', 'No homophobia.', 'No transphobia.', 'No fascism.', 'No spam.']","{'Hate Speech': 5, 'Not Applicable': 1, 'Incitement of Violence': 1, 'Spam': 1}",[nan],{'Not Applicable': 1}
digitalcourage.social,"['Alle Menschen, die sich für eine lebenswerte Welt engagieren wollen, sind bei uns willkommen. Wir möchten einen respektvollen Umgang miteinander pflegen und gute Gastgeber.innen sein.', 'Sollte uns das einmal nicht gelingen, gehe nicht einfach nur still weg, sondern sprich uns bitte an, damit sich alle Beteiligten bei uns wohlfühlen und einbringen können.']",{'Not Applicable': 2},"['Alle Menschen, die sich für eine lebenswerte Welt engagieren wollen, sind bei uns willkommen. Wir möchten einen respektvollen Umgang miteinander pflegen und gute Gastgeber.innen sein.', 'Sollte uns das einmal nicht gelingen, gehe nicht einfach nur still weg, sondern sprich uns bitte an, damit sich alle Beteiligten bei uns wohlfühlen und einbringen können.']",{'Not Applicable': 2},"['Alle Menschen, die sich für eine lebenswerte Welt engagieren wollen, sind bei uns willkommen. Wir möchten einen respektvollen Umgang miteinander pflegen und gute Gastgeber.innen sein.', 'Sollte uns das einmal nicht gelingen, gehe nicht einfach nur still weg, sondern sprich uns bitte an, damit sich alle Beteiligten bei uns wohlfühlen und einbringen können.']",{'Not Applicable': 2}
disobey.net,"[""Don't be a jerk. Hate speech, discrimination, and harassment of any kind are not tolerated here."", 'If you post adult content, please mark it as sensitive so that your followers can choose when to see it.', 'No spam.', 'Do not post anything which would violate the law in either your home jurisdiction, under United States law, or Washington State law.']","{'Hate Speech, Harassment': 1, 'A: NSFW, Content Warnings': 1, 'Spam': 1, 'Illegal Content': 1}","[""Don't be a jerk. Hate speech, discrimination, and harassment of any kind are not tolerated here."", 'If you post adult content, please mark it as sensitive so that your followers can choose when to see it.', 'No spam.', 'Do not post anything which would violate the law in either your home jurisdiction, under United States law, or Washington State law.']","{'Hate Speech, Harassment': 1, 'NSFW, Content Warnings': 1, 'Spam': 1, 'Illegal Content': 1}",[nan],{'Not Applicable': 1}
eightpoint.app,"['No alt-right ideologies or sympathizing for said ideologies.', 'No promotion of authoritarianism.', 'No šāru lemna/lashon hara\r\n\r\nAbout:\r\n https://cohost.org/shel/post/29079-lashon-hara-direct\r\n\r\nWhen It’s Permissible:\r\nhttps://torah.org/learning/halashon-chapter10/', 'Spoiler and warn NSFW images.', 'Just dont be an asshole.', 'Porn and smut are definitely allowed here. Go nuts. Post nuts.', '18 and older only please if you are found to be breaking this rule you will be removed', 'No bigoted behavior of any kind is tolerated.', 'No illegal content, yes this includes lolicon.']","{'Hate Speech': 2, 'NSFW': 2, 'Hate Speech, Mis/Disinformation/Conspiracy': 1, 'A: Links & Outside Content, Not Applicable': 1, 'A: NSFW, Content Warnings': 1, 'Not Applicable': 1, 'Illegal Content': 1}","['No alt-right ideologies or sympathizing for said ideologies.', 'No promotion of authoritarianism.', 'No šāru lemna/lashon hara\r\n\r\nAbout:\r\n https://cohost.org/shel/post/29079-lashon-hara-direct\r\n\r\nWhen It’s Permissible:\r\nhttps://torah.org/learning/halashon-chapter10/', 'Spoiler and warn NSFW images.', 'Just dont be an asshole.', 'Porn and smut are definitely allowed here. Go nuts. Post nuts.', '18 and older only please if you are found to be breaking this rule you will be removed', 'No bigoted behavior of any kind is tolerated.', 'No illegal content, yes this includes lolicon.']","{'Hate Speech': 2, 'NSFW': 2, 'Hate Speech, Mis/Disinformation/Conspiracy': 1, 'A: Links & Outside Content, Not Applicable': 1, 'A: NSFW, Content Warnings': 1, 'Not Applicable': 1, 'Illegal Content': 1}","['No alt-right ideologies or sympathizing for said ideologies.', 'No promotion of authoritarianism.', 'No šāru lemna/lashon hara\r\n\r\nAbout:\r\n https://cohost.org/shel/post/29079-lashon-hara-direct\r\n\r\nWhen It’s Permissible:\r\nhttps://torah.org/learning/halashon-chapter10/', 'Spoiler and warn NSFW images.', 'Just dont be an asshole.', 'Porn and smut are definitely allowed here. Go nuts. Post nuts.', '18 and older only please if you are found to be breaking this rule you will be removed', 'No bigoted behavior of any kind is tolerated.', 'No illegal content, yes this includes lolicon.']","{'Hate Speech': 2, 'NSFW': 2, 'Mis/Disinformation/Conspiracy': 1, 'A: Links & Outside Content, Not Applicable': 1, 'NSFW, Content Warnings': 1, 'Not Applicable': 1, 'Illegal Content': 1}"
en.osm.town,"['Follow the instance Code of Conduct: https://en.osm.town/about', 'Have fun']","{'Links & Outside Content': 1, 'Not Applicable': 1}",[nan],{'Not Applicable': 1},"['Follow the instance Code of Conduct: https://en.osm.town/about', 'Have fun']","{'Links & Outside Content': 1, 'Not Applicable': 1}"
famichiki.jp,"['We unconditionally do not tolerate oppressive behaviour against anyone, regardless of race, colour, sex, sexual orientation, gender, language, religion, or other status.', 'NSFW content is OK. But be sure to use Content Warnings when posting such content.', ""No excessive advertising. It's OK to promote what you're working on. Share cool stores you found and companies you work for or with. Do not shill MLM/NFT/Crypto."", ""Be mindful with the amount of media that you upload. This is a community ran Mastodon, not Flickr. There's no hard limits, please use common sense."", ""Bots are allowed, if they serve the community\r\n\r\nAllowed bots shouldn't flood the timeline with repetitive content. Lock your account or use https://botsin.space/ for high-frequency bots. Contact admins for help."", 'No sexually suggestive avatars and header graphics are permitted. This includes, but is not limited to, anime-type graphics, photos, illustrations, and others.']","{'Hate Speech': 1, 'A: NSFW, Content Warnings': 1, 'Advertising & Commercialization': 1, 'Images, Links & Outside Content': 1, 'Automated tools, Spam': 1, 'NSFW, Images': 1}","['We unconditionally do not tolerate oppressive behaviour against anyone, regardless of race, colour, sex, sexual orientation, gender, language, religion, or other status.', 'NSFW content is OK. But be sure to use Content Warnings when posting such content.', ""No excessive advertising. It's OK to promote what you're working on. Share cool stores you found and companies you work for or with. Do not shill MLM/NFT/Crypto."", ""Be mindful with the amount of media that you upload. This is a community ran Mastodon, not Flickr. There's no hard limits, please use common sense."", ""Bots are allowed, if they serve the community\r\n\r\nAllowed bots shouldn't flood the timeline with repetitive content. Lock your account or use https://botsin.space/ for high-frequency bots. Contact admins for help."", 'No sexually suggestive avatars and header graphics are permitted. This includes, but is not limited to, anime-type graphics, photos, illustrations, and others.']","{'Hate Speech': 1, 'A: NSFW, Content Warnings': 1, 'Advertising & Commercialization': 1, 'Images, Not Applicable': 1, 'Automated tools, Spam': 1, 'NSFW, Images': 1}",[nan],{'Not Applicable': 1}
fedibird.com,"['日本の法律と社会規範に従った行動を心がけてください', '不快や脅威に対してはブロック・ミュート・フィルターで距離をとってください', '投稿する際は、適切な公開範囲・CW・閲覧注意を使用してください']","{'Illegal Content': 1, 'A: Not Applicable': 1, 'A: Content Warnings': 1}","['日本の法律と社会規範に従った行動を心がけてください', '不快や脅威に対してはブロック・ミュート・フィルターで距離をとってください', '投稿する際は、適切な公開範囲・CW・閲覧注意を使用してください']","{'Illegal Content': 1, 'Not Applicable': 1, 'A: Content Warnings': 1}","['日本の法律と社会規範に従った行動を心がけてください', '不快や脅威に対してはブロック・ミュート・フィルターで距離をとってください', '投稿する際は、適切な公開範囲・CW・閲覧注意を使用してください']","{'Illegal Content': 1, 'A: Not Applicable': 1, 'A: Content Warnings': 1}"
fivem.social,"['Before posting, make sure that both your server and you are in compliance with the CFX, FiveM, and Rockstar TOS (Terms of Service).', 'Please ensure you use the correct handle when creating your FiveM.Social account. We are unable to manually change handles, so it is important that your handle reflects your desired username when setting up your account. Any changes after creation will require creating a new account.', 'Respect All Members', 'Appropriate Content Only', 'Account Security', 'Faster Account Approval']","{'Not Applicable': 4, 'Off-topic/topic specific': 1, 'A: Content Warnings, NSFW': 1}","['Before posting, make sure that both your server and you are in compliance with the CFX, FiveM, and Rockstar TOS (Terms of Service).', 'Please ensure you use the correct handle when creating your FiveM.Social account. We are unable to manually change handles, so it is important that your handle reflects your desired username when setting up your account. Any changes after creation will require creating a new account.', 'Respect All Members', 'Appropriate Content Only', 'Account Security', 'Faster Account Approval']","{'Not Applicable': 5, 'Illegal Content': 1}","['Before posting, make sure that both your server and you are in compliance with the CFX, FiveM, and Rockstar TOS (Terms of Service).', 'Please ensure you use the correct handle when creating your FiveM.Social account. We are unable to manually change handles, so it is important that your handle reflects your desired username when setting up your account. Any changes after creation will require creating a new account.', 'Respect All Members', 'Appropriate Content Only', 'Account Security', 'Faster Account Approval']","{'Not Applicable': 4, 'Off-topic/topic specific': 1, 'A: Content Warnings, NSFW': 1}"
flipboard.social,"['This instance is part of Flipboard and adheres to the same Community Guidelines. You can read them here https://about.flipboard.com/community-guidelines/', 'Keep this instance safe, respectful, and fun by not violating the rules.', 'Consider how your post might impact others - if it might be received as offensive, painful, or otherwise unwanted, please use a content warning (CW.)', 'Misgendering, deadnaming, or promotion of so-called ""conversion therapy"" is prohibited.']","{'Links & Outside Content': 1, 'Not Applicable': 1, 'Content Warnings': 1, 'Hate Speech': 1}",[nan],{'A: Not Applicable': 1},"['This instance is part of Flipboard and adheres to the same Community Guidelines. You can read them here https://about.flipboard.com/community-guidelines/', 'Keep this instance safe, respectful, and fun by not violating the rules.', 'Consider how your post might impact others - if it might be received as offensive, painful, or otherwise unwanted, please use a content warning (CW.)', 'Misgendering, deadnaming, or promotion of so-called ""conversion therapy"" is prohibited.']","{'Links & Outside Content': 1, 'Not Applicable': 1, 'Content Warnings': 1, 'Hate Speech': 1}"
friendzone.social,[nan],{'Not Applicable': 1},[nan],{'Not Applicable': 1},[nan],{'Not Applicable': 1}
front-end.social,"['No racism/white supremacy', 'No sexism', 'No ableism', ""No queer/trans-phobia           No homophobia, xenophobia, TERF, or other 'gender critical' shit. No dead-naming, misgendering, etc. No debating other people's right to exist."", 'No fascism or nationalism', ""No violence or harassment        No violence or harassment. No disrespecting people's boundaries. No sliding into DMs or @-mentioning those who have blocked you."", 'No spam', 'Be good to each other', 'No crypto']","{'Hate Speech': 5, 'Harassment, Incitement of Violence': 1, 'Spam': 1, 'Not Applicable': 1, 'Off-topic/topic specific': 1}",[nan],{'A: Not Applicable': 1},"['No racism/white supremacy', 'No sexism', 'No ableism', ""No queer/trans-phobia           No homophobia, xenophobia, TERF, or other 'gender critical' shit. No dead-naming, misgendering, etc. No debating other people's right to exist."", 'No fascism or nationalism', ""No violence or harassment        No violence or harassment. No disrespecting people's boundaries. No sliding into DMs or @-mentioning those who have blocked you."", 'No spam', 'Be good to each other', 'No crypto']","{'Hate Speech': 5, 'Harassment': 1, 'Spam': 1, 'Not Applicable': 1, 'Off-topic/topic specific': 1}"
functional.cafe,"['Be friendly, be respectful, stay on-topic and avoid derailing discussions.', 'Sexually explicit or violent media must be marked as sensitive when posting.', 'No spam or advertising.', 'No racism, sexism, homophobia, transphobia, xenophobia, or casteism.', 'No incitement of violence or promotion of violent ideologies.', 'No harassment, dogpiling or doxxing of other users on any instance.', 'No illegal content.', 'No spreading of fake news or misinformation.', 'Off-topic toots should have a CW (content warning) description.\r\n\r\nWhile we encourage this behavior, please note that we will not actively seek out untagged toots.']","{'Off-topic/topic specific': 1, 'A: Images': 1, 'Advertising & Commercialization, Spam': 1, 'Hate Speech': 1, 'Incitement of Violence': 1, 'Doxxing/Personal Info, Harassment, Dogpiling': 1, 'Illegal Content': 1, 'Mis/Disinformation/Conspiracy': 1, 'Off-topic/topic specific, Content Warnings': 1}","['Be friendly, be respectful, stay on-topic and avoid derailing discussions.', 'Sexually explicit or violent media must be marked as sensitive when posting.', 'No spam or advertising.', 'No racism, sexism, homophobia, transphobia, xenophobia, or casteism.', 'No incitement of violence or promotion of violent ideologies.', 'No harassment, dogpiling or doxxing of other users on any instance.', 'No illegal content.', 'No spreading of fake news or misinformation.', 'Off-topic toots should have a CW (content warning) description.\r\n\r\nWhile we encourage this behavior, please note that we will not actively seek out untagged toots.']","{'Off-topic/topic specific': 1, 'Images': 1, 'Advertising & Commercialization, Spam': 1, 'Hate Speech': 1, 'Incitement of Violence': 1, 'Doxxing/Personal Info, Harassment, Dogpiling': 1, 'Illegal Content': 1, 'Mis/Disinformation/Conspiracy': 1, 'Off-topic/topic specific, Content Warnings': 1}","['Be friendly, be respectful, stay on-topic and avoid derailing discussions.', 'Sexually explicit or violent media must be marked as sensitive when posting.', 'No spam or advertising.', 'No racism, sexism, homophobia, transphobia, xenophobia, or casteism.', 'No incitement of violence or promotion of violent ideologies.', 'No harassment, dogpiling or doxxing of other users on any instance.', 'No illegal content.', 'No spreading of fake news or misinformation.', 'Off-topic toots should have a CW (content warning) description.\r\n\r\nWhile we encourage this behavior, please note that we will not actively seek out untagged toots.']","{'Off-topic/topic specific': 1, 'A: Images': 1, 'Advertising & Commercialization, Spam': 1, 'Hate Speech': 1, 'Incitement of Violence': 1, 'Doxxing/Personal Info, Harassment, Dogpiling': 1, 'Illegal Content': 1, 'Mis/Disinformation/Conspiracy': 1, 'Off-topic/topic specific, Content Warnings': 1}"
furry.engineer,"['Rule #1 – No illegal content or conduct. Content or conduct that is illegal in the United States is strictly prohibited.', 'Rule #2 – Racism, sexism, homophobia, transphobia, and other discrimination is prohibited. Users who engage in such conduct are not welcome on our platform.', 'Rule #3 – Don’t stalk or harass other users. Respect other users of our service and other federated instances.', 'Rule #4 – Misinformation and deceptive content is prohibited. Misinformation, scams, Ponzi schemes, and other deceptive tactics have become rampant on other platforms and we don’t want to see a resurgence of it in the Fediverse.', 'Rule #5 – Content warnings (CW) are required for NSFW content, political discussion and debate, religious promotion and debate, and drug mentions.', ""Rule #5.2 – Don't put polarizing, graphic, or sensitive content in the content warning (CW) description."", 'Rule #6 – Respect the service. Spam and advertising is not acceptable, but friendly automated bots are welcome.', 'Rule #7 – Use the report system. If a user or instance is breaking the rules, we recommend just reporting the content and not engaging.', 'Rule #8.1 – Account / post language identification. We require that all posts are properly marked with the language used, which can be done at the account level through the account preferences page, or per-post by clicking the language button next to “CW” (Content Warning).', 'Rule #8.2 – Misleading or deceptive impersonation. You may not impersonate an individual, group, or organization with the intent to deceive, confuse, and exploit other users. Parody accounts should tag themselves clearly in their profile description.', 'Rule #8.3 – Bot accounts must mark themselves as a bot and must post using “Unlisted”, “Followers only”, or “Mentioned people only”, so we can keep the local and federated timelines clear and focused on users.', 'Rule #8.4 – No brand or government-affiliated account may be registered on Pawb.Social services without prior written and publicly recorded approval, except furry fandom-operated brands and events covered by the exception in our full rules.', 'Rule #8.5 – If you have been suspended from any Pawb.Social instance, you may not create another account on any of our services.', 'Rule #8.6 – All avatars and header images must not contain any content that is prohibited by any other rule in the Code of Conduct, especially content that requires a Content Warning (CW).', 'The full Code of Conduct can be found at https://docs.google.com/document/d/1jXkulJKMWEmv-cb_jaYkG2L0sTcZeHKdcqwImNkf6Ko – Some rules and wording listed here have been summarized for brevity.']","{'Illegal Content': 1, 'Hate Speech': 1, 'Harassment': 1, 'Mis/Disinformation/Conspiracy': 1, 'Content Warnings, NSFW': 1, 'Content Warnings': 1, 'Advertising & Commercialization, Spam, Automated tools': 1, 'Not Applicable': 1, 'Off-topic/topic specific, Content Warnings': 1, 'Impersonation': 1, 'Automated tools, Links & Outside Content': 1, 'Advertising & Commercialization, Impersonation': 1, 'A: Impersonation': 1, 'Images, Content Warnings': 1, 'Links & Outside Content': 1}","['Rule #1 – No illegal content or conduct. Content or conduct that is illegal in the United States is strictly prohibited.', 'Rule #2 – Racism, sexism, homophobia, transphobia, and other discrimination is prohibited. Users who engage in such conduct are not welcome on our platform.', 'Rule #3 – Don’t stalk or harass other users. Respect other users of our service and other federated instances.', 'Rule #4 – Misinformation and deceptive content is prohibited. Misinformation, scams, Ponzi schemes, and other deceptive tactics have become rampant on other platforms and we don’t want to see a resurgence of it in the Fediverse.', 'Rule #5 – Content warnings (CW) are required for NSFW content, political discussion and debate, religious promotion and debate, and drug mentions.', ""Rule #5.2 – Don't put polarizing, graphic, or sensitive content in the content warning (CW) description."", 'Rule #6 – Respect the service. Spam and advertising is not acceptable, but friendly automated bots are welcome.', 'Rule #7 – Use the report system. If a user or instance is breaking the rules, we recommend just reporting the content and not engaging.', 'Rule #8.1 – Account / post language identification. We require that all posts are properly marked with the language used, which can be done at the account level through the account preferences page, or per-post by clicking the language button next to “CW” (Content Warning).', 'Rule #8.2 – Misleading or deceptive impersonation. You may not impersonate an individual, group, or organization with the intent to deceive, confuse, and exploit other users. Parody accounts should tag themselves clearly in their profile description.', 'Rule #8.3 – Bot accounts must mark themselves as a bot and must post using “Unlisted”, “Followers only”, or “Mentioned people only”, so we can keep the local and federated timelines clear and focused on users.', 'Rule #8.4 – No brand or government-affiliated account may be registered on Pawb.Social services without prior written and publicly recorded approval, except furry fandom-operated brands and events covered by the exception in our full rules.', 'Rule #8.5 – If you have been suspended from any Pawb.Social instance, you may not create another account on any of our services.', 'Rule #8.6 – All avatars and header images must not contain any content that is prohibited by any other rule in the Code of Conduct, especially content that requires a Content Warning (CW).', 'The full Code of Conduct can be found at https://docs.google.com/document/d/1jXkulJKMWEmv-cb_jaYkG2L0sTcZeHKdcqwImNkf6Ko – Some rules and wording listed here have been summarized for brevity.']","{'Illegal Content': 1, 'Hate Speech': 1, 'Harassment': 1, 'Mis/Disinformation/Conspiracy': 1, 'Content Warnings, NSFW': 1, 'Content Warnings': 1, 'Advertising & Commercialization, Spam, Automated tools': 1, 'Not Applicable': 1, 'Links & Outside Content, Content Warnings': 1, 'Impersonation': 1, 'Automated tools': 1, 'Advertising & Commercialization, Impersonation': 1, 'A: Impersonation': 1, 'Images, Content Warnings': 1, 'Links & Outside Content': 1}","['Rule #1 – No illegal content or conduct. Content or conduct that is illegal in the United States is strictly prohibited.', 'Rule #2 – Racism, sexism, homophobia, transphobia, and other discrimination is prohibited. Users who engage in such conduct are not welcome on our platform.', 'Rule #3 – Don’t stalk or harass other users. Respect other users of our service and other federated instances.', 'Rule #4 – Misinformation and deceptive content is prohibited. Misinformation, scams, Ponzi schemes, and other deceptive tactics have become rampant on other platforms and we don’t want to see a resurgence of it in the Fediverse.', 'Rule #5 – Content warnings (CW) are required for NSFW content, political discussion and debate, religious promotion and debate, and drug mentions.', ""Rule #5.2 – Don't put polarizing, graphic, or sensitive content in the content warning (CW) description."", 'Rule #6 – Respect the service. Spam and advertising is not acceptable, but friendly automated bots are welcome.', 'Rule #7 – Use the report system. If a user or instance is breaking the rules, we recommend just reporting the content and not engaging.', 'Rule #8.1 – Account / post language identification. We require that all posts are properly marked with the language used, which can be done at the account level through the account preferences page, or per-post by clicking the language button next to “CW” (Content Warning).', 'Rule #8.2 – Misleading or deceptive impersonation. You may not impersonate an individual, group, or organization with the intent to deceive, confuse, and exploit other users. Parody accounts should tag themselves clearly in their profile description.', 'Rule #8.3 – Bot accounts must mark themselves as a bot and must post using “Unlisted”, “Followers only”, or “Mentioned people only”, so we can keep the local and federated timelines clear and focused on users.', 'Rule #8.4 – No brand or government-affiliated account may be registered on Pawb.Social services without prior written and publicly recorded approval, except furry fandom-operated brands and events covered by the exception in our full rules.', 'Rule #8.5 – If you have been suspended from any Pawb.Social instance, you may not create another account on any of our services.', 'Rule #8.6 – All avatars and header images must not contain any content that is prohibited by any other rule in the Code of Conduct, especially content that requires a Content Warning (CW).', 'The full Code of Conduct can be found at https://docs.google.com/document/d/1jXkulJKMWEmv-cb_jaYkG2L0sTcZeHKdcqwImNkf6Ko – Some rules and wording listed here have been summarized for brevity.']","{'Illegal Content': 1, 'Hate Speech': 1, 'Harassment': 1, 'Mis/Disinformation/Conspiracy': 1, 'NSFW, Content Warnings': 1, 'Content Warnings': 1, 'Advertising & Commercialization, Spam, Automated tools': 1, 'Not Applicable': 1, 'Off-topic/topic specific, Content Warnings': 1, 'Impersonation': 1, 'Automated tools': 1, 'Advertising & Commercialization, Impersonation': 1, 'A: Impersonation': 1, 'Images, Content Warnings': 1, 'Links & Outside Content': 1}"
g0v.social,"['https://g0v.social/terms', '遵守參與守則 code of conduct https://g0v.hackmd.io/s/COC', '閱讀使用說明 \r\n\r\nhttps://siaulian.wordpress.com/2021/01/14/mastodon-taiwan-user-guide/', 'Taiwan is a country', '閱讀使用說明\r\nhttps://www.notion.so/peilun/Mastodon-9257c3e1cd3f42ae9902d6fc9cda6320', '多說做了什麼，少說看了什麼\r\n\r\nPost what you did, not what you saw']","{'Links & Outside Content': 3, 'Not Applicable': 1, 'Mis/Disinformation/Conspiracy': 1, 'Off-topic/topic specific': 1}","['https://g0v.social/terms', '遵守參與守則 code of conduct https://g0v.hackmd.io/s/COC', '閱讀使用說明 \r\n\r\nhttps://siaulian.wordpress.com/2021/01/14/mastodon-taiwan-user-guide/', 'Taiwan is a country', '閱讀使用說明\r\nhttps://www.notion.so/peilun/Mastodon-9257c3e1cd3f42ae9902d6fc9cda6320', '多說做了什麼，少說看了什麼\r\n\r\nPost what you did, not what you saw']","{'Links & Outside Content': 3, 'A: Links & Outside Content': 1, 'Mis/Disinformation/Conspiracy': 1, 'A: Not Applicable': 1}",[nan],{'Not Applicable': 1}
genomic.social,"['Be kind to each other.', 'No sexually explicit images or video', 'No incitement of violence or promotion of violent ideologies', 'No racism, sexism, homophobia, transphobia, xenophobia, or casteism', 'No illegal content', 'No harassment, dogpiling or doxxing of other users. This includes private harassment.', 'No intentionally false or misleading information', 'No abuse or manipulation of the server instance']","{'Not Applicable': 1, 'NSFW, Images': 1, 'Incitement of Violence': 1, 'Hate Speech': 1, 'Illegal Content': 1, 'Doxxing/Personal Info, Harassment, Dogpiling': 1, 'Mis/Disinformation/Conspiracy': 1, 'Automated tools, Harassment': 1}","['Be kind to each other.', 'No sexually explicit images or video', 'No incitement of violence or promotion of violent ideologies', 'No racism, sexism, homophobia, transphobia, xenophobia, or casteism', 'No illegal content', 'No harassment, dogpiling or doxxing of other users. This includes private harassment.', 'No intentionally false or misleading information', 'No abuse or manipulation of the server instance']","{'Not Applicable': 1, 'NSFW, Images': 1, 'Incitement of Violence': 1, 'Hate Speech': 1, 'Illegal Content': 1, 'Doxxing/Personal Info, Harassment, Dogpiling': 1, 'Mis/Disinformation/Conspiracy': 1, 'Harassment, Automated tools': 1}",[nan],{'Not Applicable': 1}
h4.io,"['Soyez respectueux, civils et accueillants.', 'Votre contenu doit être en français pour préserver une cohérence des fils et faciliter la modération.', 'Nous n\'autorisons pas le cross-postage (se référer à la page ""À propos"" pour plus d\'explication).', 'Ne rejoignez pas h4 simplement pour promouvoir un contenu en le spammant.', 'La désinformation vérifiable est proscrite.', 'Les propos illégaux (racistes, homophobes, transphobes, sexistes) sont proscrits.', 'Les propos discriminants, incitants à la violence ou contribuant au harcèlement sont proscrits.', 'Les tentatives de retournement d\'oppressions systémiques (""racisme anti-blanc, sexisme anti-homme, hétérophobie, cisphobie, etc) sont proscrites.', 'Les contenus répréhensibles par la loi française sont proscrits.', ""Les contenus pornographiques ne sont pas autorisés sur la plateforme puisque nous n'avons pas la capacité d'en assurer la provenance éthique et légale."", 'Les contenus érotiques (ou explicites et personnel) sont autorisés mais doivent avoir un avertissement de contenu pour ne pas les imposer à la communauté.']","{'Not Applicable': 1, 'Off-topic/topic specific': 1, 'Reposting/Crossposting': 1, 'A: Advertising & Commercialization, Spam': 1, 'Mis/Disinformation/Conspiracy': 1, 'Hate Speech, Illegal Content': 1, 'Hate Speech, Incitement of Violence, Harassment': 1, 'Hate Speech': 1, 'Illegal Content': 1, 'NSFW, Illegal Content': 1, 'A: NSFW, Content Warnings': 1}","['Soyez respectueux, civils et accueillants.', 'Votre contenu doit être en français pour préserver une cohérence des fils et faciliter la modération.', 'Nous n\'autorisons pas le cross-postage (se référer à la page ""À propos"" pour plus d\'explication).', 'Ne rejoignez pas h4 simplement pour promouvoir un contenu en le spammant.', 'La désinformation vérifiable est proscrite.', 'Les propos illégaux (racistes, homophobes, transphobes, sexistes) sont proscrits.', 'Les propos discriminants, incitants à la violence ou contribuant au harcèlement sont proscrits.', 'Les tentatives de retournement d\'oppressions systémiques (""racisme anti-blanc, sexisme anti-homme, hétérophobie, cisphobie, etc) sont proscrites.', 'Les contenus répréhensibles par la loi française sont proscrits.', ""Les contenus pornographiques ne sont pas autorisés sur la plateforme puisque nous n'avons pas la capacité d'en assurer la provenance éthique et légale."", 'Les contenus érotiques (ou explicites et personnel) sont autorisés mais doivent avoir un avertissement de contenu pour ne pas les imposer à la communauté.']","{'Not Applicable': 1, 'A: Off-topic/topic specific': 1, 'Reposting/Crossposting': 1, 'Advertising & Commercialization, Spam': 1, 'Mis/Disinformation/Conspiracy': 1, 'Hate Speech, Illegal Content': 1, 'Hate Speech, Incitement of Violence, Harassment': 1, 'Hate Speech': 1, 'Illegal Content': 1, 'NSFW, Illegal Content': 1, 'A: NSFW, Content Warnings': 1}","['Soyez respectueux, civils et accueillants.', 'Votre contenu doit être en français pour préserver une cohérence des fils et faciliter la modération.', 'Nous n\'autorisons pas le cross-postage (se référer à la page ""À propos"" pour plus d\'explication).', 'Ne rejoignez pas h4 simplement pour promouvoir un contenu en le spammant.', 'La désinformation vérifiable est proscrite.', 'Les propos illégaux (racistes, homophobes, transphobes, sexistes) sont proscrits.', 'Les propos discriminants, incitants à la violence ou contribuant au harcèlement sont proscrits.', 'Les tentatives de retournement d\'oppressions systémiques (""racisme anti-blanc, sexisme anti-homme, hétérophobie, cisphobie, etc) sont proscrites.', 'Les contenus répréhensibles par la loi française sont proscrits.', ""Les contenus pornographiques ne sont pas autorisés sur la plateforme puisque nous n'avons pas la capacité d'en assurer la provenance éthique et légale."", 'Les contenus érotiques (ou explicites et personnel) sont autorisés mais doivent avoir un avertissement de contenu pour ne pas les imposer à la communauté.']","{'A: Not Applicable': 1, 'Off-topic/topic specific': 1, 'Reposting/Crossposting': 1, 'A: Advertising & Commercialization, Spam': 1, 'Mis/Disinformation/Conspiracy': 1, 'Hate Speech, Illegal Content': 1, 'Hate Speech, Incitement of Violence, Harassment': 1, 'Hate Speech': 1, 'A: Illegal Content': 1, 'NSFW, Illegal Content': 1, 'A: NSFW, Content Warnings': 1}"
hachyderm.io,"[""Don't be a dick."", 'No hacking.', 'No violence.', 'No fascism.', 'No colonialism.', 'No white supremacy.', 'No religious extremism.', 'No nationalism.', 'No racism.', 'No homophobia.', 'No transphobia.', 'Safe Space: LGTBQIA+', 'Safe Space: neurodivergent (ADHD, Autism, etc.)']","{'Hate Speech': 8, 'A: Not Applicable': 1, 'Illegal Content': 1, 'Incitement of Violence': 1, 'Hate Speech, Incitement of Violence': 1, 'Not Applicable': 1}","[""Don't be a dick."", 'No hacking.', 'No violence.', 'No fascism.', 'No colonialism.', 'No white supremacy.', 'No religious extremism.', 'No nationalism.', 'No racism.', 'No homophobia.', 'No transphobia.', 'Safe Space: LGTBQIA+', 'Safe Space: neurodivergent (ADHD, Autism, etc.)']","{'Hate Speech': 8, 'Not Applicable': 2, 'Illegal Content': 1, 'Incitement of Violence': 1, 'Hate Speech, Incitement of Violence': 1}","[""Don't be a dick."", 'No hacking.', 'No violence.', 'No fascism.', 'No colonialism.', 'No white supremacy.', 'No religious extremism.', 'No nationalism.', 'No racism.', 'No homophobia.', 'No transphobia.', 'Safe Space: LGTBQIA+', 'Safe Space: neurodivergent (ADHD, Autism, etc.)']","{'Hate Speech': 8, 'Not Applicable': 2, 'Illegal Content': 1, 'Incitement of Violence': 1, 'Hate Speech, Incitement of Violence': 1}"
hackaday.social,"['Respect Others. Harassment of other users in any form will not be tolerated.', 'Stay Work Safe. Sexual language and imagery is not appropriate for this server, and excessive foul language will get you muted or kicked.', 'No Illegal Activity. We aren’t those kinds of hackers, so keep discussion on-topic.', 'No Spam. Repeatedly posting the same messages and images is disruptive and annoying.', 'No Ads. Personal projects are OK, but links to commercial products or paid services may be deleted.']","{'Harassment': 1, 'NSFW': 1, 'Illegal Content, Off-topic/topic specific': 1, 'Spam, Reposting/Crossposting': 1, 'Advertising & Commercialization, Links & Outside Content': 1}","['Respect Others. Harassment of other users in any form will not be tolerated.', 'Stay Work Safe. Sexual language and imagery is not appropriate for this server, and excessive foul language will get you muted or kicked.', 'No Illegal Activity. We aren’t those kinds of hackers, so keep discussion on-topic.', 'No Spam. Repeatedly posting the same messages and images is disruptive and annoying.', 'No Ads. Personal projects are OK, but links to commercial products or paid services may be deleted.']","{'Harassment': 1, 'NSFW': 1, 'Illegal Content, Off-topic/topic specific': 1, 'Spam, Reposting/Crossposting': 1, 'Advertising & Commercialization, Links & Outside Content': 1}",[nan],{'Not Applicable': 1}
hci.social,"['Treating everyone with respect and consideration; under the umbrella of respect, we expect all participants to be mindful of their speech and behaviors.', 'Communicating openly and thoughtfully with others and being considerate of the multitude of views and opinions that may be different than your own.', 'Being respectful and mindful in your critique of ideas.', 'Respecting others’ identities in full, e.g., using their specified pronouns.', 'Respecting others’ right to engage or disengage in conversation.', 'Accepting responsibility to take action, as bystanders and advocates, to call out and report misbehavior and to hold each other accountable to these rules.', 'Comments that target other participants based on characteristics such as gender, gender identity and expression, sexual orientation, race, ethnicity, age, ability, status, physical appearance, body size, or religion.', 'Unwelcome personal attention, particularly when one individual has authority over the other.', 'Persistent, unwanted attempts to contact another group member, particularly when one individual has authority over the other.', 'Deliberate intimidation, stalking, or threats of violence.', 'Sustained disruption of presentations, events, or online discussion.', 'Advocating for, or encouraging, any of the above behavior.']","{'Harassment': 3, 'Not Applicable': 2, 'A: Harassment, Hate Speech': 1, 'A: Not Applicable': 1, 'Hate Speech, Harassment': 1, 'Hate Speech': 1, 'Harassment, Incitement of Violence': 1, 'Harassment, Trolling': 1, 'Incitement of Violence': 1}",[nan],{'Not Applicable': 1},"['Treating everyone with respect and consideration; under the umbrella of respect, we expect all participants to be mindful of their speech and behaviors.', 'Communicating openly and thoughtfully with others and being considerate of the multitude of views and opinions that may be different than your own.', 'Being respectful and mindful in your critique of ideas.', 'Respecting others’ identities in full, e.g., using their specified pronouns.', 'Respecting others’ right to engage or disengage in conversation.', 'Accepting responsibility to take action, as bystanders and advocates, to call out and report misbehavior and to hold each other accountable to these rules.', 'Comments that target other participants based on characteristics such as gender, gender identity and expression, sexual orientation, race, ethnicity, age, ability, status, physical appearance, body size, or religion.', 'Unwelcome personal attention, particularly when one individual has authority over the other.', 'Persistent, unwanted attempts to contact another group member, particularly when one individual has authority over the other.', 'Deliberate intimidation, stalking, or threats of violence.', 'Sustained disruption of presentations, events, or online discussion.', 'Advocating for, or encouraging, any of the above behavior.']","{'Not Applicable': 4, 'Harassment': 2, 'A: Harassment, Hate Speech': 1, 'A: Not Applicable': 1, 'Hate Speech, Harassment': 1, 'Hate Speech': 1, 'Harassment, Incitement of Violence': 1, 'Harassment, Trolling': 1}"
hcommons.social,"['No racism, sexism / misogyny, ableism, anti-semitism / religious-based hate, homophobia, transphobia, xenophobia, or casteism.', 'No incitement of violence or promotion of violent, white supremecist, incel, Holocaust denial or Nazi ideologies.', 'No harassment, dogpiling, or doxxing of other users.', 'Sexually explicit or violent media must be marked as sensitive. Pornographic material may not be posted.', 'No intentionally false or misleading information (this includes COVID-19 and vaccine misinformation).', 'No spam.']","{'Hate Speech': 1, 'Incitement of Violence, Hate Speech, Mis/Disinformation/Conspiracy': 1, 'Doxxing/ Personal Info, Harassment, Dogpiling': 1, 'NSFW, Images': 1, 'Mis/Disinformation/Conspiracy': 1, 'Spam': 1}","['No racism, sexism / misogyny, ableism, anti-semitism / religious-based hate, homophobia, transphobia, xenophobia, or casteism.', 'No incitement of violence or promotion of violent, white supremecist, incel, Holocaust denial or Nazi ideologies.', 'No harassment, dogpiling, or doxxing of other users.', 'Sexually explicit or violent media must be marked as sensitive. Pornographic material may not be posted.', 'No intentionally false or misleading information (this includes COVID-19 and vaccine misinformation).', 'No spam.']","{'Hate Speech': 1, 'Incitement of Violence, Hate Speech, Mis/Disinformation/Conspiracy': 1, 'Doxxing/Personal Info, Harassment, Dogpiling': 1, 'NSFW, Images': 1, 'Mis/Disinformation/Conspiracy': 1, 'Spam': 1}",[nan],{'A: Not Applicable': 1}
historians.social,"['Be respectful.', 'No hate.', 'No harassment.', 'No content that is illegal in Germany and/or France, such as Holocaust denial or Nazi symbolism', 'No disinformation.', 'No fascism.', 'No violence.', 'No white supremacy.', 'No Spam.', 'No racism.', 'No homophobia.', 'No transphobia.', 'No conspiracy theories unless in historical context.', 'Safe Space: LGTBQIA+', 'Safe Space: neurodivergent (ADHD, Aspie, Autism, etc)', 'No hacking.', 'No pornography.', 'No impersonation accounts unless linked to an actual person visible to site admin.']","{'Hate Speech': 7, 'Mis/Disinformation/Conspiracy': 2, 'Not Applicable': 1, 'Harassment': 1, 'Illegal Content, Hate Speech': 1, 'Incitement of Violence': 1, 'Spam': 1, 'A: Not Applicable': 1, 'Illegal Content': 1, 'NSFW': 1, 'Impersonation': 1}",[nan],{'Not Applicable': 1},[nan],{'Not Applicable': 1}
indieweb.social,"['No spam or self-promoting posts.', 'No bots that are not labeled as such in their profile.', 'Keep conversations civil and respectful even in disagreement.']","{'A: Advertising & Commercialization, Spam': 1, 'Automated tools': 1, 'Harassment': 1}","['No spam or excessive self-promoting in posts.', 'No bots that are not labeled as such in their profile.', 'Keep conversations civil and respectful even in disagreement.', 'No racism, sexism, homophobia, transphobia, xenophobia, anti-Semitism, or casteism', 'No sexually explicit or violent posts or media allowed', 'No incitement of violence or promotion of violent ideologies', 'No illegal content.']","{'Spam, Advertising & Commercialization': 1, 'Automated tools, Impersonation': 1, 'Harassment': 1, 'Hate Speech': 1, 'NSFW, Images': 1, 'Incitement of Violence': 1, 'Illegal Content': 1}","['No spam or excessive self-promoting in posts.', 'No bots that are not labeled as such in their profile.', 'Keep conversations civil and respectful even in disagreement.', 'No racism, sexism, homophobia, transphobia, xenophobia, anti-Semitism, or casteism', 'No sexually explicit or violent posts or media allowed', 'No incitement of violence or promotion of violent ideologies', 'No illegal content.']","{'Spam, Advertising & Commercialization': 1, 'Automated tools': 1, 'Harassment': 1, 'Hate Speech': 1, 'NSFW, Images': 1, 'Incitement of Violence': 1, 'Illegal Content': 1}"
infosec.exchange,"['Do unto others as you think they would want done to them.', 'Mark sensitive content with a content warning.', 'Gratuitous obscenity that serves no practical benefit to a discussion is not permitted.', 'Illegal content such as child pornography, unsurprisingly, is not permitted', 'Spam is not permitted, this includes creating spam accounts that only serve to provide profile links or advertise products and services.', 'Hate speech and abusive or threatening behavior is not permitted, specifically that which directed at any gender, nationality, religion, race, age, pizza topping preference, or sexual identity.  One can hate on systemd all day long here.', ""Lack of a specific rule against a certain behavior does not indicate acceptance of that behavior.  Each of us has a limited amount of time in this world.  Don't be a jerk."", 'Violating one or more of these rules may result in an immediate, permanent ban without notice or warning.', 'You may not impersonate a person or brand without a clear indication the account is unofficial and/or a parody. Parody accounts are permitted, as are legitimate brand accounts.', 'No attacks against (or from) the instance.\r\n\r\nYou may not do anything which may impact confidentiality, integrity or availability of Infosec.Exchange, the users of the service or their data.\r\nFor more details see https://wiki.infosec.exchange/rules/start', 'No doxing (aka doxxing) or disclosing personal information without consent and as a means of harassing or causing others to harass another person.', 'No harassment in the form of continued engagement after a person has requested contact to stop', 'Automated posting:\r\n- accounts that post >50% using automation must be labeled as a “bot” in the user profile to help provide a visual indicator to visitors\r\n- automated posts must be limited to one post per hour/24 per day with post visibility set to “public”. There is no limit on “unlisted” posts.']","{'Not Applicable': 2, 'A: Not Applicable': 1, 'A: Content Warnings': 1, 'NSFW': 1, 'Illegal Content': 1, 'Advertising & Commercialization, Spam': 1, 'Hate Speech, Harassment': 1, 'Impersonation': 1, 'A: Harassment, Links & Outside Content, Illegal Content': 1, 'Doxxing/Personal Info, Harassment': 1, 'Harassment': 1, 'Automated tools': 1}","['Do unto others as you think they would want done to them.', 'Mark sensitive content with a content warning.', 'Gratuitous obscenity that serves no practical benefit to a discussion is not permitted.', 'Illegal content such as child pornography, unsurprisingly, is not permitted', 'Spam is not permitted, this includes creating spam accounts that only serve to provide profile links or advertise products and services.', 'Hate speech and abusive or threatening behavior is not permitted, specifically that which directed at any gender, nationality, religion, race, age, pizza topping preference, or sexual identity.  One can hate on systemd all day long here.', ""Lack of a specific rule against a certain behavior does not indicate acceptance of that behavior.  Each of us has a limited amount of time in this world.  Don't be a jerk."", 'Violating one or more of these rules may result in an immediate, permanent ban without notice or warning.', 'You may not impersonate a person or brand without a clear indication the account is unofficial and/or a parody. Parody accounts are permitted, as are legitimate brand accounts.', 'No attacks against (or from) the instance.\r\n\r\nYou may not do anything which may impact confidentiality, integrity or availability of Infosec.Exchange, the users of the service or their data.\r\nFor more details see https://wiki.infosec.exchange/rules/start', 'No doxing (aka doxxing) or disclosing personal information without consent and as a means of harassing or causing others to harass another person.', 'No harassment in the form of continued engagement after a person has requested contact to stop', 'Automated posting:\r\n- accounts that post >50% using automation must be labeled as a “bot” in the user profile to help provide a visual indicator to visitors\r\n- automated posts must be limited to one post per hour/24 per day with post visibility set to “public”. There is no limit on “unlisted” posts.']","{'Not Applicable': 3, 'A: Content Warnings': 1, 'NSFW': 1, 'Illegal Content, NSFW': 1, 'Advertising & Commercialization, Spam': 1, 'Hate Speech, Harassment': 1, 'Impersonation': 1, 'A: Harassment, Links & Outside Content': 1, 'Doxxing/Personal Info, Harassment': 1, 'Harassment': 1, 'Automated tools': 1}","['Do unto others as you think they would want done to them.', 'Mark sensitive content with a content warning.', 'Gratuitous obscenity that serves no practical benefit to a discussion is not permitted.', 'Illegal content such as child pornography, unsurprisingly, is not permitted', 'Spam is not permitted, this includes creating spam accounts that only serve to provide profile links or advertise products and services.', 'Hate speech and abusive or threatening behavior is not permitted, specifically that which directed at any gender, nationality, religion, race, age, pizza topping preference, or sexual identity.  One can hate on systemd all day long here.', ""Lack of a specific rule against a certain behavior does not indicate acceptance of that behavior.  Each of us has a limited amount of time in this world.  Don't be a jerk."", 'Violating one or more of these rules may result in an immediate, permanent ban without notice or warning.', 'You may not impersonate a person or brand without a clear indication the account is unofficial and/or a parody. Parody accounts are permitted, as are legitimate brand accounts.', 'No attacks against (or from) the instance.\r\n\r\nYou may not do anything which may impact confidentiality, integrity or availability of Infosec.Exchange, the users of the service or their data.\r\nFor more details see https://wiki.infosec.exchange/rules/start', 'No doxing (aka doxxing) or disclosing personal information without consent and as a means of harassing or causing others to harass another person.', 'No harassment in the form of continued engagement after a person has requested contact to stop', 'Automated posting:\r\n- accounts that post >50% using automation must be labeled as a “bot” in the user profile to help provide a visual indicator to visitors\r\n- automated posts must be limited to one post per hour/24 per day with post visibility set to “public”. There is no limit on “unlisted” posts.']","{'Not Applicable': 2, 'A: Not Applicable': 1, 'A: Content Warnings': 1, 'NSFW': 1, 'Illegal Content, NSFW': 1, 'Spam, Advertising & Commercialization': 1, 'Hate Speech, Harassment': 1, 'Impersonation': 1, 'A: Links & Outside Content, Harassment': 1, 'Doxxing/Personal Info, Harassment': 1, 'Harassment': 1, 'Automated tools': 1}"
ioc.exchange,"['Be Nice!', 'Mark sensitive content with a content warning.', 'No Spam and No Advertisement. (Promoting your own work is fine.)', 'No Hate Speech!', 'Reason for joining: What is your connection to the infosec/cybersecurity community?']","{'Not Applicable': 1, 'A: Content Warnings': 1, 'Advertising & Commercialization, Spam': 1, 'Hate Speech': 1, 'Off-topic/topic specific': 1}","['Be Nice!', 'Mark sensitive content with a content warning.', 'No Spam and No Advertisement. (Promoting your own work is fine.)', 'No Hate Speech!', 'Reason for joining: What is your connection to the infosec/cybersecurity community?']","{'Not Applicable': 1, 'A: Content Warnings': 1, 'Advertising & Commercialization, Spam': 1, 'Hate Speech': 1, 'Off-topic/topic specific': 1}",[nan],{'A: Not Applicable': 1}
journa.host,"['Sexually explicit or violent media must be marked as sensitive when posting.', 'No racism, sexism, homophobia, transphobia, xenophobia, antisemitism, or casteism.', 'No incitement of violence or promotion of violent ideologies.', 'No harassment of or dogpiling other users.', 'Do not share intentionally false or misleading information.', 'This is a server for journalists. If you are not a journalist, please look to one of the many other servers that exist. There are HUNDREDS you can find: https://joinmastodon.org/servers or https://instances.social/.', 'No ad hominem attacks. Don’t discredit someone because of who they are.', 'Do not propagate misinformation or disinformation.', 'Don’t harass anyone, especially the moderators. Harassment can be difficult to define fully, but any sort of slurs or prejudicial comments based on identity will be removed. Repeated harassment will prompt a suspension.', 'Do not encourage violence, either implicitly or explicitly.', 'Hate speech is not tolerated. This includes racism, misogyny, transphobia, homophobia and religious intolerance such as anti-semitism. This list is illustrative but not exhaustive.']","{'Hate Speech': 2, 'Incitement of Violence': 2, 'Mis/Disinformation/Conspiracy': 2, 'Harassment, Hate Speech': 2, 'A: Images': 1, 'Harassment, Dogpiling': 1, 'Off-topic/topic specific': 1}","['Sexually explicit or violent media must be marked as sensitive when posting.', 'No racism, sexism, homophobia, transphobia, xenophobia, antisemitism, or casteism.', 'No incitement of violence or promotion of violent ideologies.', 'No harassment of or dogpiling other users.', 'Do not share intentionally false or misleading information.', 'This is a server for journalists. If you are not a journalist, please look to one of the many other servers that exist. There are HUNDREDS you can find: https://joinmastodon.org/servers or https://instances.social/.', 'No ad hominem attacks. Don’t discredit someone because of who they are.', 'Do not propagate misinformation or disinformation.', 'Don’t harass anyone, especially the moderators. Harassment can be difficult to define fully, but any sort of slurs or prejudicial comments based on identity will be removed. Repeated harassment will prompt a suspension.', 'Do not encourage violence, either implicitly or explicitly.', 'Hate speech is not tolerated. This includes racism, misogyny, transphobia, homophobia and religious intolerance such as anti-semitism. This list is illustrative but not exhaustive.']","{'Hate Speech': 2, 'Incitement of Violence': 2, 'Mis/Disinformation/Conspiracy': 2, 'A: Images': 1, 'Harassment, Dogpiling': 1, 'Off-topic/topic specific, Links & Outside Content': 1, 'Harassment': 1, 'Harassment, Hate Speech': 1}","['Sexually explicit or violent media must be marked as sensitive when posting.', 'No racism, sexism, homophobia, transphobia, xenophobia, antisemitism, or casteism.', 'No incitement of violence or promotion of violent ideologies.', 'No harassment of or dogpiling other users.', 'Do not share intentionally false or misleading information.', 'This is a server for journalists. If you are not a journalist, please look to one of the many other servers that exist. There are HUNDREDS you can find: https://joinmastodon.org/servers or https://instances.social/.', 'No ad hominem attacks. Don’t discredit someone because of who they are.', 'Do not propagate misinformation or disinformation.', 'Don’t harass anyone, especially the moderators. Harassment can be difficult to define fully, but any sort of slurs or prejudicial comments based on identity will be removed. Repeated harassment will prompt a suspension.', 'Do not encourage violence, either implicitly or explicitly.', 'Hate speech is not tolerated. This includes racism, misogyny, transphobia, homophobia and religious intolerance such as anti-semitism. This list is illustrative but not exhaustive.']","{'Hate Speech': 2, 'Incitement of Violence': 2, 'Mis/Disinformation/Conspiracy': 2, 'A: Images': 1, 'Harassment, Dogpiling': 1, 'Off-topic/topic specific, Links & Outside Content': 1, 'Harassment': 1, 'Harassment, Hate Speech': 1}"
kind.social,"[""Don't be an asshole, and don't post anything illegal. Those concepts guide most other rules & moderation."", 'No racism, sexism, homophobia, transphobia, discrimination, ableism, harassment, disinfo, conspiracists, trolls, etc. Please, also report this whenever seen.', ""Content Warnings & Sensitive Media labels are required for depictions of nudity, bloodshed, or extreme harm (NSFW.)\r\nCWs, Alt Text, & PascalCase hashtags are encouraged to improve everyone's experiences, especially disabled users. However, policing or bullying people to use them is unacceptable."", 'No big corporate advertising, spam, or accounts.\r\nNo crypto advertising, spam, or accounts.\r\nNo ""AI"" advertising, spam, or accounts.\r\nHowever, small businesses & independent creators, along with their self-promotion, are welcomed and encouraged.', 'Automated & Bot accounts must be labeled as such. If the account will be regularly posting more than 3 times a day, posts should be set as Unlisted by default to prevent clogging up the Local timeline.', ""Check out the admin's Pinned Posts for user info like: how to migrate servers, app suggestions, Mastodon norms, & more. The admin's profile can be found at https://kind.social/@Texan_Reverend\r\nIf you have questions or want help configuring your account & app, Texan_Reverend is only an @ away.""]","{'A: Harassment, Illegal Content': 1, 'Hate Speech, Harassment, Mis/Disinformation/Conspiracy, Trolling': 1, 'Images, Content Warnings, NSFW, Harassment': 1, 'Advertising & Commercialization, Spam': 1, 'Automated tools': 1, 'Links & Outside Content, Not Applicable': 1}",[nan],{'Not Applicable': 1},"[""Don't be an asshole, and don't post anything illegal. Those concepts guide most other rules & moderation."", 'No racism, sexism, homophobia, transphobia, discrimination, ableism, harassment, disinfo, conspiracists, trolls, etc. Please, also report this whenever seen.', ""Content Warnings & Sensitive Media labels are required for depictions of nudity, bloodshed, or extreme harm (NSFW.)\r\nCWs, Alt Text, & PascalCase hashtags are encouraged to improve everyone's experiences, especially disabled users. However, policing or bullying people to use them is unacceptable."", 'No big corporate advertising, spam, or accounts.\r\nNo crypto advertising, spam, or accounts.\r\nNo ""AI"" advertising, spam, or accounts.\r\nHowever, small businesses & independent creators, along with their self-promotion, are welcomed and encouraged.', 'Automated & Bot accounts must be labeled as such. If the account will be regularly posting more than 3 times a day, posts should be set as Unlisted by default to prevent clogging up the Local timeline.', ""Check out the admin's Pinned Posts for user info like: how to migrate servers, app suggestions, Mastodon norms, & more. The admin's profile can be found at https://kind.social/@Texan_Reverend\r\nIf you have questions or want help configuring your account & app, Texan_Reverend is only an @ away.""]","{'A: Harassment, Illegal Content': 1, 'Hate Speech, Harassment, Mis/Disinformation/Conspiracy, Trolling': 1, 'A: Content Warnings, NSFW, Harassment': 1, 'Advertising & Commercialization, Spam': 1, 'Automated tools, Spam': 1, 'Links & Outside Content, Not Applicable': 1}"
kinkyelephant.com,"[""Don't be a dick. Being nice to each other is the most important rule of this instance."", ""Don't post stuff you don't have the rights to without permission. This is a creator-friendly instance."", ""Hywel is running this instance out of his own pocket for BDSM models, producers and fans. If you don't like the way this instance is run, start your own. That's what Mastodon is for :-)"", ""If you post illegal stuff, you're out."", 'Please mark ""Not Safe For Work"" (NSFW) content with the eye button for images AND the CW button for text. It is important to DO BOTH for every post so vanilla users on other instances know what they are getting.']","{'Not Applicable': 2, 'Copyright/ Piracy': 1, 'Illegal Content': 1, 'NSFW, Content Warnings': 1}","[""Don't be a dick. Being nice to each other is the most important rule of this instance."", ""Don't post stuff you don't have the rights to without permission. This is a creator-friendly instance."", ""Hywel is running this instance out of his own pocket for BDSM models, producers and fans. If you don't like the way this instance is run, start your own. That's what Mastodon is for :-)"", ""If you post illegal stuff, you're out."", 'Please mark ""Not Safe For Work"" (NSFW) content with the eye button for images AND the CW button for text. It is important to DO BOTH for every post so vanilla users on other instances know what they are getting.']","{'Not Applicable': 2, 'Copyright/ Piracy': 1, 'Illegal Content': 1, 'NSFW, Content Warnings': 1}","[""Don't be a dick. Being nice to each other is the most important rule of this instance."", ""Don't post stuff you don't have the rights to without permission. This is a creator-friendly instance."", ""Hywel is running this instance out of his own pocket for BDSM models, producers and fans. If you don't like the way this instance is run, start your own. That's what Mastodon is for :-)"", ""If you post illegal stuff, you're out."", 'Please mark ""Not Safe For Work"" (NSFW) content with the eye button for images AND the CW button for text. It is important to DO BOTH for every post so vanilla users on other instances know what they are getting.']","{'A: Not Applicable': 1, 'Copyright/ Piracy': 1, 'Not Applicable': 1, 'Illegal Content': 1, 'NSFW, Content Warnings': 1}"
kolektiva.social,"['No racism, misogyny, homo/transphobia, ableism or other oppressive behaviour.', 'No right wing bullshit and no authoritarian left wing apologetics.', 'No harassment.', 'No electoral propaganda/campaigning.', 'No misinformation or conspiracy theories.', 'No promotion of capitalism, meritocracy or a commercial enterprise.', 'No spam.', 'No sexualized images without consent.']","{'Hate Speech': 1, 'Hate Speech, Mis/Disinformation/Conspiracy': 1, 'Harassment': 1, 'Advertising & Commercialization, Spam': 1, 'Mis/Disinformation/Conspiracy': 1, 'Advertising & Commercialization': 1, 'Spam': 1, 'NSFW, Images': 1}","['No racism, misogyny, homo/transphobia, ableism or other oppressive behaviour.', 'No right wing bullshit and no authoritarian left wing apologetics.', 'No harassment.', 'No electoral propaganda/campaigning.', 'No misinformation or conspiracy theories.', 'No promotion of capitalism, meritocracy or a commercial enterprise.', 'No spam.', 'No sexualized images without consent.']","{'Hate Speech': 1, 'Hate Speech, Mis/Disinformation/Conspiracy': 1, 'Harassment': 1, 'Advertising & Commercialization, Spam': 1, 'Mis/Disinformation/Conspiracy': 1, 'Advertising & Commercialization': 1, 'Spam': 1, 'NSFW, Images': 1}","['No racism, misogyny, homo/transphobia, ableism or other oppressive behaviour.', 'No right wing bullshit and no authoritarian left wing apologetics.', 'No harassment.', 'No electoral propaganda/campaigning.', 'No misinformation or conspiracy theories.', 'No promotion of capitalism, meritocracy or a commercial enterprise.', 'No spam.', 'No sexualized images without consent.']","{'Hate Speech': 1, 'Hate Speech, Mis/Disinformation/Conspiracy': 1, 'Harassment': 1, 'Advertising & Commercialization, Spam': 1, 'Mis/Disinformation/Conspiracy': 1, 'Advertising & Commercialization': 1, 'Spam': 1, 'NSFW, Images': 1}"
kommentakerfid.is,"['Enginn hatursáróður\r\n\r\nÞað er bannað að vera með eða endurbirta hatursáróður. Dæmi: rasismi, transfóbía', 'Innihaldsviðvörun (CW) á nekt\r\n\r\nSetjið innihaldsviðvörun á nekt. Auðvitað geta verið undantekningar þannig að þið notið dómgreindina.', 'Crypto (Bitcoin, NFT og þess háttar)\r\n\r\nFarið varlega þegar þið deilið efni sem fjallar um Crypto af því það er mikið um vafasamar fullyrðingar og tilboð.', 'Ofbeldi og fólk í neyð\r\n\r\nNotið innihaldsviðvaranir á efni sem inniheldur ofbeldi. Ekki deila myndum af fólki í neyð ef líkur eru á því að það vilji ekki að slíkt efni fari í dreifingu.', 'Engar falsfréttir\r\n\r\nEkki deila tenglum á falsfréttamiðla (þó allir geri stundum mistök í að meta slíkt).', 'Breytingar á færslum\r\n\r\nÞað er mögulegt að breyta færslum á Mastodon. Vinsamlegast farið varlega í að breyta færslum sem þegar eru komnar í dreifingu (og búnar að fá endurbirtingar). Sumsé, ekki breyta færslum á villandi hátt þannig að meining þeirra breytist.']","{'Hate Speech, Reposting/Crossposting': 1, 'A: Content Warnings, NSFW': 1, 'Mis/Disinformation/Conspiracy, Advertising & Commercialization': 1, 'Content Warnings, Images': 1, 'Mis/Disinformation/Conspiracy, Links & Outside Content': 1, 'Mis/Disinformation/Conspiracy': 1}","['Enginn hatursáróður\r\n\r\nÞað er bannað að vera með eða endurbirta hatursáróður. Dæmi: rasismi, transfóbía', 'Innihaldsviðvörun (CW) á nekt\r\n\r\nSetjið innihaldsviðvörun á nekt. Auðvitað geta verið undantekningar þannig að þið notið dómgreindina.', 'Crypto (Bitcoin, NFT og þess háttar)\r\n\r\nFarið varlega þegar þið deilið efni sem fjallar um Crypto af því það er mikið um vafasamar fullyrðingar og tilboð.', 'Ofbeldi og fólk í neyð\r\n\r\nNotið innihaldsviðvaranir á efni sem inniheldur ofbeldi. Ekki deila myndum af fólki í neyð ef líkur eru á því að það vilji ekki að slíkt efni fari í dreifingu.', 'Engar falsfréttir\r\n\r\nEkki deila tenglum á falsfréttamiðla (þó allir geri stundum mistök í að meta slíkt).', 'Breytingar á færslum\r\n\r\nÞað er mögulegt að breyta færslum á Mastodon. Vinsamlegast farið varlega í að breyta færslum sem þegar eru komnar í dreifingu (og búnar að fá endurbirtingar). Sumsé, ekki breyta færslum á villandi hátt þannig að meining þeirra breytist.']","{'Mis/Disinformation/Conspiracy, Links & Outside Content': 2, 'Hate Speech, Reposting/Crossposting': 1, 'A: Content Warnings, NSFW': 1, 'Images, Content Warnings': 1, 'Mis/Disinformation/Conspiracy': 1}","['Enginn hatursáróður\r\n\r\nÞað er bannað að vera með eða endurbirta hatursáróður. Dæmi: rasismi, transfóbía', 'Innihaldsviðvörun (CW) á nekt\r\n\r\nSetjið innihaldsviðvörun á nekt. Auðvitað geta verið undantekningar þannig að þið notið dómgreindina.', 'Crypto (Bitcoin, NFT og þess háttar)\r\n\r\nFarið varlega þegar þið deilið efni sem fjallar um Crypto af því það er mikið um vafasamar fullyrðingar og tilboð.', 'Ofbeldi og fólk í neyð\r\n\r\nNotið innihaldsviðvaranir á efni sem inniheldur ofbeldi. Ekki deila myndum af fólki í neyð ef líkur eru á því að það vilji ekki að slíkt efni fari í dreifingu.', 'Engar falsfréttir\r\n\r\nEkki deila tenglum á falsfréttamiðla (þó allir geri stundum mistök í að meta slíkt).', 'Breytingar á færslum\r\n\r\nÞað er mögulegt að breyta færslum á Mastodon. Vinsamlegast farið varlega í að breyta færslum sem þegar eru komnar í dreifingu (og búnar að fá endurbirtingar). Sumsé, ekki breyta færslum á villandi hátt þannig að meining þeirra breytist.']","{'Mis/Disinformation/Conspiracy, Links & Outside Content': 2, 'Hate Speech, Reposting/Crossposting': 1, 'Content Warnings, NSFW': 1, 'Images, Content Warnings': 1, 'Mis/Disinformation/Conspiracy': 1}"
layer8.space,"[""Don't be a dick"", 'Sexually explicit or violent media must be marked as sensitive when posting', 'No incitement of violence or promotion of violent ideologies', 'No harassment, dogpiling or doxxing of other users', 'No content illegal in Germany', 'Do not share false or misleading information that may lead to physical harm', 'No racism, sexism, homophobia, transphobia, xenophobia, or casteism']","{'Not Applicable': 1, 'Images': 1, 'Incitement of Violence': 1, 'Doxxing/Personal Info, Harassment, Dogpiling': 1, 'Illegal Content': 1, 'Mis/Disinformation/Conspiracy, Incitement of Violence': 1, 'Hate Speech': 1}",[nan],{'Not Applicable': 1},[nan],{'A: Not Applicable': 1}
lor.sh,"[""Don't be evil"", 'Shitposting is evil', 'Nazism is also evil', 'And *phobia is evil too', 'Any kind of adult content that includes underage persons is not allowed', 'Keep local timeline safe for work', ""Be careful with people that don't understand jokes, they can be offended"", ""Try to keep civil discourse even if the other side is not. Some people don't really know when their behavior is toxic. That does not make them bad"", 'Respect free speech, but do not abuse it', ""Keep public content in English, French, or Russian. Don't forget to set the correct one in the post's settings"", 'Mention that you read the rules in the registration message. Otherwise, your account will not be approved', 'Remember, each ActivityPub instance has its own set of rules. Other servers have no obligation to follow our rule set, but you can always block accounts/servers on your side', 'You are 18 or older']","{'Not Applicable': 7, 'Hate Speech': 2, 'Illegal Content, NSFW': 1, 'NSFW': 1, 'Harassment': 1, 'Off-topic/topic specific': 1}",[nan],{'Not Applicable': 1},[nan],{'Not Applicable': 1}
m.cmx.im,"['【用户交流】禁止发布对性取向、性癖、爱好、信仰、宗教、政治立场、民族、地域等的侮辱性言论', '【用户交流】禁止对任何用户发送具有骚扰、猥亵、恐吓、威胁、诱骗、霸凌性质的内容、不受欢迎的性暗示内容，或其他令他人感到不安或不适、打扰他人正常生活的内容', '【用户交流】请不要发布种族主义、性别主义、同性恋恐惧以及跨性别恐惧言论', '【敏感内容】只要涉及成人内容，包括文字及媒体，均需使用恰当的CW标签及隐藏内容警告', '【敏感内容】请不要发布违反伦理及社会共识的成人内容，如由真实的儿童参与制作的色情内容', '【使用行为】禁止对其他用户实施任何人肉行为', '【使用行为】禁止使用包括但不限于任何形式的自动化程序等手段大量获取本站的数据', '【使用行为】机器人账户不得滥用服务器资源', '【使用行为】禁止冒用他人身份注册账号或发布冒用他人身份的嘟文', '【使用行为】禁止将本站服务用于正常交流以外的用途的滥用行为', '【使用行为】禁止散布计算机恶意程序', '【广告及推广】请不要推广虚假、诈骗、或违反本站服务条款的内容', '【广告及推广】请不要发布重复推广内容或重复刷屏', '【广告及推广】请不要发布与本站用户完全不相干的推广内容', '【知识产权】请不要发布盗版内容', '【知识产权】请不要在未经作者授权的情况下发布他人作品', '【新用户注册须知】\r\n1. 注册账户时请回答以下开放性问题，答案没有对错，请自由挥发作答；但若答非所问或漏项，注册将被拒绝：「请推荐一部你最喜欢的影视作品，并简要说明原因」 \r\n2. 请勿使用无法正常收到邮件的临时邮箱或虚假的邮箱地址注册本站，否则注册将被拒绝。\r\n3. 开设机器人账户需先与站长沟通。']","{'Hate Speech': 2, 'Automated tools': 2, 'Harassment, NSFW': 1, 'A: NSFW, Content Warnings': 1, 'Illegal Content, NSFW': 1, 'Doxxing/Personal Info': 1, 'Impersonation': 1, 'The rule is in Chinese and translates to ""【Usage Behavior】Prohibit abusive behavior that uses this site\'s services for purposes other than normal communication."" Based on this, the appropriate categories would be:\n\n- Spam\n- Off-topic/topic specific': 1, 'Illegal Content': 1, 'Advertising & Commercialization, Mis/Disinformation/Conspiracy': 1, 'Advertising & Commercialization, Spam': 1, 'Advertising & Commercialization': 1, 'Copyright/Piracy': 1, 'Copyright/ Piracy': 1, 'Automated tools, Not Applicable': 1}",[nan],{'A: Not Applicable': 1},"['【用户交流】禁止发布对性取向、性癖、爱好、信仰、宗教、政治立场、民族、地域等的侮辱性言论', '【用户交流】禁止对任何用户发送具有骚扰、猥亵、恐吓、威胁、诱骗、霸凌性质的内容、不受欢迎的性暗示内容，或其他令他人感到不安或不适、打扰他人正常生活的内容', '【用户交流】请不要发布种族主义、性别主义、同性恋恐惧以及跨性别恐惧言论', '【敏感内容】只要涉及成人内容，包括文字及媒体，均需使用恰当的CW标签及隐藏内容警告', '【敏感内容】请不要发布违反伦理及社会共识的内容', '【使用行为】禁止对其他用户实施任何人肉行为', '【使用行为】禁止使用包括但不限于任何形式的自动化程序等手段大量获取本站的数据', '【使用行为】机器人账户不得滥用服务器资源', '【使用行为】禁止冒用他人身份注册账号或发布冒用他人身份的嘟文', '【使用行为】禁止将本站服务用于正常交流以外的用途的滥用行为', '【使用行为】禁止散布计算机恶意程序', '【广告及推广】请不要推广虚假、诈骗、或违反本站服务条款的内容', '【广告及推广】请不要发布重复推广内容或重复刷屏', '【广告及推广】请不要发布与本站用户完全不相干的推广内容', '【知识产权】请不要发布盗版内容', '【知识产权】请不要在未经作者授权的情况下发布他人作品', '【政治言论】请不要发布针对政体、政党、社团、国家的仇恨性言论。', '【政治言论】请不要鼓吹、鼓动极端思想。', '【政治言论】请不要对持不同政见，或者压根对该话题不感兴趣的用户发表侮辱性言论。', '【新用户注册须知】 1. 完整版实例规则请见 https://cmx-im.github.io/terms.html 2. 注册账户时请回答以下开放性问题，答案没有对错，请自由挥发作答；但若答非所问或漏项，注册将被拒绝：「请推荐一部你最喜欢的影视作品，并简要说明原因」 3. 请勿使用无法正常收到邮件的临时邮箱或虚假的邮箱地址注册本站，否则注册将被拒绝。 4. 开设机器人账户需先与站长沟通。', '我知悉违反任何服务器规则都可能导致删除个别嘟文，或隐藏/封禁整个账号，创建账号即表示我接受所有规则。']","{'Hate Speech': 3, 'Automated tools': 2, 'Advertising & Commercialization, Spam': 1, 'Links & Outside Content, Automated tools': 1, 'Hate Speech, Off-topic/topic specific': 1, 'Incitement of Violence, Mis/Disinformation/Conspiracy': 1, 'Copyright/ Piracy': 1, 'Copyright/Piracy': 1, 'Advertising & Commercialization': 1, 'Advertising & Commercialization, Mis/Disinformation/Conspiracy': 1, 'Harassment': 1, 'Illegal Content': 1, 'Not Applicable': 1, 'Impersonation': 1, 'A: Doxxing/Personal Info': 1, 'A: Content Warnings, Illegal Content': 1, 'A: NSFW, Content Warnings': 1, 'A: Not Applicable': 1}"
mailcow.social,"['Please communicate decently here! No insults / discrimination / sexual statements or similar offensive statements. \r\n\r\nBitte kommuniziert hier anständig! Keine Beleidigungen/Diskriminierungen/Sexuelle Aussagen oder ähnliche Beleidigende Aussagen.', 'Respect everyone! Not only admins/moderators as well as everyone else and allow other opinions. Discussions are welcome. Respektiert jeden! Nicht nur Admins/Moderatoren sondern jeden und lasst auch andere Meinungen zu, denn Diskussionen sind erwünscht.', 'Please mark dangerous content as such and avoid NSFW postings. Markiert gefährlichen Kontent bitte auch als solchen und vermeidet NSFW Postings.', 'Report offensive posts! This will keep the Mastodon server clean and safe. Meldet anstößige Beiträge! Damit haltet ihr den Mastodon Server sauber.', 'Registrations are open to all for now!\r\nHowever, we reserve the right to restrict them at any time, even without justification.\r\nRegistrierungen sind zunächst offen für alle!\r\nWir behalten uns jedoch vor diese zu jederzeit Einzuschränken auch ohne Rechtfertigung dafür.']","{'Not Applicable': 2, 'Hate Speech, Harassment': 1, 'A: Not Applicable': 1, 'A: Content Warnings, NSFW': 1}",[nan],{'A: Not Applicable': 1},[nan],{'Not Applicable': 1}
mamot.fr,"['Conformément aux lois françaises et à la jurisprudence, les contenus pédopornographiques, y compris sous forme dessinée, sont illégaux et seront supprimés, et les comptes concernés bloqués (si distants) ou supprimés (si local).', 'Les contenus pornographiques ou visiblement violents doivent être marqués avec le drapeau ""sensible / sensitive"". Les comptes ne respectant pas cette règle seront rendus invisibles aux flux locaux et fédérés.', ""La publicité, sous forme répétée et/ou intrusive (faisant mention d'autres utilisateur·ices), n'est pas acceptée. Les comptes concernés seront rendus invisibles aux flux locaux et fédérés, ou supprimés, selon la gravité de la situation."", ""Approchez les personnes avec précaution et politesse. Si une personne vous demande d'arrêter de la mentionner ou qu'elle exprime ne plus vouloir participer à une discussion, arrêtez immédiatement."", 'Sont interdits les propos, images ou vidéos racistes, sexistes, homophobes ou transphobes.', 'Sont interdits les avances ou propositions à caractères sexuels non-sollicitées.', ""Sont interdit toute conduite, en public ou en privé, ayant pour but de traquer, harceler ou intimider d'autres personnes."", ""Il est interdit de rassembler, publier, disséminer les informations personnelles d'une autre personne sans son autorisation explicite."", 'Il est interdit de poursuivre une conversation ou inciter une personne à poursuivre une interaction avec une personne ayant réclamé la cessation de ladite interaction peut être considéré comme du harcèlement, indépendamment de la confidentialité employée.', 'Est interdit toute tentative de retournement d’une oppression systémique. Par exemple : « racisme anti-blanc », « sexisme anti-homme », « hétérophobie », « cisphobie ».', 'Il est interdit publier ou diffuser intentionnellement des propos diffamatoires, calomnieux. Cela concerne aussi toute désinformation avec intention de tromper (le gorafi ou the onion sont donc autorisés).']","{'Harassment': 3, 'A: Illegal Content': 1, 'Images, NSFW': 1, 'Advertising & Commercialization, Spam': 1, 'Hate Speech, Images': 1, 'NSFW, Harassment': 1, 'Doxxing/Personal Info': 1, 'Hate Speech': 1, 'Mis/Disinformation/Conspiracy, Harassment': 1}","['Conformément aux lois françaises et à la jurisprudence, les contenus pédopornographiques, y compris sous forme dessinée, sont illégaux et seront supprimés, et les comptes concernés bloqués (si distants) ou supprimés (si local).', 'Les contenus pornographiques ou visiblement violents doivent être marqués avec le drapeau ""sensible / sensitive"". Les comptes ne respectant pas cette règle seront rendus invisibles aux flux locaux et fédérés.', ""La publicité, sous forme répétée et/ou intrusive (faisant mention d'autres utilisateur·ices), n'est pas acceptée. Les comptes concernés seront rendus invisibles aux flux locaux et fédérés, ou supprimés, selon la gravité de la situation."", ""Approchez les personnes avec précaution et politesse. Si une personne vous demande d'arrêter de la mentionner ou qu'elle exprime ne plus vouloir participer à une discussion, arrêtez immédiatement."", 'Sont interdits les propos, images ou vidéos racistes, sexistes, homophobes ou transphobes.', 'Sont interdits les avances ou propositions à caractères sexuels non-sollicitées.', ""Sont interdit toute conduite, en public ou en privé, ayant pour but de traquer, harceler ou intimider d'autres personnes."", ""Il est interdit de rassembler, publier, disséminer les informations personnelles d'une autre personne sans son autorisation explicite."", 'Il est interdit de poursuivre une conversation ou inciter une personne à poursuivre une interaction avec une personne ayant réclamé la cessation de ladite interaction peut être considéré comme du harcèlement, indépendamment de la confidentialité employée.', 'Est interdit toute tentative de retournement d’une oppression systémique. Par exemple : « racisme anti-blanc », « sexisme anti-homme », « hétérophobie », « cisphobie ».', 'Il est interdit publier ou diffuser intentionnellement des propos diffamatoires, calomnieux. Cela concerne aussi toute désinformation avec intention de tromper (le gorafi ou the onion sont donc autorisés).']","{'Harassment': 3, 'Illegal Content': 1, 'Images, NSFW': 1, 'Advertising & Commercialization, Spam': 1, 'Hate Speech, Images': 1, 'Harassment, NSFW': 1, 'Doxxing/Personal Info': 1, 'Hate Speech': 1, 'Mis/Disinformation/Conspiracy, Harassment': 1}","['Conformément aux lois françaises et à la jurisprudence, les contenus pédopornographiques, y compris sous forme dessinée, sont illégaux et seront supprimés, et les comptes concernés bloqués (si distants) ou supprimés (si local).', 'Les contenus pornographiques ou visiblement violents doivent être marqués avec le drapeau ""sensible / sensitive"". Les comptes ne respectant pas cette règle seront rendus invisibles aux flux locaux et fédérés.', ""La publicité, sous forme répétée et/ou intrusive (faisant mention d'autres utilisateur·ices), n'est pas acceptée. Les comptes concernés seront rendus invisibles aux flux locaux et fédérés, ou supprimés, selon la gravité de la situation."", ""Approchez les personnes avec précaution et politesse. Si une personne vous demande d'arrêter de la mentionner ou qu'elle exprime ne plus vouloir participer à une discussion, arrêtez immédiatement."", 'Sont interdits les propos, images ou vidéos racistes, sexistes, homophobes ou transphobes.', 'Sont interdits les avances ou propositions à caractères sexuels non-sollicitées.', ""Sont interdit toute conduite, en public ou en privé, ayant pour but de traquer, harceler ou intimider d'autres personnes."", ""Il est interdit de rassembler, publier, disséminer les informations personnelles d'une autre personne sans son autorisation explicite."", 'Il est interdit de poursuivre une conversation ou inciter une personne à poursuivre une interaction avec une personne ayant réclamé la cessation de ladite interaction peut être considéré comme du harcèlement, indépendamment de la confidentialité employée.', 'Est interdit toute tentative de retournement d’une oppression systémique. Par exemple : « racisme anti-blanc », « sexisme anti-homme », « hétérophobie », « cisphobie ».', 'Il est interdit publier ou diffuser intentionnellement des propos diffamatoires, calomnieux. Cela concerne aussi toute désinformation avec intention de tromper (le gorafi ou the onion sont donc autorisés).']","{'Harassment': 2, 'Illegal Content': 1, 'Images, NSFW': 1, 'Advertising & Commercialization, Spam': 1, 'A: Harassment': 1, 'Hate Speech, Images': 1, 'NSFW, Harassment': 1, 'Doxxing/Personal Info': 1, 'Hate Speech': 1, 'A: Mis/Disinformation/Conspiracy': 1}"
martianbase.net,"['Follow the laws of the Martian Congressional Republic', 'Be a responsible citizen of the Red Planet', 'No discrimination, Earthers and Belters are welcome too!']","{'Not Applicable': 1, 'A: Not Applicable': 1, 'Hate Speech': 1}",[nan],{'Not Applicable': 1},[nan],{'Not Applicable': 1}
mastodon.art,"[""No posting other artist's work without credit AND analysis/opinion ."", 'Posting the same content on multiple instances in order to spam local and/or federated timelines is not permitted.', ""Respect other users' boundaries."", 'Tag sensitive content such as violence/blood, NSFW content, and other potentially upsetting or triggering topics, AND hide them under a Content Warning (CW).', 'No trolling, microaggressions, or harassment. See the Code of Conduct for the full list.', 'No unapproved bots, advertising, or spam (this does *not* mean your shop links and commission pages! Please share those often!).', 'No racism, sexism, discrimination against gender and sexual minorities, ableism, fatmisia, xenophobia and/or violent nationalism, or the advocation of all of the above.', 'No content that includes sexual depictions of minors (this includes loli), content illegal in Germany and/or France, such as holocaust denial or Nazi symbolism, conduct promoting the ideology of National Socialism.', '•ART has a zero-tolerance mandate for harassment or bullying — your account will be immediately suspended.', 'Conduct intended to stalk or harass users, impede users from using the service, degrade the performance of the service, or incite others to perform any of the aforementioned actions, is disallowed.', 'No NFT content. None at all. There are crypto-related instances on the fediverse that would be more suitable.', 'AI art only allowed if tagged with #AIArt and with the conditions stipulated under the Code of Conduct', 'No flooding the public timelines (making lots of public posts in quick succession).']","{'A: Copyright/Piracy, Links & Outside Content': 1, 'Reposting/Crossposting, Spam': 1, 'A: Harassment': 1, 'A: NSFW, Content Warnings': 1, 'Harassment, Trolling': 1, 'Advertising & Commercialization, Spam, Automated tools': 1, 'Hate Speech, Incitement of Violence': 1, 'Illegal Content, Hate Speech': 1, 'Harassment': 1, 'A: Harassment, Automated tools': 1, 'Off-topic/topic specific': 1, 'Off-topic/topic specific, Links & Outside Content': 1, 'Spam': 1}","[""No posting other artist's work without credit AND analysis/opinion ."", 'Posting the same content on multiple instances in order to spam local and/or federated timelines is not permitted.', ""Respect other users' boundaries."", 'Tag sensitive content such as violence/blood, NSFW content, and other potentially upsetting or triggering topics, AND hide them under a Content Warning (CW).', 'No trolling, microaggressions, or harassment. See the Code of Conduct for the full list.', 'No unapproved bots, advertising, or spam (this does *not* mean your shop links and commission pages! Please share those often!).', 'No racism, sexism, discrimination against gender and sexual minorities, ableism, fatmisia, xenophobia and/or violent nationalism, or the advocation of all of the above.', 'No content that includes sexual depictions of minors (this includes loli), content illegal in Germany and/or France, such as holocaust denial or Nazi symbolism, conduct promoting the ideology of National Socialism.', '•ART has a zero-tolerance mandate for harassment or bullying — your account will be immediately suspended.', 'Conduct intended to stalk or harass users, impede users from using the service, degrade the performance of the service, or incite others to perform any of the aforementioned actions, is disallowed.', 'No NFT content. None at all. There are crypto-related instances on the fediverse that would be more suitable.', 'AI art only allowed if tagged with #AIArt and with the conditions stipulated under the Code of Conduct', 'No flooding the public timelines (making lots of public posts in quick succession).']","{'Harassment': 3, 'A: Copyright/Piracy, Links & Outside Content': 1, 'Reposting/Crossposting, Spam': 1, 'A: NSFW, Content Warnings': 1, 'Harassment, Trolling': 1, 'Advertising & Commercialization, Spam, Automated tools': 1, 'Hate Speech, Incitement of Violence': 1, 'Illegal Content, Hate Speech': 1, 'Off-topic/topic specific': 1, 'Off-topic/topic specific, Automated tools': 1, 'Spam': 1}","[""No posting other artist's work without credit AND analysis/opinion ."", ""Respect other users' boundaries."", 'Tag sensitive content such as violence/blood, graphic nudity, lewd content, and other potentially upsetting or triggering topics, AND hide them under a Content Warning (CW).', 'No trolling, microaggressions, bullying, or harassment. See the Code of Conduct for the full list.', 'No unapproved bots, corporate advertising, or spam (this does *not* mean your shop links and commission pages! Please share those often!).', 'No racism, sexism, discrimination against gender and sexual minorities, ableism, fatmisia, xenophobia and/or violent nationalism, or the advocation of all of the above.', 'No content that includes sexual depictions of minors (this includes loli), content illegal in Germany and/or France, such as holocaust denial or Nazi symbolism, conduct promoting the ideology of National Socialism.', 'Conduct intended to stalk or harass users, impede users from using the service, degrade the performance of the service, or incite others to perform any of the aforementioned actions, is disallowed.', 'No NFT content. None at all. There are crypto-related instances on the fediverse that would be more suitable.', 'No AI-generated imagery allowed at all', 'No flooding the public timelines (making lots of public posts in quick succession).']","{'Harassment': 2, 'A: Copyright/Piracy, Links & Outside Content': 1, 'A: Content Warnings, NSFW': 1, 'Harassment, Trolling': 1, 'Advertising & Commercialization, Spam, Automated tools': 1, 'Hate Speech, Incitement of Violence': 1, 'Illegal Content, Hate Speech': 1, 'Off-topic/topic specific': 1, 'Images, Automated tools': 1, 'Spam': 1}"
mastodon.coffee,"['Sexually explicit or violent media must be marked as sensitive when posting.', 'No spam or advertising.', 'No racism, sexism, homophobia, transphobia, xenophobia, or casteism.', 'No incitement of violence or promotion of violent ideologies.', 'No harassment, dogpiling or doxxing of other users.', 'No illegal content.', 'Drink coffee! (not required)']","{'Images': 1, 'Advertising & Commercialization, Spam': 1, 'Hate Speech': 1, 'Incitement of Violence': 1, 'Doxxing/Personal Info, Harassment, Dogpiling': 1, 'Illegal Content': 1, 'Not Applicable': 1}","['Sexually explicit or violent media must be marked as sensitive when posting.', 'No spam or advertising.', 'No racism, sexism, homophobia, transphobia, xenophobia, or casteism.', 'No incitement of violence or promotion of violent ideologies.', 'No harassment, dogpiling or doxxing of other users.', 'No illegal content.', 'Drink coffee! (not required)']","{'Images': 1, 'Advertising & Commercialization, Spam': 1, 'Hate Speech': 1, 'Incitement of Violence': 1, 'Doxxing/Personal Info, Harassment, Dogpiling': 1, 'Illegal Content': 1, 'Not Applicable': 1}","['Sexually explicit or violent media must be marked as sensitive when posting.', 'No spam or advertising.', 'No racism, sexism, homophobia, transphobia, xenophobia, or casteism.', 'No incitement of violence or promotion of violent ideologies.', 'No harassment, dogpiling or doxxing of other users.', 'No illegal content.', 'Drink coffee! (not required)']","{'Images': 1, 'Advertising & Commercialization, Spam': 1, 'Hate Speech': 1, 'Incitement of Violence': 1, 'Doxxing/Personal Info, Harassment, Dogpiling': 1, 'Illegal Content': 1, 'Not Applicable': 1}"
mastodon.com.pl,"['(EN): No threats, harassment, racism, homophobia, sexism, and incitement to hatred towards individuals or groups. (PL): Niedozwolone są groźby, znęcanie się, rasizm, homofobia, seksizm oraz nawoływanie do nienawiści wobec jednostek oraz grup.', '(EN): No illegal content e.g. child pornography, pornography, frauds, illegal services etc.\r\n(PL): Niedozwolony jest content zabroniony prawnie np. dziecięca pornografia, pornografia, oszustwa, nielegalne usługi itp.', '(EN): No posting malicious links.\r\n(PL): Niedozwolone jest publikowanie złośliwych linków.', '(EN): No hate speech.\r\n(PL): Niedozwolona jest mowa nienawiści.', '(EN): NSFW content should be marked with a Content Warning. \r\n(PL): Treść NSFW piowinna być oznaczona ostrzeżeniem o zawartości.', '(EN): No spamming or explicit advertising allowed without proper introduction and/or other activity.\r\n(PL): Niedozwolone generowanie spamu ani jawnej reklamy bez odpowiedniego wprowadzenia i/lub innej aktywności.', '(EN): Comments should be related to the topics appearing within the thematic threads. (PL): Wypowiedzi powinny być związane z treściami pojawiającymi się w ramach wątków tematycznych.', '(EN): No insults based on their gender, sexual orientation, nationality, ethnicity, race, religion, or lack thereof. (PL): Niedozwolone jest znieważanie Użytkowników z powodu ich przynależności płciowej, seksualnej, narodowej, etnicznej, rasowej, wyznaniowej, albo z powodu jej bezwyznaniowości.', '(EN): No chauvinistic, misogynistic nature, as well as content displaying signs of gender discrimination. (PL): Niedozwolone są treści o charakterze szowinistycznym i mizoginistycznym, jak również noszące znamiona dyskryminacji płciowej.', '(EN): No content violating the personal rights of any third party. (PL): Zabrania się zamieszczania treści naruszających dobra osobiste osób trzecich.', '(EN): No content inciting dangerous behavior or praising such behaviord. (PL): Niedozwolone są treści nawołujące do zachowań niebezpiecznych, lub pochwalają takie zachowania.', ""(EN): Upon creating an account, it is required to introduce oneself using the hashtag #introduction in one's post. (PL): Po utworzeniu konta, wymagane jest przedstawienie się z wykorzystaniem hasztagu #introduction w swoim toot'cie.""]","{'Hate Speech': 3, 'Off-topic/topic specific': 2, 'Hate Speech, Harassment, Incitement of Violence': 1, 'Illegal Content, NSFW': 1, 'Links & Outside Content': 1, 'NSFW, Content Warnings': 1, 'Advertising & Commercialization, Spam': 1, 'Doxxing/Personal Info, Harassment': 1, 'Incitement of Violence': 1}","['(EN): No threats, harassment, racism, homophobia, sexism, and incitement to hatred towards individuals or groups. (PL): Niedozwolone są groźby, znęcanie się, rasizm, homofobia, seksizm oraz nawoływanie do nienawiści wobec jednostek oraz grup.', '(EN): No illegal content e.g. child pornography, pornography, frauds, illegal services etc.\r\n(PL): Niedozwolony jest content zabroniony prawnie np. dziecięca pornografia, pornografia, oszustwa, nielegalne usługi itp.', '(EN): No posting malicious links.\r\n(PL): Niedozwolone jest publikowanie złośliwych linków.', '(EN): No hate speech.\r\n(PL): Niedozwolona jest mowa nienawiści.', '(EN): NSFW content should be marked with a Content Warning. \r\n(PL): Treść NSFW piowinna być oznaczona ostrzeżeniem o zawartości.', '(EN): No spamming or explicit advertising allowed without proper introduction and/or other activity.\r\n(PL): Niedozwolone generowanie spamu ani jawnej reklamy bez odpowiedniego wprowadzenia i/lub innej aktywności.', '(EN): Comments should be related to the topics appearing within the thematic threads. (PL): Wypowiedzi powinny być związane z treściami pojawiającymi się w ramach wątków tematycznych.', '(EN): No insults based on their gender, sexual orientation, nationality, ethnicity, race, religion, or lack thereof. (PL): Niedozwolone jest znieważanie Użytkowników z powodu ich przynależności płciowej, seksualnej, narodowej, etnicznej, rasowej, wyznaniowej, albo z powodu jej bezwyznaniowości.', '(EN): No chauvinistic, misogynistic nature, as well as content displaying signs of gender discrimination. (PL): Niedozwolone są treści o charakterze szowinistycznym i mizoginistycznym, jak również noszące znamiona dyskryminacji płciowej.', '(EN): No content violating the personal rights of any third party. (PL): Zabrania się zamieszczania treści naruszających dobra osobiste osób trzecich.', '(EN): No content inciting dangerous behavior or praising such behaviord. (PL): Niedozwolone są treści nawołujące do zachowań niebezpiecznych, lub pochwalają takie zachowania.', ""(EN): Upon creating an account, it is required to introduce oneself using the hashtag #introduction in one's post. (PL): Po utworzeniu konta, wymagane jest przedstawienie się z wykorzystaniem hasztagu #introduction w swoim toot'cie.""]","{'Hate Speech': 3, 'Off-topic/topic specific': 2, 'Hate Speech, Harassment, Incitement of Violence': 1, 'Illegal Content, NSFW': 1, 'Links & Outside Content': 1, 'NSFW, Content Warnings': 1, 'Advertising & Commercialization, Spam': 1, 'Doxxing/Personal Info, Harassment': 1, 'Incitement of Violence': 1}","['(EN): No threats, harassment, racism, homophobia, sexism, and incitement to hatred towards individuals or groups. (PL): Niedozwolone są groźby, znęcanie się, rasizm, homofobia, seksizm oraz nawoływanie do nienawiści wobec jednostek oraz grup.', '(EN): No illegal content e.g. child pornography, pornography, frauds, illegal services etc.\r\n(PL): Niedozwolony jest content zabroniony prawnie np. dziecięca pornografia, pornografia, oszustwa, nielegalne usługi itp.', '(EN): No posting malicious links.\r\n(PL): Niedozwolone jest publikowanie złośliwych linków.', '(EN): No hate speech.\r\n(PL): Niedozwolona jest mowa nienawiści.', '(EN): NSFW content should be marked with a Content Warning. \r\n(PL): Treść NSFW piowinna być oznaczona ostrzeżeniem o zawartości.', '(EN): No spamming or explicit advertising allowed without proper introduction and/or other activity.\r\n(PL): Niedozwolone generowanie spamu ani jawnej reklamy bez odpowiedniego wprowadzenia i/lub innej aktywności.', '(EN): Comments should be related to the topics appearing within the thematic threads. (PL): Wypowiedzi powinny być związane z treściami pojawiającymi się w ramach wątków tematycznych.', '(EN): No insults based on their gender, sexual orientation, nationality, ethnicity, race, religion, or lack thereof. (PL): Niedozwolone jest znieważanie Użytkowników z powodu ich przynależności płciowej, seksualnej, narodowej, etnicznej, rasowej, wyznaniowej, albo z powodu jej bezwyznaniowości.', '(EN): No chauvinistic, misogynistic nature, as well as content displaying signs of gender discrimination. (PL): Niedozwolone są treści o charakterze szowinistycznym i mizoginistycznym, jak również noszące znamiona dyskryminacji płciowej.', '(EN): No content violating the personal rights of any third party. (PL): Zabrania się zamieszczania treści naruszających dobra osobiste osób trzecich.', '(EN): No content inciting dangerous behavior or praising such behaviord. (PL): Niedozwolone są treści nawołujące do zachowań niebezpiecznych, lub pochwalają takie zachowania.', ""(EN): Upon creating an account, it is required to introduce oneself using the hashtag #introduction in one's post. (PL): Po utworzeniu konta, wymagane jest przedstawienie się z wykorzystaniem hasztagu #introduction w swoim toot'cie.""]","{'Hate Speech': 3, 'Off-topic/topic specific': 2, 'Harassment, Hate Speech, Incitement of Violence': 1, 'Illegal Content, NSFW': 1, 'Links & Outside Content': 1, 'NSFW, Content Warnings': 1, 'Advertising & Commercialization, Spam': 1, 'Doxxing/Personal Info, Harassment': 1, 'Incitement of Violence': 1}"
mastodon.economiasocial.org,[nan],{'Not Applicable': 1},[nan],{'A: Not Applicable': 1},[nan],{'Not Applicable': 1}
mastodon.gamedev.place,"['Sexually explicit or violent media must be marked as sensitive when posting', 'No racism, sexism, homophobia, transphobia, xenophobia, or casteism', 'No incitement of violence or promotion of violent ideologies', 'No harassment, dogpiling or doxxing of other users', 'No content illegal in EU', 'Do not share intentionally false or misleading information']","{'Images': 1, 'Hate Speech': 1, 'Incitement of Violence': 1, 'Doxxing/Personal Info, Harassment, Dogpiling': 1, 'Illegal Content': 1, 'Mis/Disinformation/Conspiracy': 1}","['Sexually explicit or violent media must be marked as sensitive when posting', 'No racism, sexism, homophobia, transphobia, xenophobia, or casteism', 'No incitement of violence or promotion of violent ideologies', 'No harassment, dogpiling or doxxing of other users', 'No content illegal in EU', 'Do not share intentionally false or misleading information']","{'Images': 1, 'Hate Speech': 1, 'Incitement of Violence': 1, 'Doxxing/Personal Info, Harassment, Dogpiling': 1, 'Illegal Content': 1, 'Mis/Disinformation/Conspiracy': 1}","['Sexually explicit or violent media must be marked as sensitive when posting', 'No racism, sexism, homophobia, transphobia, xenophobia, or casteism', 'No incitement of violence or promotion of violent ideologies', 'No harassment, dogpiling or doxxing of other users', 'No content illegal in EU', 'Do not share intentionally false or misleading information']","{'Images': 1, 'Hate Speech': 1, 'Incitement of Violence': 1, 'Doxxing/Personal Info, Harassment, Dogpiling': 1, 'Illegal Content': 1, 'Mis/Disinformation/Conspiracy': 1}"
mastodon.im.sb,"['遵循中文互联网的通用规则。', '特别的，严禁儿童色情（包括二次元）、政治相关内容。', '严禁虚拟币推广、拉人头相关内容。']","{'Not Applicable': 1, 'Illegal Content, NSFW, Off-topic/topic specific': 1, 'Advertising & Commercialization, Spam': 1}","['遵循中文互联网的通用规则。', '特别的，严禁儿童色情（包括二次元）、政治相关内容。', '严禁虚拟币推广、拉人头相关内容。']","{'Not Applicable': 1, 'Illegal Content, NSFW, Off-topic/topic specific': 1, 'Advertising & Commercialization, Spam': 1}","['遵循中文互联网的通用规则。', '特别的，严禁儿童色情（包括二次元）、政治相关内容。', '严禁虚拟币推广、拉人头相关内容。']","{'Not Applicable': 1, 'Illegal Content, NSFW, Off-topic/topic specific': 1, 'Advertising & Commercialization, Spam': 1}"
mastodon.insa.lol,"['Pas de racisme', 'Pas de sexisme', ""Pas d'harcèlement""]","{'Hate Speech': 2, 'Harassment': 1}","['Pas de racisme', 'Pas de sexisme', ""Pas d'harcèlement""]","{'Hate Speech': 2, 'Harassment': 1}","['Pas de racisme', 'Pas de sexisme', ""Pas d'harcèlement""]","{'Hate Speech': 2, 'Harassment': 1}"
mastodon.juggler.jp,"['日本の法律や判例で禁止されてることはダメです。ただし親告罪は関係者からの通報がない場合は黙認する場合があります。', '(ネット上のアバターを含む)実在する人格へのなりすましを禁止します。', 'サーバ運営を妨害する行為はダメです。これはアカウント大量作成、無差別フォロー、無差別ブースト、無差別ファボを含みます。', '(GDPR免責) あなたがデータを削除したい場合、我々は可能な範囲で対応します。しかし連合先のサーバ上のデータの削除について完全な責任を持つことは非常に困難です。これはEUのGDPRに厳密には適合しません。ユーザはこれに同意した上でアカウントを作成したものとみなします。', '公開TLからのサイレンス対象。セールス、政治活動、宗教勧誘、SEO目的の投稿が多い人。公開TLに自動投稿するボット。オカルトやスピリチュアルや愚痴ばかり書いて住民からの呼びかけにはほとんど答えない人。アバターアイコンや名前が食事時に見たくない感じの人。その他管理者が公開TLに不適切であると判断したアカウントはサイレンス、凍結、停止などの処置を行う場合があります。', '年齢が14歳未満のユーザはこのサーバを利用できません。']","{'Illegal Content': 1, 'Impersonation': 1, 'Automated tools, Spam': 1, 'A: Not Applicable': 1, '- Advertising & Commercialization\n- Automated tools\n- Off-topic/topic specific': 1, 'Not Applicable': 1}","['日本の法律や判例で禁止されてることはダメです。ただし親告罪は関係者からの通報がない場合は黙認する場合があります。', '(ネット上のアバターを含む)実在する人格へのなりすましを禁止します。', 'サーバ運営を妨害する行為はダメです。これはアカウント大量作成、無差別フォロー、無差別ブースト、無差別ファボを含みます。', '(GDPR免責) あなたがデータを削除したい場合、我々は可能な範囲で対応します。しかし連合先のサーバ上のデータの削除について完全な責任を持つことは非常に困難です。これはEUのGDPRに厳密には適合しません。ユーザはこれに同意した上でアカウントを作成したものとみなします。', '公開TLからのサイレンス対象。セールス、政治活動、宗教勧誘、SEO目的の投稿が多い人。公開TLに自動投稿するボット。オカルトやスピリチュアルや愚痴ばかり書いて住民からの呼びかけにはほとんど答えない人。アバターアイコンや名前が食事時に見たくない感じの人。その他管理者が公開TLに不適切であると判断したアカウントはサイレンス、凍結、停止などの処置を行う場合があります。', '年齢が14歳未満のユーザはこのサーバを利用できません。']","{'Not Applicable': 2, 'Illegal Content': 1, 'Impersonation': 1, 'Automated tools': 1, '- Advertising & Commercialization\n- Automated tools\n- Off-topic/topic specific': 1}","['日本の法律や判例で禁止されてることはダメです。ただし親告罪は関係者からの通報がない場合は黙認する場合があります。', '(ネット上のアバターを含む)実在する人格へのなりすましを禁止します。', 'サーバ運営を妨害する行為はダメです。これはアカウント大量作成、無差別フォロー、無差別ブースト、無差別ファボを含みます。', '(GDPR免責) あなたがデータを削除したい場合、我々は可能な範囲で対応します。しかし連合先のサーバ上のデータの削除について完全な責任を持つことは非常に困難です。これはEUのGDPRに厳密には適合しません。ユーザはこれに同意した上でアカウントを作成したものとみなします。', '公開TLからのサイレンス対象。セールス、政治活動、宗教勧誘、SEO目的の投稿が多い人。公開TLに自動投稿するボット。オカルトやスピリチュアルや愚痴ばかり書いて住民からの呼びかけにはほとんど答えない人。アバターアイコンや名前が食事時に見たくない感じの人。その他管理者が公開TLに不適切であると判断したアカウントはサイレンス、凍結、停止などの処置を行う場合があります。', '年齢が14歳未満のユーザはこのサーバを利用できません。']","{'A: Illegal Content': 1, 'Impersonation': 1, 'Automated tools': 1, 'A: Not Applicable': 1, 'Advertising & Commercialization, Automated tools, Off-topic/topic specific, Not Applicable': 1, 'Not Applicable': 1}"
mastodon.li,"['不要發布討厭的小廣告', '為保護您的隱私，您可以考慮使用VPN登錄，並避免使用可能暴露您隱私的郵箱，如QQ郵箱，或以手機號註冊的郵箱（139、189等郵箱平台）等；', '註冊後2周內請至少使用一次您的帳號，發表內容或更換頭像均可。', '帳號註冊成功以後儘量開啟雙重認證，確保帳戶不會被盜或者找回。', '和推特、微博一樣，Mastodon的私信並未加密，管理員可以通過伺服器調取信息。']","{'Not Applicable': 3, 'Advertising & Commercialization, Spam': 1, 'Doxxing/ Personal Info': 1}","['不要發布討厭的小廣告', '為保護您的隱私，您可以考慮使用VPN登錄，並避免使用可能暴露您隱私的郵箱，如QQ郵箱，或以手機號註冊的郵箱（139、189等郵箱平台）等；', '註冊後2周內請至少使用一次您的帳號，發表內容或更換頭像均可。', '帳號註冊成功以後儘量開啟雙重認證，確保帳戶不會被盜或者找回。', '和推特、微博一樣，Mastodon的私信並未加密，管理員可以通過伺服器調取信息。']","{'Not Applicable': 3, 'A: Advertising & Commercialization, Spam': 1, 'Doxxing/ Personal Info': 1}","['不要發布討厭的小廣告', '為保護您的隱私，您可以考慮使用VPN登錄，並避免使用可能暴露您隱私的郵箱，如QQ郵箱，或以手機號註冊的郵箱（139、189等郵箱平台）等；', '註冊後2周內請至少使用一次您的帳號，發表內容或更換頭像均可。', '帳號註冊成功以後儘量開啟雙重認證，確保帳戶不會被盜或者找回。', '和推特、微博一樣，Mastodon的私信並未加密，管理員可以通過伺服器調取信息。']","{'Not Applicable': 2, 'A: Advertising & Commercialization, Spam': 1, 'Doxxing/ Personal Info': 1, 'A: Not Applicable': 1}"
mastodon.lubar.me,[nan],{'Not Applicable': 1},[nan],{'Not Applicable': 1},[nan],{'A: Not Applicable': 1}
mastodon.math.unipd.it,"[""- use 'mastodon.math.unipd.it' as server""]",{'Not Applicable': 1},[nan],{'Not Applicable': 1},"[""- use 'mastodon.math.unipd.it' as server""]",{'Not Applicable': 1}
mastodon.nz,"['In order to register here, you must be at least 13 years of age.', 'You MUST describe your link to NZ as part of your reason for wanting to join on the next page. Applications without this will be declined. You must be a kiwi or honorary kiwi, at home or abroad, to join Mastodon.nz.', 'You may only have one account on Mastodon.nz.', 'Personal accounts only. We do not allow bots, commercial, business, organisation or purely promotional accounts.', 'Automated cross-posting from other services such as twitter is considered to be a bot and is not allowed. If you have a blog or something and you want feed that through, this is generally fine.', ""No spamming. The occasional mention of your shop, fundraiser etc. is fine. It's hard to give a defined daily limit of what constitutes spam. Personal or professional (i.e. Mutual Aid/Kickstarters) fundraisers must be clearly tagged as such."", 'Content Warnings are mandatory on posts containing gore, violence, and “hot button” political or news takes, including accompanying images and links.', 'No impersonation of others. We may consider obvious parody accounts, but they must be agreed with @theadmin in advance.', 'No hate speech, racism, sexism, ableism, homophobia or transphobia.', 'No illegal content, gore or violence for the sake of it, incitement of violence or promotion of violent ideologies or conspiracy theories.', ""No NSFW content. A bit of casual swearing is fine, but don't be derogatory or aggressive to other users (see rule 12)."", 'Be kind. No abuse or harassment will be tolerated.', 'No doxxing other users.', 'Content hosted on Mastodon.nz or produced by its users may not be reused outside of the fediverse without the express permission of the author(s).', 'Mastodon.NZ complies with copyright laws. We expect you to as well. Your content must be your own or acceptable use.', 'Image descriptions: It is expected that users will add image descriptions to their uploads for\r\nour visually impaired users. Unless there is a reason you can not, you must do so.', 'Expanded rule list with examples can be found @ https://mastodon.nz/rules.pdf']","{'Impersonation': 2, 'Not Applicable': 1, 'Off-topic/topic specific': 1, 'A: Advertising & Commercialization, Automated tools': 1, 'Automated tools, Reposting/Crossposting': 1, 'Spam, Advertising & Commercialization': 1, 'Content Warnings, Images, Links & Outside Content': 1, 'Hate Speech': 1, 'Illegal Content, Incitement of Violence, Mis/Disinformation/Conspiracy': 1, 'NSFW, Harassment': 1, 'Harassment': 1, 'Doxxing/Personal Info': 1, 'Copyright/ Piracy, Links & Outside Content': 1, 'Copyright/Piracy': 1, 'Images': 1, 'Links & Outside Content': 1}","['In order to register here, you must be at least 13 years of age.', 'You MUST describe your link to NZ as part of your reason for wanting to join on the next page. Applications without this will be declined. You must be a kiwi or honorary kiwi, at home or abroad, to join Mastodon.nz.', 'You may only have one account on Mastodon.nz.', 'Personal accounts only. We do not allow bots, commercial, business, organisation or purely promotional accounts.', 'Automated cross-posting from other services such as twitter is considered to be a bot and is not allowed. If you have a blog or something and you want feed that through, this is generally fine.', ""No spamming. The occasional mention of your shop, fundraiser etc. is fine. It's hard to give a defined daily limit of what constitutes spam. Personal or professional (i.e. Mutual Aid/Kickstarters) fundraisers must be clearly tagged as such."", 'Content Warnings are mandatory on posts containing gore, violence, and “hot button” political or news takes, including accompanying images and links.', 'No impersonation of others. We may consider obvious parody accounts, but they must be agreed with @theadmin in advance.', 'No hate speech, racism, sexism, ableism, homophobia or transphobia.', 'No illegal content, gore or violence for the sake of it, incitement of violence or promotion of violent ideologies or conspiracy theories.', ""No NSFW content. A bit of casual swearing is fine, but don't be derogatory or aggressive to other users (see rule 12)."", 'Be kind. No abuse or harassment will be tolerated.', 'No doxxing other users.', 'Content hosted on Mastodon.nz or produced by its users may not be reused outside of the fediverse without the express permission of the author(s).', 'Mastodon.NZ complies with copyright laws. We expect you to as well. Your content must be your own or acceptable use.', 'Image descriptions: It is expected that users will add image descriptions to their uploads for\r\nour visually impaired users. Unless there is a reason you can not, you must do so.', 'Expanded rule list with examples can be found @ https://mastodon.nz/rules.pdf']","{'Impersonation': 2, 'Not Applicable': 1, 'Off-topic/topic specific': 1, 'Advertising & Commercialization, Automated tools': 1, 'Automated tools, Reposting/Crossposting': 1, 'Spam, Advertising & Commercialization': 1, 'Content Warnings, Images, Links & Outside Content': 1, 'Hate Speech': 1, 'Illegal Content, Incitement of Violence, Mis/Disinformation/Conspiracy': 1, 'NSFW, Harassment': 1, 'Harassment': 1, 'Doxxing/ Personal Info': 1, 'Links & Outside Content, Copyright/Piracy': 1, 'Copyright/Piracy': 1, 'Images': 1, 'Links & Outside Content': 1}","['You must read the rules.', 'You MUST describe your link to NZ as part of your reason for wanting to join on the next page. Applications without this will be declined. You must be a kiwi or honorary kiwi, at home or abroad, to join Mastodon.nz.', 'You may only have one account on Mastodon.nz and be at least 13 years of age.', 'Personal accounts only. We do not allow bots, commercial, business, organisation or purely promotional accounts.', 'Automated cross-posting from other services such as twitter is considered to be a bot and is not allowed. If you have a blog or something and you want feed that through, this is generally fine.', ""No spamming. The occasional mention of your shop, fundraiser etc. is fine. It's hard to give a defined daily limit of what constitutes spam. Personal or professional (i.e. Mutual Aid/Kickstarters) fundraisers must be clearly tagged as such."", 'Content Warnings are mandatory on posts containing gore and/or violence. Posts about politics must be tagged one or more of #nzpol, #tōrangapū, #pol, and/or #politics, and optionally may be content warned.', 'No impersonation of others. We may consider obvious parody accounts, but they must be agreed with @theMods in advance.', 'No hate speech, racism, sexism, ableism, homophobia or transphobia.', 'No illegal content, gore or violence for the sake of it, incitement of violence or promotion of violent ideologies or conspiracy theories.', ""No NSFW content. A bit of casual swearing is fine, but don't be derogatory or aggressive to other users (see rule 12)."", 'Be kind. No abuse or harassment will be tolerated.', 'No doxxing other users.', 'Content hosted on Mastodon.nz or produced by its users may not be reused outside of the fediverse without the express permission of the author(s).', 'Mastodon.nz complies with copyright laws. We expect you to as well. Your content must be your own or acceptable use.', 'Image descriptions: It is expected that users will add image descriptions to their uploads for\r\nour visually impaired users. Unless there is a reason you can not, you must do so.', 'Copy of rules with more detailed guidance can be found at https://mastodon.nz/rules.pdf']","{'Impersonation': 2, 'Not Applicable': 1, 'Off-topic/topic specific': 1, 'A: Advertising & Commercialization, Automated tools': 1, 'Automated tools, Reposting/Crossposting': 1, 'Spam, Advertising & Commercialization': 1, 'Content Warnings, Off-topic/topic specific': 1, 'Hate Speech': 1, 'Illegal Content, Incitement of Violence, Mis/Disinformation/Conspiracy': 1, 'NSFW, Harassment': 1, 'Harassment': 1, 'Doxxing/Personal Info': 1, 'Copyright/ Piracy, Links & Outside Content': 1, 'Copyright/Piracy': 1, 'Images': 1, 'Links & Outside Content': 1}"
mastodon.online,"['No racism, sexism, homophobia, transphobia, xenophobia, or casteism', 'Sexually explicit or violent media must be marked as sensitive when posting', 'No incitement of violence or promotion of violent ideologies', 'No harassment, dogpiling or doxxing of other users', 'Do not share false or misleading information that may lead to physical harm']","{'Hate Speech': 1, 'Images': 1, 'Incitement of Violence': 1, 'Doxxing/Personal Info, Harassment, Dogpiling': 1, 'Mis/Disinformation/Conspiracy, Incitement of Violence': 1}","['No racism, sexism, homophobia, transphobia, xenophobia, or casteism', 'Sexually explicit or violent media must be marked as sensitive when posting', 'No incitement of violence or promotion of violent ideologies', 'No harassment, dogpiling or doxxing of other users', 'Do not share false or misleading information that may lead to physical harm']","{'Hate Speech': 1, 'Images': 1, 'Incitement of Violence': 1, 'Doxxing/Personal Info, Harassment, Dogpiling': 1, 'Mis/Disinformation/Conspiracy, Incitement of Violence': 1}","['No racism, sexism, homophobia, transphobia, xenophobia, or casteism', 'Sexually explicit or violent media must be marked as sensitive when posting', 'No incitement of violence or promotion of violent ideologies', 'No harassment, dogpiling or doxxing of other users', 'Do not share false or misleading information that may lead to physical harm']","{'Hate Speech': 1, 'Images': 1, 'Incitement of Violence': 1, 'Doxxing/Personal Info, Harassment, Dogpiling': 1, 'Mis/Disinformation/Conspiracy, Incitement of Violence': 1}"
mastodon.radio,"[""We suggest using your radio callsign as your username. If you don't have one yet, plan to change it soon, want to avoid doxing, or just enjoy listening, that's ok too."", 'Please be respectful of others. Their age, gender, sexual orientation, gender identity, background, preference for transistors over vales, etc. are all _NOT_ reasons to be a twit', 'Anyone is welcome to report inappropriate behaviour, they will be listened to, and action will be taken. This will be anything from a warning, to banning. Moderation decisions will be made using the Paradox of Tolerance.', 'Expect anything you post on mastodon.radio to be public, including direct messages, that way you can never be surprised or embarrassed', 'Any images or videos uploaded to mastodon.radio _MUST_ have an appropriate textual description. If you need help with this, please ask!', 'Your right to free speech does not supersede my right to call you out and kick you out for being a dick', 'No spam, no commercial advertising (occasional personal listings are OK), no sexually explicit or violent media (yes that includes pictures of your gun), no threats of violence.', 'No illegal content - this server is hosted in UK', 'When apply for an account, if you\'ve actually read these rules, please end your ""Why do you want to join?"" with the phrase ""hippo cornflakes""']","{'Not Applicable': 4, 'Hate Speech': 1, 'Images': 1, 'Harassment': 1, 'A: Spam, Advertising & Commercialization, NSFW, Incitement of Violence': 1, 'Illegal Content': 1}","[""We suggest using your radio callsign as your username. If you don't have one yet, plan to change it soon, want to avoid doxing, or just enjoy listening, that's ok too."", 'Please be respectful of others. Their age, gender, sexual orientation, gender identity, background, preference for transistors over vales, etc. are all _NOT_ reasons to be a twit', 'Anyone is welcome to report inappropriate behaviour, they will be listened to, and action will be taken. This will be anything from a warning, to banning. Moderation decisions will be made using the Paradox of Tolerance.', 'Expect anything you post on mastodon.radio to be public, including direct messages, that way you can never be surprised or embarrassed', 'Any images or videos uploaded to mastodon.radio _MUST_ have an appropriate textual description. If you need help with this, please ask!', 'Your right to free speech does not supersede my right to call you out and kick you out for being a dick', 'No spam, no commercial advertising (occasional personal listings are OK), no sexually explicit or violent media (yes that includes pictures of your gun), no threats of violence.', 'No illegal content - this server is hosted in UK', 'When apply for an account, if you\'ve actually read these rules, please end your ""Why do you want to join?"" with the phrase ""hippo cornflakes""']","{'Not Applicable': 3, 'Hate Speech, Harassment': 1, 'A: Harassment, Not Applicable': 1, 'Images': 1, 'Harassment': 1, 'Spam, Advertising & Commercialization, NSFW, Incitement of Violence': 1, 'Illegal Content': 1}","[""We suggest using your radio callsign as your username. If you don't have one yet, plan to change it soon, want to avoid doxing, or just enjoy listening, that's ok too."", 'Please be respectful of others. Their age, gender, sexual orientation, gender identity, background, preference for transistors over vales, etc. are all _NOT_ reasons to be a twit', 'Anyone is welcome to report inappropriate behaviour, they will be listened to, and action will be taken. This will be anything from a warning, to banning. Moderation decisions will be made using the Paradox of Tolerance.', 'Expect anything you post on mastodon.radio to be public, including direct messages, that way you can never be surprised or embarrassed', 'Any images or videos uploaded to mastodon.radio _MUST_ have an appropriate textual description. If you need help with this, please ask!', 'Your right to free speech does not supersede my right to call you out and kick you out for being a dick', 'No spam, no commercial advertising (occasional personal listings are OK), no sexually explicit or violent media (yes that includes pictures of your gun), no threats of violence.', 'No illegal content - this server is hosted in UK', 'When apply for an account, if you\'ve actually read these rules, please end your ""Why do you want to join?"" with the phrase ""hippo cornflakes""']","{'Not Applicable': 3, 'Hate Speech, Harassment': 1, 'A: Not Applicable': 1, 'Images': 1, 'A: Harassment, Trolling': 1, 'Spam, Advertising & Commercialization, NSFW, Incitement of Violence': 1, 'Illegal Content': 1}"
mastodon.uno,"['No al trolling, shitposting, bodyshaming e bullismo', 'No alla diffusione intenzionale di notizie false, fuorvianti o manipolate e alla condivisione di informazioni con intenti antiscientifici.', 'No a comportamenti molesti e tossici, dogpiling o doxxing.', 'No al razzismo, sessismo, misoginia, omofobia, bifobia, lesbofobia, transfobia, afobia', 'No contenuti VM18', ""No al proselitismo e all'intolleranza religiosa"", 'No apologia del fascismo - nazismo', 'No allo Spam, al Flood e ai Bot']","{'Hate Speech': 3, 'Harassment, Trolling': 1, 'Mis/Disinformation/Conspiracy': 1, 'Harassment, Dogpiling, Doxxing/Personal Info': 1, 'NSFW': 1, 'Spam, Automated tools': 1}","['No al trolling, shitposting, bodyshaming e bullismo', 'No alla diffusione intenzionale di notizie false, fuorvianti o manipolate e alla condivisione di informazioni con intenti antiscientifici.', 'No a comportamenti molesti e tossici, dogpiling o doxxing.', 'No al razzismo, sessismo, misoginia, omofobia, bifobia, lesbofobia, transfobia, afobia', 'No contenuti VM18', ""No al proselitismo e all'intolleranza religiosa"", 'No apologia del fascismo - nazismo', 'No allo Spam, al Flood e ai Bot']","{'Hate Speech': 2, 'Harassment, Trolling': 1, 'Mis/Disinformation/Conspiracy': 1, 'Harassment, Dogpiling, Doxxing/Personal Info': 1, 'NSFW': 1, 'A: Hate Speech': 1, 'Spam, Automated tools': 1}","['No al trolling, shitposting, bodyshaming e bullismo', 'No alla diffusione intenzionale di notizie false, fuorvianti o manipolate e alla condivisione di informazioni con intenti antiscientifici.', 'No a comportamenti molesti e tossici, dogpiling o doxxing.', 'No al razzismo, sessismo, misoginia, omofobia, bifobia, lesbofobia, transfobia, afobia', 'No contenuti VM18', ""No al proselitismo e all'intolleranza religiosa"", 'No apologia del fascismo - nazismo', 'No allo Spam, al Flood e ai Bot']","{'Hate Speech': 3, 'Harassment, Trolling': 1, 'Mis/Disinformation/Conspiracy': 1, 'Harassment, Dogpiling, Doxxing/Personal Info': 1, 'NSFW': 1, 'Spam, Automated tools': 1}"
mathstodon.xyz,"['Don’t do anything that’s illegal in the UK or EU.', 'Aggression and elitism are unwelcome here - it’s not a competition. Don’t assume you know better than the person you’re talking to.', 'We want to be inclusive; do not engage in exclusionary behaviour or language against anyone based on their race, gender (binary, assigned or otherwise), disability, mental health, sexual orientation, level of education or age.', 'Don’t make exclusionary jokes. Don’t even make them “ironically”.', 'Don’t harass people. Unconsented contact or sexual attention can constitute harassment, even if it wasn’t intended to cause upset. Dressing or acting in a certain way is not consent.']","{'Harassment': 2, 'Hate Speech': 2, 'Illegal Content': 1}","['Don’t do anything that’s illegal in the UK or EU.', 'Aggression and elitism are unwelcome here - it’s not a competition. Don’t assume you know better than the person you’re talking to.', 'We want to be inclusive; do not engage in exclusionary behaviour or language against anyone based on their race, gender (binary, assigned or otherwise), disability, mental health, sexual orientation, level of education or age.', 'Don’t make exclusionary jokes. Don’t even make them “ironically”.', 'Don’t harass people. Unconsented contact or sexual attention can constitute harassment, even if it wasn’t intended to cause upset. Dressing or acting in a certain way is not consent.']","{'Harassment': 2, 'Illegal Content': 1, 'Hate Speech': 1, 'Hate Speech, Trolling': 1}",[nan],{'Not Applicable': 1}
me.pptry.info,"['他人に対して礼儀正しく、敬意を持って接しましょう。', '差別、暴力、嫌がらせをしてはいけません。日本法に触れるコンテンツや、他人の個人情報を無断で共有してはいけません。', '未成年に不適切なコンテンツの共有はできません。必要に応じて、警告ラベル（CW = Content Warning、NSFW = Not Safe For Work）をつけてください。', 'スパム（迷惑行為）はいかなる形態でも禁止します。']","{'Not Applicable': 1, 'Hate Speech, Incitement of Violence, Harassment, Illegal Content, Doxxing/Personal Info': 1, 'NSFW, Content Warnings': 1, 'Spam': 1}",[nan],{'A: Not Applicable': 1},"['他人に対して礼儀正しく、敬意を持って接しましょう。', '差別、暴力、嫌がらせをしてはいけません。日本法に触れるコンテンツや、他人の個人情報を無断で共有してはいけません。', '未成年に不適切なコンテンツの共有はできません。必要に応じて、警告ラベル（CW = Content Warning、NSFW = Not Safe For Work）をつけてください。', 'スパム（迷惑行為）はいかなる形態でも禁止します。']","{'Not Applicable': 1, 'Hate Speech, Incitement of Violence, Harassment, Illegal Content, Doxxing/Personal Info': 1, 'NSFW, Content Warnings': 1, 'Spam': 1}"
med-mastodon.com,"['No hate speech', 'No blatant misinformation', 'No PHI']","{'Hate Speech': 1, 'Mis/Disinformation/Conspiracy': 1, 'A: Doxxing/Personal Info': 1}","['No hate speech', 'No blatant misinformation', 'No PHI']","{'Hate Speech': 1, 'Mis/Disinformation/Conspiracy': 1, 'A: Doxxing/Personal Info': 1}","['No hate speech', 'No blatant misinformation', 'No PHI']","{'Hate Speech': 1, 'Mis/Disinformation/Conspiracy': 1, 'Doxxing/Personal Info': 1}"
merveilles.town,"['One must respect the Code of Conduct.', 'One must remember the Three Gates Of Speech.', 'One must wear a Black & White avatar.', 'Please read through the rest of this extended about page for more information.']",{'Not Applicable': 4},"['One must respect the Code of Conduct.', 'One must remember the Three Gates Of Speech.', 'One must wear a Black & White avatar.', 'Please read through the rest of this extended about page for more information.']",{'Not Applicable': 4},"['One must respect the Code of Conduct.', 'One must remember the Three Gates Of Speech.', 'One must wear a Black & White avatar.', 'Please read through the rest of this extended about page for more information.']",{'Not Applicable': 4}
mstdn.business,"['No NSFW or illegal content.', 'No racism, sexism, homophobia, transphobia, or xenophobia.', 'Do not share intentionally false or misleading information.', 'No spam or excessive promotion.', 'Brands are welcome. For personal accounts use your real name.']","{'NSFW, Illegal Content': 1, 'Hate Speech': 1, 'Mis/Disinformation/Conspiracy': 1, 'Spam, Advertising & Commercialization': 1, 'Impersonation': 1}","['No NSFW or illegal content.', 'No racism, sexism, homophobia, transphobia, or xenophobia.', 'Do not share intentionally false or misleading information.', 'No spam or excessive promotion.', 'Brands are welcome. For personal accounts use your real name.']","{'NSFW, Illegal Content': 1, 'Hate Speech': 1, 'Mis/Disinformation/Conspiracy': 1, 'Spam, Advertising & Commercialization': 1, 'Impersonation': 1}","['No NSFW or illegal content.', 'No racism, sexism, homophobia, transphobia, or xenophobia.', 'Do not share intentionally false or misleading information.', 'No spam or excessive promotion.', 'Brands are welcome. For personal accounts use your real name.']","{'NSFW, Illegal Content': 1, 'Hate Speech': 1, 'Mis/Disinformation/Conspiracy': 1, 'Spam, Advertising & Commercialization': 1, 'Impersonation': 1}"
mstdn.plus,"['Nudity and sexually explicit content is prohibited for accounts registered on this instance', 'Violent media must be marked as sensitive when posting', 'No racism, sexism, homophobia, transphobia, xenophobia, or casteism', 'No incitement of violence or promotion of violent ideologies', 'No harassment, dogpiling or doxxing of other users', 'No content illegal in the United States, Germany, or Finland', 'Do not share intentionally false or misleading information', 'Bots must be marked as bots in their profile preferences, and automated posts should be unlisted.', 'You must select the appropriate language for each post.', 'Do not spam or abuse network features.', 'Please read https://mpp.bus-hit.me for moderation information and best practices.']","{'NSFW': 1, 'Images': 1, 'Hate Speech': 1, 'Incitement of Violence': 1, 'A: Doxxing/Personal Info, Harassment, Dogpiling': 1, 'Illegal Content': 1, 'Mis/Disinformation/Conspiracy': 1, 'Automated tools': 1, 'Off-topic/topic specific': 1, 'Spam': 1, 'Links & Outside Content': 1}","['Nudity and sexually explicit content is prohibited for accounts registered on this instance', 'Violent media must be marked as sensitive when posting', 'No racism, sexism, homophobia, transphobia, xenophobia, or casteism', 'No incitement of violence or promotion of violent ideologies', 'No harassment, dogpiling or doxxing of other users', 'No content illegal in the United States, Germany, or Finland', 'Do not share intentionally false or misleading information', 'Bots must be marked as bots in their profile preferences, and automated posts should be unlisted.', 'You must select the appropriate language for each post.', 'Do not spam or abuse network features.', 'Please read https://mpp.bus-hit.me for moderation information and best practices.']","{'NSFW': 1, 'Images': 1, 'Hate Speech': 1, 'Incitement of Violence': 1, 'Doxxing/Personal Info, Harassment, Dogpiling': 1, 'Illegal Content': 1, 'Mis/Disinformation/Conspiracy': 1, 'Automated tools': 1, 'Off-topic/topic specific': 1, 'Spam': 1, 'Links & Outside Content': 1}","['Nudity and sexually explicit content is prohibited for accounts registered on this instance', 'Violent media must be marked as sensitive when posting', 'No racism, sexism, homophobia, transphobia, xenophobia, or casteism', 'No incitement of violence or promotion of violent ideologies', 'No harassment, dogpiling or doxxing of other users', 'No content illegal in the United States, Germany, or Finland', 'Do not share intentionally false or misleading information', 'Bots must be marked as bots in their profile preferences, and automated posts should be unlisted.', 'You must select the appropriate language for each post.', 'Do not spam or abuse network features.', 'Please read https://mpp.bus-hit.me for moderation information and best practices.']","{'NSFW': 1, 'Images': 1, 'Hate Speech': 1, 'Incitement of Violence': 1, 'Doxxing/Personal Info, Harassment, Dogpiling': 1, 'Illegal Content': 1, 'Mis/Disinformation/Conspiracy': 1, 'Automated tools': 1, 'Off-topic/topic specific': 1, 'Spam': 1, 'Links & Outside Content': 1}"
mstdn.plusminus.io,['利用規約\r\nhttps://plusminus.io/mstdn-plusminus-io/terms-of-service'],{'Links & Outside Content': 1},[nan],{'A: Not Applicable': 1},['利用規約\r\nhttps://plusminus.io/mstdn-plusminus-io/terms-of-service'],{'Links & Outside Content': 1}
na.social,[nan],{'A: Not Applicable': 1},[nan],{'Not Applicable': 1},[nan],{'Not Applicable': 1}
neovibe.app,"['No discrimination, including (but not limited to) racism, sexism, homophobia or transphobia.', 'No harassment of other users on this or other servers.', 'No incitement of violence or promotion of violent ideologies.', 'No disinformation regarding public health issues or political/military campaigns.', ""No spam or unverified use of copyrighted material. This includes promotional campaigns, and SEO. If you have a self-run small business, please request permission before linking to any products for sale. We would like to make sure all items being sold are legal under this instance's USA laws."", 'No impersonation of other individuals, public figures or organisations, unless clearly marked as a parody.', 'No explicit (NSFW) content without content warnings and/or sensitive media markers. Explicit content must not be used in user avatars or header images.']","{'Hate Speech': 1, 'Harassment': 1, 'Incitement of Violence': 1, 'Mis/Disinformation/Conspiracy': 1, 'Advertising & Commercialization, Copyright/Piracy, Spam, Links & Outside Content, Illegal Content': 1, 'Impersonation': 1, 'NSFW, Content Warnings, Images': 1}","['No discrimination, including (but not limited to) racism, sexism, homophobia or transphobia.', 'No harassment of other users on this or other servers.', 'No incitement of violence or promotion of violent ideologies.', 'No disinformation regarding public health issues or political/military campaigns.', ""No spam or unverified use of copyrighted material. This includes promotional campaigns, and SEO. If you have a self-run small business, please request permission before linking to any products for sale. We would like to make sure all items being sold are legal under this instance's USA laws."", 'No impersonation of other individuals, public figures or organisations, unless clearly marked as a parody.', 'No explicit (NSFW) content without content warnings and/or sensitive media markers. Explicit content must not be used in user avatars or header images.']","{'Hate Speech': 1, 'Harassment': 1, 'Incitement of Violence': 1, 'Mis/Disinformation/Conspiracy': 1, 'Advertising & Commercialization, Copyright/Piracy, Spam, Links & Outside Content, Illegal Content': 1, 'Impersonation': 1, 'NSFW, Content Warnings, Images': 1}",[nan],{'Not Applicable': 1}
nitecrew.rip,"[""Don't be a shithead"", 'CW required on truly disturbing content. Things like nudity/sexual content, gore/blood, and imagery or discussions that could get someone in trouble if opened in mixed company. EC and food are optional.', ""Don't touch the poop. It'll eventually touch back."", ""No shoes. Take 'em off at the door, don't track your filth onto my clean floors."", ""Don't fix your typos. Full sends only."", 'Give Skelly your bones. EXCEPT squirrel bones.', 'NO AHEGAO. not allowed.', ""You cannot be racist against white people. It doesn't work that way."", 'UH OH COMMUNISM']","{'Not Applicable': 6, 'A: Content Warnings, NSFW': 1, 'NSFW': 1, 'Hate Speech': 1}","[""Don't be a shithead"", 'CW required on truly disturbing content. Things like nudity/sexual content, gore/blood, and imagery or discussions that could get someone in trouble if opened in mixed company. EC and food are optional.', ""Don't touch the poop. It'll eventually touch back."", ""No shoes. Take 'em off at the door, don't track your filth onto my clean floors."", ""Don't fix your typos. Full sends only."", 'Give Skelly your bones. EXCEPT squirrel bones.', 'NO AHEGAO. not allowed.', ""You cannot be racist against white people. It doesn't work that way."", 'UH OH COMMUNISM']","{'Not Applicable': 6, 'NSFW, Content Warnings': 1, 'NSFW': 1, 'Hate Speech': 1}",[nan],{'A: Not Applicable': 1}
ohai.social,"['We do not tolerate discriminatory behavior and content promoting or advocating the oppression of members of marginalized groups.', 'We do not tolerate threatening behavior, stalking, doxxing, or harassment (including brigading, dogpiling, or any other form of contact with a user who has stated that they do not wish to be contacted).', 'We do not tolerate violent nationalist propaganda, Nazi symbolism or promoting the ideology of National Socialism.', 'We do not tolerate conspiracy narratives or other reactionary myths supporting or leading to the above-mentioned (and/or similar) behavior.', 'All explicit (NSFW) content must be marked as sensitive and have a content warning. Explicit content must not be used in user avatars or header images.', 'Content that is illegal in Germany will be deleted and may lead to immediate account suspension.']","{'Hate Speech': 1, 'Doxxing/Personal Info, Harassment, Dogpiling': 1, 'Hate Speech, Incitement of Violence': 1, 'Mis/Disinformation/Conspiracy': 1, 'NSFW, Content Warnings, Images': 1, 'Illegal Content': 1}","['We do not tolerate discriminatory behavior and content promoting or advocating the oppression of members of marginalized groups.', 'We do not tolerate threatening behavior, stalking, doxxing, or harassment (including brigading, dogpiling, or any other form of contact with a user who has stated that they do not wish to be contacted).', 'We do not tolerate violent nationalist propaganda, Nazi symbolism or promoting the ideology of National Socialism.', 'We do not tolerate conspiracy narratives or other reactionary myths supporting or leading to the above-mentioned (and/or similar) behavior.', 'All explicit (NSFW) content must be marked as sensitive and have a content warning. Explicit content must not be used in user avatars or header images.', 'Content that is illegal in Germany will be deleted and may lead to immediate account suspension.']","{'Hate Speech': 1, 'Doxxing/Personal Info, Harassment, Dogpiling': 1, 'Hate Speech, Incitement of Violence': 1, 'Mis/Disinformation/Conspiracy': 1, 'NSFW, Content Warnings, Images': 1, 'Illegal Content': 1}",[nan],{'Not Applicable': 1}
oslo.town,"['Treat people with kindness 💖 🏳️\u200d🌈', 'No racism, homophobia, xenophobia, sexism, discrimination, nazis. 🛑', 'Report bad or suspicious activity ⚠️  Use the block button when needed 🚫  Try not to argue with other members 😡', 'Use a Content Warning (CW) when posting sexual, graphic, and potentially triggering subject matters 🫣', 'Think carefully before sharing personal information 🔐', 'No robots 🤖']","{'Not Applicable': 2, 'Hate Speech': 1, 'Content Warnings': 1, 'Doxxing/Personal Info': 1, 'Automated tools': 1}",[nan],{'Not Applicable': 1},"['Treat people with kindness 💖', 'No racism, homophobia, xenophobia, sexism, discrimination, nazis. 🛑', 'Report bad or suspicious activity ⚠️  Use the block button when needed 🚫', 'Use a Content Warning (CW) when posting sexual, graphic, and potentially triggering subject matters 🫣', 'Think carefully before sharing personal information 🔐', 'Bleep-bloop-bleep. No robots 🤖']","{'Not Applicable': 1, 'Hate Speech': 1, 'A: Not Applicable': 1, 'Content Warnings': 1, 'Doxxing/Personal Info': 1, 'Automated tools': 1}"
ostatus.taiyolab.com,['藤井太洋の管理するアカウントだけが登録できます'],{'A: Not Applicable': 1},['藤井太洋の管理するアカウントだけが登録できます'],{'A: Not Applicable': 1},[nan],{'Not Applicable': 1}
piaille.fr,"['Conformément aux lois françaises et à la jurisprudence, les contenus pédopornographiques, y compris sous forme dessinée, sont illégaux et seront supprimés, et les comptes concernés bloqués (si distants) ou supprimés (si local).', 'La nudité, les contenus érotiques, pornographiques ou visiblement violents doivent être marqués avec le drapeau ""sensible / sensitive"". Les comptes ne respectant pas cette règle seront supprimés', ""La publicité, sous forme répétée et/ou intrusive (faisant mention d'autres utilisateur·ices), n'est pas acceptée. Les comptes concernés seront rendus invisibles aux flux locaux et fédérés, ou supprimés, selon la gravité de la situation."", ""Approchez les personnes avec précaution et politesse. Si une personne vous demande d'arrêter de la mentionner ou qu'elle exprime ne plus vouloir participer à une discussion, arrêtez immédiatement."", 'Sont interdits les propos, images ou vidéos racistes, sexistes, homophobes, psychophobes ou transphobes.', 'Sont interdits les avances ou propositions à caractères sexuels non-sollicitées.', ""Sont interdit toute conduite, en public ou en privé, ayant pour but de traquer, harceler ou intimider d'autres personnes."", ""Il est interdit de rassembler, publier, disséminer les informations personnelles d'une autre personne sans son autorisation explicite."", 'Il est interdit de poursuivre une conversation ou inciter une personne à poursuivre une interaction avec une personne ayant réclamé la cessation de ladite interaction. Cela peut être considéré comme du harcèlement, indépendamment de la confidentialité employée.', 'Est interdit toute tentative de retournement d’une oppression systémique. Par exemple : « racisme anti-blanc », « sexisme anti-homme », « hétérophobie », « cisphobie ».', 'Il est interdit de publier ou diffuser intentionnellement des propos diffamatoires, calomnieux, ainsi que toute désinformation avec intention de tromper (le gorafi ou the onion sont donc autorisés). Les profils satiriques doivent être indiqués comme tels dans leur nom et description publique.']","{'Harassment': 4, 'A: Illegal Content': 1, 'NSFW, Images': 1, 'Advertising & Commercialization, Spam': 1, 'Hate Speech, Images': 1, 'Doxxing/Personal Info': 1, 'Hate Speech': 1, 'Mis/Disinformation/Conspiracy': 1}","['Conformément aux lois françaises et à la jurisprudence, les contenus pédopornographiques, y compris sous forme dessinée, sont illégaux et seront supprimés, et les comptes concernés bloqués (si distants) ou supprimés (si local).', 'La nudité, les contenus érotiques, pornographiques ou visiblement violents doivent être marqués avec le drapeau ""sensible / sensitive"". Les comptes ne respectant pas cette règle seront supprimés', ""La publicité, sous forme répétée et/ou intrusive (faisant mention d'autres utilisateur·ices), n'est pas acceptée. Les comptes concernés seront rendus invisibles aux flux locaux et fédérés, ou supprimés, selon la gravité de la situation."", ""Approchez les personnes avec précaution et politesse. Si une personne vous demande d'arrêter de la mentionner ou qu'elle exprime ne plus vouloir participer à une discussion, arrêtez immédiatement."", 'Sont interdits les propos, images ou vidéos racistes, sexistes, homophobes, psychophobes ou transphobes.', 'Sont interdits les avances ou propositions à caractères sexuels non-sollicitées.', ""Sont interdit toute conduite, en public ou en privé, ayant pour but de traquer, harceler ou intimider d'autres personnes."", ""Il est interdit de rassembler, publier, disséminer les informations personnelles d'une autre personne sans son autorisation explicite."", 'Il est interdit de poursuivre une conversation ou inciter une personne à poursuivre une interaction avec une personne ayant réclamé la cessation de ladite interaction. Cela peut être considéré comme du harcèlement, indépendamment de la confidentialité employée.', 'Est interdit toute tentative de retournement d’une oppression systémique. Par exemple : « racisme anti-blanc », « sexisme anti-homme », « hétérophobie », « cisphobie ».', 'Il est interdit de publier ou diffuser intentionnellement des propos diffamatoires, calomnieux, ainsi que toute désinformation avec intention de tromper (le gorafi ou the onion sont donc autorisés). Les profils satiriques doivent être indiqués comme tels dans leur nom et description publique.']","{'Harassment': 3, 'Illegal Content': 1, 'A: NSFW, Content Warnings': 1, 'A: Advertising & Commercialization, Spam': 1, 'Hate Speech, Images': 1, 'NSFW, Harassment': 1, 'Doxxing/Personal Info': 1, 'Hate Speech': 1, 'Mis/Disinformation/Conspiracy, Impersonation': 1}","['Conformément aux lois françaises et à la jurisprudence, les contenus pédopornographiques, y compris sous forme dessinée, sont illégaux et seront supprimés, et les comptes concernés bloqués (si distants) ou supprimés (si local).', 'La nudité, les contenus érotiques, pornographiques ou visiblement violents doivent être marqués avec le drapeau ""sensible / sensitive"". Les comptes ne respectant pas cette règle seront supprimés', ""La publicité, sous forme répétée et/ou intrusive (faisant mention d'autres utilisateur·ices), n'est pas acceptée. Les comptes concernés seront rendus invisibles aux flux locaux et fédérés, ou supprimés, selon la gravité de la situation."", ""Approchez les personnes avec précaution et politesse. Si une personne vous demande d'arrêter de la mentionner ou qu'elle exprime ne plus vouloir participer à une discussion, arrêtez immédiatement."", 'Sont interdits les propos, images ou vidéos racistes, sexistes, homophobes, psychophobes ou transphobes.', 'Sont interdits les avances ou propositions à caractères sexuels non-sollicitées.', ""Sont interdit toute conduite, en public ou en privé, ayant pour but de traquer, harceler ou intimider d'autres personnes."", ""Il est interdit de rassembler, publier, disséminer les informations personnelles d'une autre personne sans son autorisation explicite."", 'Il est interdit de poursuivre une conversation ou inciter une personne à poursuivre une interaction avec une personne ayant réclamé la cessation de ladite interaction. Cela peut être considéré comme du harcèlement, indépendamment de la confidentialité employée.', 'Est interdit toute tentative de retournement d’une oppression systémique. Par exemple : « racisme anti-blanc », « sexisme anti-homme », « hétérophobie », « cisphobie ».', 'Il est interdit de publier ou diffuser intentionnellement des propos diffamatoires, calomnieux, ainsi que toute désinformation avec intention de tromper (le gorafi ou the onion sont donc autorisés). Les profils satiriques doivent être indiqués comme tels dans leur nom et description publique.']","{'Harassment': 4, 'Illegal Content': 1, 'A: NSFW, Images': 1, 'Advertising & Commercialization, Spam': 1, 'Hate Speech, Images': 1, 'Doxxing/Personal Info': 1, 'Hate Speech': 1, 'Mis/Disinformation/Conspiracy': 1}"
pix.0m.ax,[nan],{'A: Not Applicable': 1},[nan],{'Not Applicable': 1},[nan],{'Not Applicable': 1}
pixel.xarxa.cloud,[nan],{'Not Applicable': 1},[nan],{'A: Not Applicable': 1},[nan],{'A: Not Applicable': 1}
pixelfed.art,"['Sexually explicit or violent media must be marked as sensitive when posting', 'No racism, sexism, homophobia, transphobia, xenophobia, or casteism', 'No incitement of violence or promotion of violent ideologies', 'No harassment, dogpiling or doxxing of other users', 'No content illegal in United States, Canada or the EU', 'No content that includes sexual depictions of minors (this includes loli)', ""No posting other artist's work without credit AND analysis/opinion"", 'No AI generated art', 'No follow or hashtag spam']","{'Illegal Content': 2, 'Images': 1, 'Hate Speech': 1, 'Incitement of Violence': 1, 'Doxxing/Personal Info, Harassment, Dogpiling': 1, 'A: Copyright/Piracy, Links & Outside Content': 1, 'Images, Automated tools': 1, 'Spam': 1}","['Sexually explicit or violent media must be marked as sensitive when posting', 'No racism, sexism, homophobia, transphobia, xenophobia, or casteism', 'No incitement of violence or promotion of violent ideologies', 'No harassment, dogpiling or doxxing of other users', 'No content illegal in United States, Canada or the EU', 'No content that includes sexual depictions of minors (this includes loli)', ""No posting other artist's work without credit AND analysis/opinion"", 'No AI generated art', 'No follow or hashtag spam']","{'Images': 1, 'Hate Speech': 1, 'Incitement of Violence': 1, 'A: Doxxing/Personal Info, Harassment, Dogpiling': 1, 'Illegal Content': 1, 'NSFW, Illegal Content': 1, 'A: Copyright/Piracy, Links & Outside Content': 1, 'Images, Automated tools': 1, 'Spam': 1}","['Sexually explicit or violent media must be marked as sensitive when posting', 'No racism, sexism, homophobia, transphobia, xenophobia, or casteism', 'No incitement of violence or promotion of violent ideologies', 'No harassment, dogpiling or doxxing of other users', 'No content illegal in United States, Canada or the EU', 'No content that includes sexual depictions of minors (this includes loli)', ""No posting other artist's work without credit AND analysis/opinion"", 'No AI generated art', 'No follow or hashtag spam']","{'Illegal Content': 2, 'A: Images': 1, 'Hate Speech': 1, 'Incitement of Violence': 1, 'Doxxing/Personal Info, Harassment, Dogpiling': 1, 'A: Copyright/Piracy, Links & Outside Content': 1, 'Images, Automated tools': 1, 'Spam': 1}"
pixelfed.de,"['No harrasment, no stalking, no doxxing', 'No racism or relativization of racism.', 'No sexism or relativization of sexism.', 'No xenophobia or relativization of xenophobia.', 'No discriminating against gender identities or sexual orientations, or relativizing them.', 'No advertising.', 'No intentionally misleading content (including new/alt-right conspiracy theories or scams like cryptocurrencies).', 'No content that violates the laws of the Federal Republic of Germany.']","{'Hate Speech': 4, 'Harassment, Doxxing/Personal Info': 1, 'Advertising & Commercialization': 1, 'Mis/Disinformation/Conspiracy': 1, 'Illegal Content': 1}",[nan],{'Not Applicable': 1},[nan],{'Not Applicable': 1}
pixelfed.fr,"['Pas de diffusion des idées d’extrême droite', 'Pas de racisme', 'Pas de xénophobie en général', 'Pas de confusionnisme', 'Utilisation du CW pour la nudité ou la pornographie', 'Pas de spam', 'Principalement francophone', 'Discussions dans le respect des autres utilisateurs', ""Pas d'intelligence artificielle""]","{'Hate Speech': 3, 'Mis/Disinformation/Conspiracy': 1, 'NSFW, Content Warnings': 1, 'Spam': 1, 'Not Applicable': 1, 'A: Harassment': 1, 'Automated tools': 1}","['Pas de diffusion des idées d’extrême droite', 'Pas de racisme', 'Pas de xénophobie en général', 'Pas de confusionnisme', 'Utilisation du CW pour la nudité ou la pornographie', 'Pas de spam', 'Principalement francophone', 'Discussions dans le respect des autres utilisateurs', ""Pas d'intelligence artificielle""]","{'Hate Speech': 3, 'Mis/Disinformation/Conspiracy': 1, 'NSFW, Content Warnings': 1, 'Spam': 1, 'A: Not Applicable': 1, 'A: Harassment': 1, 'Automated tools': 1}","['Pas de diffusion des idées d’extrême droite', 'Pas de racisme', 'Pas de xénophobie en général', 'Pas de confusionnisme', 'Utilisation du CW pour la nudité ou la pornographie', 'Pas de spam', 'Principalement francophone', 'Discussions dans le respect des autres utilisateurs', ""Pas d'intelligence artificielle""]","{'Hate Speech': 3, 'Mis/Disinformation/Conspiracy': 1, 'NSFW, Content Warnings': 1, 'Spam': 1, 'Off-topic/topic specific': 1, 'A: Harassment': 1, 'Automated tools': 1}"
pixelfed.social,"['Sexually explicit or violent media must be marked as sensitive when posting', 'No racism, sexism, homophobia, transphobia, xenophobia, or casteism', 'No incitement of violence or promotion of violent ideologies', 'No harassment, dogpiling or doxxing of other users', 'No content illegal in United States']","{'Images': 1, 'Hate Speech': 1, 'Incitement of Violence': 1, 'A: Doxxing/Personal Info, Harassment, Dogpiling': 1, 'Illegal Content': 1}",[nan],{'Not Applicable': 1},[nan],{'Not Applicable': 1}
podcastindex.social,['Not for promotion of podcasts.'],{'Advertising & Commercialization': 1},['Not for promotion of podcasts.'],{'Advertising & Commercialization': 1},[nan],{'Not Applicable': 1}
pol.social,"['Na serwerze obowiązują ogólne zasady Netykiety ( https://pl.wikipedia.org/wiki/Netykieta )\r\nZwracamy się do siebie z szacunkiem.', 'Nie dopuszczamy poniższych rzeczy:\r\n- Pornografii\r\n- Przemocy seksualnej\r\n- Homofobii, transfobi, ksenofobi\r\n- Rasizmu, seksizmu\r\n- Fake newsów\r\n- Przemocy w każdej formie do innych użytkowników\r\n- Treści niedozwolonych polskim prawem.']","{'A: Harassment, Not Applicable': 1, 'Hate Speech, NSFW, Incitement of Violence, Mis/Disinformation/Conspiracy, Illegal Content': 1}","['Na serwerze obowiązują ogólne zasady Netykiety ( https://pl.wikipedia.org/wiki/Netykieta )\r\nZwracamy się do siebie z szacunkiem.', 'Nie dopuszczamy poniższych rzeczy:\r\n- Pornografii\r\n- Przemocy seksualnej\r\n- Homofobii, transfobi, ksenofobi\r\n- Rasizmu, seksizmu\r\n- Fake newsów\r\n- Przemocy w każdej formie do innych użytkowników\r\n- Treści niedozwolonych polskim prawem.']","{'Not Applicable': 1, 'Hate Speech, NSFW, Incitement of Violence, Mis/Disinformation/Conspiracy, Illegal Content': 1}",[nan],{'A: Not Applicable': 1}
post.lurk.org,[nan],{'Not Applicable': 1},[nan],{'A: Not Applicable': 1},[nan],{'Not Applicable': 1}
precure.ml,"['プリキュアシリーズへの愛があることは、参加のそもそもの前提とさせて頂きます。', 'ネタバレを含む投稿にはCW機能の使用をお願いします。その際、注釈（タイトル）は必ず、ネタバレを含むという意図がわかるものにしてください。', '規約にもある通り、投稿の著作権は本人にあります。当然ながら、不適切な投稿の責任も本人が持つものとします。', 'いかなる理由があっても、東映公式やおもちゃ業界等の守秘事項の投稿はしないでください。（なお、商標の出願公開は守秘事項に含みません）', '大事なお知らせを伝えることがある「お知らせボット」へのフォローを外すことは出来ません。外しても、数分後にフォローが復活します。']","{'Not Applicable': 1, 'Content Warnings': 1, 'Copyright/Piracy': 1, 'Copyright/Piracy, Illegal Content': 1, 'A: Automated tools': 1}","['プリキュアシリーズへの愛があることは、参加のそもそもの前提とさせて頂きます。', 'ネタバレを含む投稿にはCW機能の使用をお願いします。その際、注釈（タイトル）は必ず、ネタバレを含むという意図がわかるものにしてください。', '規約にもある通り、投稿の著作権は本人にあります。当然ながら、不適切な投稿の責任も本人が持つものとします。', 'いかなる理由があっても、東映公式やおもちゃ業界等の守秘事項の投稿はしないでください。（なお、商標の出願公開は守秘事項に含みません）', '大事なお知らせを伝えることがある「お知らせボット」へのフォローを外すことは出来ません。外しても、数分後にフォローが復活します。']","{'Not Applicable': 1, 'Content Warnings': 1, 'Copyright/Piracy': 1, 'Copyright/ Piracy, Illegal Content': 1, 'A: Automated tools': 1}","['プリキュアシリーズへの愛があることは、参加のそもそもの前提とさせて頂きます。', 'ネタバレを含む投稿にはCW機能の使用をお願いします。その際、注釈（タイトル）は必ず、ネタバレを含むという意図がわかるものにしてください。', '規約にもある通り、投稿の著作権は本人にあります。当然ながら、不適切な投稿の責任も本人が持つものとします。', 'いかなる理由があっても、東映公式やおもちゃ業界等の守秘事項の投稿はしないでください。（なお、商標の出願公開は守秘事項に含みません）', '大事なお知らせを伝えることがある「お知らせボット」へのフォローを外すことは出来ません。外しても、数分後にフォローが復活します。']","{'Not Applicable': 1, 'Content Warnings': 1, 'Copyright/Piracy': 1, 'Copyright/Piracy, Illegal Content': 1, 'Automated tools': 1}"
pub.osrx.social,"['Keine Hassrede, Hetze, Rassismus oder Mobbing.']","{'Hate Speech, Harassment': 1}","['Keine Hassrede, Hetze, Rassismus oder Mobbing.']","{'Hate Speech, Harassment': 1}",[nan],{'Not Applicable': 1}
reactions-test.mara.guru,"['본 서버는 마스토돈 이모지 리액션 기능 테스트용 서버입니다. 접속 안정성을 보장하지 않으며 데이터 역시 소실될 수 있습니다.', '이외 규칙은 마라탕.인생 서버 규칙을 따릅니다. https://maratang.life/about']","{'Not Applicable': 1, 'A: Links & Outside Content': 1}","['본 서버는 마스토돈 이모지 리액션 기능 테스트용 서버입니다. 접속 안정성을 보장하지 않으며 데이터 역시 소실될 수 있습니다.', '이외 규칙은 마라탕.인생 서버 규칙을 따릅니다. https://maratang.life/about']","{'Not Applicable': 1, 'Links & Outside Content': 1}","['본 서버는 마스토돈 이모지 리액션 기능 테스트용 서버입니다. 접속 안정성을 보장하지 않으며 데이터 역시 소실될 수 있습니다.', '이외 규칙은 마라탕.인생 서버 규칙을 따릅니다. https://maratang.life/about']","{'Not Applicable': 1, 'A: Links & Outside Content': 1}"
ruhr.social,"['Sei immer freundlich und höflich. Behandle andere mit Respekt.', 'Belästige und beleidige niemanden und unterlasse persönliche Angriffe.Weder allein noch als Gruppe. Das Veröffentlichen oder die Androhung von Veröffentlichung von personen-identifizierenden Informationen (""doxing"") wird als Belästigung ausgelegt.', 'Kontaktiere keine Nutzer:innen die angegeben haben, dass sie nicht kontaktiert werden möchten.', 'Nochmal ganz deutlich: Wir dulden keine nationalistische Propaganda, keine Nazi-Symbolik und keine Förderung der Ideologie des Nationalsozialismus!', 'Poste keine pornographischen oder sexualisierten Inhalte. Dazu gehören auch Witze und Kommentare.', 'Veröffentliche keinen Spam oder kommerzielle Werbung. Kommerzielle Werbung in diesem Zusammenhang bedeutet, wenn die veröffentlichten Inhalte keinen persönlichen Bezug aufweisen und eindeutig dazu gedacht sind, direkt oder indirekt Geld zu erwirtschaften.', 'Keine Killerphrasen, Scheinargumente, schwarze Rhetorik oder Sophismus', 'Diskutiere Moderationsentscheidungen nicht zuerst in öffentlichen Toots', 'Die Nutzung oder Befürwortung von rassistischer, sexistischer, homophober, transphober, behindertenfeindlicher und anderweitig diskriminierender oder hasserfüllter Sprache wird nicht geduldet', 'Verharmlosende oder gutheißende Inhalte zu Weißer Vorherrschaft, Antisemitismus, Transphobie oder anderen hasserfüllten Ideologien werden nicht geduldet.', 'Halte dich an die in Deutschland geltenden Gesetze (verbietet u.a. auch gewaltverherrlichende Inhalte).', 'Nutze Inhaltswarnungen für Posts und NSFW-Marker bei Medien im Falle von kontroversen, aufrührerischen oder triggernden Themen', 'Nachgewiesene Falschinformationen/Fakenews (inkl. Verschwörungstheorien) sind hier unerwünscht']","{'Not Applicable': 2, 'Hate Speech': 2, 'Harassment, Doxxing/Personal Info': 1, 'Harassment': 1, 'Hate Speech, Illegal Content': 1, 'NSFW': 1, 'Advertising & Commercialization, Spam': 1, 'Off-topic/topic specific': 1, 'Illegal Content, Incitement of Violence': 1, 'Content Warnings, NSFW': 1, 'Mis/Disinformation/Conspiracy': 1}",[nan],{'A: Not Applicable': 1},[nan],{'A: Not Applicable': 1}
sajin.life,"['타인을 모욕, 괴롭힘, 사칭 명예 훼손등의 목적으로 계정을 생성하거나 컨텐츠를 업로드 하지 마세요.', '다른 사람이 불쾌감을 느낄 수 있는 컨텐츠는 NSFW 표시로 가려주세요.', '인종, 성정체성, 장애, 지역 및 국적등을 이유로 다른 사람을 차별하는 행위를 금지합니다.', '과도한 욕설 혹은 높은 수위의 게시글은 NSFW를 적용하고 공개 범위를 변경해주세요.', '타인의 명시적인 동의 없이 개인 정보를 게시하거나 공유하지 마세요.', '스팸 행위 및 이를 위한 계정 생성을 금지합니다.', '위의 규칙들을 악용하여 서버 이용을 방해하는 행위를 금지합니다.']","{'NSFW, Content Warnings': 2, 'Harassment, Impersonation': 1, 'Hate Speech': 1, 'Doxxing/ Personal Info': 1, 'Spam': 1, 'A: Harassment': 1}","['타인을 모욕, 괴롭힘, 사칭 명예 훼손등의 목적으로 계정을 생성하거나 컨텐츠를 업로드 하지 마세요.', '다른 사람이 불쾌감을 느낄 수 있는 컨텐츠는 NSFW 표시로 가려주세요.', '인종, 성정체성, 장애, 지역 및 국적등을 이유로 다른 사람을 차별하는 행위를 금지합니다.', '과도한 욕설 혹은 높은 수위의 게시글은 NSFW를 적용하고 공개 범위를 변경해주세요.', '타인의 명시적인 동의 없이 개인 정보를 게시하거나 공유하지 마세요.', '스팸 행위 및 이를 위한 계정 생성을 금지합니다.', '위의 규칙들을 악용하여 서버 이용을 방해하는 행위를 금지합니다.']","{'Harassment, Impersonation': 1, 'Images, NSFW': 1, 'Hate Speech': 1, 'NSFW, Content Warnings': 1, 'Doxxing/ Personal Info': 1, 'Spam': 1, 'A: Harassment': 1}",[nan],{'A: Not Applicable': 1}
sakurajima.moe,"['You may not harass/bully people, incite violence, and/or post hate speech (e.g. racism, homophobia, transphobia, ableism, etc). This includes other abusive behavior such as cyberbullying, brigading/dogpiling, doxxing, trolling, swatting, sending death threats, abusing #fediblock tag,  etc.', 'Do not post misinformation (Anti-Vaxx, Covid-19 misinformation, 5G conspiracy theories) or anything to extremist movements (National Socialism, Alt-Right, Ultra-MAGA, etc)', 'Do not post images associated with hate movements, extremist ideologies or groups (Confederate States, Alt-Right, etc.).', 'NSFW content must be tagged (content warning applied). No posting of underaged sexual-explicit content (real life and lolicon/shotacon) is allowed. This rule is handled differently for servers on the exception list, see about page.', 'Properly credit artwork that you didn’t create. Use #AIArt for any artwork that is generated from AI so users can properly filter it.', 'Do not post SPAM, links to scam sites, pirated materials, phishing sites, or websites that break federal laws. Self promotion is OK, as long the links are safe and does not break the above rules.', 'By using this service, you are expected to follow the laws of the United States of America. Refrain from posting anything that may break federal laws.', 'No mini-modding is allowed. If you see any post break the rules, report the post instead.', 'Sensitive content (e.g. violence, blood/gore, NSFW) and other potentially upsetting or triggering topics should be put behind a content warning. It is recommended to put any spoilers, food, eye contact, and political content behind a content warning, but not necessarily required.']","{'Harassment, Incitement of Violence, Hate Speech, Doxxing/Personal Info, Dogpiling, Trolling': 1, 'Mis/Disinformation/Conspiracy, Incitement of Violence': 1, 'Hate Speech, Images': 1, 'A: NSFW, Content Warnings, Illegal Content': 1, 'A: Copyright/Piracy, Links & Outside Content': 1, 'A: Spam, Links & Outside Content, Copyright/Piracy, Illegal Content': 1, 'Illegal Content': 1, 'Not Applicable': 1, 'Content Warnings, NSFW': 1}",[nan],{'Not Applicable': 1},"['You may not harass/bully people, incite violence, and/or post hate speech (e.g. racism, homophobia, transphobia, ableism, etc). This includes other abusive behavior such as cyberbullying, brigading/dogpiling, doxxing, trolling, swatting, sending death threats, abusing #fediblock tag,  etc.', 'Do not post misinformation (Anti-Vaxx, Covid-19 misinformation, 5G conspiracy theories) or anything to extremist movements (National Socialism, Alt-Right, Ultra-MAGA,  voicing support for fascist/totalitarian regimes, etc)', 'Do not post images associated with hate movements, extremist ideologies or groups (Confederate States, Alt-Right, etc.).', 'NSFW content must be tagged approprately with content warning applied or marked as sensitive. No posting of underaged sexual-explicit content (real life/CSAM/CSEM and lolicon/shotacon) is allowed. This rule is handled differently for servers on the exception list, see about page.', 'Properly credit artwork that you didn’t create. Use #AIArt for any artwork that is generated from AI so users can properly filter it.', 'Do not post SPAM, links to scam sites, pirated materials, phishing sites, or websites that break federal laws. Self promotion is OK, as long the links are safe and does not break the above rules.', 'By using this service, you are expected to follow the laws of the United States of America. Refrain from posting anything that may break federal laws.', 'No mini-modding. If you see any post break the rules, report the post instead.', 'Sensitive content (e.g. violence, blood/gore, NSFW, self harm, eating disorders) should be put behind a content warning or mark sensitive. Demanding and/or berating users for not using CW, except from a moderator is not allowed.', 'Creator accounts that consist of more than one member or small businesses must be Japanese media/culture related. This restriction doesn’t apply to individuals.', 'You may operate bots, but they must follow our rules and must be Japanese Media related. No more than 4 public posts in an hour or 16 unlisted posts in an hour. No repetitive posts, unless unlisted.']","{'Harassment, Incitement of Violence, Hate Speech, Doxxing/Personal Info, Dogpiling, Trolling': 1, 'Mis/Disinformation/Conspiracy, Hate Speech': 1, 'Hate Speech, Images': 1, 'NSFW, Content Warnings, Illegal Content': 1, 'Images, Links & Outside Content': 1, 'A: Spam, Links & Outside Content, Copyright/Piracy, Illegal Content': 1, 'Illegal Content': 1, 'Not Applicable': 1, 'Content Warnings, NSFW': 1, 'Off-topic/topic specific': 1, 'Automated tools, Spam': 1}"
scicomm.xyz,"['Be civil, polite, and respectful in your posts and replies.', ""Use the Content Warning (CW) feature for your posts. If you are not sure, do it anyway: treat it like a 'Subject' header for your message."", 'Include an image description to all images. The description should describe the image.', 'No language or imagery which is: spam or advertising, harassing, pornographic, violent, xenophobic, nationalistic, racist, sexist, homophobic, transphobic, ableist, or otherwise discriminatory.', 'Please do not use bots. This instance is for humans only. There are many other instances that will let you develop and run bots.', 'Avoid cross-posters wherever possible. If you do use a cross-poster then be sure to maintain regular healthy engagement with your account here directly.', 'Read the full list of rules and acceptable behaviour and content standards. These are below. If you have any questions or spot any inconsistencies, please raise the issue with a moderator.', 'Please do not use URL shortening services. Always include the full URL in your posts, copied from the address bar of your browser. All links count as 23 characters in your post regardless of their length, long or short.']","{'Not Applicable': 2, 'Content Warnings': 1, 'A: Images': 1, 'Hate Speech, Harassment, NSFW, Advertising & Commercialization, Spam': 1, 'Automated tools': 1, 'Reposting/Crossposting': 1, 'Links & Outside Content': 1}",[nan],{'A: Not Applicable': 1},"['Be civil, polite, and respectful in your posts and replies.', ""Use the Content Warning (CW) feature for your posts. If you are not sure, do it anyway: treat it like a 'Subject' header for your message."", 'Include an image description to all images. The description should describe the image.', 'No language or imagery which is: spam or advertising, harassing, pornographic, violent, xenophobic, nationalistic, racist, sexist, homophobic, transphobic, ableist, or otherwise discriminatory.', 'Please do not use bots. This instance is for humans only. There are many other instances that will let you develop and run bots.', 'Avoid cross-posters wherever possible. If you do use a cross-poster then be sure to maintain regular healthy engagement with your account here directly.', 'Read the full list of rules and acceptable behaviour and content standards. These are below. If you have any questions or spot any inconsistencies, please raise the issue with a moderator.', 'Please do not use URL shortening services. Always include the full URL in your posts, copied from the address bar of your browser. All links count as 23 characters in your post regardless of their length, long or short.']","{'Not Applicable': 2, 'Content Warnings': 1, 'Images': 1, 'Hate Speech, Harassment, NSFW, Advertising & Commercialization, Spam': 1, 'Automated tools': 1, 'Reposting/Crossposting': 1, 'Links & Outside Content': 1}"
sciencemastodon.com,"['Please be as kind, polite, and understanding as you would be in a cocktail party of friends and strangers. Harassment, racism, bullying will get you shown to the door.', 'Users may not be anonymous, at least while this site is in its infancy.', 'Users should be scientists or journalists.', 'If your application is rejected, please see rules 2 and/or 3.']","{'Not Applicable': 2, 'Harassment, Hate Speech': 1, 'Impersonation': 1}",[nan],{'Not Applicable': 1},"['Please be as kind, polite, and understanding as you would be in a cocktail party of friends and strangers. Harassment, racism, bullying will get you shown to the door.', 'Users may not be anonymous, at least while this site is in its infancy.', 'Users should be scientists or journalists.', 'If your application is rejected, please see rules 2 and/or 3.']","{'Not Applicable': 2, 'Harassment, Hate Speech': 1, 'Impersonation': 1}"
sciences.social,"['Treat people with respect.', 'Use your real name and be yourself. Your real world reputation is valuable here and your reputation here is valuable in the real world.', 'No sexism, racism, homophobia or transphobia or abusive behavior', 'Use content warnings for ""off-topic"" posts including rants and non-academic political or election content.']","{'Not Applicable': 1, 'Impersonation': 1, 'Hate Speech, Harassment': 1, 'Off-topic/topic specific, Content Warnings': 1}",[nan],{'A: Not Applicable': 1},[nan],{'Not Applicable': 1}
sigmoid.social,"['No racism, sexism, homophobia, transphobia, xenophobia, or discrimination in general', 'No sexually explicit or violent media', 'No harassment, dogpiling or doxxing of other users', 'Do not share intentionally false or misleading information', 'Follow the Code of Conduct']","{'Hate Speech': 1, 'NSFW, Images': 1, 'Doxxing/Personal Info, Harassment, Dogpiling': 1, 'Mis/Disinformation/Conspiracy': 1, 'Not Applicable': 1}",[nan],{'Not Applicable': 1},"['No racism, sexism, homophobia, transphobia, xenophobia, or discrimination in general', 'No sexually explicit or violent media', 'No harassment, dogpiling or doxxing of other users', 'Do not share intentionally false or misleading information', 'Follow the Code of Conduct']","{'Hate Speech': 1, 'NSFW, Images': 1, 'Doxxing/Personal Info, Harassment, Dogpiling': 1, 'Mis/Disinformation/Conspiracy': 1, 'Not Applicable': 1}"
social.data.coop,"['Do not engage in homophobic, racist, transphobic, ableist, sexist, or otherwise prejudiced behaviour.', 'Do not harass people. Stalking, unconsented contact, or unwanted sexual attention is harassment.', 'Aggression and elitism are not welcome — nobody should be afraid to ask questions.', 'Data.coops Acceptable Usage Policy gælder for social.data.coop: https://git.data.coop/data.coop/dokumenter/src/branch/master/Acceptable%20Usage%20Policy.md']","{'Hate Speech': 1, 'Harassment': 1, 'A: Harassment': 1, 'Links & Outside Content': 1}","['Do not engage in homophobic, racist, transphobic, ableist, sexist, or otherwise prejudiced behaviour.', 'Do not harass people. Stalking, unconsented contact, or unwanted sexual attention is harassment.', 'Aggression and elitism are not welcome — nobody should be afraid to ask questions.', 'Data.coops Acceptable Usage Policy gælder for social.data.coop: https://git.data.coop/data.coop/dokumenter/src/branch/master/Acceptable%20Usage%20Policy.md']","{'Harassment': 2, 'Hate Speech': 1, 'Links & Outside Content': 1}","['Do not engage in homophobic, racist, transphobic, ableist, sexist, or otherwise prejudiced behaviour.', 'Do not harass people. Stalking, unconsented contact, or unwanted sexual attention is harassment.', 'Aggression and elitism are not welcome — nobody should be afraid to ask questions.', 'Data.coops Acceptable Usage Policy gælder for social.data.coop: https://git.data.coop/data.coop/dokumenter/src/branch/master/Acceptable%20Usage%20Policy.md']","{'Hate Speech': 1, 'Harassment': 1, 'A: Harassment': 1, 'Not Applicable': 1}"
social.growyourown.services,"['No racist, sexist, anti-LGBTQIA, ableist or other bigoted content', 'No illegal content or links to illegal content', 'No harassment, no bullying, no intimidation', 'No incitement to violence or threats of violence', 'No spam, advertising, sexually explicit or violent contents']","{'Hate Speech': 1, 'Illegal Content, Links & Outside Content': 1, 'Harassment': 1, 'Incitement of Violence': 1, 'A: Spam, Advertising & Commercialization, NSFW': 1}","['No racist, sexist, anti-LGBTQIA, ableist or other bigoted content', 'No illegal content or links to illegal content', 'No harassment, no bullying, no intimidation', 'No incitement to violence or threats of violence', 'No spam, advertising, sexually explicit or violent contents']","{'Hate Speech': 1, 'Illegal Content, Links & Outside Content': 1, 'Harassment': 1, 'Incitement of Violence': 1, 'A: Spam, Advertising & Commercialization, NSFW': 1}",[nan],{'A: Not Applicable': 1}
social.hyuki.net,['いつも喜び、たえず祈り、すべてに感謝しましょう。'],{'A: Not Applicable': 1},['いつも喜び、たえず祈り、すべてに感謝しましょう。'],{'Not Applicable': 1},[nan],{'A: Not Applicable': 1}
social.krebsco.de,"[""don't suck""]",{'Not Applicable': 1},[nan],{'Not Applicable': 1},[nan],{'Not Applicable': 1}
social.lol,"['Don’t spread hate or negativity, especially based on people’s fundamental differences such as gender identity, sexual orientation, race, ethnicity, age, ability, and social class.', 'Don’t harass, troll, seek to offend, shitpost, or otherwise bother anyone.', 'Don’t lie, and don’t spread others’\xa0lies or misinformation.', 'Don’t run bots or anything that automates interactions with people.']","{'Hate Speech': 1, 'Harassment, Trolling': 1, 'Mis/Disinformation/Conspiracy': 1, 'Automated tools': 1}","['Don’t spread hate or negativity, especially based on people’s fundamental differences such as gender identity, sexual orientation, race, ethnicity, age, ability, and social class.', 'Don’t harass, troll, seek to offend, shitpost, or otherwise bother anyone.', 'Don’t lie, and don’t spread others’\xa0lies or misinformation.', 'Don’t run bots or anything that automates interactions with people.']","{'Hate Speech': 1, 'Harassment, Trolling': 1, 'Mis/Disinformation/Conspiracy': 1, 'Automated tools': 1}","['Don’t spread hate or negativity, especially based on people’s fundamental differences such as gender identity, sexual orientation, race, ethnicity, age, ability, and social class.', 'Don’t harass, troll, seek to offend, shitpost, or otherwise bother anyone.', 'Don’t lie, and don’t spread others’\xa0lies or misinformation.', 'Don’t run bots or anything that automates interactions with people.']","{'Hate Speech': 1, 'Harassment, Trolling': 1, 'Mis/Disinformation/Conspiracy': 1, 'Automated tools': 1}"
social.mikutter.hachune.net,"['えあい', 'みたらしだんご', 'kb10uy']","{'Not Applicable': 2, 'A: Not Applicable': 1}","['えあい', 'みたらしだんご', 'kb10uy']","{'Not Applicable': 2, 'A: Not Applicable': 1}","['えあい', 'みたらしだんご', 'kb10uy']","{'Not Applicable': 2, 'A: Not Applicable': 1}"
social.milktea.io,"['Be kind', 'Do not post content that is illegal', 'Do not reupload other people’s content (eg art) without their permission', 'Do use spoilers and content warnings as appropriate!']","{'Not Applicable': 1, 'Illegal Content': 1, 'Copyright/ Piracy': 1, 'Content Warnings': 1}","['Be kind', 'Do not post content that is illegal', 'Do not reupload other people’s content (eg art) without their permission', 'Do use spoilers and content warnings as appropriate!']","{'Not Applicable': 1, 'Illegal Content': 1, 'Copyright/Piracy': 1, 'Content Warnings': 1}",[nan],{'Not Applicable': 1}
social.oberhauser.space,"['Hate speech and acts of discrimination such as racism, sexism, homophobia, transphobia, xenophobia, or casteism will not be tolerated.', 'Do not intentionally share false or misleading information.', 'Do not send unsolicited DMs.', 'Sexually explicit or violent media must be marked as sensitive.', 'Do not share posts containing incitement of violence or promotion of violent ideologies.']","{'Hate Speech': 1, 'Mis/Disinformation/Conspiracy': 1, 'Harassment': 1, 'A: Images, Content Warnings': 1, 'Incitement of Violence': 1}",[nan],{'Not Applicable': 1},[nan],{'Not Applicable': 1}
social.opensource.org,"[""All posts carried by this server must abide by OSI's Code of Conduct at https://opensource.org/codeofconduct/"", 'Posts are carried at the absolute discretion of the OSI Executive Director who will remove any post that is considered against the code of conduct or is considered inappropriate and/or suspend access for any user and/or any server.']","{'Links & Outside Content': 1, 'Not Applicable': 1}","[""All posts carried by this server must abide by OSI's Code of Conduct at https://opensource.org/codeofconduct/"", 'Posts are carried at the absolute discretion of the OSI Executive Director who will remove any post that is considered against the code of conduct or is considered inappropriate and/or suspend access for any user and/or any server.']","{'Links & Outside Content': 1, 'Not Applicable': 1}","[""All posts carried by this server must abide by OSI's Code of Conduct at https://opensource.org/codeofconduct/"", 'Posts are carried at the absolute discretion of the OSI Executive Director who will remove any post that is considered against the code of conduct or is considered inappropriate and/or suspend access for any user and/or any server.']","{'Links & Outside Content': 1, 'Not Applicable': 1}"
social.restless.systems,"[""Hatred will not be tolerated. This includes, but isn't limited to racist language, degorgatory statements and more."", 'Remember the human. Try to keep it civil, although we understand things can get heated.', 'Harassing others will not be tolerated: no means no.', 'Server admins have final authority. Bans may be appealed, but ban evasion will lead to either IP blocks, or instance blocks as needed', 'Be kind to others ...', 'NSFW/R18 content must be marked as such', 'Cyrptocurrency/NFT scams and spam will not be tolerated']","{'Hate Speech': 1, 'A: Harassment': 1, 'Harassment': 1, 'Not Applicable': 1, 'A: Not Applicable': 1, 'NSFW, Content Warnings': 1, 'Spam, Mis/Disinformation/Conspiracy': 1}",[nan],{'A: Not Applicable': 1},[nan],{'A: Not Applicable': 1}
social.treehouse.systems,"['NSFW content (you know what this is) must be posted behind a content warning.  Anything else where a content warning makes reasonable sense should probably have one.', ""Respect people's boundaries, if you don't, you will be banned.  We have a zero-tolerance policy."", 'Doxing will not be tolerated.  Again, zero-tolerance policy and all that.', ""Office politics stay at the office.  Some of us don't want to talk about work all the time.""]","{'NSFW, Content Warnings': 1, 'A: Harassment': 1, 'Doxxing/Personal Info': 1, 'Off-topic/topic specific': 1}",[nan],{'Not Applicable': 1},[nan],{'Not Applicable': 1}
syringa.social,"['Be Kind', 'Sexually explicit or violent media must be marked as sensitive when posting.', 'No racism, sexism, homophobia, transphobia, xenophobia, casteism or fascism.', 'No incitement of violence or promotion of violent ideologies.', 'No harassment, dogpiling or doxxing of other users.', 'No illegal content.', 'This site is directed to people over 13 years old,  as required by COPPA.', ""Running this server is a labor of love, don't make me not love this.""]","{'Not Applicable': 2, 'A: Images': 1, 'Hate Speech': 1, 'Incitement of Violence': 1, 'Doxxing/ Personal Info, Harassment, Dogpiling': 1, 'Illegal Content': 1, 'NSFW, Illegal Content': 1}","['Be Kind', 'Sexually explicit or violent media must be marked as sensitive when posting.', 'No racism, sexism, homophobia, transphobia, xenophobia, casteism or fascism.', 'No incitement of violence or promotion of violent ideologies.', 'No harassment, dogpiling or doxxing of other users.', 'No illegal content.', 'This site is directed to people over 13 years old,  as required by COPPA.', ""Running this server is a labor of love, don't make me not love this.""]","{'Not Applicable': 2, 'Images': 1, 'Hate Speech': 1, 'Incitement of Violence': 1, 'Doxxing/Personal Info, Harassment, Dogpiling': 1, 'Illegal Content': 1, 'NSFW': 1}","['Be Kind', 'Sexually explicit or violent media must be marked as sensitive when posting.', 'No racism, sexism, homophobia, transphobia, xenophobia, casteism or fascism.', 'No incitement of violence or promotion of violent ideologies.', 'No harassment, dogpiling or doxxing of other users.', 'No illegal content.', 'This site is directed to people over 13 years old,  as required by COPPA.', ""Running this server is a labor of love, don't make me not love this.""]","{'Not Applicable': 3, 'A: Images': 1, 'Hate Speech': 1, 'Incitement of Violence': 1, 'Doxxing/Personal Info, Harassment, Dogpiling': 1, 'Illegal Content': 1}"
thejoyo.com,[nan],{'A: Not Applicable': 1},[nan],{'Not Applicable': 1},[nan],{'A: Not Applicable': 1}
tilde.zone,"['Sexually explicit or violent media must be marked as sensitive when posting', 'No fascism, racism, sexism, homophobia, transphobia, xenophobia, or casteism', 'No incitement of violence or promotion of violent ideologies', 'No harassment or doxxing of other users', 'No content illegal in Germany', 'Do not share intentionally false or misleading information', 'No cryptocurrencies or NFTs', 'You must be at least 13 years of age to register here']","{'Images': 1, 'Hate Speech': 1, 'Incitement of Violence': 1, 'Doxxing/Personal Info, Harassment': 1, 'Illegal Content': 1, 'Mis/Disinformation/Conspiracy': 1, 'Advertising & Commercialization': 1, 'Not Applicable': 1}","['Sexually explicit or violent media must be marked as sensitive when posting', 'No fascism, racism, sexism, homophobia, transphobia, xenophobia, or casteism', 'No incitement of violence or promotion of violent ideologies', 'No harassment or doxxing of other users', 'No content illegal in Germany', 'Do not share intentionally false or misleading information', 'No cryptocurrencies or NFTs', 'You must be at least 13 years of age to register here']","{'Images': 1, 'Hate Speech': 1, 'Incitement of Violence': 1, 'Doxxing/Personal Info, Harassment': 1, 'Illegal Content': 1, 'Mis/Disinformation/Conspiracy': 1, 'Advertising & Commercialization': 1, 'Not Applicable': 1}","['Sexually explicit or violent media must be marked as sensitive when posting', 'No fascism, racism, sexism, homophobia, transphobia, xenophobia, or casteism', 'No incitement of violence or promotion of violent ideologies', 'No harassment or doxxing of other users', 'No content illegal in Germany', 'Do not share intentionally false or misleading information', 'No cryptocurrencies or NFTs', 'You must be at least 13 years of age to register here']","{'A: Images': 1, 'Hate Speech': 1, 'Incitement of Violence': 1, 'Doxxing/Personal Info, Harassment': 1, 'Illegal Content': 1, 'Mis/Disinformation/Conspiracy': 1, 'Off-topic/topic specific': 1, 'Not Applicable': 1}"
toot.community,"['Sexually explicit or violent media must be marked as sensitive when posting.', 'No racism, sexism, homophobia, transphobia, xenophobia, or casteism.', 'No incitement of violence or promotion of violent ideologies.', 'No harassment, dogpiling or doxxing of other users.', 'No content illegal in The Netherlands.', 'Do not share intentionally false or misleading information.', 'Add a Content Warning (CW) to any toots that may hurt or trigger people like religion, gore, spoilers, or sensitive topics.']","{'A: Images': 1, 'Hate Speech': 1, 'Incitement of Violence': 1, 'Doxxing/Personal Info, Harassment, Dogpiling': 1, 'Illegal Content': 1, 'Mis/Disinformation/Conspiracy': 1, 'A: Content Warnings': 1}","['Sexually explicit or violent media must be marked as sensitive when posting.', 'No racism, sexism, homophobia, transphobia, xenophobia, or casteism.', 'No incitement of violence or promotion of violent ideologies.', 'No harassment, dogpiling or doxxing of other users.', 'No content illegal in The Netherlands.', 'Do not share intentionally false or misleading information.', 'Add a Content Warning (CW) to any toots that may hurt or trigger people like religion, gore, spoilers, or sensitive topics.']","{'A: Images': 1, 'Hate Speech': 1, 'Incitement of Violence': 1, 'Doxxing/Personal Info, Harassment, Dogpiling': 1, 'Illegal Content': 1, 'Mis/Disinformation/Conspiracy': 1, 'Content Warnings': 1}","['Sexually explicit or violent media must be marked as sensitive when posting.', 'No racism, sexism, homophobia, transphobia, xenophobia, or casteism.', 'No incitement of violence or promotion of violent ideologies.', 'No harassment, dogpiling or doxxing of other users.', 'No content illegal in The Netherlands.', 'Do not share intentionally false or misleading information.', 'Add a Content Warning (CW) to any toots that may hurt or trigger people like religion, gore, spoilers, or sensitive topics.']","{'A: Images': 1, 'Hate Speech': 1, 'Incitement of Violence': 1, 'Doxxing/Personal Info, Harassment, Dogpiling': 1, 'Illegal Content': 1, 'Mis/Disinformation/Conspiracy': 1, 'A: Content Warnings': 1}"
toots.ravenoak.dev,"[""Don't get banned.""]",{'Not Applicable': 1},"[""Don't get banned.""]",{'Not Applicable': 1},"[""Don't get banned.""]",{'Not Applicable': 1}
tribe.net,"[""Be kind. \r\nBy that, I mean don't upload a ton of stuff here because disk space is limited and costs $$. If you want to use Mastodon as an archive of your big photos and videos, then you should run your own server. It's easy and I can walk you through it."", 'If you want to show off your products or services, you may post an ad once per month. If you are reported for posting more than that, you will get a warning, and then suspension.', 'If you send unsolicited direct messages to users, and you are reported by anyone, you will get a warning and set to limited visibility. The second report will result in your suspension.', 'Accounts that display ads in their profile photo and description will be set to limited visibility, meaning only your followers will see your posts.', ""Also, just be nice in general. I'm doing my best but I don't know everything about Mastodon. The community is a better resource for answering questions, especially if things don't seem to work for you the way you'd like. Remember, this is a free service.""]","{'Advertising & Commercialization': 2, 'Advertising & Commercialization, Images, Links & Outside Content': 1, 'Harassment': 1, 'Not Applicable': 1}",[nan],{'A: Not Applicable': 1},"[""Be kind. \r\nBy that, I mean don't upload a ton of stuff here because disk space is limited and costs $$. If you want to use Mastodon as an archive of your big photos and videos, then you should run your own server. It's easy and I can walk you through it."", 'If you want to show off your products or services, you may post an ad once per month. If you are reported for posting more than that, you will get a warning, and then suspension.', 'If you send unsolicited direct messages to users, and you are reported by anyone, you will get a warning and set to limited visibility. The second report will result in your suspension.', 'Accounts that display ads in their profile photo and description will be set to limited visibility, meaning only your followers will see your posts.', ""Also, just be nice in general. I'm doing my best but I don't know everything about Mastodon. The community is a better resource for answering questions, especially if things don't seem to work for you the way you'd like. Remember, this is a free service.""]","{'Advertising & Commercialization': 2, 'Links & Outside Content, Images': 1, 'Harassment': 1, 'Not Applicable': 1}"
types.pl,"['Racism, homophobia, antisemitism, transphobia, classism against the working class, ableism, exclusionary behavior, misogyny, genocide denial, harassment, Islamophobia, and other similar hate is not permitted. I will personally blast you into the sun.', 'Use content warnings for various topics, such as sexual content, mental health, food, and other touchy topics at your own discretion. If a content warning is required, the admins will let you know.', ""Don't advertise or spam. Asking for money is alright, but this is not a space to solely sell a product without somehow being tied to a user."", 'As a general rule of thumb, images should be captioned. If you are for whatever reason unable to caption an image, please add the content warning ""uncaptioned image"" or something akin.', 'Illegal content is not allowed. Despite the knowledge that some laws are unjust, types.pl does not endorse illegal action. This specifically lies under the jurisdiction of the United States, as that is where the servers are located.', 'If you are using a Twitter crossposter, you should be posting content on Mastodon as well. If the large majority of your posts are Twitter crossposts, you will be banned.', 'No cops, no feds. Members of law enforcement, federal security and intelligence, the military, etc. are not welcome. This is particularly relevant for such organizations in the United States, where the servers are located.', 'Administrators reserve the right to defederate with instances or boot users off the instance at their will for any reason.']","{'Hate Speech, Harassment': 1, 'Content Warnings': 1, 'Advertising & Commercialization, Spam': 1, 'Images, Content Warnings': 1, 'Illegal Content': 1, 'Reposting/Crossposting, Links & Outside Content': 1, 'Hate Speech, Not Applicable': 1, 'Not Applicable': 1}","['Racism, homophobia, antisemitism, transphobia, classism against the working class, ableism, exclusionary behavior, misogyny, genocide denial, harassment, Islamophobia, and other similar hate is not permitted. I will personally blast you into the sun.', 'Use content warnings for various topics, such as sexual content, mental health, food, and other touchy topics at your own discretion. If a content warning is required, the admins will let you know.', ""Don't advertise or spam. Asking for money is alright, but this is not a space to solely sell a product without somehow being tied to a user."", 'As a general rule of thumb, images should be captioned. If you are for whatever reason unable to caption an image, please add the content warning ""uncaptioned image"" or something akin.', 'Illegal content is not allowed. Despite the knowledge that some laws are unjust, types.pl does not endorse illegal action. This specifically lies under the jurisdiction of the United States, as that is where the servers are located.', 'If you are using a Twitter crossposter, you should be posting content on Mastodon as well. If the large majority of your posts are Twitter crossposts, you will be banned.', 'No cops, no feds. Members of law enforcement, federal security and intelligence, the military, etc. are not welcome. This is particularly relevant for such organizations in the United States, where the servers are located.', 'Administrators reserve the right to defederate with instances or boot users off the instance at their will for any reason.']","{'Not Applicable': 2, 'Hate Speech, Harassment': 1, 'Content Warnings': 1, 'Advertising & Commercialization, Spam': 1, 'Images, Content Warnings': 1, 'Illegal Content': 1, 'Reposting/Crossposting, Links & Outside Content': 1}",[nan],{'A: Not Applicable': 1}
uuchten.lu,"['Op dësem Server sinn onerwënscht:\r\n\r\n- Duerstellunge vu Gewalt,\r\n- Opruff zu Hass\r\n- Diskriminéierung\r\n- Fakenews\r\n\r\nDës Lëscht ass net ofgeschloss a wiisst mat der Phantasie vun de BenotzerInnen.']","{'Hate Speech, Incitement of Violence, Mis/Disinformation/Conspiracy': 1}",[nan],{'Not Applicable': 1},[nan],{'Not Applicable': 1}
veganism.social,"['No speciesism, animal abuse, carnists, omnivores, vegetarians, or other non-vegans', 'Sexually explicit or violent media must be marked as sensitive when posting', 'No racism, sexism, homophobia, transphobia, xenophobia, fatphobia, or casteism', 'No incitement of violence or promotion of violent ideologies', 'No harassment or doxxing of other users', 'Do not share intentionally false or misleading information']","{'Hate Speech': 2, 'Images': 1, 'Incitement of Violence': 1, 'Doxxing/Personal Info, Harassment': 1, 'Mis/Disinformation/Conspiracy': 1}",[nan],{'A: Not Applicable': 1},"['No speciesism, animal abuse, carnists, omnivores, vegetarians, or other non-vegans', 'Sexually explicit or violent media must be marked as sensitive when posting', 'No racism, sexism, homophobia, transphobia, xenophobia, fatphobia, or casteism', 'No incitement of violence or promotion of violent ideologies', 'No harassment or doxxing of other users', 'Do not share intentionally false or misleading information']","{'Hate Speech': 2, 'A: Images': 1, 'Incitement of Violence': 1, 'Doxxing/Personal Info, Harassment': 1, 'Mis/Disinformation/Conspiracy': 1}"
vis.social,"['A social space for anyone in SciArt, SciComm, data, visualization, creative coding, and related arts and research. Share your work, discuss, critique, and ask for help!', 'English is the common language of the instance. Other languages are welcome, but please be kind and post English translations so that we can all read your posts.', 'INCLUSION :  We want everyone to feel welcome, safe, and respected. This is a free service. Please be welcoming and kind to everyone, especially when you have a difference of opinion. Then, be  *extra* kind. :-)', 'NFTs: We know many people involved in computational art sell NFTs. However, on vis.social we’ve made the decision that we don’t want to be involved in NFTs. So we’d love to see your art, but we ask that you don’t post your NFTs here.']","{'Not Applicable': 2, 'Off-topic/topic specific': 1, 'Off-topic/topic specific, Advertising & Commercialization': 1}",[nan],{'Not Applicable': 1},[nan],{'A: Not Applicable': 1}
woof.group,"['Be kind!', ""If it'd be fine in a bar or public leather event space, it doesn't need a flag here. Use sensitive media flags or content warnings for things you'd take to the back bar or a private room."", ""We're trans-inclusive, body-positive, and anti-racist here."", 'You must be over 18 years of age.', 'You must have the legal rights to any content you post.', 'When you apply, tell us a bit about your connection to queer leather/kink/BDSM.']","{'Not Applicable': 2, 'NSFW, Content Warnings': 1, 'Hate Speech': 1, 'NSFW': 1, 'Copyright/Piracy': 1}",[nan],{'A: Not Applicable': 1},"['Be kind!', ""If it'd be fine in a bar or public leather event space, it doesn't need a flag here. Use sensitive media flags or content warnings for things you'd take to the back bar or a private room."", ""We're trans-inclusive, body-positive, and anti-racist here."", 'You must be over 18 years of age.', 'You must have the legal rights to any content you post.', 'When you apply, tell us a bit about your connection to queer leather/kink/BDSM.']","{'Not Applicable': 2, 'NSFW, Content Warnings': 1, 'Hate Speech': 1, 'Copyright/Piracy': 1, 'A: Not Applicable': 1}"
xoxo.zone,"['No harassment. For a detailed definition, refer to the XOXO Code of Conduct at xoxofest.com/conduct.', 'No hate speech, including but not limited to sexist, racist, homophobic, and transphobic posts.', 'No illegal content or activity.', 'Use content warnings for adult content, or posts that may be disturbing or triggering.', 'No sharing personal information about others without their consent.', 'No intentional sharing of false or misleading information.', 'No spam. Self-promotion is welcome, sending mass unsolicited replies is not.']","{'Harassment': 1, 'Hate Speech': 1, 'Illegal Content': 1, 'Content Warnings, NSFW': 1, 'Doxxing/Personal Info': 1, 'Mis/Disinformation/Conspiracy': 1, 'Spam, Advertising & Commercialization': 1}",[nan],{'Not Applicable': 1},[nan],{'Not Applicable': 1}
yiff.life,"['You must be 18+ to join.', ""Don't be an asshole."", 'All ""not safe for work content""/""NSFW""/nudity/explicit content must be tagged and hidden in public toots.', 'Posting illegal content will result in an immediate ban. The definition of ""illegal content"" is based on US laws.', 'No suggestive/NSFW content depicting minors or ""cub"" art.', 'No slurs, transphobia, hate material or discrimination of any kind will be tolerated on this instance.', 'Any instances primarily hosting or refusing to moderate any of the above content (section 6) will be blocked from federating.', 'These rules are subject to being amended and updated at any time, without notice.', 'Please review our <a href=""https://yiff.life/terms#extendedcoc"">Extended Code of Conduct</a> and <a href=""https://yiff.life/terms#termsofservice"">Terms of Service</a> for more information.']","{'Not Applicable': 3, 'NSFW': 1, 'NSFW, Content Warnings': 1, 'Illegal Content': 1, 'NSFW, Illegal Content': 1, 'Hate Speech': 1, 'Links & Outside Content': 1}","['You must be 18+ to join.', ""Don't be an asshole."", 'All ""not safe for work content""/""NSFW""/nudity/explicit content must be tagged and hidden in public toots.', 'Posting illegal content will result in an immediate ban. The definition of ""illegal content"" is based on US laws.', 'No suggestive/NSFW content depicting minors or ""cub"" art.', 'No slurs, transphobia, hate material or discrimination of any kind will be tolerated on this instance.', 'Any instances primarily hosting or refusing to moderate any of the above content (section 6) will be blocked from federating.', 'These rules are subject to being amended and updated at any time, without notice.', 'Please review our <a href=""https://yiff.life/terms#extendedcoc"">Extended Code of Conduct</a> and <a href=""https://yiff.life/terms#termsofservice"">Terms of Service</a> for more information.']","{'Not Applicable': 3, 'NSFW': 1, 'NSFW, Content Warnings': 1, 'Illegal Content': 1, 'NSFW, Illegal Content': 1, 'Hate Speech': 1, 'Links & Outside Content': 1}","['You must be 18+ to join.', ""Don't be an asshole."", 'All ""not safe for work content""/""NSFW""/nudity/explicit content must be tagged and hidden in public toots.', 'Posting illegal content will result in an immediate ban. The definition of ""illegal content"" is based on US laws.', 'No suggestive/NSFW content depicting minors or ""cub"" art.', 'No slurs, transphobia, hate material or discrimination of any kind will be tolerated on this instance.', 'Any instances primarily hosting or refusing to moderate any of the above content (section 6) will be blocked from federating.', 'These rules are subject to being amended and updated at any time, without notice.', 'Please review our <a href=""https://yiff.life/terms#extendedcoc"">Extended Code of Conduct</a> and <a href=""https://yiff.life/terms#termsofservice"">Terms of Service</a> for more information.']","{'A: Not Applicable': 2, 'NSFW': 1, 'NSFW, Content Warnings': 1, 'Illegal Content': 1, 'NSFW, Illegal Content': 1, 'Hate Speech': 1, 'Not Applicable': 1, 'Links & Outside Content': 1}"
