Instance Name,Available
acillba-lux.com,yes
a11y.info,yes
mastodon.d.gs,yes
mastodon.minetestserver.ru,yes
rssfeed.media,yes
dju.social,yes
dnsimple.social,yes
genxer.nz,yes
mastodon.familleboisteau.fr,yes
ma.rokoucha.net,yes
pixelfed.orko.it,yes
arbitrarymusings.com,yes
social.kanhuji.eu,yes
mastodon.redgarterclub.com,yes
forestodon.com,yes
ruhrpott.social,yes
social.detroit.hockey,yes
iam.mikei.sh,yes
tokonatsu.social,yes
the.enchanted.quest,yes
gpose.site,yes
mastodon.pcgaldo.com,yes
social.simonschoof.com,yes
tooter.wishy.co.uk,yes
nycr.social,yes
ricko.photos,yes
zeal.center,yes
chud.space,yes
book.everythingbagel.me,yes
delaylama.de,yes
iys.io,yes
social.larus.se,yes
bb5.social,yes
aus.lgbt,yes
pixelfed.dk,yes
mountains.photos,yes
social.densco.net,yes
xn--ratatskr-r4a.de,yes
queer.blahaj.solutions,yes
mastodon.jordanwages.com,yes
magpie.masto.host,yes
social.b0t.at,yes
soundcafe.nl,yes
gayonly.ch,yes
artistalley.space,yes
rtsn.dev,yes
an.errant.cloud,yes
breakpoint.cafe,yes
fouroclockfarms.club,yes
peoplemaking.games,yes
lonely.town,yes
social.penguinability.net,yes
mastodon.darkou.fr,yes
mastodon.rip,yes
tormentnexus.social,yes
tchafia.be,yes
syzito.xyz,yes
fediver.de,yes
ecoevo.social,yes
social.fantorovevo.com,yes
mastodon.orko.it,yes
acat.world,yes
mooose.org,yes
a2mi.social,yes
social.nowicki.io,yes
mastodon.mfbfreaks.nl,yes
heretic.social,yes
mstdn.xicon.eu,yes
mastodon.cross-solution.de,yes
grammus.net,yes
suma-ev.social,yes
dbg.social,yes
social.ttnrtsite.me,yes
sndcstle.fedicity.net,yes
exae.co,yes
clacks.link,yes
meow.cloud,yes
bahn.social,yes
newgrounds.club,yes
masto.nu,yes
mastodon.hackerdrinks.social,yes
social.zyphyr.de,yes
tf3.social,yes
toot.xn--radwrts-8wa.de,yes
stansells.org,yes
fandomonium.space,yes
media.lukeog.com,yes
nautilus.place,yes
nekton.social,yes
mstdn.blueday.blue,yes
meowr.me,yes
mas.trolled.lol,yes
mastodon.douvk.co.uk,yes
mastodon.le-palantir.com,yes
thunderstruck.fedicity.net,yes
social.eb8.org,yes
botwerks.social,yes
pipou.academy,yes
kalmar.social,yes
mastodon.xolus.net,yes
mastodon.hns.au,yes
digitalcourage.social,yes
holonet.imperialba.se,yes
social.rochacbruno.com,yes
pullopen.xyz,yes
mastodon.vhack.eu,yes
m.cmx.im,yes
whereismysupersuit.com,yes
okla.social,yes
kemoner-don.tokyo,yes
mastodon.sanpo-an.site,yes
fujun-bungaku.com,yes
miserables.net,yes
federator.de,yes
mstdn.midyuki.net,yes
hanamaru.uk,yes
pixelfed.lovetux.net,yes
mastodon.bstly.de,yes
mstdn.shalyu.run,yes
social.bacardi55.io,yes
wizards.business,yes
slowest.network,yes
iconfactory.world,yes
ruhr.social,yes
mastodon.unknownrealm.org,yes
mastodon.gaide.me,yes
retroverse.social,yes
bihar.social,yes
flatland.town,yes
betagravity.com,yes
bebopping.social,yes
tragically.social,yes
internaut.club,yes
s-h.social,yes
neuss.social,yes
widget.uk,yes
psiren.eu,yes
front-end.social,yes
colloquy.social,yes
darticulate.com,yes
edgy.social,yes
mastodon.fonsos.com,yes
social.harding.dev,yes
mastodon.meguhub.com,yes
pixelfed.nz,yes
chirpi.de,yes
notacult.social,yes
mastodon.collazo.ws,yes
sausage.social,yes
popon.pptdn.jp,yes
achi.masto.host,yes
kalakukko.social,yes
mstdn.aomushionline.com,yes
pic.krashboyz.org,yes
gts.scoobysnack.net,yes
dftba.club,yes
jabber.net.nz,yes
reyuzenfold.com,yes
me.dm,yes
nagoyadon.jp,yes
mastodon.kryptykphysh.xyz,yes
worm.horse,yes
melendez.land,yes
pavlik.top,yes
bonobo.net,yes
acra.network,yes
dorset.social,yes
m.brokep.com,yes
mastodon.mixed-reality.social,yes
unstable.systems,yes
280562.com,yes
techtoots.com,yes
localization.cafe,yes
my-spaces.social,yes
fv.technogothic.net,yes
mastodon.schule,yes
techdon.dev,yes
anml.io,yes
mstdn.ivtune.net,yes
irsoluciones.social,yes
mastodon.networkback.synology.me,yes
beta1764.voyager.blue,yes
poils.pachyderme.net,yes
mastodon.transneptune.net,yes
social.bau-ha.us,yes
mastodon.home.little.place,yes
kaartinen.photos,yes
social.e-editiones.org,yes
ublog.tech,yes
swiftdevs.space,yes
closednetwork.social,yes
nastycandy.com,yes
pxi.social,yes
neo.gyara.moe,yes
mstdn.in.th,yes
blooming-land.icu,yes
mastodon.joinhaven.us,yes
social.secwarz.com,yes
kannitverstan.eu,yes
volksverpetzer.social,yes
mastodon.lettucegarden.net,yes
raphus.social,yes
troetmund.de,yes
social.gnieh.org,yes
butts.team,yes
inari.click,yes
social.khajiit.de,yes
mastodon.iow.social,yes
saptodon.org,yes
wxcloud.social,yes
reporter.social,yes
bookwyrm.lovetux.net,yes
social.outsourcedmath.com,yes
amphora.social,yes
social.uji.es,yes
hkc.social,yes
awjeez.help,yes
mastodon.kuylar.dev,yes
mastodon.madhammer.club,yes
gayweeb.vip,yes
social.lostcoastoutpost.com,yes
social.mclegoman.com,yes
don.rag.pub,yes
piconic.co,yes
johnhenry.us,yes
social.macg.co,yes
mastodon.lovetux.net,yes
chromachan.net,yes
mastodon.twoslashes.com,yes
owo.town,yes
hips.social,yes
bookstodon.es,yes
sanjuans.life,yes
mastodon.tudgwal.fr,yes
boles.xyz,yes
social.connorbode.me,no
wkly.ws,yes
hivemind.plus,yes
meerjungfrauengrotte.de,yes
netmonkey.xyz,yes
mastodon.pl,yes
eorzea.social,yes
india.goonj.xyz,yes
iosdev.space,yes
barrowof.gay,yes
sukebe.hostdon.ne.jp,yes
mastodon.snld.ca,yes
pixel.easter.fr,yes
social.smalldog.club,yes
m.prettyshiny.org,yes
mstdn.bitwalker.eu,yes
ocw.social,yes
qa.social,yes
mastodon.riebe.cloud,yes
chat.wecops.uk,yes
epsom.social,yes
mast.thomasdmn.net,yes
toot.abuzz.social,yes
maddie.oc.aleteoryx.me,no
dataare.cool,yes
gruenelin.de,yes
social.64i.de,yes
mb.draculaojisan.com,yes
pleroma.kwe-private.net,yes
samstodon.net,yes
meow.kiwa.space,yes
mastodon.miicat.eu,yes
eworld.social,yes
pixelfed.eus,yes
parrygod.club,yes
meow.social,yes
friendica.hagew.blog,yes
f-t.net.pl,yes
tassaron.com,yes
announcements.managedwphosting.pro,yes
matstar.error.pe.kr,yes
social.do.srb2.org,yes
puyopuyotetr.is,yes
east17.org,yes
social.authorhelp.uk,yes
endtimebelievers.com,yes
mastodon.stsecurity.moe,yes
cliff.social,yes
jxmsocial.xyz,yes
merveilles.town,yes
analog.am,yes
equel.social,yes
l3ib.org,yes
climatejustice.global,yes
pool.social,yes
fossdev.fr,yes
faculty.mastodon.stanford.edu,yes
wulf.social,yes
mastodon.cloudsecurityofficehours.com,yes
natterati.com,yes
social.maleo.uk,yes
don.luhrck.com,yes
social.circl.lu,yes
underwear.social,yes
orfodon.org,yes
md.korako.me,yes
mastodon.chuggybumba.com,yes
bonn.pics,yes
fedisabled.social,yes
mastodon.michonline.com,yes
social.kontrollapparat.de,yes
mstdn.axhxrx.com,yes
newsbots.californialocal.com,yes
esoteric.party,yes
so.scnr.it,yes
basilisk.gallery,yes
02.owncast.net,yes
zusammenkunft.net,yes
trivia.town,yes
mona.do,yes
mastodon.moscow,yes
mastodon.versme.net,yes
friendica.daniel-siepmann.de,yes
dial.modem.show,yes
mastodon.iut-larochelle.fr,yes
social.groene.nl,yes
mastod.no,yes
federatedfandom.net,yes
mastodon.gastrokon.com,yes
solderma.sk,yes
sisterkiss.ing,yes
mastodon.ocfox.me,yes
px.c-p-b.com,no
partyparrot.social,yes
squawk.mytransponder.com,yes
hoosier.social,yes
masto.canadiancivil.com,yes
us.etarek.xyz,yes
vmst.io,yes
kampftoast.de,yes
cytag.nl,yes
pb.todon.de,yes
yetanother.place,yes
mastodon.activitypub.be,yes
skytatu.com,yes
md.uzla.net,yes
vortex.masto.host,yes
trekkies.social,yes
mastodon.randompherret.com,yes
criticalrolestats.com,yes
social.balsillie.net,yes
yokonegi.hostdon.ne.jp,yes
my.bookrastinating.com,yes
fedi.opensourcestories.org,yes
social.ourwebgrove.com,yes
mastodon.digital-science.com,yes
tomkahe.com,yes
crowsnest.social,yes
convo.casa,yes
micro.koray.al,yes
mastodon.pirati.cz,yes
cruisers.social,yes
existentialcrisis.link,yes
mozilla.social,yes
mastodon.blip.rocklin.dev,yes
嘟文.com,yes
cornerbooth.chat,yes
seo.chat,yes
social.sparkles.cafe,yes
social.brainsys.com,yes
toot.radwärts.de,yes
socialturtle.eu,yes
social.security.plumbing,yes
social.wikimedia.de,yes
techfieldday.net,yes
pixelfed.sdf.org,yes
toot.hoyle.me.uk,yes
emergencyalerts.app,yes
rubberchicken.social,yes
toots.hd0.eu,yes
blop.social,yes
lilkev.dev,yes
retro.pizza,yes
unitedmastodon.com,yes
soc.mod-12.com,yes
trunk.jmtr.org,yes
2sheds.online,yes
mastodon.mnetwork.co.kr,yes
art.masto.host,yes
audio-video.tech,yes
snake.club,yes
grandma.space,yes
kabedon.space,yes
toot.igniterealtime.org,yes
social.mrtoto.net,yes
trada.day,yes
mofu.kemo.no,yes
click.unternet.org,yes
mastodon.linuxmuster.net,yes
sundet.io,yes
soc.sekundenklebertransportverbot.de,yes
social.xiven.com,yes
mastodon.yuuta.moe,yes
social.pincade.com.au,yes
blieb.net,yes
micro.baixllobregat.social,yes
mastodon.hansup.be,yes
writ.live,yes
uuchten.lu,yes
types.pl,yes
mydo.meme,yes
foxi.sh,yes
pierce.xyz,yes
atheopagan.net,yes
kurry.social,yes
m.ipoac.nl,yes
technodon.org,yes
jiong.us,yes
friendica.ingram-braun.net,yes
cfultz.com,yes
social.vivaldi.net,yes
fanfare.horse,yes
genealogie.social,yes
bangdream.tokyo,yes
mstdn.business,yes
mastodon.jtl.vision,yes
akiba.party,yes
jmm.kr,yes
bytepark.social,yes
mastodon.caylee.de,yes
library.love,yes
mstdn.sagami-yashiro.net,yes
piou.foolbazar.eu,yes
gm-cloud.org.uk,yes
chillpeep.zone,yes
tane.codes,yes
hci.social,yes
pollyanna.social,yes
mastodon.heavymusic.rocks,yes
brioco.art,yes
felin.social,yes
snowdon.jp,yes
mastodon.indiegames.online,yes
douban.city,yes
mastodon.denibol.com,yes
x.gthree.win,yes
mastodon.sl,yes
bloop.blipdrifter.com,yes
social.polynom.me,yes
toot.paris,yes
fediverse.science,yes
fedi.cass-dlcm.dev,yes
starwish.co.kr,yes
uwu.social,yes
oomfie.world,yes
historians.social,yes
ondergrond.org,yes
pooper.fantranslation.org,yes
social.thms.uk,no
jiaojiao.org,yes
janerationx.social,yes
the-contraption.d.on-t.work,yes
mastodon.lermer.nl,yes
masto.sadrarin.com,yes
jugendtrier.de,yes
vivere.uno,yes
mastodon.xrh0905.top,yes
kirikabu.fedicity.net,yes
toon.social,yes
social.y-gallery.net,yes
easy.saramara.ai,yes
stubn.hallertau.social,yes
standup-comics.net,yes
boteden.com,yes
kudzu.ca,yes
mstdn.pepepper.net,yes
cogito.foundation,yes
social.sdf-cn.org,no
princess.industries,yes
econtwitter.net,yes
chat.radialbog9.com,yes
mastodon.joshdata.me,yes
fediverse.au,yes
autisticpri.de,yes
mastodon.zaclys.com,yes
roshless.me,yes
liberal.lgbt,yes
verbraucherzentrale.social,yes
social.vouaix.com,yes
neurodifferent.me,yes
mastodon.vtip.me,yes
mammut.sekhen.com,yes
veoh.social,yes
social.cyber.harvard.edu,yes
kopiti.am,yes
mastodon.breiteberg.de,yes
pixelfed.hylobatidae.org,yes
opensimsocial.com,yes
existiert.ch,yes
social.je,yes
defcon.social,yes
social.losno.co,yes
social.tcpcat.net,yes
memory.sda1.net,yes
social.accum.se,yes
shaughnessy.xyz,yes
mastodon.nu,yes
curling.social,yes
swiss.social,yes
open3dlab.social,yes
camp.smolnet.org,yes
lol.lamp.wtf,yes
freie-radios.org,yes
wandzeitung.xyz,yes
mastodon.creation.md,yes
be-lieve.hostdon.ne.jp,yes
socialserver.science,yes
howdee.social,yes
suomi.social,yes
scl.csns.xyz,yes
ear.li,yes
mastodon.tymoon.eu,yes
mastodon.cackhanded.net,yes
mastodon.mebitek.com,yes
friendzone.social,yes
gameliberty.club,yes
social.synerate.com,yes
mastodon.digitaino.com,yes
social.psjb.me,yes
dea42.social,yes
astrosocial.space,yes
retrophisch.social,yes
bullcity.space,yes
indieweb.social,yes
better.boston,yes
dan.mastohon.com,yes
social.digitalundso.net,yes
hamont.social,yes
learningdisability.social,yes
catharsis.cafe,yes
leds.social,yes
bluenoser.me,yes
social.anoxinon.de,yes
mirwarso.de,yes
tooter.social,yes
fedist.me,yes
hear-me.social,yes
pcgaming.club,yes
pixelfed.fr,yes
mastodon.knight.fyi,yes
gts.apicrim.es,yes
social.fuzzyoverlords.org,yes
tmi.pics,yes
fluttershy.club,yes
social.brothertec.eu,yes
doesstuff.social,yes
pinnipedia.fedicity.net,yes
molotov.sanrizuka-struggle.com,yes
mastodon.vervainglobal.com,yes
program-theia.monster,yes
uldegrova.com,yes
social.nordgaming.eu,yes
mastodon.nissesdomain.org,yes
karakun.social,yes
docviper.de,yes
blog.fami.ga,yes
tuebingen.network,yes
cwb.social,yes
x.goonj.xyz,yes
social.filipesm.eu,yes
yip.gay,yes
social.isaa.it,yes
ippandon.hopto.org,yes
social.skynetcloud.site,yes
retrochat.online,yes
fb.paulgeanta.com,yes
radz-at-han.city,yes
midorinasu.hostdon.ne.jp,yes
unfug.social,yes
typo3.social,yes
darkfriend.social,yes
bath.social,yes
mastodon.nz,yes
mastodon.xy-space.de,yes
mastodon.altearn.xyz,yes
mastodon.lajaqueria.org,yes
lily.network,yes
social.sciences.re,yes
libera.tokyo,yes
social.seattle.wa.us,yes
bms.social,yes
social.thisisjoes.site,yes
mastodon.481516.xyz,yes
one.darnell.one,yes
milliways.social,yes
swissodon.ch,yes
mastodon.richardloxley.com,yes
cybermage.sh,yes
nerdout.club,yes
noot.pingu4.me,yes
social.sd.ai,yes
mastodon.cc,yes
dulc.es,yes
m.blank.org,yes
social.mkg20001.io,yes
shrin.es,yes
tonybark.com,yes
glitch.cat.family,yes
masto.bike,yes
sharebright.net,yes
ooe.social,yes
najmon.com,yes
route.shinamikaidou42.net,yes
elict.net,yes
epistolary.org,yes
social.chatty.monster,yes
nopm.xyz,yes
bolha.one,yes
mstdn.virtecam.net,yes
senpainoticedme.moe,yes
overland.social,yes
theradio.au,yes
ndrgrnd.social,yes
mastodon.unsuspicious.website,yes
nonexiste.net,yes
sampleg325ps7z3d6oqadfgmokwvuic72lgr3b4um22ekgf3jq6ebaad.onion.monster,no
node.isonomia.net,yes
m.prt.si,yes
social.wikimedia.es,yes
mastodon.li7g.com,yes
inanace.net,yes
bolha.photos,yes
social.vsp.ink,yes
social.harukizaemon.com,yes
social.tollofsen.se,yes
subculture.chat,yes
focal.social,yes
mastodon.hams.social,yes
dimick.social,yes
gainer.cloud,yes
ukgb.social,yes
go5.dev,yes
mammut.moe,yes
en.osm.town,yes
c3d2.social,yes
andeby.city,yes
katzebot.space,yes
social.amd.im,yes
messydesk.social,yes
mas.gordons.gen.nz,yes
myke.social,yes
mastodon.ehlo.world,yes
moodoo.org,yes
autistics.life,yes
184.im,yes
secretbearsociety.org,yes
t00t.cloud,yes
gs.leftic.club,yes
talipallopeli.club,yes
m.webtoo.ls,yes
linuxhotel.social,yes
weyr.social,yes
gott.social,yes
istanza.ch,yes
fairpoints.social,yes
tablegame.mstdn.cloud,yes
c7.io,yes
tailored.social,yes
epsilon-ix.masto.host,yes
frogdrool.net,yes
mastodon.tech-nico.de,yes
mastodonsweden.se,yes
social.dorf-post.de,yes
mastodon.novylen.net,yes
urgentcodex.com,yes
μ.computer,yes
dumpster.social,yes
halo.nu,yes
mastodon.desmu.fr,yes
pouet.aliel.fr,yes
paw.photo,yes
mstdn.soine.site,yes
toots.coronet.io,yes
timeline.wtf,yes
c64.social,yes
melonsoda.site,yes
sozial.roter-kreis.de,no
fediphilosophy.org,yes
pixelfed.helvetet.eu,yes
social.trizz.io,yes
longcovid.social,yes
imker.social,yes
dz.social,yes
mastodon.svgun.ru,yes
social.edist.ro,yes
mastodon.lacan.net,yes
social.yellowgoat.net,yes
maciek.pics,yes
social.galaxy-control.org,yes
devschile.social,yes
grinch.social,yes
tlg.link,yes
social.dino.icu,yes
mastodon.nerdlings.net,yes
social.vicicode.com,no
phalanstere.social,yes
mm.xxooxx.xyz,yes
x.zyi.io,yes
mastodon.murkworks.net,yes
social.ds106.us,yes
mastodon.lithium03.info,yes
komuna.minadoraserver.art,yes
fashionviz.xyz,yes
mulberryphotowerx.social,yes
wakest.xexoxial.org,yes
nemushee.net,yes
mstdn.thymefield.jp,yes
glammr.us,yes
kokoni.co,yes
masto.kreks.nl,yes
harz.social,yes
social.findmyown.space,yes
appdot.net,yes
bikesare.cool,yes
mstdn.fedi.kirigiri.me,yes
togl.me,yes
darkmoon.social,yes
networker.social,yes
mo.social,yes
obsidianmoon.com,yes
furry.energy,yes
mastodon.tinyfox.dev,yes
gensokyo.social,yes
thelastcathope.catflowergames.net,yes
social.worldc.one,yes
mastodon.cosmicnation.co,yes
social.xcetera.biz,yes
social.sabletopia.co.uk,yes
ruby.social,yes
4458644.xyz,yes
gumzo.africa,yes
vgn.church,yes
flyovercountry.social,yes
sandbox.mastodon.iftas.org,yes
mastodon-jp.com,yes
fedisnap.com,yes
peak.pub,yes
gascoigne.social,yes
social.ratte.dev,yes
tech.lgbt,yes
social.storydragon.nl,yes
mastodon.a17t.dev,yes
tootr.co,yes
pixelig.social,yes
mib.contact,yes
trg.social,yes
mstdn.manas.website,yes
mastodon.dragonbox.de,yes
satori.cafe,yes
setouchi.social,yes
oldfriends.live,yes
ecologie.social,yes
social.bytten-studio.com,yes
mastodon.ef67daisuki.club,yes
social.harter.us,yes
mastodon.tuxtendo.nl,yes
krefeld.life,yes
social.twotenlabs.net,yes
decco.net,yes
mastodon.kmkz.moe,no
dresden.network,yes
ykzts.technology,yes
feuerwehr.social,yes
rss-mstdn.studiofreesia.com,yes
furry.horse,yes
pix.novababilonia.me,yes
mivox.net,yes
networkteam.social,yes
fckmsk.social,yes
vandrare.page,yes
bigchat.social,yes
matya.social,yes
incipientjoy.com,yes
social.nerd.net,yes
social.wildeboer.net,yes
so.rezzedup.com,yes
nsfwphotography.social,yes
oldos.me,yes
mastodon.fsu-snuipp.fr,yes
mastodon.chrisduffley.com,yes
stage.pixelfed.de,yes
inclusion.click,yes
surreptitious.ly,yes
muknown.jp,yes
mastodonmusic.social,yes
bumscode.com,yes
retrohangout.club,yes
snapp.social,yes
honks.io,yes
loforo.com,yes
mastodon.gouacheairship.com,yes
toot.portes-imaginaire.org,yes
travelpandas.fr,yes
arturoserrano.site,yes
ausglam.space,yes
mstdn.lalafell.org.,yes
donadvr.de,yes
photos.mroberts.me,yes
mastodon.clusterfucks.nl,yes
masto.saturnforge.com,yes
physics.social,yes
mastodon.yoctomath.com,yes
ansiktsburk.se,yes
talamanca.social,yes
istoleyour.pw,yes
social.eden.one,yes
kiritan.work,yes
mastodon.simply-life.net,yes
sofritoandsons.com,yes
pixelfed.raoull.org,yes
social.0x705h.com,yes
m.gui.do,yes
livester.net,yes
toulouse.social,yes
algebra.chat,yes
episcodon.net,yes
social.kararyli.net,yes
don.nakochi.me,yes
social.apes.org.uk,yes
social.zym.lol,yes
cupoftea.social,yes
mastodon.de,yes
sling.monster,yes
mastodon.mcdowallfam.co,no
m.yerp.io,yes
techdonuts.uk,yes
delregno.social,yes
microblog.lunai.re,yes
bobs.social,yes
csed.social,yes
sn.angry.im,yes
m.alexyang.me,yes
social.lemee.co,yes
posthat.ca,yes
mstdn.jmiguel.eu,yes
h4.io,yes
ms.vg,yes
mastodon.rfc1925.org,yes
beyondgender.social,yes
ottweiler.social,yes
mastodon.1in1.net,yes
allships.run,yes
m.tpaschalis.me,yes
atlbbs.com,yes
doughnuton.com,yes
zomglol.wtf,yes
arguos.com,yes
union.place,yes
chat.trueffzido.de,yes
social.n0g.de,yes
plrm.polyohm.net,yes
ap.remote-shell.net,yes
porkribs.social,yes
tatooine.club,yes
climatejustice.rocks,yes
fedi.talktodan.com,yes
zeero.dev,yes
pixelfed.spiezmaestro.ch,no
mstdn.plusminus.io,yes
area51.social,yes
shimanchu.social,yes
queer.group,yes
mastodon.ouvaton.coop,yes
social.moormaker.space,yes
opensource.network,yes
prattle.org.uk,yes
mastodon.gatewayy.net,yes
social.karabro.net,yes
mastodon.paladinzero.com,yes
chat.niclas.xyz,yes
detmi.social,yes
mastodon.dredgelords.com,yes
lazysocial.de,yes
mastodon.bsd.cafe,yes
windbag.org,yes
fandom.garden,yes
social.teamb.space,yes
mastodon.hongkongers.net,yes
cztwitter.cz,yes
fedi.ckir.net,yes
kinkworks.com,yes
dice.camp,yes
dsj-toot.com,yes
mastodon.tod.net,yes
provo.lol,yes
mastodonkenya.com,yes
m.kretschmann.social,yes
social.montceleste.fr,yes
social.lysand.org,yes
tweesecake.social,yes
social.globalpirates.net,yes
julialang.social,yes
mastodon.derg.nz,yes
connectop.us,yes
bucher.naturesmeatcandy.org,yes
unfug.social,yes
mastodon.magnor.ovh,yes
mstdn.jetzou.com,yes
waterford.international,yes
social.jamstation.ddns.net,yes
ms.cratonsed.ge,yes
mastodon.try-to-hack.me,yes
mastodon.medienzentrenbw.de,yes
masto.kreks.nl,yes
social.subpolygon.com,yes
social.adlerweb.info,yes
foxi.sh,yes
social.boom.army,yes
social.lochetfamily.com,yes
sphere.fx4.net,yes
sevenscreens.net,yes
mastoneuron.com,yes
mastodon.adsaminu.com,yes
don.blognot.co,yes
mstdn.strafpla.net,yes
scrappydog.com,yes
m.blank.org,yes
notify.mstdn.wiki,yes
betweenthelions.link,yes
mastodon.multimob.be,yes
mastodon.bar,yes
atsudon.fedicity.net,yes
shrediverse.net,yes
closednetwork.social,yes
mastodon.nyanstorm.fun,yes
cunnin.me,yes
a17k.social,yes
haz.pink,yes
sudomakecake.ddns.net,yes
janerationx.social,yes
corneill.es,yes
rubi.masto.host,no
mrnet.pt,yes
chatsubo.bar,yes
bocchi.yamako-ya.com,yes
ku-kan-ya.hostdon.ne.jp,yes
geekstodon.com,yes
social.chregu.tv,yes
pixelfed.nz,yes
mastodon.friendnet.eu,yes
f-ckendehoelle.de,yes
plsnobully.me,yes
social.championpictures.at,yes
mastodon.mackners.com,yes
mastodon.geekery.org,yes
memtech.social,yes
telegrafverket.cc,yes
oak.social,yes
oursky.social,yes
friendica.xyz,yes
cyberplace.social,yes
nlyze.net,yes
radar.fail,yes
romancelandia.club,yes
crowsnest.social,yes
toot.spooky.computer,yes
pooper.fantranslation.org,yes
social.uji.es,yes
equinox.ws,yes
mastodon.wdorff.dev,yes
m6n.io,yes
micro.vonschack.com,yes
tonybark.art,yes
mastodon.spowage.info,yes
mastodon.sujets-libres.fr,yes
bobbinsrobots.com,yes
thesinalab.de,yes
social.zigzak.net,yes
fosspri.de,yes
mastodon.ddcloud.info,yes
tardis.team,yes
geekhaven.social,yes
genericsocialmediapage.com,yes
laviadililith.social,yes
troet.tay-tec.de,yes
mastodon.pastleo.me,yes
social.web-wi.de,yes
denvr.social,yes
aschaffenburg.social,yes
fuwafuwa.town,yes
zenyasai.g-fukurowl.club,yes
leftover.puscii.nl,yes
mastodon.fixermark.com,yes
social.detroit.hockey,yes
mastodon.bitfrost.gg,yes
photofed.world,yes
princess.industries,yes
blog.mbe.tv,yes
laconic.social,yes
endtimebelievers.com,yes
eupolicy.social,yes
chillout.chat,yes
social.process-one.net,yes
discuss.smash.today,yes
hydrate.space,yes
toot.finfur.net,yes
hdev.im,yes
quokka.city,yes
awaymessage.club,yes
pixygram.com,yes
comfy.blue,yes
vis.social,yes
blimps.xyz,yes
social.rivne.dcomm.net.ua,yes
nekoland.fangluo.top,yes
pix.noyaskey.net,no
mastodon.itseris.dev,yes
eita.club,yes
boteden.com,yes
deyes.im,yes
toot.kingj.net,yes
veoh.social,yes
social.goonj.xyz,yes
brunetti.social,yes
place-of-refuge.com,yes
social.b0t.at,yes
dariox.club,yes
mastodon.fooddrinklife.com,yes
social.itfm.xyz,yes
ukraine.rs,yes
weird.autos,yes
mastodon.hackerdrinks.social,yes
social.okoyono.de,yes
backend.newsmast.org,yes
toot.ohhh.no,yes
mofu.one,yes
goblin.camp,yes
qunok.com,yes
airpollution.science,yes
mastodon.run,yes
latenight.social,yes
kirishima.cloud,yes
mastodon.cr,yes
arturoserrano.site,yes
sandiegourbanists.com,yes
alpha.polymaths.social,yes
mastodon.philtanner.com,yes
mn.social,yes
social.bethejustin.com,yes
ufotofu.e17.dev,yes
masto.canadiancivil.com,yes
gts.run0.ing,yes
mastodon.mel.social,yes
social.hintersphere.com,yes
friendica.bosio.info,yes
mordor.social,yes
maddie.rocks,yes
social.accum.se,yes
mastodon.hopstudio.fr,yes
social.toplap.org,yes
toot.cho.pm,yes
neuromatch.social,yes
mastodon-elestio-u1962.vm.elestio.app,yes
mastodon.bachmann.wtf,yes
mastodononline.com,yes
olching.social,yes
velocipederider.com,yes
friends.thoshis.net,no
hole.ucas.icu,yes
toot.re,yes
social.minx.space,yes
mrcippy.xyz,yes
orbsafe.masto.host,yes
mastodon.free-solutions.org,yes
were.party,yes
acillba-lux.com,yes
jitakurack.chotto.moe,yes
geeknews.chat,yes
pawb.fun,yes
writeout.ink,yes
epsilon-ix.masto.host,yes
cultusmechanic.us,yes
parody.town,yes
n00b.fr,yes
demon.social,yes
mstdn.nijist.info,yes
betagravity.com,yes
kogumus.masto.host,yes
antisocialsocialnetwork.it,yes
nofan.xyz,yes
m.selden.page,yes
mastodon.137i.de,yes
fivem.social,yes
fedimon.uk,yes
rah.social,yes
cariad.social,yes
liberal.city,yes
mastodon.inclusion.cc,yes
fed.graycyg.net,yes
pixelfed.de.,yes
arcticwind.social,yes
derpy.masto.host,yes
awawa.meo.ws,yes
cultur.social,yes
mstdn.mimikun.jp,yes
snowmastodon.social,yes
respublicae.eu,yes
diaspodon.fr,yes
kar.ly,yes
rustodon.hopto.org,yes
nso.group,yes
mastoflute.social,yes
hypno.social,yes
social.exs.gay,yes
mst.akari-network.jp,yes
beach.city,yes
social.in-purple.de,yes
mm.xxooxx.xyz,yes
zettel.haus,yes
todon.eu,yes
l3ib.org,yes
colovo.com,yes
social.agor.ist,yes
async.social,yes
stream.mykdeen.com,yes
liveplatform.ca,yes
nicagram.com,yes
wybt.net,yes
triangletoot.party,yes
hugs.lgbt,yes
social.cloudonaut.io,yes
mast.lat,yes
fissionator.com,yes
mastodon.living.tech,yes
onjase.quebec,yes
macrofurs.social,yes
social.ctrlz.es,yes
social.energieincomune.com,yes
toot.abuzz.social,yes
net4sw.com,yes
digisociety.social,yes
lounge.town,yes
parens.social,yes
elcofre.social,yes
urda.social,yes
windswe.pt,yes
awau.social,yes
hub.winslow.cloud,yes
pix.nah.re,yes
partyparrot.social,yes
old.mermaid.town,yes
social.ceod.net,yes
social.azuki.co,yes
mainburg.hallertau.social,yes
ohbear.wtf,yes
plshug.me,yes
mastodon.acc.sunet.se,yes
minions.social,yes
yip.vulpine.engineer,yes
noauthority.social,yes
psychotherapy.social,yes
autistics.life,yes
toot.paris,yes
omusubi.ayarika.com,yes
mastodon.haris.paris,yes
social.kryta.app,yes
furry.pet,yes
mastodonapp.uk,yes
pynews.com.br,yes
mastodon.kapler.family,yes
toot.thoughtworks.com,yes
mastodon.ezytech.fr,yes
tea.codes,yes
mammut.gogreenit.net,yes
kinkyelephant.com,yes
ericpuryear.com,yes
witter.cz,yes
jkpg.rocks,yes
masto.pt,yes
things.uk,yes
sheppi.es,yes
tomodachi.gafea.net,yes
social.johnwarne.com,yes
stars.eroaward.com,yes
grandma.space,yes
noot.noot.cloud,yes
social.cyrusbio.com,yes
social.riversouldiers.dk,yes
somewhy.net,yes
toots.tylerdavis.xyz,yes
farmgarden.nora.social,yes
ffxiv-mastodon.com,yes
yetanother.place,yes
bnnuy.space,yes
linuxhotel.social,yes
mastodon.autostatic.net,yes
deepalenight.com,yes
mastodon.yakka.art,yes
mastodon.enitin.xyz,yes
electron.ninja,yes
any.dev,yes
justabit.social,yes
kiritan.work,yes
social.1bitsquared.com,yes
friend.camp,yes
monado.ren,yes
mas.trolled.lol,yes
nnmdon.com,yes
ourdoma.in,yes
mastodon.pirateparty.be,yes
social.rmrs.nl,yes
mastodon.lanofthedead.xyz,yes
gumzo.africa,yes
social.ericcodes.io,yes
pcgamer.social,yes
mstdn.m3press.jp,yes
felin.social,yes
mstdn.geanix.com,yes
wehavecookies.social,yes
emsdetten.mastodon.info,yes
wp-social.net,yes
topspicy.social,yes
bonga.nu,yes
social.xwyqi.org,yes
kulturfront.org,yes
linernotes.club,yes
lipn.info,yes
tuiter.rocks,yes
shoni.town,yes
gardenstate.social,yes
social.yewdar.world,yes
post.lurk.org,yes
vixen.zone,yes
masto.uno,yes
splat00n.ink,yes
otoya.space,yes
eggplant.social,yes
itdev.social,yes
koreus.social,yes
toot.exchange,yes
nikomidon.fedicity.net,yes
mastodon.org.uk,yes
toot.ebu.io,yes
social.sveken.au,yes
pix.sekretaerbaer.net,yes
social.zvavybir.eu,yes
nxt.social,yes
hollow.raccoon.quest,yes
purplepenguin.lol,yes
ostfrieslnd.social,yes
social.drastical.tech,yes
social.wps.de,yes
ebrt.eu,yes
mastodon.cipherbliss.com,yes
mastodon.gamedev.place,yes
oozuze.social,yes
rheinhessen.social,yes
beta.tapbots.social,yes
notorious.gay,yes
sozial.roter-kreis.de,no
waskuisland.com,yes
zarja.crq.systems,yes
social.petrovic.rs,yes
trombas.vost.pt,yes
owncast.nimantu.de,yes
asso.lgbt,yes
weilnboeck.social,yes
clownpropoganda.com,yes
m.tigercubden.com,yes
sona.live,yes
pixelfed.raoull.org,yes
mastodon.underworld.fr,yes
mastdn.io,yes
toot.boston,yes
benharri.org,yes
karakun.social,yes
extraordinarygeeks.social,yes
press.coop,yes
mstdn.mx,yes
federate.social,yes
mastodon.gurney.dev,yes
social.security.plumbing,yes
mastodon.babb.be,yes
c3d2.social,yes
mastodon.server.fifthdread.com,yes
1689.social,yes
inthebeliefofbetter.social,yes
ssda.me,yes
pxl.nochiiverse.eu,yes
mkultra.monster,yes
flauschhausen.de,yes
mk.kiber-ogur4ik.space,yes
social.tsun.co,yes
huber.social,yes
don.kofuk.org,yes
toot.treffenstaedt.de,yes
mastodon.transportevolved.com,yes
varjo.org,yes
shellsharks.social,yes
furries.club,yes
mastodon.personalspaceshow.lawyer,yes
oliphaunt.social,yes
pixels.gsi.li,yes
fed.manji.dev,yes
social.trout.garden,yes
b0x.social,yes
toots.pp.ua,yes
vrc-ins.net,yes
sosialt.datasenter.drammen.no,yes
mediapart.social,yes
social.antifa.gmbh,yes
node.isonomia.net,yes
kamu.social,yes
bfd.so,yes
i.cymaphore.net,yes
brso.social,yes
whitespashe.uk,yes
4458644.xyz,yes
1132don.com,yes
mtg.garden,yes
me.pptry.info,yes
social.fossdle.org,yes
wakest.xexoxial.org,yes
carpdiem.online,yes
utveckla.re,yes
page.lgbt,yes
mk.magicka.org,yes
clube.social,yes
serenityos.social,yes
toot.fedilab.app,yes
fediserve.com,yes
iam.mikei.sh,yes
etw.uk,yes
voiceover.actor,yes
ibiocephalus.hostdon.ne.jp,yes
social.ei8fdb.org,yes
megatherium.org,yes
cursoryreview.org,yes
social.lostcoastoutpost.com,yes
hyss.us,yes
pixelfed.home.monsiteinternet.org,yes
7graphics.art,yes
darkfriend.social,yes
chambers.computer,yes
noise.j-w.au,yes
publicidentity.net,yes
nofun.social,yes
dje.li,yes
writ.live,yes
feed.yopp.me,yes
lesbian.masto.host,yes
mofmof.coffee,yes
fiberart.club,yes
birdon.social,yes
barelysocial.org,yes
mastobotti.eu,yes
myapple.social,yes
blacktwitter.io,yes
tilde.zone,yes
eu.mastodon.green,yes
pixel.staging.balamb.fr,yes
covelline.social,yes
crashloop.social,yes
xn--y9a6bah4ck.xn--y9a3aq,yes
social.tangoz.de,yes
biplus.social,yes
mstdn.spin-off.com,yes
fedi.limes.pink,yes
social.firescry.com,yes
lionizers.social,yes
social.shinyuploads.com,yes
social.sd.ai,yes
mastodon.gurubert.de,yes
bardown.space,yes
really.sleepytealcoder.com,yes
friendsofdesoto.social,yes
otogamer.me,yes
loforo.com,yes
mastodon.neoform.co,yes
node1.axome.de,no
toot.wales,yes
futuregadgetlab.cc,yes
todon.nl,yes
misp-community.org,yes
mensmaaktmooi.nl,yes
toot.ewsandor.com,yes
radikal.social,yes
goto.pym.industries,yes
socialnotwork.net,yes
honk.masto.host,yes
m.csgo.gg,yes
bunni.social,yes
physchem.science,yes
7snowrin.net,yes
uncontrollablegas.com,no
legal.social,yes
ourtribeonline.com,yes
furry.engineer,yes
reliverse.social,yes
fuckgov.org,yes
pix.solarpunk.moe,yes
mastocomm.org,yes
mastodon.michonline.com,yes
mastodon.orko.it,yes
social.the-thirstiest-mawile.com,yes
staging.mstdn.maud.io,yes
saltylike.us,yes
claristdon.link,yes
devtools.social,yes
brettspiel.space,yes
hepburn.social,yes
khiar.net,yes
restraint.social,yes
toot.snipesearch.co.uk,yes
toot.zehaeva.com,yes
soc.stepman.guide,yes
eozygodon.com,yes
znajomi.suwerenni.org,yes
streamers.social,yes
mstdn.hokkaido.jp,yes
higher-edu.social,yes
avision-it.social,yes
purposefully.social,yes
donphan.social,yes
maddie.oc.aleteoryx.me,no
mastodon.gal,yes
mastodon.andreybondarenko.com,yes
test.pawoo.org,yes
publicgood.social,yes
social.taupehat.com,yes
mastodon.brk.io,yes
social.retronerd.at,yes
mastodon.kryptykphysh.xyz,yes
geek.gay,yes
naapurinpoika.com,yes
piconic.co,yes
mstdn.nan1.casa,yes
tinycities.net,yes
social.0x705h.com,yes
turingfesten.dk,yes
social.lviv2.dcomm.net.ua,yes
social.jeffl.es,yes
wrannek.me,yes
social.igotout.de,yes
mastodon.unsuspicious.website,yes
eightpoint.app,yes
438punk.house,yes
mastodon.giftedmc.com,yes
mastodon.vtip.me,yes
mastodon.circle.lt,yes
artsoqueer.com,yes
hifish.social,yes
wires.social,yes
masto.marcleroi.be,yes
social.do.srb2.org,yes
tmi.pics,yes
fisting.social,yes
davidclarke.social,yes
franken.social,yes
gamedev.berlin,yes
ondergrond.org,yes
social.tmp1024.com,yes
pixelfed.flawbee.net,yes
social.rhea.art,yes
fedi.transgendershitposting.com,yes
mastodon.proquality.ro,yes
mastodon.knight.fyi,yes
fruef.social,yes
muso.social,yes
pxi.social,yes
mastodon.constant.social,yes
mastodon.bstly.de,yes
soc.jrconlin.com,yes
sspaeth.de,yes
implausiblyaverage.online,yes
comunidad.blasterradio.net,yes
mstdn.sagami-yashiro.net,yes
emilcar.social,yes
connectified.com,yes
pixel.art3mis.de,yes
mastodon.nz,yes
poststoffarm.de,yes
pony.social,yes
pixel.melin.org,yes
social.veraciousnetwork.com,yes
mst.cyss.us.eu.org,no
iyasaretai.pw,yes
toot.9wd.eu,yes
mstdn.kurosuke.org,yes
aachen.social,yes
megalonyx.social,yes
girlcock.club,yes
mastodon.wellperns.com,yes
thecanadian.social,yes
an.errant.cloud,yes
tedcarstensen.social,yes
mastodon.bit.nl,yes
lawsocial.org,yes
consudon.club,yes
mog.blue,yes
mastodon.puffer.fish,yes
javabubble.social,yes
secluded.ch,yes
adastra234.info,yes
sleepy.cool,yes
pixelpost.uk,yes
mastodon.kitamurakz.com,yes
mstdn.yurutan.net,yes
mt.shc.kanagawa.jp,yes
mastodon.d5o.eu,yes
myopic.one,yes
social.b4tech.cc,yes
kopepasah.com,yes
boothcomputing.social,yes
gamerplus.org,yes
m.femboy.im,yes
soc.nes.sh,yes
mstdn.ca,yes
social.mapolist.com,yes
nonexiste.net,yes
foxsay.southfox.me,yes
phpc.social,yes
natterati.com,yes
altparty.social,yes
communist.accountant,yes
mastodon.tejat.net,yes
giersig.net,yes
thesix.social,yes
patashnik.club,yes
wer.social,yes
mastodon.theyosh.nl,yes
social.pifferi.io,yes
raggedfeathers.com,yes
ioc.exchange,yes
sre.masto.host,yes
masto.al2.in,yes
onionslices.social,yes
mastodonters.nl,yes
mastsocial.de,yes
phparch.social,yes
fossdev.fr,yes
bucher.naturesmeatcandy.org,yes
exile.social,yes
beratna.net,yes
theomega.zone,yes
oldfriends.live,yes
martianbase.net,yes
mazaska.social,yes
3rdstone.cc,yes
dz.social,yes
mcnamarii.town,yes
skastodon.com,yes
pol.social,yes
onlynugs.net,yes
nonprofits.masto.host,yes
fidelis.social,yes
botwerks.social,yes
social.bytten-studio.com,yes
mitchelltribe.social,yes
radiosocial.de,yes
packmates.org,yes
procydon.net,yes
t.copyliu.org,yes
8bit.red,yes
acat.world,yes
toot.coinfund.app,yes
my0.net,yes
toot-toot.wyrihaxim.us,yes
nora.social,yes
preciouslittle.life,yes
unkomaker.hostdon.ne.jp,yes
suivez.moi.ovh,yes
uuchten.lu,yes
mstdn.fenslaw.nl,yes
libraryland.social,yes
siren.jp,yes
mastodon.lepik.eu,yes
qratedspace.me,yes
hips.social,yes
social.thedevane.family,yes
mikrobloggen.no,yes
nemargut.com,yes
gamepad.club,yes
social.kharkiv.dcomm.net.ua,yes
myke.social,yes
nopm.xyz,yes
pixelfed.com.tr,yes
holycarp.org,yes
curttech.com,yes
analog.am,yes
tsukihi.me,yes
mstdn.moe,yes
joshuastrobl.social,yes
toot.li,yes
existiert.ch,yes
toot.tom-eric.info,yes
equel.social,yes
mammut.sekhen.com,yes
almajlis.me,yes
bayes.club,yes
systems.social,yes
twoot.space,yes
solo.masto.host,yes
mograph.social,yes
mastodon.fl0w.fr,yes
social.niso.org,yes
syringa.social,yes
beamship.mpaq.org,yes
makersocial.online,yes
social.rynth.net,no
rails.social,yes
social.pincade.com.au,yes
flexnet.social,yes
opensocial.media,yes
mastodon.derpstra.nl,yes
a11y.info,yes
verhu.xyz,yes
triangle.social,yes
sociallydental.org,yes
jawns.club,yes
social.harekiet.com,yes
slime.computer,yes
social.circl.lu,yes
illo.social,yes
social.matthias-bender.de,yes
mastodon.thenewoil.org,yes
mstdn.my,yes
mastodon.0011.lt,yes
gamerstavern.online,yes
social.nowicki.io,yes
social.thms.uk,no
social.dekay.se,yes
noto.social,yes
momo.mame.moe,yes
terz.at,yes
freeatlantis.com,yes
masto.trtmn.io,yes
social.duckie.chat,yes
mastodon.oceand.org,yes
awoo.fi,yes
morph.todon.de,yes
crag.social,yes
hed.im,yes
bbiz.io,yes
meow.lgbt,yes
mstdn.party,yes
1234.as,yes
mindly.social,yes
social.troll.academy,yes
taurus-web.de,yes
mastodon.54park.de,yes
mastodon-sheep-smile.com,yes
soc.schuerz.at,yes
mastodon.hccp.org,yes
social.dayvancowboy.net,yes
elbmatsch.de,yes
techhub.social,yes
social.cwill.us,yes
maaw.social,yes
zeal.center,yes
decayable.ink,yes
air11.social,yes
wiesbaden.social,yes
drumstodon.net,yes
pauho.net,yes
raptor-care.center,yes
rmaestas.social,yes
www.alberniweather.ca,yes
hobbs-end.uk,yes
hota.hirachon.otakan.jp,yes
mastodon.skrimmage.com,yes
toot.ballioljcr.org,yes
toot.scenetin.net,yes
equestria.social,yes
astrosocial.space,yes
emergencyalerts.app,yes
mastodon-stage.stanford.edu,yes
alleysmith.family,yes
mstdn.rosaceae.net,yes
mastodon.ladn.org,yes
mastodon.mariusdavid.fr,yes
sharebright.net,yes
libera.tokyo,yes
tlg.link,yes
gomastodon.cz,yes
mastodon-belgium.be,yes
mastodon.kovarovi.org,yes
welt.all.de,yes
social.cybertalk.io,yes
skyhoppers.club,yes
republik.social,yes
johnhenry.us,yes
mastodon.sketchwave.club,yes
social.oberhauser.space,yes
floofy.tech,yes
camp.smolnet.org,yes
babka.social,yes
social.erw.ink,yes
cosmedn.net,yes
dragonchat.org,yes
mstdn.jmrp.io,yes
mastodon.karottenfabrik.net,yes
lifergeek.social,yes
merveilles.town,yes
is.nota.live,yes
pellicule.bim.land,yes
t.niobium.at,yes
attreno.fr,yes
tf3.social,yes
mstdn.crakac.com,yes
labyrinth.social,yes
k.iim.gay,yes
rngm-zakaecommu.fedicity.net,yes
social.xmflsct.com,yes
morphnet.de,yes
eattherich.club,yes
volksverpetzer.social,yes
epicyon.libreserver.org,yes
guns.krackhou.se,yes
bvp.me,yes
mstdn.funil.de,yes
toots.social,yes
mstdn.b-shock.org,yes
mstdn.engawa.social,yes
gts.eunach.scot,yes
thingy.social,yes
ap.xabirequejo.eus,yes
pixelfed.f4n.de,yes
nijinofune.com,yes
owo.ff15.eu,yes
mastodon.kfed.org,yes
sector25.de,yes
heads.social,yes
polsci.social,yes
fluffbu.de,yes
wxcloud.social,yes
scl.csns.xyz,yes
werd.social,yes
faithcollapsing.com,yes
pixelfed.festnoz.de,yes
saint-paul.us,yes
mas.n0t.net,yes
carman.social,yes
social.reset.tech,yes
ofsexandlove.com,yes
mastodon.noyer.app,yes
dev-friendica.mrpetovan.com,yes
rejoiner.eu,yes
social.albertmin.com,no
starcitizen.name,yes
mast.srweaver.com,yes
social.van-hemmen.com,yes
waldorf.fyi,yes
wbrew.radom.pl,yes
bimbo.social,yes
mastodon.nogods.be,yes
www.omeowgle.com,yes
mastodon.corentinfiloche.xyz,yes
fabler.su,yes
social.lillin.net,yes
kassel.social,yes
mastodon.mnetwork.co.kr,yes
hive.institute,yes
soc.sekundenklebertransportverbot.de,yes
spoonie.community,yes
aquatan.net,yes
mastodon.miri.site,yes
bonn.social,yes
sauropods.win,yes
senpainoticedme.moe,yes
social.blogsofwar.com,yes
genealysis.social,yes
shaughnessy.xyz,yes
mast.yuri.place,yes
chai.wtf,yes
gameliberty.club,yes
podcastindex.social,yes
mastodon.is-hardly.online,yes
secretbearsociety.org,yes
guitar.rodeo,yes
trek3.io,yes
friendica.hagew.blog,yes
mastodon.fsinf.at,yes
galaxy.quest,yes
hutte.macskatze.art,yes
bluelupine.social,yes
posts.dumb.stuff.donaberger.xyz,yes
plustodon.net,yes
oo0.top,yes
t.kaikoga.net,yes
iway.social,yes
m.kawaii.gg,yes
canada.masto.host,yes
mastodon.digitaino.com,yes
lonely.town,yes
elonsucks.org,yes
mstdn.klamath.jp,yes
slut.town,yes
matitodon.com,yes
dev.handon.club,yes
ic.unhappysalt.life,yes
bladerunner.social,yes
wandering.shop,yes
afn.game-host.mydns.jp,yes
nexus.servn.ca,yes
social.p0d.fr,yes
dragon.navy,yes
don.zr23.aomori.jp,yes
harbour.cafe,yes
loforo.com,yes
23.illuminati.org,yes
void.hostdon.ne.jp,yes
mastodon.plong.eu,yes
social.ymstnt.com,yes
ratatöskr.de,yes
federation.p1k3.com,yes
n00b.fr,yes
internaut.club,yes
pics.houba.rocks,yes
bagarrosphere.fr,yes
foggymtndrifter.social,yes
mastodon.le-palantir.com,yes
frootmig.net,yes
kwick.rip,yes
mozilla.social,yes
mstdn.myifn.de,yes
mstdn.shihoya.tokyo,yes
social.bternes.com,yes
md.epiphyte.ie,yes
bawü.social,yes
convo.casa,yes
soc.rnrd.eu,yes
masto.mkm.scot,yes
social.n1mtp.com,yes
frmsn.network,yes
masto.sangberg.se,yes
kar.ly,yes
sajin.life,yes
social.mapolist.com,yes
md.startide.jp,yes
social.numerique.gouv.fr,yes
pirati.ca,yes
mastodon.stuttgart.international,yes
tastybugs.club,yes
fnlog.page,yes
social.nelson.zone,yes
mastodon.wormhole.eu,yes
wargamers.social,yes
cubhub.social,yes
sc.skrlet13.xyz,yes
omusubi.ayarika.com,yes
toot.kingj.net,yes
smitenet.com,yes
blackrock.city,yes
stay.woke.institute,yes
pics.chez.gay,yes
comicscamp.club,yes
anothersuper.social,yes
mellow.zone,yes
exito.social,yes
toots.coronet.io,yes
dm824.fedicity.net,yes
mstdn.musicforlife.jp,yes
pix.noyaskey.net,no
outre.social,yes
m.adventurehound.io,yes
queerspirituality.social,yes
blackshuck.net,yes
pouet.space,yes
claris.cf,yes
o0o.social,yes
boop.network,yes
mastodon.lanofthedead.xyz,yes
ricko.social,yes
symas.social,yes
macavity.cat,yes
colorid.es,yes
forensicpsychiatry.social,yes
developers.live,yes
fedi.stuvel.eu,yes
mastodon.dazed-gerbil.com,yes
rawr.tf,yes
social.toplap.org,yes
pinkorange.red,yes
es5nhc.ee,yes
md.songtronix.com,yes
social.lviv2.dcomm.net.ua,yes
mastodon.doesnotexist.club,yes
blob.coffee,yes
mastodon.familleboisteau.fr,yes
social.kryta.app,yes
nagoyadon.jp,yes
wakest.xexoxial.org,yes
masto.adamchandler.me,yes
masto.hoffman.studio,yes
suma-ev.social,yes
sad.earth,yes
eorzea.photos,yes
social.dib.de,yes
dreamers-guild.net,yes
ehr.scot,yes
istoleyour.pw,yes
naapurinpoika.com,yes
toot.kif.rocks,yes
mastodon.bachmann.wtf,yes
collantes.social,yes
metsubo-jinrai.net,yes
social.xiven.com,yes
darkmoon.social,yes
lea.lgbt,yes
toots.hd0.eu,yes
ssda.me,yes
tchafia.be,yes
don.wsoft.ws,yes
silicorn.social,yes
mastouille.fr,yes
www.littlefaqs.com,yes
social.techn1k.de,yes
goyim.social,yes
social.neocloradas.com,yes
mastodon.valha.la,yes
treehouse.technopagans.de,yes
social.forgesparks.com,yes
nfld.me,yes
col.social,yes
mastodon.pappenklatsch.de,yes
zeeborn.social,yes
toot.diglet.ca,yes
mstdn.wiper.dev,yes
porkribs.social,yes
social.wasscher.com,yes
craftgoblin.club,yes
elbereth.xyz,yes
zomglol.wtf,yes
shouldagoneoffroad.com,yes
social.huslage.com,yes
masto.98degrees.co.uk,yes
chai.wtf,yes
exploited.site,yes
tonybark.art,yes
endurance.racing,yes
bowlofpetunias.net,yes
electron.ninja,yes
pixelfed.krebos.nl,yes
social.kramse.org,yes
mastodon.liersch.it,yes
darticulate.com,yes
jabber.net.nz,yes
consudon.club,yes
fosstodon.org,yes
straightouttacotton.com,yes
social.coletivos.org,yes
libraryland.social,yes
attreno.fr,yes
gamedev.berlin,yes
monogram.org,yes
mastodon.earth,yes
gotosocial.dev.seppo.social,yes
frinx.online,yes
rairarai.hostdon.ne.jp,yes
mastodon.elte.hu,yes
larry.town,yes
mastodon.adamgeitgey.com,yes
ariesmc21.com,yes
mastodon.free-solutions.org,yes
metalhead.club,yes
xavier.ooo,yes
komachan.jp,yes
friendica.a-zwenkau.de,yes
donphan.social,yes
kotobaphil-mtdn.eu,yes
k.iim.gay,yes
bookwor.ms,yes
mastodon.gnomos.org,yes
masto.ai,yes
nodespace.social,yes
lyricalpalette.social,yes
com.thephysics.xyz,yes
zeroping.cc,yes
ourtribeonline.com,yes
orthis.social,yes
subculture.chat,yes
social.roeckoe.be,yes
arktos.social,yes
botwerks.social,yes
prattle.org.uk,yes
t.kaikoga.net,yes
middleearth.social,yes
oldpeople.cafe,yes
nap.social,yes
networker.social,yes
staging.pixelfed.net,yes
maciek.pics,yes
masto.popgeeks.com,yes
fo0bar.org,yes
overgrown.garden,yes
mastodon.xrh0905.top,yes
d.mrzm.io,yes
masto.hivane.net,yes
toot.wales,yes
plantegg.wiki.gd,yes
m.flyemoji.moe,yes
dasforum.org,yes
anubis.social,yes
shrin.es,yes
mastodon.habets.dev,yes
fouroclockfarms.club,yes
nwpu.closed.social,yes
mst.slu.mx,yes
indiehackers.social,yes
mastodon.acc.sunet.se,yes
mastodon.kohanikin.com,yes
masto.onurb.net,yes
furry.horse,yes
bots.kurator.tech,yes
mastodon.rym.social,yes
arvr.social,yes
dariox.club,yes
solo.masto.host,yes
ulman.social,yes
sassafras.social,yes
scl.kaffeemonster.com,yes
t.testitfor.me,yes
chswx.social,yes
tentacle.social,yes
vrparty.social,yes
cuties.cloud,yes
sb17.space,yes
ostalb.social,yes
peak.pub,yes
sportsball.host,yes
federate.social,yes
joinfriendica.de,yes
ericpuryear.com,yes
gts.dtth.ch,yes
hutte.macskatze.art,yes
gluck.cc,yes
libera.tokyo,yes
benharri.org,yes
bog.social,yes
aleph.land,yes
mastodon.maswag.net,yes
rivals.space,yes
social.ancow.name,yes
fedi.rafal06.dev,yes
coales.co,yes
cyberdeck.social,yes
lllsecurity.com,yes
muso.social,yes
social.tcpcat.net,yes
mastodon.personalspaceshow.lawyer,yes
techeasy.org,yes
mastoart.social,yes
social.transsafety.network,yes
mastodon.luemy.eu,yes
mastodon.chasalin.nl,yes
furpark.kr,yes
mastodon.hexsix.me,yes
goeppingen.social,yes
messydesk.social,yes
quarteredcircle.net,yes
m.goehausen.org,yes
pawoo.org,yes
salieri.hostdon.ne.jp,yes
livellosegreto.it,yes
photo.sarsworld.eu,yes
my0.net,yes
equinox.ws,yes
geek.gay,yes
hci.social,yes
klein.social,yes
justsave.space,yes
melonsoda.site,yes
blimps.xyz,yes
bimbo.social,yes
vegoon.party,yes
satori.cafe,yes
mastodon.madder-mad.net,yes
mast.uxp.de,yes
social.bigcavemaps.com,yes
noot.noot.cloud,yes
tweet.assilvestrar.club,yes
pc.cafe,yes
social.hastily.cc,yes
thetavern.social,yes
social.kapellen.onl,yes
mastodon.derpstra.nl,yes
ratingen.social,yes
social.zigzak.net,yes
smutlandia.com,yes
masto.bg,yes
bonn.social,yes
mastodon.ig.nore.me,yes
noutori.space,yes
zzuli.closed.social,yes
royalrainbow.link,yes
secuwing.social,yes
mastodon.white-void.net,yes
social.r4v3.party,yes
socks.masto.host,yes
social.demi-sec.org,yes
netmonkey.xyz,yes
fim.social,yes
tsarolion.com,yes
momo.mame.moe,yes
mastonederland.nl,yes
masto.nu,yes
social.mango.vg,yes
lawsocial.org,yes
lingo.lol,yes
risonchu.social,yes
cloudisland.nz,yes
waytoomuch.info,yes
nyan.lol,yes
yuzupon.fedicity.net,yes
dosa.run,yes
greengame.dev,yes
goto.ryuslash.org,yes
social.maplecrew.org,yes
epicure.social,yes
mastodon.iriseden.eu,yes
chat.noelle.codes,yes
fuzzy.zone,yes
hhsocial.de,yes
podcastindex.social,yes
toot.jimmygulp.co.uk,yes
seoul.earth,yes
toot.blue,yes
mastodon.devua.club,yes
social.v.b4tman.ru,yes
mastodon.boyos.org,yes
safareig.calbasi.net,yes
mastodon.kotet.jp,yes
polsci.social,yes
wayland.social,yes
jako.social,yes
jaesharp.social,yes
social.0xc0edba.be,yes
social.duckie.chat,yes
bobbinsrobots.com,yes
bangdream.tokyo,yes
mastodon.furrycon.social,yes
hed.im,yes
social.thunderkeys.net,yes
nofan.xyz,yes
www.wilcosky.com,yes
don.taprix.org,yes
sadoway.com,yes
social.flipboard.com,yes
pooper.fantranslation.org,yes
clj.social,yes
kuru.si,yes
social.nwex.de,yes
rheinneckar.social,yes
mstdn-bike.net,yes
mountains.photos,yes
puppo.space,yes
irrelevant.me.uk,yes
drumstodon.net,yes
mstdn.hyogo.jp,yes
alphabetica.masto.host,yes
smeap.com,yes
hintertupf.ing,yes
social.alexn.org,yes
cailincat.cloud,yes
epicyon-test.fly.dev,no
altparty.social,yes
matts.network,yes
bremen.digital,yes
pixelfed.ru,yes
mivox.net,yes
soc.ottr.uk,yes
r2.do,yes
social.zocradio.info,yes
pgh.social,yes
insta.landofkittens.social,yes
social.zedpro.me,yes
linuxhotel.social,yes
toot.nsgn.eu,yes
don.leno3s.net,yes
lesbian.masto.host,yes
exercise.cafe,yes
pix.bothhands.ca,yes
mstdn.virtecam.net,yes
furs.social,yes
honk.masto.host,yes
nunu.fedicity.net,yes
pixel.staging.balamb.fr,yes
mastodon.boiler.social,yes
self.social,yes
publicsquare.global,yes
lily.network,yes
fedi.science,yes
mastodon.joohanv.nl,yes
social.thierrytalbert.fr,yes
social.bakunin.nohost.me,yes
pixelig.social,yes
brocks.social,yes
plrm.polyohm.net,yes
openbiblio.social,yes
commfurnity.com,yes
independent-media.co.uk,yes
social.froghat.ca,yes
ippandon.hopto.org,yes
cultur.social,yes
mastodon.stahlstadt.cloud,yes
devolver.social,yes
prattohome.com,yes
about.to.be.nota.live,yes
mmasuda.hostdon.ne.jp,yes
fasol.org,yes
mastodon.ai8w.ddns.net,yes
fsebugoutzone.org,yes
mastodon.rosenberg-watt.com,yes
kokoni.co,yes
republik.social,yes
mamutovo.cz,yes
soc.kurator.tech,yes
m.lonet.org,yes
mast.shbbl.ru,yes
dev2.fedibird.com,yes
social.luca.run,yes
trek3.io,yes
tuebingen.network,yes
fediver.de,yes
social.seattle.wa.us,yes
mastodon.oldstyle-project.org,yes
sevenscreens.net,yes
decentralis.social,yes
gts.fsociety.social,yes
my.bookrastinating.com,yes
rettiwtkcuf.social,yes
andeby.city,yes
mastodon.bit.nl,yes
front-end.social,yes
gaminginthe.cloud,yes
bahn.social,yes
social.penguinability.net,yes
wrong.tools,yes
mastodon.teamrocket.nz,yes
mstdn.business,yes
mailcow.social,yes
social.x4s.it,yes
moresci.sale,yes
mastodon.neat.computer,yes
mastodon.infra.de,yes
hasacow.com,yes
ecoevo.social,yes
mastodon.berlin,yes
menot.social,yes
mstd.onl,yes
4d2.social,yes
umbracocommunity.social,yes
s.arns.lt,yes
mastodon.polyphony.me,yes
setouchi.social,yes
mstdn.uno,yes
m.prettyshiny.org,yes
wer.social,yes
plutus.social,yes
adney.land,yes
social.sopuzzled.com,yes
social.ipsyn.net,yes
ceilidh.online,yes
soc.jrconlin.com,yes
cloud-social.xyz,yes
nostr.bar,yes
prodromou.pub,yes
feistycricket.org,yes
mastodon.gaide.me,yes
social.kyzune.com,yes
forgi.social,yes
social.diehildebrands.de,yes
plantsand.coffee,yes
takeo.social,yes
m.prt.si,yes
mastodon.computingcache.com,yes
krpgpub.net,yes
gazette.live,yes
social.ziez.eu,yes
rope-access-work.com,yes
freiburg.social,yes
mastodon.dev.iftas.org,yes
bumscode.com,yes
reshet.social,yes
slut.town,yes
tanuki.hostdon.ne.jp,yes
lowkey.zone,yes
esper.lol,yes
mastodon.twictee.org,yes
silence.horse,yes
social.findmyown.space,yes
esoteric.party,yes
pub.osrx.social,yes
mastodon.davepeck.org,yes
social.losno.co,yes
queernerds.social,yes
dimick.social,yes
nasface.cz,yes
broken.graphics,yes
mk.kiber-ogur4ik.space,yes
troettroet.de,yes
parens.social,yes
mastodon.andreybondarenko.com,yes
pixelfed.lqx.net,yes
mastodon.afromunkee.live,yes
open3dlab.social,yes
mazaska.social,yes
toot.me.uk,yes
mastodon.fooddrinklife.com,yes
mastodon.nu,yes
aachen.social,yes
mud.social,yes
pixtagram.social,yes
boothcomputing.social,yes
formu1a.social,yes
dt.gl,yes
racoon.social,yes
social.dytrych.cloud,yes
tweesecake.social,yes
book.itinerariummentis.org,yes
spacey.space,yes
hub.houseplants.cc,yes
zone.liolok.com,yes
social.mailpace.com,yes
rat.academy,yes
unvernunft.social,yes
mastodon.vtip.me,yes
fedi.fullstuck.net,yes
social.extremelyoffline.org,yes
omnitest.social,yes
don.haru3.me,yes
puppybear.social,yes
hcommons.social,yes
social.horrorhub.club,yes
social.egalwaat.lu,yes
sndcstle.fedicity.net,yes
pauho.net,yes
mastodon.experienceadvisors.io,yes
astrosocial.space,yes
mastodon.mackners.com,yes
flowerpot.fyi,yes
mastodon.mountainash.id.au,yes
verbraucherzentrale.social,yes
inkspill.co,yes
tender-hearted.com,yes
tacobelllabs.net,yes
lagopine.lgbt,yes
ginpatu.moe,yes
whisper.tf,yes
kaputtendorf.de,yes
yeen.exposed,yes
toot.funami.tech,yes
fruef.social,yes
social.markusgran.de,yes
beo.social,yes
rngm-zakaecommu.fedicity.net,yes
epsilon-ix.masto.host,yes
freemasonry.social,yes
pleroma.dragast.me,yes
md.korako.me,yes
parrygod.club,yes
herd.bovid.space,yes
purplepenguin.lol,yes
meron.io,yes
m.rakyll.org,yes
wallflowersocial.club,yes
beltaine.day,yes
internetsladd.se,yes
masto.wizardfrag.co.uk,yes
crosstalk.tech,yes
social.undeadnetwork.de,yes
pl.qou.moe,yes
neovibe.app,yes
fosspri.de,yes
legaltech.social,yes
mastodon.education,yes
hub.azkware.net,yes
zzz.hirunekingdom.com,yes
theha.us,yes
social.cpress.org,yes
skytatu.com,yes
bsd.network,yes
thewalkingdeaf.social,yes
masto.marcleroi.be,yes
raptol.net,yes
social.rivne.dcomm.net.ua,yes
shoddy.site,yes
mastodon.teachmaths.org,yes
social.cbeck.dev,yes
intotheriff.com,yes
terz.at,yes
mstd.ircta.lk,yes
akirin.hostdon.ne.jp,yes
social.rochacbruno.com,yes
social.cs.swarthmore.edu,yes
machikadon.online,yes
occm.cc,yes
toots.ravenoak.dev,yes
mastodon.developage.de,yes
plumes.io,yes
trivia.to,yes
social.petertoushkov.eu,yes
noxon.cc,yes
okla.social,yes
social.lyrenhex.com,yes
mastodon.jordanwages.com,yes
charr.engineer,yes
decayable.ink,yes
pixelfed.social,yes
social.ericvandam.me,yes
brainworms.io,yes
ottweiler.social,yes
beratna.net,yes
mastodon.54park.de,yes
mastodon.riebe.cloud,yes
furry.pet,yes
friendl.y-y.li,yes
toot.fromseabed.com,yes
rubi.masto.host,no
mastodon.li,yes
fitt.au,yes
toot.lmorchard.com,yes
audiophile-mastodon.com,yes
tmi.community,yes
drcit.social,yes
iosdev.space,yes
mastodon.kronk.info,yes
nerdjoy.social,yes
mastodon.tstm.info,yes
social.pupsplus.fans,yes
mastodon.monotropa-satellite.social,yes
smithtodon.org,yes
kemonodon.club,yes
don.nzws.me,yes
freie-radios.org,yes
boerdica.de,yes
mastodon.crazynewworld.net,yes
social.fidart.it,yes
fediserve.com,yes
social.uggs.io,yes
hivemind.plus,yes
youmewrite.com,yes
retrorewind.social,yes
chatwithus.live,yes
room19.com,yes
bynight.cafe,yes
cirno9.mynetgear.com,yes
is.aaronbsmith.com,yes
f451.page,yes
the.enchanted.quest,yes
mastodon.babb.no,yes
page.lgbt,yes
vnecke.social,yes
social.foxes.life,yes
social.gnuweeb.org,yes
mastodon.fixermark.com,yes
m.tpaschalis.me,yes
helmholtz.social,yes
social.wastaken.xyz,yes
brucknerite.net,yes
masto.saturnforge.com,yes
mstdn.delmulin.com,yes
cybercuties.net,yes
mastodon.neoform.co,yes
fedi.ee,yes
stammy.design,yes
crystallake.camp,yes
mstdn.blueday.blue,yes
xn--80aaid7au.su,yes
pic.krashboyz.org,yes
tragically.social,yes
rabbit.x86.town,yes
orbiscognito.com,yes
digitalnomads.social,yes
beyondwatts.social,yes
gorone.xyz,yes
snack.haus,yes
social.sunet.se,yes
puyopuyotetr.is,yes
mastodon.vapronva.pw,yes
edgy.social,yes
gardenstate.social,yes
sizestation.com,yes
alliec.at,yes
mastodonmusic.social,yes
meerjungfrauengrotte.de,yes
thx.gg,yes
friendsofdesoto.social,yes
mastodon.ir0k.de,yes
now.ez-oo.com,yes
our.devchatter.com,yes
pulpunte-chinpun.xyz,yes
mastodon.stevex.online,yes
babblebox.net,yes
social.desbasques.com,yes
albanian.social,yes
ear.li,yes
f.reun.de,yes
mastodon.ibax.org,yes
uwu.mikkonen.com,yes
pcgamer.social,yes
doesstuff.social,yes
mastodon.pathconnect.de,yes
social.lila.network,yes
drizzle-damp.net,yes
mastodon.creation.md,yes
trpg-o.xyz,yes
tum.social,yes
mstdn.3naly.xyz,yes
mastodon.gastrokon.com,yes
don.nakochi.me,yes
unix.family,yes
mastodon.moule.world,yes
polaroid.absturztau.be,yes
fmb.ftls.xyz,yes
divas.joburg,yes
qratedspace.me,yes
thegem.city,yes
social.itfm.xyz,yes
mess.social,yes
social.transrights.art,yes
weird.autos,yes
mastodon.schule,yes
isastylet.me,yes
social.ullrich.is,yes
electrospek.com,yes
rly.at,yes
social.esmarconf.org,yes
serenityos.social,yes
progressives.social,yes
xn--eckza.net,yes
social.evl.im,yes
cloudhub.social,yes
occult.town,yes
www.ldwg.me,yes
social.team-unix.de,yes
xcloud.zone,yes
vis.social,yes
alpherg.fedicity.net,yes
mastodon.linux.ucla.edu,yes
coach.masto.host,yes
mstdn.bar,yes
mastodon.jabbxi.de,yes
m-i.im,yes
med-mastodon.com,yes
02.owncast.net,yes
spezi.social,yes
trg.social,yes
pixey.org,yes
social.jdbnet.co.uk,yes
weyr.social,yes
clrk.space,yes
sector25.de,yes
secluded.ch,yes
queer.garden,yes
kogumus.masto.host,yes
mastodon.sinoru.me,yes
seepocke.at,yes
secretbearsociety.org,yes
hole.ucas.icu,yes
face-house.fedicity.net,yes
www.omeowgle.com,yes
data-folks.masto.host,yes
mastodon.jing.lgbt,yes
fediscience.org,yes
mastodon.landlordsguild.com,yes
snabel.party,yes
lopp.social,yes
mastodon.ketz.io,yes
magical-ribbon.net,yes
toot.earth,yes
whereismysupersuit.com,yes
mastodon.africa,yes
fedi.adamm.cc,yes
pubby.social,yes
mastodon.bachgau.social,yes
pic.fossdle.org,yes
social.yjsoft.me,yes
mastodon.malbela.net,yes
gts.0x7be.net,yes
strandgut.net,yes
g0v.social,yes
social.vmbrasseur.com,yes
techhangout.social,yes
masto.es,yes
app.bikers.social,yes
maik.social,yes
social.yba.dev,yes
social.spejset.org,yes
notvery.social,yes
awawa.meo.ws,yes
librarysocialism.social,yes
giersig.net,yes
baram.me,yes
echoes.stolen.day,yes
fedi.transgendershitposting.com,yes
pixel.easter.fr,yes
pixelfed.orko.it,yes
social.nursetonyf.com,yes
mamutut.space,yes
hdev.im,yes
keystat.shimanami.online,no
micro.mnino.us,yes
technodon.org,yes
fendek.net,yes
stellaria.network,yes
sharebright.net,yes
visitors.sk,yes
social.mastodon.site,yes
fediphilosophy.org,yes
theplant.social,yes
mastodon.gibbens.dev,yes
krefeld.life,yes
birdbutt.com,yes
johnhenry.us,yes
gonk.social,yes
pixel.xarxa.cloud,yes
abando.social,yes
owo.ff15.eu,yes
mastodon.meissners.me,yes
liberal.city,yes
ap.remote-shell.net,yes
social.mjohnson.net,yes
social.futurnumerique.com,yes
metapan.online,yes
tcp.fm,yes
bearologics.social,yes
rtsn.dev,yes
mt.shc.kanagawa.jp,yes
spv.sh,yes
mastodon.eenoog.org,yes
social.ericcodes.io,yes
mitchelltribe.social,yes
koreus.social,yes
thesix.social,yes
taciturn.social,yes
frish.org,yes
scalie.business,yes
fedinerds.social,yes
chabant.social,yes
mastodon.launay.org,yes
social.ndn.digital,yes
futuregadgetlab.cc,yes
mainburg.hallertau.social,yes
omg.sayitditto.net,yes
krigskunst.social,yes
mastoden.com,yes
366.koyomi.online,yes
pipou.academy,yes
social.feep.org,yes
mstdn.gsi.li,yes
mastodon.darksheep.social,yes
social.altetanke.com,yes
coywolf.social,yes
blop.social,yes
peoplegroup.social,yes
mas.skip2.net,yes
hax.social,yes
girlcock.club,yes
blog.rochacbruno.com,yes
masto.theoks.net,yes
mastodon.rss3.io,yes
masto.design,yes
mastodon.praxis.red,yes
social.underza.net,yes
exoticsatlarge.apes.org.uk,yes
gochisou.photo,yes
spragleknas.no,yes
exmormon.social,yes
mastodon.pertinent-ops.com,yes
mastodon.kmkz.moe,no
mstdn-test.sublimer.me,yes
mstdn.online,yes
rheinhessen.social,yes
rayci.st,yes
μ.computer,yes
mastodon.com.br,yes
mastodon.multimob.be,yes
social.lviv.dcomm.net.ua,yes
t00t.cloud,yes
xn--xxa.computer,yes
antisocial.existentialdread.com,yes
social.nokes.name,yes
social.kreuder.me,yes
social.hardfork.ngo,yes
bloade.social,yes
mastodon.sketchwave.club,yes
mastodon.0011.lt,yes
ozstream.net.au,yes
maskodon.org,yes
jade.moe,yes
mooose.org,yes
mastodon.theyosh.nl,yes
voyager.interstellar.flights,yes
social.fedida.com,yes
mstdn.ro,yes
mastodon.joshdata.me,yes
social.moormaker.space,yes
pub.ehrengruppe.de,yes
mastodon.tal.org,yes
social.afront.org,yes
gshep.social,yes
scholar.social,yes
vocalfry.social,yes
social.br-linux.org,yes
localization.cafe,yes
social.jondev.lol,yes
spoonie.community,yes
kraut.social,yes
social.troll.academy,yes
social.gfsc.studio,yes
xforum.dev,yes
masto.evelynyap.com,yes
mastodon.balamb.fr,yes
tulipgardenshow.masto.host,yes
screaminginsi.de,yes
f.3ischn.de,yes
social.sparkforge.pro,yes
psu.social,yes
mastodon.im,yes
fedi.ckir.net,yes
m.webtoo.ls,yes
gainer.cloud,yes
pixelfed.raoull.org,yes
ikuhumituki.fedicity.net,yes
riemann.social,yes
masto.kreks.nl,yes
mstdn.jaws-ug.okinawa,yes
bibletalk.social,yes
social.process-one.net,yes
yukari.cafe,yes
simian.rodeo,yes
toots.deds.nl,yes
social.on2it.net,yes
social.crinstamcamp.com,yes
mastodon.land,yes
mastodon.thin.computer,yes
ciberlandia.pt,yes
mastodon.schweren.dev,yes
tgts.dragon-vi.be,yes
bewegung.social,yes
mastodon.cryobyte.net,yes
mast.lukeog.com,yes
social.b4tech.cc,yes
mastodon.3dgo.net,yes
jmswag.xyz,yes
thefaith.social,yes
dragons.social,yes
weatherishappening.network,yes
mastodon.nl,yes
mstdn.cc,yes
ap.sanwon.kr,yes
comunidad.blasterradio.net,yes
mastodon.floyd.dk,yes
sdemp.masto.host,yes
hahei.life,yes
screencastsonline.social,yes
mstdn.home.neso.tech,yes
lediva.masto.host,yes
social.archworks.co,yes
mastodon.hongkongers.net,yes
colter.social,yes
sdfjp.org,yes
mastodon.cackhanded.net,yes
mas.todon.rocks,yes
mastodon.wulfsige.com,yes
bocchi.yamako-ya.com,yes
mstdn.sidh.bzh,yes
mastodon.katniss.top,yes
ezdog.org,yes
myprivate.social,yes
mastodon.mudkips.net,yes
mastodon.lrdf.fr,yes
mastodon.boyfails.me,yes
don.academist.jp,yes
amiga.team,yes
kalmar.social,yes
hax0rbana.social,yes
turtleisland.social,yes
mastodon.gruezi.net,yes
pkm.social,yes
mastodon.blankdevaux.fr,yes
aurorign.social,yes
oursky.social,yes
handon.club,yes
swecyb.com,yes
glod.org,yes
toonvandeputte.be,yes
386898.xyz,yes
waskuisland.com,yes
social.noraa.gay,yes
romancelandia.club,yes
mastodon.hr,yes
ruinous.social,yes
petrous.vislae.town,yes
vt.social,yes
climatejustice.social,yes
social.zete.tk,yes
orc.forest.hostdon.ne.jp,yes
masto.yttrx.com,yes
cybre.ninja,yes
espressoapps.social,yes
photog.social,yes
mt.amethyst.moe,yes
fediverse.krohsnest.com,yes
mastodon.hardcoredevs.com,yes
theriault.co,yes
social.balsillie.net,yes
some.henkkalaukka.fi,yes
social.anoxinon.de,yes
social.purple-horizon-clan.net,yes
social.cyber.harvard.edu,yes
mastodon.le-palantir.com,yes
social.fallenbeck.com,yes
mastodon.oeru.org,yes
creature.garden,yes
ngmx.com,yes
social.transsafety.network,yes
pocmo.social,yes
chocot.art,yes
mastodon.zougloub.eu,yes
social.crabs.life,yes
lsbt.me,yes
mastodon.sprawl.club,yes
mastodon.libreon.fr,yes
famline.ru,yes
mastodonsweden.se,yes
mastodon.train.cz,yes
mastodon.omedia.cloud,no
theomega.zone,yes
mastodon.mallegolhansen.com,yes
pixelfed.scot,yes
cliff.social,yes
basilisk.gallery,yes
social.b4tech.cc,yes
catlang.social,yes
schach.social,yes
xelebre.com,yes
toot.metasyntactical.com,yes
tt.vvxq.ca,yes
tebukuro.xyz,yes
handlewalks.masto.host,yes
neuss.social,yes
hometech.social,yes
groovytoot.com,yes
mstdn.rosaceae.net,yes
mastodon.b3lt3r.com,yes
mastodon.wolvar.net,yes
mastodon.hamburg,yes
mstdn.jaws-ug.okinawa,yes
social.mashed.cloud,yes
cyberspace.rodeo,yes
netsphere.one,yes
m.monika.im,yes
dev-friendica.mrpetovan.com,yes
mathstodon.xyz,yes
fedi.gallegoiv.com,yes
reseau.dupeuple.fr,yes
beta1764.voyager.blue,yes
mastodon.xn--t8jzbl7g.jp,yes
sueden.social,yes
spaceballs.masto.host,yes
mastodon.ml,yes
vermont.masto.host,yes
connected.so,yes
cuties.cloud,yes
bytearray.eu,yes
philately.social,yes
pixel.balamb.fr,yes
houseofcreativeweirdos.com,yes
social.sopuzzled.com,yes
safareig.calbasi.net,yes
diaspora.im,yes
social.validpostage.com,yes
ibiocephalus.hostdon.ne.jp,yes
social.granularperspective.com,yes
social.zyphyr.de,yes
techfieldday.net,yes
anti-social.online,yes
r2.do,yes
social.seattle.wa.us,yes
alexander-schnapper.de,yes
thelawtoknow.com,yes
mastodon.twictee.org,yes
social.sixi.me,yes
linuxrocks.online,yes
mastodon.app.araneum.org,yes
mastodon.lys.ee,yes
3rdstone.cc,yes
opalstack.social,yes
autonomous.zone,yes
mast.fedicity.net,yes
mastodon.fedi.bzh,yes
mastodon.wurzelmann.at,yes
toots.ch,yes
bauphysik.social,yes
masto.phoenixlair.net,yes
gts.tiuxo.com,yes
pixelfed.vpx.moe,yes
liminalgici.spacc.eu.org,yes
social.openhood.ru,yes
mastodon.richardloxley.com,yes
ist-ur.org,yes
mastodon.inclusion.cc,yes
mastodon.nekohell.eu,yes
unbound.social,yes
taidum.social,yes
b612.me,yes
social.kherson.dcomm.net.ua,yes
transfur.social,yes
t51b.org,yes
toot.turbo.chat,yes
theexpan.se,yes
birds.town,yes
mastodon.trand.fr,yes
mastodon.retr0.party,yes
cutie.city,yes
fandom.garden,yes
autistics.life,yes
social.5f9.de,yes
mastodon.madder-mad.net,yes
social.trumpi.co.za,yes
m.trisweb.com,yes
friends.librescrum.org,yes
norrebro.space,yes
beautifullosers.org,yes
emacs.ch,yes
regenerate.social,yes
social.naked.cash,yes
pixelfed.furryfandom.me,yes
social.secwarz.com,yes
kanina.be,yes
kinkworks.com,yes
raphus.social,yes
social.remoteplay.im,no
mastodon.gremlins.eu,yes
sleepy.cool,yes
pfft.lol,yes
social.bakunin.nohost.me,yes
pzdc.drakoshaslv.ru,no
raikow.online,yes
social.team-unix.de,yes
yeen.exposed,yes
f.3ischn.de,yes
royalrainbow.link,yes
pandoli365.com,yes
social.gnieh.org,yes
kish.social,yes
machteburch.social,yes
mastodon.lo0.uk,yes
games.ngo,yes
kamu.social,yes
vt.social,yes
lightcrystal.fedicity.net,yes
lucitt.social,yes
social.milchreislieferei.de,yes
spartanburg.social,yes
fuzzy.zone,yes
kotobaphil-mtdn.eu,yes
mastodon.einfachmc.de,yes
makerspace.au,yes
toot.fan,yes
social.ccc-ffm.space,yes
magaleria.com,yes
chatfreu.de,yes
omg.wtf.sh,yes
tecnfy.com,yes
mastodon.stuttgart.international,yes
brunic.com,yes
monado.ren,yes
pol.social,yes
mastodon.tal.org,yes
gotosocial.stripittoride.club,yes
m.r8z.us,yes
nyan.pics,yes
msz.baz.bar,yes
trumbeta.me,yes
mountains.photos,yes
social.iterna.de,yes
m6n.io,yes
dacharycarey.social,yes
infosec.space,yes
subversive.zone,yes
pubsub.fun,yes
fulda.social,yes
solderma.sk,yes
tacobelllabs.net,yes
pixel.redsnake.io,yes
social.spiezmaestro.ch,yes
linkedlist.social,yes
social.itfm.xyz,yes
afterspace.rocks,yes
fedi.rrr.sh,yes
bnnuy.space,yes
yrrsdn.rukonichi.com,yes
mastodon.is-a.horse,yes
nonexiste.net,yes
mastodon.my.id,yes
toots.pp.ua,yes
bscabl.ddns.net,yes
botwerks.social,yes
longcovid.social,yes
otogamer.me,yes
freiburg.social,yes
mastodon.imagisphe.re,yes
mastodon.nk.ca,yes
gulp.cafe,yes
friendica.daniel-siepmann.de,yes
gruene.social,yes
colter.social,yes
toot.community,yes
gore.pet,yes
social.fossdle.org,yes
mastodon.art,yes
social.lostinok.com,yes
mastodon.falconk.rocks,yes
mastodon.fixermark.com,yes
setouchi.social,yes
xarxa.cloud,yes
mast.yuri.place,yes
social.pincade.com.au,yes
babyhollywood.social,yes
p.floyd.dk,yes
chat.wecops.uk,yes
mastodon.sujets-libres.fr,yes
greennuclear.online,yes
pepple.us,yes
inne.city,yes
intotheriff.com,yes
front-end.social,yes
kar.ly,yes
kommentakerfid.is,yes
mastodon.incognitus.net,yes
3zi.ru,yes
social.yellowgoat.net,yes
notes.mu7ou.com,no
garver.social,yes
emsdetten.mastodon.info,yes
mastodon.bhop.zone,yes
mastodon.blackblock.rocks,yes
iyasaretai.pw,yes
dolphinhome.net,yes
tweet.assilvestrar.club,yes
anml.io,yes
mastodon.sketchwave.club,yes
farbun.social,yes
bookwyrm.undef.org.uk,yes
yttrx.com,yes
sonomaca.social,yes
toot.portes-imaginaire.org,yes
theweird.space,yes
slonik.0chan.ru,yes
indiepocalypse.social,yes
eightpoint.app,yes
toot.org.il,yes
md.uzla.net,yes
clockwork.monster,yes
retro-gaiden.com,yes
craba.cab,yes
jasonames.com,yes
social.vsp.ink,yes
heartystarty.net,yes
bonn.social,yes
mastodon.dazed-gerbil.com,yes
social.thorjhanson.com,yes
bigchat.social,yes
t00t.cloud,yes
social.roeckoe.be,yes
workaholic.cloud,yes
federatedfandom.net,yes
veoh.social,yes
dawdling.net,yes
social.bigcavemaps.com,yes
mastodon.scientiam.org,yes
mustard.blog,yes
social.wikimedia.es,yes
onlyfeds.cc,yes
pad.venzano.fr,yes
ashlande.rs,yes
preciouslittle.life,yes
mastodon.cackhanded.net,yes
vrc-ins.net,yes
merovingian.club,yes
genxer.nz,yes
tuffidon.de,yes
mastodon.mfbfreaks.nl,yes
econtwitter.net,yes
mastobate.social,yes
fidelis.social,yes
social.phoenixradio1208.com,yes
itdev.social,yes
m.goehausen.org,yes
bangdream.tokyo,yes
monogram.org,yes
gear.pictures,yes
waldorf.fyi,yes
tooting.ch,yes
retirenow.top,yes
hygge.bar,yes
mastodon.alvani.me,yes
mstdn.kodein.be,yes
mastodon.shatteredsky.net,yes
pixel.netzspielplatz.de,yes
friendica.xyz,yes
mastodon.meissners.me,yes
notpickard.com,yes
mastodon.green,yes
rah.social,yes
mastodon.surazal.net,yes
mastodon.bofhers.es,yes
dan.mastohon.com,yes
notorious.gay,yes
kryptopraktik.se,yes
rect.al,yes
myapple.social,yes
docviper.de,yes
pentimento.me,yes
toot.lmorchard.com,yes
mastodon.murkworks.net,yes
two-bits.org,yes
toot.ohhh.no,yes
rairarai.hostdon.ne.jp,yes
strangeminds.social,yes
pixelfed.com.tr,yes
mastodon.zunda.ninja,yes
jcx.nu,yes
v2br.social,yes
arguos.com,yes
pnw.zone,yes
oliphaunt.social,yes
rmaestas.social,yes
kalaclista.com,yes
ebf.social,yes
ibite.lol,yes
space.ministryoftesting.com,yes
adforward.org,yes
mastodon.neilzone.co.uk,yes
press.coop,yes
books.idas.social,yes
barrowof.gay,yes
hawk.acosi.com,yes
mstdn.maud.io,yes
bigrat.social,yes
sccn.club,yes
digitalsektor.se,yes
cybre.ninja,yes
samstodon.net,yes
social.modding.games,yes
flooded.club,yes
pixel.livellosegreto.it,yes
mstdn.esp.nl,yes
guitar.rodeo,yes
social.deuill.org,yes
social.ericvandam.me,yes
metapan.online,yes
elsie.photo,yes
mastodon.gatewayy.net,yes
announcements.managedwphosting.pro,yes
krigskunst.social,yes
mstdn.shinkaifan.com,yes
mastodaix.de,yes
courbet.social,yes
gshep.social,yes
feed.yopp.me,yes
pulpunte-chinpun.xyz,yes
geneadon.social,yes
b0x.social,yes
mastodon.networkback.synology.me,yes
bs-x.org,yes
social.niso.org,yes
onlynugs.net,yes
nashtodon.com,yes
cogito.foundation,yes
singsingsing.party,yes
oceanplayground.social,yes
mastodon.peaceful.social,yes
ftp.crysp.org,yes
qdon.space,yes
bytetower.social,yes
bologna.one,yes
fedi.rafal06.dev,yes
scorpinc.social,yes
cloudycrux.es,yes
satori.cafe,yes
mastodon.delic.fi,yes
harbour.cafe,yes
social.lilac.lab.shortcord.com,yes
mstdn.mrmts.com,yes
matya.social,yes
mastodon.world,yes
literatur.social,yes
masto.allerlei.it,yes
mitchelltribe.social,yes
hutte.macskatze.art,yes
tams.tech,yes
pix.lalafell.org,yes
jeremy.org,yes
fnordon.de,yes
clq.im,yes
vivinezz.hostdon.ne.jp,yes
social.uji.es,yes
mastodon.chaosfield.at,yes
mk.magicka.org,yes
avision-it.social,yes
fediverse.repc.co,yes
mastodon.trueten.de,yes
cybersecurity.masto.host,yes
social.petertoushkov.eu,yes
social.haveyouevenmet.me,yes
hub.azkware.net,yes
tchafia.be,yes
pleroma.kwe-private.net,yes
sandbox.skoji.jp,yes
scientists.today,yes
social.keiths-place.com,yes
don.luhrck.com,yes
social.karabro.net,yes
podcasts.social,yes
ika.queloud.net,yes
blop.social,yes
kave.kibbutz.gay,yes
s.poweredbydev.com,yes
photo.horslimites.org,yes
piconic.co,yes
erotica.social,yes
bihar.social,yes
sdemp.masto.host,yes
thegoblin.market,yes
mastodon.svgun.ru,yes
quietzero.net,yes
friendica.myportal.social,yes
furry.energy,yes
darktundra.xyz,yes
sozial.roter-kreis.de,no
mastodon.mx,yes
cybervillains.com,yes
atta.ch.to,yes
furry.horse,yes
mastodon.digitaino.com,yes
toot.radicle.xyz,yes
micro.vonschack.com,yes
stellaria.network,yes
mastodon.d09.app,yes
ftrv.se,yes
types.pl,yes
orc.forest.hostdon.ne.jp,yes
crafty.social,yes
mastodon.jangho.io,yes
v2.nyoki.club,yes
networker.social,yes
toot.niflheim.monster,yes
nostr.bar,yes
yotie.blue,yes
mastodon.constant.social,yes
m.mou.best,yes
mastodon-swiss.org,yes
windbag.org,yes
mstdn.monapii.net,yes
puppybear.social,yes
mograph.social,yes
mastodon.jamidisi-edu.de,yes
clttr.it,yes
mastodon.tetaneutral.net,yes
sizestation.com,yes
x0r.be,yes
mastodon.hk,yes
feistycricket.org,yes
weatherishappening.network,yes
qaf.men,yes
book.everythingbagel.me,yes
localization.cafe,yes
typo3.social,yes
toot.paris,yes
geekprojects.com,yes
volksverpetzer.social,yes
toot.salted.fish,yes
djs.social,yes
breakpoint.cafe,yes
cityofchicago.live,yes
twinports.us,yes
mastodon.teachmaths.org,yes
whale.party,yes
mastodon.autostatic.net,yes
mastodon.luemy.eu,yes
fediphilosophy.org,yes
hugz.online,yes
social.cybertalk.io,yes
asso.lgbt,yes
fed.jpegs.forsale,yes
g2s.azbycx.xyz,yes
mstdn.imi.moe,yes
mastodontech.de,yes
my.bookrastinating.com,yes
routingmagic.club,yes
thepit.social,yes
mastodon.tymoon.eu,yes
mastodon.borsos.at,yes
retrochat.online,yes
craftgoblin.club,yes
mastodon.vpx.moe,yes
federated.glacier.dog,yes
toots.ravenoak.dev,yes
community.growregen.org,yes
kopiti.am,yes
social.dairydemon.net,yes
sciences.social,yes
mstdn.gsi.li,yes
mstdn.musicforlife.jp,yes
thelounge.network,yes
mastodon.sharma.io,yes
daotodon.me,yes
mastodon.rehtiniko.xyz,yes
unstable.icu,yes
chat.radialbog9.com,yes
go2.elstabloserver.de,no
scrappydog.com,yes
delaylama.de,yes
boothcomputing.social,yes
discordian.social,yes
geraffel.social,yes
bitwoods.duckdns.org,yes
folksocial.org,yes
mastodon.philtanner.com,yes
denton.social,yes
beamship.mpaq.org,yes
istheguy.com,yes
dulc.es,yes
trivia.to,yes
higheredweb.social,yes
mstdn.at,yes
ilotroyo.ilustrelina.li,yes
mastodon.cthos.dev,yes
messydesk.social,yes
youthweb.social,yes
troet.burg-halle.de,yes
faf.photos,yes
fedi.raventhemaker.com,yes
mastodonapp.uk,yes
social.gyahunkoubou.com,yes
mstdn.klamath.jp,yes
incipientjoy.com,yes
backpacklife.social,yes
mastodon.kumasotakeru.net,yes
libretooth.gr,yes
mastodon.mailstation.de,yes
social.mclegoman.com,yes
social.brainsys.com,yes
social.e-editiones.org,yes
orwell.fun,yes
mastodon.nlmakers.ca,yes
mastodon.eticadigital.eu,no
itryhrd.com,yes
stubn.hallertau.social,yes
ala.masto.host,yes
boles.xyz,yes
lllsecurity.com,yes
mystical.garden,yes
social.kiesow.net,yes
computerclub.social,yes
mstdn.vientos.live,yes
topspicy.social,yes
zacpwhite.social,yes
915.social,yes
social.aa.net.uk,yes
irsoluciones.social,yes
outre.social,yes
photosharing.work,yes
social.sineware.ca,yes
mastodon.bitfrost.gg,yes
xoxo.zone,yes
trans.house,yes
fedibird.com,yes
snapp.social,yes
mederland.nl,yes
mastodon.fsinf.at,yes
hota.hirachon.otakan.jp,yes
mastodon.wormhole.eu,yes
welsea.site,yes
mastodon.sirrahd.com,no
social.dmcblue.com,yes
entrepreneurlibre.org,yes
beef.moe,yes
ludosphere.fr,yes
socialclub.nyc,yes
bongo.social,yes
social.moment.at,yes
squidnet.net,yes
amok.recoil.org,yes
mastodon.wulfsige.com,yes
standup-comics.net,yes
aut.social,yes
social.consoledated.com,yes
go5.dev,yes
social.milktea.io,yes
pixel.pol.social,yes
mastodon.no2nd.earth,yes
mastodon.frl,yes
dragons.social,yes
pidibi.com,yes
bgme.me,yes
boumi.me,yes
belpheg.org,yes
social.yussuv.com,yes
ma.suldomi.net,yes
mitten.dur.ch,yes
swisttal.social,yes
come-together.nl,yes
westen.social,yes
melonsoda.site,yes
kpop.social,yes
social.villains.live,yes
m.ai6yr.org,yes
mstdn.internetyame.ro,yes
social.authorhelp.uk,yes
zocial.ee,yes
stolat.town,yes
tusky.gravyflex.ca,yes
troettroet.de,yes
radio.quaqoostore.net,yes
mastodon.ezytech.fr,yes
journodon.com,yes
plustodon.net,yes
mas.gordons.gen.nz,yes
defcon.social,yes
cultofshiv.wtf,yes
crosspage.nl,yes
niedersachsen.social,yes
social.nokes.name,yes
mastodon.babb.be,yes
claristdon.link,yes
timeriver.xyz,yes
mt.amethyst.moe,yes
tranvender.site,yes
mares.social,yes
chelseafc.social,yes
beige.party,yes
social.iheartmichelle.com,yes
fox.nexus,yes
pnw-mastodon.com,yes
social.lyrenhex.com,yes
mastodon.hypnoguys.com,yes
mastodon.tinyfox.dev,yes
muri.network,yes
the.goofs.space,yes
masto.mkm.scot,yes
crosstalk.tech,yes
tangofam.space,yes
test.mascodon.jp,yes
beyondgender.social,yes
shutinnerd.space,yes
pixelpost.uk,yes
hyperreal.cyou,yes
mastodon.kapler.family,yes
musain.cafe,yes
better.boston,yes
nekoland.fangluo.top,yes
thewalkingdeaf.social,yes
stars.eroaward.com,yes
mastodon.kohanikin.com,yes
mastodon.breiteberg.de,yes
hobbiton.masto.host,yes
meow.social,yes
sekretaerbaer.de,yes
social.spejset.org,yes
mastodon.polyphony.me,yes
mastodon.thenewoil.org,yes
sausage.social,yes
photolovers.net,yes
pleroma.adenine.fr,yes
dre.casa,yes
meowstodon.net,yes
fedi.jrlenz.net,yes
social.cloudonaut.io,yes
underwear.social,yes
coales.co,yes
kinney.social,yes
zenyasai.g-fukurowl.club,yes
fed.manji.dev,yes
m.danq.me,yes
snarthelg.no,yes
mastoflute.social,yes
fosspri.de,yes
mrnet.pt,yes
fiasco.social,yes
traumatized.umbreon.online,yes
social.hardfork.ngo,yes
avalatte.kr,yes
micc.masto.host,no
newwest.social,yes
pixel.johalla.org,yes
social.sgf.dev,yes
bms.social,yes
appy.cat,yes
social.coletivos.org,yes
social.sabletopia.co.uk,yes
41020.social,yes
social.nursetonyf.com,yes
nlyze.net,yes
blacksun.social,yes
floss.social,yes
pooper.fantranslation.org,yes
mastodon.bierschutzpartei.de,yes
biologists.social,yes
social.savemy.name,yes
afcolegiado.app,yes
www.laka.org,yes
fed.sfl.pro.br,yes
digitalstuntfactory.com,yes
social.mailpace.com,yes
mastodon.balamb.fr,yes
vanilla.choco.ink,yes
radz-at-han.city,yes
okla.social,yes
mastodon.inferiorlattice.com,yes
mstdn.lalafell.org.,yes
meteo.social,yes
self.social,yes
wobbl.xyz,yes
nexus.servn.ca,yes
hi.47041.net,yes
social.mkj.earth,yes
goyim.social,yes
mcr.wtf,yes
cosocial.ca,yes
oulipo.social,yes
mastodon.draeh.org,yes
lgbtqia.space,yes
atlbbs.com,yes
asylum.nz,yes
crag.social,yes
retroparadise.tech,yes
social.4score7pongs.com,yes
ponysocial.ru,yes
mas.panix.com,yes
redd.live,yes
social.thms.uk,no
social-t.uibk.ac.at,yes
norden.social,yes
mastodon.rejas.se,yes
mastodon.michonline.com,yes
meetbeauties.social,yes
shrike.club,yes
don.rag.pub,yes
social.danpalmer.me,yes
mastodon.gizmo4487.dev,yes
queer.garden,yes
techtoots.com,yes
mstdn.delmulin.com,yes
overcomplicated.systems,yes
mastodon.pl,yes
mastodon.pirati.cz,yes
social.sdf.org,yes
soc.stepman.guide,yes
muknown.jp,yes
social.obeygravity.de,yes
f.cz,yes
social.fairphone.community,yes
myonlinepi.uk,yes
klein.social,yes
social.zotha.de,yes
pauho.net,yes
pogs.cafe,yes
toot.yosh.is,yes
social.uibk.ac.at,yes
social.kramse.org,yes
mast.giants-club.net,yes
rawr.space,yes
mstdn-amadeus.tech,yes
pouet.space,yes
gts.run0.ing,yes
furpark.kr,yes
mifle.eu,yes
oslo.town,yes
nonoino.masto.host,yes
social.digitalundso.net,yes
mastodon.hydrantosaurus.com,yes
mastodon.knightpp.cc,yes
toot.beep.computer,yes
sampleg325ps7z3d6oqadfgmokwvuic72lgr3b4um22ekgf3jq6ebaad.onion.monster,no
sparkly.uni.horse,yes
wayne.social,yes
mastodon.madmanmarkau.net,yes
faculty.mastodon.stanford.edu,yes
karlsruhe-social.de,yes
mastodon.digital-science.com,yes
mstdn.ofraglapis.net,yes
akirin.hostdon.ne.jp,yes
harukakanata.net,yes
chasmcity.net,yes
bowlofpetunias.net,yes
gayssues.club,yes
shrimply.social,yes
valenciapa.ws,yes
taverne-zum-wanderer.de,yes
fuckyou.plus,yes
mastodon.homelab.tokyo,yes
legal.social,yes
pone.social,yes
gachi.masto.host,yes
youtaite.xyz,yes
mastodon.jisaba.life,yes
noot.pingu4.me,yes
el5.net,yes
arturoserrano.site,yes
nopm.xyz,yes
mastodon.chuggybumba.com,yes
m.krikkert.net,yes
social.peanutsmediaserver.com,yes
mastodon.mcdowallfam.co,no
orbital.horse,yes
treehouse.technopagans.de,yes
tiphon.nerv-project.eu,yes
gamelinks007.net,yes
skrivel.se,yes
嘟文.com,yes
bzh.social,yes
wulf.social,yes
waldvogel.family,yes
demon.social,yes
mastodon.3dgo.net,yes
perfumefan.jp,yes
tw.raziel-kanos.com,yes
inthebeliefofbetter.social,yes
friendica.ironbug.org,yes
net4sw.com,yes
moresci.sale,yes
troet.cafe,yes
iguana.masto.host,yes
toots.258990001.xyz,yes
kwick.rip,yes
scg.owu.one,yes
mastodon.yshi.org,yes
allagar.masto.host,yes
lgbtcz.social,yes
masto.blasters.fr,yes
pluffy.monster,yes
iway.social,yes
sociabl.be,yes
oour.org,yes
fedi.5013.es,yes
social.tsueri.cloud,yes
social.evilcyberhacker.net,yes
pixel.melin.org,yes
social.redbarrel.net,yes
mastodon.fun,yes
prf.me,yes
toot.scenetin.net,yes
th-pape.de,yes
amateurfunk.social,yes
cas.social,yes
mastodon.mihalis.net,yes
maier.social,yes
mastodon.arch-linux.cz,yes
backs.day,yes
mastodon.pwei.at,yes
toot.xdncs.com,yes
tukkers.online,yes
social.alexn.org,yes
apricot.social,yes
waff.club,yes
mastodon.lagy.org,yes
mastodon.attiplayz.dev,yes
hackers.town,yes
tffp.masto.host,yes
mastodon.jordanwages.com,yes
mas.trolled.lol,yes
thejoyo.com,yes
don.gomasy.jp,yes
techeasy.org,yes
csed.social,yes
social.chiefgyk3d.com,yes
mast.evulid.cc,yes
social.nortel.cloud,yes
it.szeged.social,yes
sanktgeorg.art,yes
bcom.moe,yes
pxl.roflcopter.fr,yes
tusk.chat,yes
mastodon.devua.club,yes
thefire.work,yes
learningdisability.social,yes
social.skbo.net,yes
okpeace.org,yes
teh.entar.net,yes
strangeweb.page,yes
typing.ink,yes
stigma.whippy.kr,yes
social.fifteen40.com,yes
dembowski.social,yes
mstdn.b-shock.org,yes
emeraldsocial.org,yes
tutoteket.no,yes
kotatsu.cafe,yes
ezdog.org,yes
lustigetiernamenbubble.de,yes
elb.cloud,yes
cultur.social,yes
mstdn.nagito.net,yes
discuss.systems,yes
www.creatives-berlin.de,yes
mastodon.bellamazz.com,yes
social.vivaldi.net,yes
pinkorange.red,yes
blockfowl.com,yes
san-antonio.social,yes
xn--xxa.computer,yes
social.van.buu.re,yes
spoilertv.social,yes
social.typica.us,yes
mastodon.benpettis.ninja,yes
irrsinn.life,yes
m.ef.gg,yes
mastodon.blaede.family,yes
hole.ucas.icu,yes
andalucia.social,yes
www.naturistlife.co.uk,yes
fujun-bungaku.com,yes
mastodon.uno,yes
lepoulsdumonde.com,yes
zzuli.closed.social,yes
m.quaoar.xyz,yes
augsburg.social,yes
toot.darkcooger.net,yes
talk.mls20.de,yes
poyusbuddy.com,yes
kirikabu.fedicity.net,yes
sixfeetup.social,yes
cavalina.net,yes
fedi.bobadin.icu,yes
mhc.social,yes
ricko.social,yes
d-64.social,yes
toot.rayonnant.org,yes
www.omeowgle.com,yes
mastodon.lovetux.net,yes
foresdon.jp,yes
social.opennerds.org,yes
mst.akari-network.jp,yes
thunderstruck.fedicity.net,yes
swecyb.com,yes
toot.lugbz.social,yes
jabber.net.nz,yes
svrdn.drillion.net,yes
tanuki.hostdon.ne.jp,yes
mstdn.blue.wirednet.jp,yes
ourtribeonline.com,yes
tech.lgbt,yes
mastodon.bosio.info,yes
drk.st,yes
fedi.transgendershitposting.com,yes
respublicae.eu,yes
pub.str.rs,yes
zone.liolok.com,yes
im.alstadheim.no,yes
bunny.social,yes
wonderful.social,yes
masto.efdnet.com,yes
shouldagoneoffroad.com,yes
texasobserver.social,yes
mastodon.versme.net,yes
lumberjacks.social,yes
mastodon.vshn.social,yes
clownpropoganda.com,yes
inductive.space,yes
nyan.lol,yes
micro.blogs.princeton.edu,yes
social.basilweb.net,yes
social.kontrollapparat.de,yes
mastodon.cube4fun.net,yes
drykath.red,yes
pixelfed.sdf.org,yes
doesstuff.social,yes
bertshouse.social,yes
mostodon.de,yes
aircrew.rocks,yes
utopia.cool,yes
mastodon.miri.site,yes
social.fast-break.de,yes
pix.nah.re,yes
mastoden.com,yes
allships.run,yes
mastodon.zaclys.com,yes
social.gnuweeb.org,yes
girldick.party,yes
386898.xyz,yes
duisburg.social,yes
don.nakochi.me,yes
bluetoot.hardill.me.uk,yes
mastodon.math.unipd.it,yes
dmv.community,yes
retro.social,yes
tzcafe.com,yes
social.synerate.com,yes
social.luca.run,yes
akademienl.social,yes
tschopp.net,yes
social.techniverse.net,yes
friendica.a-zwenkau.de,yes
zombofant.net,yes
social.psjb.me,yes
pouet.aliel.fr,yes
social.badabam.net,yes
universeodon.com,yes
toot.fs.al,yes
vocalfry.social,yes
drumstodon.net,yes
irrsinn.life,yes
phpc.social,yes
wptoots.social,yes
spezi.social,yes
dju.social,yes
social.cu2d.com,yes
ilotroyo.ilustrelina.li,yes
rwfertilizer.mydns.jp,yes
mastodon.ghostdub.de,yes
d-64.social,yes
footbrid.ge,yes
messydesk.social,yes
talk.mls20.de,yes
deadbirdsite.com,yes
photog.social,yes
jrpg.town,yes
fandomonium.space,yes
zeal.center,yes
blackshuck.net,yes
xn--69aa8bzb.xn--y9a3aq,yes
mastodon.hypnoguys.com,yes
warhammer.social,yes
social.hamro.io,yes
nekton.social,yes
arasaka.vip,yes
brians.town,yes
august-don.site,yes
staysilent.party,yes
inaccessible.ac,yes
elcofre.social,yes
penguicon.social,yes
agilodon.social,yes
mstdn.hokkaido.jp,yes
liberal.city,yes
tsarolion.com,yes
dreamers-guild.net,yes
witter.cz,yes
social.admin.ch,yes
cas.social,yes
bloop.blipdrifter.com,yes
mastodon.pirateparty.be,yes
monogram.org,yes
mstdn.my,yes
mastodon.michonline.com,yes
mastodon.thirring.org,yes
taurus-web.de,yes
pic.mascodon.jp,yes
calamity.world,yes
mastodon.schnuffle.de,yes
newsmast.community,yes
mastodon.gouacheairship.com,yes
jabber.net.nz,yes
vnecke.social,yes
social.astralsystem.com,yes
nap.social,yes
mastodon.rzgierskopp.de,yes
sizestation.com,yes
mstdn.immatrix.de,yes
social.polynom.me,yes
luc.cat,yes
mastodon.scientiam.org,yes
fedi.fifo-f.eu,yes
foxes.rocks,yes
mstdn.cool,yes
social.lilac.lab.shortcord.com,yes
greennet.social,yes
100terres.social,yes
my.elven.pw,yes
pixelfed.vpx.moe,yes
mastodon.r3pek.org,yes
higgy.social,yes
mastodon.spesh.com,yes
social.sdf.org,yes
altparty.social,yes
iconfactory.world,yes
megalonyx.social,yes
social.tacowolf.net,yes
mstdn.social,yes
gefahrengebiet.org,yes
cats.mastodon.musk.sucks,yes
solo.masto.host,yes
blind.lol,yes
forestodon.com,yes
broken.graphics,yes
mastodon.im,yes
toot.hoyle.me.uk,yes
colonels.world,yes
boles.xyz,yes
www.creatives-berlin.de,yes
mastodaix.de,yes
social.extremelyoffline.org,yes
gochisou.photo,yes
burningboard.net,yes
mastodon.plong.eu,yes
pixelfed.eu,yes
mastodon.vaporghost.at,yes
mtdn.anyqn.com,yes
social.fedida.com,yes
meh.social,yes
mastodon.todfox.site,yes
symas.social,yes
terere.social,yes
social.nozbe.com,yes
mastodon.brittg.com,yes
mas.nzcow.com,yes
kiri.to,yes
breeze.town,yes
awoo.fi,yes
pixelfed.com.tr,yes
yulran.masto.host,yes
toots.cc,yes
jamesgallagher.social,yes
zomglol.wtf,yes
x.80px.com,yes
tzcafe.com,yes
adastra234.info,yes
carpdiem.online,yes
betterconversations.online,yes
cloudhub.social,yes
deepspace.social,yes
macrofurs.social,yes
dragon-lair.social,yes
social.zotha.de,yes
flipboard.social,yes
ms.vg,yes
enchanted.social,yes
ukraine.rs,yes
ohay.ooo,yes
girlboss.ing,yes
mikrobloggen.no,yes
frish.org,yes
chattingdarkly.org,yes
pixelfed.hamdorf.org,yes
wp-social.net,yes
mast.evulid.cc,yes
hard.blue,no
fedi.ckir.net,yes
oldbytes.space,yes
roedelkiste.de,yes
undefined.social,yes
ma.akazia.eu,yes
social.m1n1ster.com,yes
chswx.social,yes
mastodon.de,yes
mastocomm.org,yes
pokemon.mastportal.info,yes
libertynode.net,yes
program-theia.monster,yes
photos.tsrats.net,yes
mstdn.rcode.fi,yes
bots.kurator.tech,yes
sumanko.com,yes
eimsbuettel.social,yes
seoul.earth,yes
status.fberriman.com,yes
mastodon.arul.io,yes
mstdn.in.th,yes
me.pptry.info,yes
clar.ke,yes
fastly.social,yes
kongwoo.icu,yes
orbsafe.masto.host,yes
octodon.social,no
m.divita.eu,yes
social.feep.org,yes
social.tsdev.live,yes
networker.social,yes
nautilus.place,yes
social.fairphone.community,yes
pixel.tiggi.es,yes
rail.chat,yes
blasmusik.social,yes
lighttheunicorn.horse,yes
kei.fashion,yes
dice.camp,yes
networkteam.social,yes
gnu.gl,yes
mastodon.iriseden.eu,yes
chat.noelle.codes,yes
toot.foundation,yes
minimal.social,yes
mstdn.mini4wd-engineer.com,yes
opencoaster.net,yes
tomodachi.gafea.net,yes
bihar.social,yes
mo.bugs.se,yes
mastodon.hexix.de,yes
qa.higgy.social,yes
c7.io,yes
beery.beer,yes
tau-ceti.space,yes
old.sharlayan.city,yes
sasa.africa,yes
blob.coffee,yes
mastodon.jisaba.life,yes
waff.club,yes
kaartinen.photos,yes
social.rivne.dcomm.net.ua,yes
ratherbemaking.games,yes
lawsocial.org,yes
cute.is,yes
arbitrarymusings.com,yes
sauna.social,yes
mastodon.cisti.org,yes
social.dinoleaf.com,yes
mainframe.club,yes
urusai.social,yes
social.fossdle.org,yes
jinxd.tech,yes
beamship.mpaq.org,yes
social.gorritodeplata.xyz,yes
mastodon.memes.observer,yes
7graphics.art,yes
social.cwts.nl,yes
pleroma.dragast.me,yes
unfug.social,yes
queer.dev,yes
velour.social,yes
mastodon.uy,yes
social.meissa-gmbh.de,yes
social.oddly-influenced.dev,yes
mast.dragon-fly.club,yes
cornputer.org,yes
www.ams.su,yes
social.groene.nl,yes
social.xin.cat,yes
mastodon.medienzentrenbw.de,yes
omusubi.ayarika.com,yes
hasacow.com,yes
meow.lgbt,yes
dindon.one,yes
dis-le.de,yes
fmb.ftls.xyz,yes
fuzzy.zone,yes
gamepad.club,yes
social.polysecure.ca,yes
cheongyeon.masto.host,yes
pawoo.org,yes
social.danpalmer.me,yes
irrelevant.me.uk,yes
theres.life,yes
blackrock.city,yes
mas.greatlakes.club,yes
streamers.social,yes
groupthink.fun,yes
flowerpot.fyi,yes
mastodon.snmsoc.org,yes
mastodon.fjerland.no,yes
social.uibk.ac.at,yes
mastodon.gurney.dev,yes
mastodon.stevesworld.co,yes
social.mango.vg,yes
epsom.social,yes
mirus.club,yes
social.techn1k.de,yes
mastodon.cross-solution.de,yes
social.lostcoastoutpost.com,yes
weremember.social,yes
mastodon.eroticmohel.com,yes
embracing.space,yes
mabe.space,yes
nongrata.social,yes
mastodon.darkplanetego.de,yes
historians.social,yes
social.mastodon.site,yes
said.social,yes
mastodon.yupgup.com,yes
mstdn.vodka,yes
chasmcity.net,yes
wizarding-world.icu,yes
popindustry.org,yes
social.bytten-studio.com,yes
social.cryptography.dog,yes
social.fuzzyoverlords.org,yes
mastodon.flifloo.fr,yes
kokoro.garden,yes
masto.syntheticmemory.net,yes
posts.dumb.stuff.donaberger.xyz,yes
eorzea.photos,yes
epistolary.org,yes
kavlak.uk,yes
rethinkplaces.social,yes
shabsters.social,yes
botany.social,yes
gts.apicrim.es,yes
wue.social,yes
soc.mod-12.com,yes
mastodon.ph,yes
social.mpdl.mpg.de,yes
us.etarek.xyz,yes
nhw.social,yes
mastodon.nervesocket.com,yes
wandzeitung.xyz,yes
nicolas.social,yes
tusk.chat,yes
mastodon.altearn.xyz,yes
meow.cloud,yes
entrepreneurlibre.org,yes
usuzakuraya.us,yes
mastodon.coffee,yes
mstdn.nursing.unibas.ch,yes
geeknews.chat,yes
pauho.net,yes
toot.org.il,yes
abyss.fun,yes
easttexas.social,yes
genealysis.social,yes
loma.ml,yes
electron.ninja,yes
gwah.social,yes
gameliberty.club,yes
fediverse.one,yes
tams.tech,yes
pone.social,yes
wer.social,yes
mastodon.oldstyle-project.org,yes
social.mirkwood.io,yes
mipuertorico.social,yes
earthstream.social,yes
bqri.us,yes
social.zerotier.com,yes
poweredbygay.social,yes
rmrs.nl,yes
ratatöskr.de,yes
animeomake.com,yes
legal.social,yes
bunny.social,yes
proto.lgbt,yes
erica.moe,yes
lostall.faith,yes
toot.xdncs.com,yes
mess.social,yes
pagan.plus,yes
toots.coronet.io,yes
selfy.army,yes
nicuverse.org,yes
pfadi.social,yes
manny.dilithium.fr,yes
vivinezz.hostdon.ne.jp,yes
higheredweb.social,yes
mastonederland.nl,yes
toot.cho.pm,yes
noto.social,yes
collapsible.systems,yes
social.zteo.com,yes
gm-cloud.org.uk,yes
smithtodon.org,yes
mastodon.tech-nico.de,yes
social.xcetera.biz,yes
mastodon.inf.ethz.ch,yes
sackheads.social,yes
social.touhey.org,yes
mastodon.surazal.net,yes
bigballchunkyverse.online,yes
mastodon.itseris.dev,yes
indieweb.social,yes
grammus.net,yes
borderland.tokyo,yes
mastodon.lrdf.fr,yes
diversity.kitchen,yes
ottweiler.social,yes
peasej.me,yes
mastodon.gisvold.co.uk,yes
mastodon.peaceful.social,yes
mofu.one,yes
social.niso.org,yes
oursky.social,yes
odakyu.app,yes
advent.social,yes
link.baai.ac.cn,yes
mastodon.chasalin.nl,yes
social.voklen.com,yes
peering.social,yes
mastodon.networkback.synology.me,yes
mastodon.481516.xyz,yes
donmasto.com,yes
backend.newsmast.org,yes
mastodon.basjes.nl,yes
clq.im,yes
social.lauercloud.de,yes
tukkers.online,yes
lustigetiernamenbubble.de,yes
mastodon.richardloxley.com,yes
omnitest.social,yes
cmm.fyi,yes
mastodon.n5h.co,yes
chocot.art,yes
mastodon.from-de.com,yes
vault322.net,yes
toot.fan,yes
mastodon.computingcache.com,yes
daedal.io,yes
sc.skrlet13.xyz,yes
magical-ribbon.net,yes
m.thibau.lt,yes
mastodon.hamburg,yes
olifant.fi,yes
mstdn.m3press.jp,yes
mastodon.gastrokon.com,yes
mastodon.chriswright.photography,yes
mstdn.mell0w-5phere.net,yes
dan.mastohon.com,yes
w3c.social,yes
pcgamer.social,yes
planetearth.social,yes
thebackroom.life,yes
trustyantler.truanon.com,no
futuregadgetlab.cc,yes
bookwyrm.lovetux.net,yes
latenight.social,yes
digisociety.social,yes
elb.cloud,yes
hairbow.lol,yes
xn--eckza.net,yes
mastodns.net,yes
kanina.be,yes
gts.scoobysnack.net,yes
pxlfd.fun.systems,yes
social.toot9.de,yes
fedi.larlet.fr,yes
theweird.space,yes
social.chatty.monster,yes
mastodon.3dgo.net,yes
eightpoint.app,yes
pxlfed.de,yes
e5n.cc,yes
shouldagoneoffroad.com,yes
quite.social,yes
social.python-gsoc.org,yes
mast.giants-club.net,yes
social.pixelpusher.no,yes
sigmoid.social,yes
mastodon.robserv.de,yes
mastodon.balamb.fr,yes
dorset.social,yes
wiesbaden.social,yes
faculty.mastodon.stanford.edu,yes
face-house.fedicity.net,yes
senpainoticedme.moe,yes
mastodon.pub.solar,yes
mastodon.le-palantir.com,yes
hunted.one,yes
kfem.cat,yes
emeraldsocial.org,yes
art.masto.host,yes
negeri.org,yes
ms.cratonsed.ge,yes
md.peg.osaka,yes
royalrainbow.link,yes
friscode.dev,yes
zuhair.social,yes
social.mootech.eu,yes
social.dmcblue.com,yes
radig.social,yes
anticapitalistcatgirl.club,yes
soc.ottr.uk,yes
neph.social,yes
noise.j-w.au,yes
newmusic.social,yes
m.alexyang.me,yes
discourse.helenprejean.org,yes
meetbeauties.social,yes
social.mailpace.com,yes
vran.as,yes
zacpwhite.social,yes
xoxo.zone,yes
mastodon.bawue.social,yes
social.secret-wg.org,yes
social.sciences.re,yes
fluttercommunity.social,yes
pkm.social,yes
sajin.life,yes
rayci.st,yes
social.froghat.ca,yes
vrc-ins.net,yes
ansico.dk,yes
loqui.fi,yes
mstdn.asterism.xyz,yes
solarpunkdruid.com,yes
social.nortel.cloud,yes
dea42.social,yes
screencastsonline.social,yes
saskodon.ca,yes
barelysocial.org,yes
beratna.net,yes
toot.execbase.net,yes
don.nzws.me,yes
nofan.xyz,yes
erotica.social,yes
social.asgardius.company,yes
howdidthisgethere.masto.host,yes
sindicato.social,yes
independent-media.co.uk,yes
solutionpoint.in,yes
social.ferrocarril.net,yes
social.sunet.se,yes
mastodon.mayer.rocks,yes
this.mouse.rocks,yes
westvisions.social,yes
catpost.ing,yes
social.nwex.de,yes
sleepy.cool,yes
mastodon-elestio-u1962.vm.elestio.app,yes
masto.dopiaza.org,yes
no7es.mu7ou.com,yes
viidalepp.me,yes
mastodon.sirrahd.com,no
atlbbs.com,yes
awwter.online,yes
socialturtle.eu,yes
pixelfed.dk,yes
www.catswords.social,yes
unitedmastodon.com,yes
blacksun.social,yes
notbird.app,yes
pix.thedav.is,yes
pentacop.moellus.net,yes
hamont.social,yes
fm619.club,yes
social.vsp.ink,yes
vacatureforum.nl,yes
social.theindiestone.com,yes
literatur.social,yes
mastodon.ounce.zone,yes
holonet.imperialba.se,yes
social.harding.dev,yes
social.memes.nz,yes
mastodon.elevenways.be,yes
iys.io,yes
mastodon.iking.ca,yes
xeno.glyphpress.com,yes
mastodon.unmadegaming.com,yes
coach.masto.host,yes
social.mjohnson.tech,yes
spolu.bucek.eu,yes
blog.troch.org,yes
opalstack.social,yes
fo0bar.org,yes
vael.town,yes
social.milchreislieferei.de,yes
publicgood.social,yes
mastodon.afromunkee.live,yes
mstdn-amadeus.tech,yes
lagopine.lgbt,yes
social.devopsdays.org,yes
nfra.club,yes
vgg.lol,yes
shrin.es,yes
wikimedia.social,yes
galaxypaws.page,yes
geneadon.social,yes
snowmastodon.social,yes
sorbit.no,yes
acra.network,yes
social.jvan.be,yes
pan.rent,yes
social.vyvojari.dev,yes
anasodon.com,yes
widget.uk,yes
mastodon.schub.social,yes
alteholz.social,yes
retrorewind.social,yes
gardons.contact,yes
comunidad.blasterradio.net,yes
mstdn.ofraglapis.net,yes
gts.xmgz.eu,yes
v2br.social,yes
mastodon.zunda.ninja,yes
toot.igniterealtime.org,yes
m.cmx.im,yes
pixelfed.lovetux.net,yes
auralis.space,yes
mwtaylor.social,yes
awoo.chown.me,yes
social.gilespaterson.com,yes
mastodon.kintsugi-lab.com,yes
mst.muiiio.com,yes
travelpandas.fr,yes
bucher.naturesmeatcandy.org,yes
mastod.no,yes
mastodon.mg,yes
digressive.me,yes
masto.ink,yes
malmo.chat,yes
audio-video.tech,yes
m.uwuntu.org,yes
meowstodon.net,yes
gamerplus.org,yes
m.stad.social,yes
mstdn.gamercast.net,yes
vectemis.social,yes
social.globalpirates.net,yes
mastodon.kuylar.dev,yes
frawas.de,yes
upload.chat,yes
anothersuper.social,yes
metapixl.com,yes
cartersville.social,yes
meghadeep.social,yes
m.wingu.se,yes
criticalrolestats.com,yes
raptol.net,yes
www.gregnilsen.com,yes
mastodon.nerdlings.net,yes
ponjour.com,yes
gotosocial.stripittoride.club,yes
mstdn-bike.net,yes
mamutovo.cz,yes
nwb.social,yes
discuss.systems,yes
atheopagan.net,yes
tankchat.it,yes
mastodon.mackners.com,yes
terrible.city,yes
decco.net,yes
social.cms.garden,yes
sb17.space,yes
creature.garden,yes
jazztodon.com,yes
mastodon.lilysthings.org,yes
friends.polli.social,yes
snarthelg.no,yes
guzmer.social,yes
social.anarchy-nomad.de,yes
mededelingen.civieleautoriteiten.nl,yes
justinyost.social,yes
mastodon.rss3.io,yes
mastodon.inclusion.cc,yes
social.kyzune.com,yes
pl.qou.moe,yes
lllsecurity.com,yes
mastodon.boyd.cloud,yes
k.my-sky.blue,yes
junkhub.org,yes
mastodon.baazee.social,yes
prattohome.com,yes
nomanssky.social,yes
aniy.jp,yes
nobert.zone,yes
mastodon.draeh.org,yes
mastodon.jamidisi-edu.de,yes
owo.town,yes
demon.social,yes
boerdica.de,yes
www.factelves.com,yes
amphora.social,yes
plushies.social,yes
crosstalk.tech,yes
vhs.social,yes
m.futex.au,yes
cousteaudivers.social,yes
social.gr-al-ch.duckdns.org,yes
alpaka.garden,yes
social.synerate.com,yes
mastodon.madhammer.club,yes
deepwoodsocial.net,yes
wasnever.cool,yes
umaikebab.xyz,yes
one.darnell.one,yes
pierce.xyz,yes
n00b.fr,yes
toot.bldrweb.org,yes
persia.social,yes
notes.mu7ou.com,no
oc.todon.fr,yes
mastodon.xn--t8jzbl7g.jp,yes
kblue.10rino.net,yes
social.typica.us,yes
ligma.pro,yes
flightclub.social,yes
mastodon.melroy.org,yes
sciences.social,yes
myonlinepi.uk,yes
mastodon.lanofthedead.xyz,yes
social.ftm.nl,yes
theexpan.se,yes
social.do.srb2.org,yes
rambleon.social,yes
scipost.social,yes
init3.us,yes
evilmeow.com,yes
mamot.fr,yes
fantasyhockey.social,yes
mastodon.mcdowallfam.co,no
thelawtoknow.com,yes
reluctantly.social,yes
sunshinecoast.social,yes
lou.lt,yes
funcoland.net,yes
fedi.erin.lgbt,yes
books.idas.social,yes
cloudisland.nz,yes
pcwizards.nl,yes
mublog.nl,yes
nonentity.fedicity.net,yes
rwx.ch,yes
social.lindhom.no,yes
sector25.de,yes
mstdn.plus,yes
social.etwas42.de,yes
mstdn.blue.wirednet.jp,yes
m.goehausen.org,yes
c64.social,yes
social-t.uibk.ac.at,yes
thehappyfamily.stream,yes
superheronecromancer.games,yes
masto.binaryworks.ca,yes
inherently.digital,yes
bsd.network,yes
tulipgardenshow.masto.host,yes
pixelfed.poutounours.ovh,no
social.hyuki.net,yes
social.wiredancer.hu,yes
inclusion.click,yes
bcom.moe,yes
payravi.xyz,yes
social.mezzo.moe,yes
fans.sonichu.com,yes
diblasio.social,yes
oomfie.city,yes
mytter.jp,yes
dosgame.club,yes
mstdn.plusminus.io,yes
fedi.talktodan.com,yes
red.fox.yt,yes
mastodon.hakurei.win,yes
social.mastodon.my,yes
otoya.space,yes
talkedabout.social,yes
bolha.us,yes
ixchat.x4s.it,yes
joshuastrobl.social,yes
mister.computer,yes
social.aaroncrocco.com,yes
sadoway.com,yes
mstd.dansmonorage.blue,yes
vltava.cloud,yes
super-gay.co,yes
molaguay.xyz,yes
rubber.social,yes
mastodon.sandwich.net,yes
webperf.social,yes
windbag.org,yes
staging.pixelfed.net,yes
social.rhea.art,yes
m.tpaschalis.me,yes
mastodon.creation.md,yes
ozstream.net.au,yes
mtgjudge.social,yes
social.snowcat.link,yes
engasjert.mdg.no,yes
singsingsing.party,yes
social.cologne,yes
arielfinn.social,yes
mastodon.lacan.net,yes
mastodon.lqx.net,yes
tabletop.vip,yes
mastodon.lepik.eu,yes
avatastic.uk,yes
vocalounge.cafe,yes
fed.sbcloud.cc,yes
pix.bothhands.ca,yes
spv.sh,yes
darmstadt.social,yes
jawns.club,yes
t.copyliu.org,yes
be-lieve.hostdon.ne.jp,yes
xelebre.com,yes
pix.diaspodon.fr,yes
nopm.xyz,yes
starside.social,yes
px.c-p-b.com,no
ic.unhappysalt.life,yes
mastodon.twictee.org,yes
toot.scenetin.net,yes
fedihum.org,yes
mastodon.roe.dev,yes
mastodon.business,yes
lucaire.ovh,yes
pxl.nochiiverse.eu,yes
forum-lucifer.com,yes
blog.mistlake.net,yes
tuskular.com,yes
k8s.social,yes
tbs.social,yes
mastodon.my.id,yes
crispsandwi.ch,yes
bonobo.net,yes
stranger.social,yes
uestc.social,yes
mastodon.schule,yes
ifwo.eu,yes
patavium.social,yes
revcybertrucker.com,yes
rpvortex.online,yes
mstdn.jmiguel.eu,yes
nostr.bar,yes
pynews.com.br,yes
social.markusgran.de,yes
fedi.nzyme.org,yes
chillpeep.zone,yes
neuromatch.social,yes
mastodon.pirati.cz,yes
shrimply.social,yes
bangdream.tokyo,yes
fedi.quiet.horse,yes
masto.mkm.scot,yes
toot.beep.computer,yes
parody.town,yes
awkward.place,yes
bluechakra.cloud,yes
social.riversouldiers.dk,yes
windswe.pt,yes
gruenelin.de,yes
holygrena.de,yes
pravdasocial.net,yes
social.anoxinon.de,yes
mastodon.hackerdrinks.social,yes
taciturn.social,yes
norrebro.space,yes
mstdn.musicforlife.jp,yes
maskodon.org,yes
mastodon.parkingmeter.info,yes
libori.social,yes
hci.social,yes
7snowrin.net,yes
social.rootaccess.org,yes
stammy.design,yes
social.techniverse.net,yes
mastodon.24bit48khz.de,yes
mastodon.cronenberg.cc,yes
social.pmj.rocks,yes
chai.wtf,yes
borahae.love,yes
pixelfed.cc,yes
tuebingen.network,yes
senate.social,yes
pixelfed.ru,yes
mastodon.snthtns.jp,yes
cutie.city,yes
mastodon.white-void.net,yes
social.ivor.org,no
social.bitwig.community,yes
zug.network,yes
andrew.masto.host,yes
mastodon.tetaneutral.net,yes
fulda.social,yes
bonn.social,yes
bimbo.social,yes
dudes.keinpfusch.net,yes
spoonie.community,yes
pics.gayfr.online,yes
www.polylux.xyz,yes
pxlmo.net,yes
mastodon.infrageeks.social,yes
mastodon.rym.social,yes
strangeminds.social,yes
physics.social,yes
protogen.social,yes
dev.handon.club,yes
astral.camp,yes
mstdn.dk,yes
mastodon.adrienlacombe.me,yes
oceanplayground.social,yes
mastodon.totmin.ru,yes
social.butterknifeestates.com,yes
mastodon.queensnkings.de,yes
valenciapa.ws,yes
mastodon.scollectif.fr,yes
mib.contact,yes
lviv.social,yes
floof.link,yes
freesewing.social,yes
cyberdeck.social,yes
m.jeppesen.io,yes
cunnyfu.cc,yes
mstdn.t-rg.ws,yes
fosspri.de,yes
pollyanna.social,yes
pubsub.fun,yes
internetsladd.se,yes
patchouli.today,yes
unocha.social,yes
newsie.social,yes
cybersulu.ninja,yes
www.utter.social,yes
bolha.photos,yes
social.dino.icu,yes
flauschhausen.de,yes
free.gluten.space,yes
pkutalk.com,yes
social.yearg.in,yes
pilote.me,yes
mastodon.thegovlab.com,yes
pixtagram.social,yes
fanscannabis.club,yes
cansoccer.social,yes
ezdog.org,yes
glod.org,yes
mastodon.jtl.vision,yes
social.wigger.one,yes
osna.social,yes
area51.social,yes
drcit.social,yes
social.kramse.org,yes
mastodon.techrekt.com,yes
mastodon.yuuta.moe,yes
mastodon.polyphony.me,yes
rat.party,yes
mastodon.horvath.com,yes
live.magikh.fr,yes
thebristol.social,yes
magpie.masto.host,yes
untrusted.website,yes
front-end.social,yes
mastodon.app.araneum.org,yes
mastodon.nekojimi.moe,yes
social.kreuder.me,yes
mastodon.drjpdns.com,yes
social.learntosolveit.com,yes
lonely.town,yes
inari.opencocon.org,yes
toot.aornis.dev,yes
mastodon.knightpp.cc,yes
pixel.art3mis.de,yes
social.toplap.org,yes
me.dm,yes
makerspace.au,yes
fed.uu.org,yes
worm.horse,yes
x.coderblog.in,yes
social.kherson.dcomm.net.ua,yes
mastodon.laca.dev,yes
social.datalabour.com,yes
thejoyo.com,yes
social.spiezmaestro.ch,yes
epicyon.libreserver.org,yes
piou.foolbazar.eu,yes
mastodon.world,yes
modelrailroadballast.com,yes
burnout.cafe,yes
implausiblyaverage.online,yes
pixelfed.automat.click,yes
maly.io,yes
social.cemocom.de,yes
slut.town,yes
social.fcourtois.net,yes
mstdn.yue-kichi.world,yes
social.erti.us,yes
social.gladtherescake.eu,yes
social.championpictures.at,yes
theplant.social,yes
toyvey.xyz,yes
mastodon.craftingcomrades.net,yes
prattle.org.uk,yes
mastodon.giftedmc.com,yes
social.itshalfempty.com,yes
mastodon.grml.de,yes
mast.yourautisticlife.com,yes
mastodon.flying-snail.de,yes
fedi.raventhemaker.com,yes
mastodon.reysic.com,yes
bunni.social,yes
mst3k.interlinked.me,yes
pulpunte-chinpun.xyz,yes
social.montceleste.fr,yes
social.v.b4tman.ru,yes
mastodon.nuages.noho.st,yes
discuss.smash.today,yes
thunderstruck.fedicity.net,yes
mascodon.jp,yes
www.gctaisentl.com,yes
charr.engineer,yes
social.pixie.town,yes
social.c3l.lu,yes
beige.party,yes
supernatural.fans,yes
graz.social,yes
skvip.lol,yes
barkshark.xyz,yes
mulberryphotowerx.social,yes
social.illegalpornography.com,yes
snabelen.no,yes
tane.codes,yes
newsmast.social,yes
ear.li,yes
courbet.social,yes
kryptopraktik.se,yes
pqcdao.com,yes
social.grahamharper.net,yes
soundbyte.social,yes
social.hutch.chat,yes
cybervillains.com,yes
social.n8e.dev,yes
mastodon.vhack.eu,yes
friend.baai.ac.cn,yes
mastodon.nyanstorm.fun,yes
mastodon.gruezi.net,yes
fedi.talktodan.com,yes
social.admin.ch,yes
chalk.moe,yes
mastodon.blaede.family,yes
tt.vvxq.ca,yes
better.boston,yes
galaxypaws.page,yes
mastodon.oeru.org,yes
a17k.social,yes
thelife.boats,yes
daedal.io,yes
ulman.social,yes
mo.social,yes
gainer.cloud,yes
kryptopraktik.se,yes
mamot.fr,yes
driveinsaturday.org,yes
sakurajima.moe,yes
airwaves.social,yes
t.niobium.at,yes
fed.wjboll.es,no
social.headbright.eu,yes
blog.troch.org,yes
mastodon.yohan.es,yes
tubul.net,yes
catharsis.cafe,yes
mstdn.io,yes
mastodon.robomwm.com,yes
pixelfed.snowhouse.noho.st,yes
mastodon.cisti.org,yes
lopp.social,yes
chat.radialbog9.com,yes
arasaka.vip,yes
neovibe.app,yes
cornerbooth.chat,yes
awai.hostdon.ne.jp,yes
mastodon.kangaroopunch.com,yes
front-end.social,yes
celsius.letemps.social,yes
mastodon.xy-space.de,yes
social.ceod.net,yes
social.suchtbasis.de,yes
gal.muri.zip,yes
mastodon.hk,yes
rouge.eu.org,yes
friendica.myportal.social,yes
memory.sda1.net,yes
retrohangout.club,yes
morrow.social,yes
mas.n0t.net,yes
386898.xyz,yes
fb.paulgeanta.com,yes
awjeez.help,yes
social.nerdnet.ovh,yes
bauphysik.social,yes
social.goonj.xyz,yes
patashnik.club,yes
no7es.mu7ou.com,yes
pauho.net,yes
theatrez.day,yes
kinkworks.com,yes
social.soongyu.me,yes
rustedneuron.com,yes
mastodon.137i.de,yes
fashionviz.xyz,yes
freie-re.de,yes
jmm.kr,yes
mastodon.nlmakers.ca,yes
sociafk.mym41l.co.uk,yes
noto.social,yes
mastodon.metalbanana.net,yes
mastodon.dias.ie,yes
kish.social,yes
scoat.es,yes
gnurfl.de,yes
bark.lgbt,yes
beyondgender.social,yes
soc.umrath.net,yes
social.illusory.ink,yes
rubberchicken.social,yes
post.rodeo,yes
bakedbean.xyz,yes
social.pauldev.co,yes
higgy.social,yes
reliverse.social,yes
pgh.social,yes
www.ldwg.me,yes
bearologics.social,yes
eita.club,yes
orfodon.org,yes
workaholic.cloud,yes
m6n.io,yes
ic.unhappysalt.life,yes
audio-video.tech,yes
heads.social,yes
mastodon.unknownrealm.org,yes
bath.social,yes
sudomakecake.ddns.net,yes
toots.ravenoak.dev,yes
furpark.kr,yes
arktos.social,yes
mammut.gogreenit.net,yes
toot.dusepo.co.uk,yes
postagram.net,yes
social.mb-it.com,yes
social.mastodon.site,yes
embassy.social,yes
kmy.blue,yes
social.nah.re,yes
luzeed.org,yes
wallflowersocial.club,yes
social.zdx.fr,yes
developerlink.com,yes
social.shinyuu.net,yes
federated.press,yes
meta.jorun.dev,yes
blog.mistlake.net,yes
library.love,yes
shadowverdon.info,yes
kaartinen.photos,yes
mas.home.monsiteinternet.org,yes
social.hostpath.de,yes
anml.io,yes
pet.tax,yes
theweird.space,yes
bonequest.net,yes
distant.social,yes
social.thespiralbound.com,yes
suma-ev.social,yes
researchbuzz.masto.host,yes
mastodon.monotropa-satellite.social,yes
mastodon.韓國語.漢字.net,yes
deppenkessel.de,yes
megalonyx.social,yes
social.coletivos.org,yes
b0o1y.com,yes
snapp.social,yes
tabletop.vip,yes
pixelig.social,yes
andrews.me,yes
worst.computer,yes
mastodon.homelab.tokyo,yes
social.mbbit.de,yes
defcon.social,yes
social.atiusamy.com,yes
seine.fleuv.es,yes
it.szeged.social,yes
social.deuill.org,yes
lovelace.social,yes
photofed.world,yes
parkfans.network,yes
mastodon.naugrim.org,yes
mstdn.kgtkr.net,yes
garratt.social,yes
apricot.social,yes
puddle.town,yes
indiepocalypse.social,yes
social.hanntac.net,yes
don.blognot.co,yes
kind.social,yes
kb.kurotanesou.online,yes
boles.xyz,yes
www.gregnilsen.com,yes
tutoteket.no,yes
mastodon.queensnkings.de,yes
social.cu2d.com,yes
glauca.space,yes
mastodon.dduel.dev,yes
tyrol.social,yes
pixelfed.eus,yes
press.coop,yes
verified.mastodonmedia.xyz,yes
glitch.kiarc.win,yes
social.groene.nl,yes
mastodon.nekohell.eu,yes
horche.demkontinuum.de,yes
pixel.livellosegreto.it,yes
muenster.im,yes
folky.me,yes
kemonodon.club,yes
rtsn.dev,yes
quinnwitz.house,yes
mastodon.lettucegarden.net,yes
retirenow.top,yes
mastodon.a17t.dev,yes
social.butterknifeestates.com,yes
mastodon-projekt.uni-muenster.de,yes
toot-toot.wyrihaxim.us,yes
sre.masto.host,yes
blackrock.city,yes
mendeddrum.org,yes
orbital.horse,yes
artsandculture.social,yes
www.ostkreuzblog.de,yes
mastodon.mudkips.net,yes
mtn.selfre.cc,yes
pix.nah.re,yes
g0v.social,yes
vivere.uno,yes
social.jvan.be,yes
social.openearth.org,yes
fedi.erin.lgbt,yes
shellsharks.social,yes
antisocial.science,yes
kinetix.social,yes
mastodon.pandoli365.com,no
homoo.social,yes
owncast.djbrine1.ru,yes
hexadon.net,yes
toot.jimmygulp.co.uk,yes
social.harukizaemon.com,yes
misaka.chat,yes
mooose.org,yes
sights.omgwars.com,yes
pixels.gsi.li,yes
pynews.com.br,yes
social.undeadnetwork.de,yes
marctodon.marci.one,yes
pon.ee,yes
fediver.de,yes
blog.stegemann.de,yes
koreus.social,yes
unstraight.club,yes
wien.rocks,yes
evrial.com,yes
face-house.fedicity.net,yes
mstdn.mimikun.jp,yes
lol.lamp.wtf,yes
mstdn.sagami-yashiro.net,yes
toot.the-cloud.io,yes
bayerwald.cafe,yes
mn.drunu.be,yes
social.jaredzimmerman.com,yes
join.mttv.it,yes
kurage.cc,yes
pixelfed.desmu.fr,yes
porcelain.doll.repair,yes
pkutalk.com,yes
social.lilac.lab.shortcord.com,yes
gulp.cafe,yes
stage.pixelfed.de,yes
mastodon.clusterfucks.nl,yes
mwtaylor.social,yes
iaccessibility.social,yes
macrofurs.social,yes
elbereth.xyz,yes
vgn.church,yes
don.kofuk.org,yes
engasjert.mdg.no,yes
exito.social,yes
abshoff.social,yes
mastodon.nyveir.fr,yes
social.zentonic.org,yes
bern.social,yes
typing.ink,yes
wandering.shop,yes
wrannek.me,yes
vt.social,yes
sevagir.am,yes
trollian.space,yes
me.pptry.info,yes
v2br.social,yes
tooter.sftn.eu,yes
mitten.dur.ch,yes
eloi.social,yes
mastodon.mail.at,yes
ngrdk.fedicity.net,yes
social.maou-maou.fr,yes
social.dib.de,yes
quietzero.net,yes
proto.lgbt,yes
mastodon.indiegames.online,yes
mstdn.blueday.blue,yes
musain.cafe,yes
social.schmarrn.dev,yes
joinfriendica.de,yes
cuteferret.party,yes
sonomaca.social,yes
donadvr.de,yes
glasgow.social,yes
mastodon.doesnotexist.club,yes
g33ks.coffee,yes
mastodon.neoform.co,yes
transforthe.win,yes
mastodon.altf4.fun,yes
mastodon.buzhangjiuzhou.com,yes
collantes.social,yes
mastodon.free-solutions.org,yes
nileane.fr,yes
glitch.taks.garden,yes
social.web-wi.de,yes
mastodon.boyos.org,yes
akademienl.social,yes
social.parentheticalrecluse.com,yes
krigskunst.social,yes
bucher.naturesmeatcandy.org,yes
usr.cloud,yes
social.anarchy-nomad.de,yes
mnstdn.monster,yes
rails.social,yes
sunny.garden,yes
polyglot.city,yes
mt.shc.kanagawa.jp,yes
mastodon.london,yes
mastodon.re,yes
frittaten.at,yes
xn--8r9a.com,yes
fedi.keinpfusch.net,yes
autonomous.zone,yes
fruef.social,yes
christenson.social,yes
meteo.social,yes
mastodon.irohanano.nl,yes
freiewaehler.social,yes
u.miaomiao.li,yes
eworld.social,yes
mastodononline.com,yes
wisdomhole.com,yes
sieg-dragon.blue,yes
nelson.social,yes
stellaria.network,yes
alpha.polymaths.social,yes
mastodon.knightpp.cc,yes
skeptics.social,yes
bluetoot.hardill.me.uk,yes
mastodon.einfachmc.de,yes
yetanother.place,yes
mastodon.skrimmage.com,yes
social.nebula.lgbt,yes
mastodon.yoctomath.com,yes
md.songtronix.com,yes
mastoot.fr,yes
tranvender.site,yes
onionslices.social,yes
m.thibau.lt,yes
darkfriend.social,yes
streamers.social,yes
nova.community,yes
tardis.pw,yes
asstodon.social,yes
socialturtle.eu,yes
social.duckie.chat,yes
spragleknas.no,yes
snooker.uk.to,yes
social.j62.de,yes
real-escape.jp,yes
closed.place,yes
mstdn.ro,yes
aquatan.net,yes
abraham.su,yes
social.main-angler.de,yes
moresci.sale,yes
samenet.social,yes
mast.mako.li,yes
social.azureheads.gr,yes
pics.gayfr.online,yes
tusk.chat,yes
mastodon.palmer.house,yes
recordplug.club,yes
gxtech.social,yes
neuromatch.social,yes
wp-social.net,yes
toot.kingj.net,yes
social.0xc0edba.be,yes
pixelfed.f4n.de,yes
toots.ch,yes
t.kaikoga.net,yes
mstdn.nagito.net,yes
sleepycrew.social,yes
xeno.glyphpress.com,yes
mstdn.sidh.bzh,yes
social.crabs.life,yes
spurlock.social,yes
dev.ard.social,yes
guild.pmdcollab.org,yes
unvernunft.social,yes
flipboard.social,yes
basidium.club,yes
sauna.social,yes
batorbros.me,yes
mastodon.mx,yes
social.foxes.life,yes
drk.network,yes
social.cpress.org,yes
thewalkingdeaf.social,yes
red.niboe.info,yes
sicem.social,yes
melendez.land,yes
photos.mroberts.me,yes
todon.eu,yes
techdonuts.uk,yes
lipn.info,yes
nine.land,yes
uuchten.lu,yes
fedist.me,yes
untrusted.website,yes
mstdn.funil.de,yes
mastodon.brittg.com,yes
indieweb.social,yes
mastodon.thegovlab.com,yes
mastodon.airi.tv,yes
freifunk.social,yes
mastodon.tgjb.org,yes
persia.social,yes
social.dbzfans.online,yes
mastodon.hexsix.me,yes
social.van.buu.re,yes
social.birdinter.net,yes
mastodon.theyosh.nl,yes
chswx.social,yes
swecyb.com,yes
mikrotik.social,yes
shadowland.social,yes
monkeyhex.com,yes
fedi.yaf.ai,yes
epicyon-test.fly.dev,no
social.techliminal.com,yes
mipuertorico.social,yes
wisskomm.social,yes
sociala.me,yes
mastoflute.social,yes
fedi.charlie2alpha.org,yes
ppb.social,yes
social.vivaldi.net,yes
mastodon.colincogle.name,yes
pix.toot.wales,yes
m.heine.xyz,yes
social.tthi.as,yes
438punk.house,yes
iosdev.space,yes
overcomplicated.systems,yes
megatherium.org,yes
mastodon.cocamserverguild.com,yes
plantegg.wiki.gd,yes
social.hnws.me,yes
omg.wtf.sh,yes
mastodon.fooddrinklife.com,yes
matitodon.com,yes
blabber.lu-rp.net,yes
mograph.social,yes
brokkoli.social,yes
social.interferencias.tech,yes
allpro.social,yes
uddannelse.social,yes
fedimon.uk,yes
etw.uk,yes
rect.al,yes
twit.social,yes
mainframe.club,yes
crazylab.online,yes
mstdn.cool,yes
olching.social,yes
fedi.truth-sandwich.com,yes
fedi.winscloud.net,yes
mastodon.laurenweinstein.org,yes
social.bbc,yes
pb.todon.de,yes
nottwitter.puhtahtoe.com,no
masto.allrite.at,yes
mastodon.inubo.ch,yes
social.abohiccups.com,yes
social.lillin.net,yes
shoghi.rocks,yes
m.gui.do,yes
senigallia.one,yes
pix.ublog.tech,yes
omg.sayitditto.net,yes
types.pl,yes
weedyverse.de,yes
qratedspace.me,yes
msz.baz.bar,yes
agilealliance.social,yes
toot.fromseabed.com,yes
kblue.10rino.net,yes
clownpropoganda.com,yes
icosahedron.kal-tsit.halcy.de,yes
parody.town,yes
linuxhotel.social,yes
kulturfront.org,yes
mastodon.mmjo.com,yes
flokinet.social,yes
mastodon.solidev.net,yes
wstrsd.masto.host,yes
mastodon.myaddomain.org,yes
penguicon.social,yes
chicklens.foolbazar.eu,yes
bots.defencegeeks.net,yes
demtech.global,yes
endurance.racing,yes
gnulinux.social,yes
emergencyalerts.app,yes
mastodon.foxocube.xyz,yes
mstdn.jetzou.com,yes
fouroclockfarms.club,yes
pix.lalafell.org,yes
maly.io,yes
mastodon.run,yes
dekkia.com,yes
mastodon.baazee.social,yes
mastodon.nl,yes
mastodon.lebreton.fr,yes
mastodon.nycmesh.net,yes
mstdn.nijist.info,yes
mastodon.in.th,yes
mastodon.ai8w.ddns.net,yes
cloudycrux.es,yes
covelline.social,yes
roughdraft.party,yes
merovingian.club,yes
rah.social,yes
brioco.art,yes
musician.social,yes
carman.social,yes
gotosocial.net,yes
mastodon.rosseaux.com,yes
mastodon.autostatic.net,yes
pinkorange.red,yes
nonsense.direct,yes
mastodon.redgarterclub.com,yes
pubby.social,yes
miltodon.social,yes
fedi.ctrlz.es,no
fedi.xamk.fi,yes
galaxy.quest,yes
social.tsueri.cloud,yes
moris.social,yes
remotelab.uk,yes
mastod.no,yes
transmom.love,yes
mastodon.naturemag.org,yes
x0f.org,yes
dumpster.social,yes
cyberplace.social,yes
saskodon.ca,yes
social.codethink.co.uk,yes
mastodon.fl0w.fr,yes
kite.seungjin.net,yes
m.posterdati.it,yes
mastodon.gramschladen.de,yes
social.rochacbruno.com,yes
dpw.social,yes
gazette.live,yes
social.uji.es,yes
fandom.garden,yes
base.lc,yes
babyhollywood.social,yes
unstable.systems,yes
starcitizen.name,yes
social.spejset.org,yes
linuxlab.sh,yes
nedludd.social,yes
mastodon.lermer.nl,yes
physchem.science,yes
social.singularity.sh,yes
purposefully.social,yes
mastodooooooon.xyz,yes
uff.rip,yes
social.underdesk.net,yes
social.eyluldogruel.com,yes
fedi.science,yes
toot.beer,yes
fedisnap.com,yes
nongrata.social,yes
sudojudo.com,yes
social.abwesend.com,yes
social.val-sans-retour.fr,yes
bitsandpixels.dev,yes
social.secwarz.com,yes
social.sdf-cn.org,no
mstdn.beah.jp,yes
thefire.work,yes
eggplant.place,yes
social.nortel.cloud,yes
gaken.social,yes
microhive.social,yes
myf.one,yes
borahae.love,yes
social.kakmix.co,no
leporid.net,yes
social.4score7pongs.com,yes
social.sargasso.nl,yes
fedi.marty.tf,yes
autisticpri.de,yes
flauschhausen.de,yes
mastodon.roe.dev,yes
toot.mrah.live,yes
toot.portes-imaginaire.org,yes
3dp.chat,yes
mas.atmx.ca,yes
mastodon.minionflo.net,yes
rva.fyi,yes
furry.horse,yes
ap.remote-shell.net,yes
mokomokohouse.com,yes
mastodon.cryobyte.net,yes
verhu.xyz,yes
taurus-web.de,yes
cwb.social,yes
toot.cafe,yes
cybre.ninja,yes
connectop.us,yes
vanilla.choco.ink,yes
norfolk.social,yes
bikeshed.vibber.net,yes
amicale.net,yes
masto.social,yes
torguard.social,yes
gosocial.au,yes
windscribe.social,yes
social.vasilis.nl,yes
mu.mu7ou.com,no
mastodon.lacan.net,yes
social.sineware.ca,yes
social.pigelet.org,yes
mastodon.highteq.net,yes
birdbox.party,yes
so.scnr.it,yes
social.vouaix.com,yes
digitalpioneers.social,yes
mindplex.sotatek.works,yes
social.jpi.io,yes
sandbox.nyanya.net,yes
dataare.cool,yes
tzcafe.com,yes
rack.social,yes
stars.eroaward.com,yes
nastycandy.com,yes
m.csgo.gg,yes
social.thearchitects.world,yes
0x3c.pl,yes
welcometo.squelfland.com,no
waff.club,yes
dresserfamily.social,yes
mastodon.madhammer.club,yes
djanzu.tokyo,yes
www.sharebright.net,yes
friendsend.org,yes
ebf.social,yes
libretooth.gr,yes
boumi.me,yes
mastodon.crazynewworld.net,yes
mastoscat.club,yes
tatooine.club,yes
strangeweb.page,yes
moe.cat,yes
mastodon.distos.org,yes
tsarolion.com,yes
social.dinoleaf.com,yes
social.dmcblue.com,yes
mrcippy.xyz,yes
social.evl.im,yes
superhappy.social,yes
fujun-bungaku.com,yes
mastodon.altearn.xyz,yes
fd.toripota.com,yes
katsuru.live,yes
toot.lgbt,yes
social.mildlyfunctional.gay,yes
bears.town,yes
mastodon.hams.social,yes
interledger.social,yes
hachyderm.wtf,yes
lifergeek.social,yes
mastodon.squarecows.com,yes
advent.social,yes
social.techie.org,yes
ertona.net,yes
butts.team,yes
social.mottokrosh.com,yes
lustigetiernamenbubble.de,yes
mastodon.teia.art,yes
mastodon.computingcache.com,yes
thefaith.social,yes
social.tsun.co,yes
masts.lv,yes
delaylama.de,yes
social.just-joshin.lol,yes
xn--80aaid7au.su,yes
fd00.space,yes
dagegenbewegen.social,yes
unfug.social,yes
mast.dragon-fly.club,yes
poorlyrendered.com,yes
truth.rip,yes
mastodon.unmadegaming.com,yes
mastodon.minetestserver.ru,yes
social.kacens.dev,yes
social.dogondo.de,yes
mastodon.xolus.net,yes
social.mrtoto.net,yes
mastodon.pertinent-ops.com,yes
mastodon.novylen.net,yes
dmv.community,yes
shaughnessy.xyz,yes
mastodon.1in1.net,yes
41020.social,yes
the.enchanted.quest,yes
md.peg.osaka,yes
toot.8th.world,yes
mastodon.gurney.dev,yes
social.afront.org,yes
social.bundesparlament.de,yes
kudzu.ca,yes
webperf.social,yes
p.floyd.dk,yes
masto.empresasenegocios.com.br,yes
southampton.social,yes
radiosocial.de,yes
bananachips.club,no
tusk.sfunk1x.com,yes
ow3.cn,yes
eightpoint.app,yes
lowkey.zone,yes
eggplant.social,yes
fedi.larlet.fr,yes
tapenoise.cafe,yes
zettel.haus,yes
terapeldigitaal.nl,yes
m.jeppesen.io,yes
bayes.club,yes
tender-hearted.com,yes
fedi.transgendershitposting.com,yes
geekstodon.com,yes
fans.sonichu.com,yes
bewegung.social,yes
nemtie.net,yes
photodn.net,yes
s.ourneu.space,yes
darksky.social,yes
mastodon.orbitmines.com,no
samo.place,yes
social.medienzentrum.rocks,yes
cyberpasti.me,yes
yunochi.moe,yes
m.campfi.rs,yes
19marbles.org,yes
darkmoon.social,yes
mastodon.fun,yes
masto.adamchandler.me,yes
toot.hoppet.cool,yes
social.kyzune.com,yes
yeg.bike,yes
mastodon.bentobin.com,yes
bunni.social,yes
crispsandwi.ch,yes
unix.family,yes
mastodon.grml.de,yes
social.demi-sec.org,yes
masto.batichi.net,yes
librarysocialism.social,yes
frenfiverse.net,yes
social.duan.ca,yes
matus.cc,yes
mastodon.boiler.social,yes
lektoren.dk,yes
moew.app,yes
nocci.it,yes
travelpandas.fr,yes
meow.social,yes
gamedev.berlin,yes
javabubble.social,yes
demon.social,yes
patelish.org,yes
hemmer.land,yes
ricorda.social,yes
k.my-sky.blue,yes
xn--ratatskr-r4a.de,yes
mastodon.madder-mad.net,yes
mastodon.blaster.com.ar,yes
yip.vulpine.engineer,yes
radar.fail,yes
mstdn.party,yes
toots.toby.ink,yes
toots.matapacos.dog,yes
myonlinepi.uk,yes
tenforward.social,yes
monado.ren,yes
toot.ewsandor.com,yes
trumbeta.me,yes
mastodon.andreybondarenko.com,yes
aircrew.rocks,yes
social.firescry.com,yes
aseriesoftubes.social,yes
fedipix.de,yes
interceptorx.live,yes
webdebolsillo.com,yes
mastodon2.juggler.jp,yes
physics.social,yes
gts.tiuxo.com,yes
omoro.info,yes
mastodon.mihalis.net,yes
noise.j-w.au,yes
morphnet.de,yes
nwpu.closed.social,yes
isntvery.social,yes
mastodon.blip.rocklin.dev,yes
abraum.social,yes
social.rynth.net,no
cybervillains.com,yes
social.sitedethib.com,yes
mastodon.rejas.se,yes
lsbt.me,yes
social.mondoweiss.net,yes
tffp.masto.host,yes
federated.glacier.dog,yes
sausage.social,yes
heartystarty.net,yes
lgbtcz.social,yes
norcal.social,yes
narikiri.hostdon.ne.jp,yes
dsj-toot.com,yes
freedomofspee.ch,yes
squawk.mytransponder.com,yes
mastodon.kohanikin.com,yes
fidget.place,yes
fandomonium.space,yes
oransns.com,yes
toot.whatever.cz,yes
mstdn.jmiguel.eu,yes
spojnik.works,yes
awscommunity.social,yes
xoxo.zone,yes
packmates.org,yes
pixel.nx-pod.de,yes
babaded.tk,yes
burnthis.town,yes
toots.tylerdavis.xyz,yes
social.fifteen40.com,yes
pocketpixels.club,yes
soziale.verwirrung.institute,yes
pixelfed.graz.social,yes
yiff.life,yes
mastodon.raykoworld.com,yes
social.mobile-adenum.fr,yes
go2.elstabloserver.de,no
pandas.social,yes
cyberfurz.social,yes
social.noleron.com,yes
social.aaroncrocco.com,yes
firekitten.social,yes
pagan.plus,yes
mkultra.monster,yes
toot.exchange,yes
blieb.net,yes
piupiupiu.com.br,yes
toot.imowl.net,yes
fv.technogothic.net,yes
piou.foolbazar.eu,yes
comms.gsd.foundation,yes
discordian.social,yes
zocial.ee,yes
social.pawsitiv.space,yes
social.trumpi.co.za,yes
gotosocial.stripittoride.club,yes
alexcrawford.co.uk,yes
franken.social,yes
chattrbx.com,yes
mastodon.itseris.dev,yes
mastodon.trek3.io,yes
topofthe.city,yes
plantex.top,yes
ipv6.social,yes
swissodon.ch,yes
awkward.place,yes
masto.design,yes
lightcrystal.fedicity.net,yes
bertshouse.social,yes
liminalgici.spacc.eu.org,yes
ratatöskr.de,yes
pulpunte-chinpun.xyz,yes
mammut.sekhen.com,yes
toot.spooky.computer,yes
social.wethethinking.com,yes
masto.colonelkrud.com,yes
arrifana.org,yes
fedi.limes.pink,yes
fediserve.com,yes
x.tkw.fm,yes
social.learntosolveit.com,yes
mastodon.thirring.org,yes
mast.lukeog.com,yes
mrtodon.net,yes
fastly.social,yes
social.sadecki.com,yes
sharebright.net,yes
shark.cyber77.de,yes
verumsocial.com,yes
middleearth.social,yes
pic.fossdle.org,yes
groovytoot.com,yes
ruby.social,yes
humber.news,yes
suomi.social,yes
queer.group,yes
gaygeek.social,yes
social.adlerhorst.net,yes
mastodon.pwei.at,yes
badly.co,yes
henshaw.social,yes
hi.47041.net,yes
toot.me.uk,yes
higher-edu.social,yes
awau.social,yes
social.m1n1ster.com,yes
social.shas.am,yes
lsof.uk,yes
gts1.entities.org.uk,yes
indigenousgulf.online,yes
metalhead.club,yes
toot.foundation,yes
snake.club,yes
mastodon.lnsystems.de,yes
maaw.social,yes
pixel.tiggi.es,yes
mastodon.top,yes
beppo.online,yes
agora-thinktanks.social,yes
ist-ur.org,yes
mastodon.cipherbliss.com,yes
mastodon.imagisphe.re,yes
irrelephant.co,yes
mastodon.nichi.co,yes
faculty.mastodon.stanford.edu,yes
ai.wiki,yes
cheekibreeki.express,yes
hed.im,yes
pix.norse.social,yes
history.lol,yes
malenfant.net,yes
nfdi.social,yes
elefanti.co,yes
soundbyte.social,yes
ehr.scot,yes
social.gladtherescake.eu,yes
don.kenmo.fm,yes
kar.ly,yes
おともだち.みんな,yes
sandbox.mastodon.iftas.org,yes
devtools.social,yes
climatejustice.rocks,yes
onsbos.hopto.org,yes
inthebeliefofbetter.social,yes
proc.social,yes
social.gfsc.studio,yes
mstdn.ikebuku.ro,yes
mastodon.pub.solar,yes
tweet.assilvestrar.club,yes
mastodon.quebec,yes
mstdn.at,yes
batchats.net,yes
pixelfed.automat.click,yes
whitespashe.uk,yes
infosec.exchange,yes
lonely.town,yes
brain404.com,yes
mstdn.toonspell.net,yes
birb.casa,yes
wolvesare.sexy,yes
deepspace.gay,yes
mstdn.camora.dev,yes
gascoigne.social,yes
tea.codes,yes
social.bdash.net.nz,yes
is.aaronbsmith.com,yes
mastodon.yakovlev.me,yes
loforo.com,yes
mastodon.falconk.rocks,yes
mastodon.westsideblogger.eu,yes
minds.excession.llc,yes
komuna.minadoraserver.art,yes
thelawtoknow.com,yes
mastodon.constant.social,yes
hyss.us,yes
ashworth.io,yes
bb5.social,yes
social.lemee.co,yes
jeremy.org,yes
mederland.nl,yes
mastodon.replacementhipster.com,yes
ghostly.garden,yes
meemu.org,yes
mastodon.hongkongers.net,yes
ligma.pro,yes
functional.cafe,yes
oslo.town,yes
greennuclear.online,yes
mas.greatlakes.club,yes
tusky.town,yes
shoni.town,yes
social.wieser-hv.de,yes
vgg.lol,yes
billys.mom,yes
cyberpunk.lol,yes
mastodon.d09.app,yes
openbiblio.social,yes
lawsocial.org,yes
kemoner-don.tokyo,yes
claristdon.link,yes
misp-community.org,yes
social.pogo.community,yes
fotz.cc,yes
social.arazil.net,yes
soc.kurator.tech,yes
social.pedalkickers.de,yes
bigballchunkyverse.online,yes
mastodon.wssmagazine.com,yes
bloor.tw,yes
mastodon.steinernebruecke.de,yes
sunbeam.city,yes
panelinha.club,yes
m.lonet.org,yes
mastodon.rfc1925.org,yes
mstdn.sysinfra.info,yes
fuzzytacular.net,yes
vortex.masto.host,yes
mastodon.sandwich.net,yes
foto.libre.bzh,yes
mastodon.rapidcow.org,yes
mstdn.nere9.help,yes
m.prettyshiny.org,yes
pilote.me,yes
gamemaking.social,yes
eepykitty.lol,yes
m-i.im,yes
lasersare.fun,yes
mastodon.gaide.me,yes
truthsocial.co.in,yes
bbq.snoot.com,yes
ourdoma.in,yes
samariter.social,yes
said.social,yes
mstdn.social,yes
wellduck.me,yes
social.mootech.eu,yes
n.noxexcelsis.online,yes
mastodon.kfed.org,yes
social.mikutter.hachune.net,yes
jasonames.com,yes
m.krikkert.net,yes
safejust.space,yes
mastodon.cloudsecurityofficehours.com,yes
toots.cl,yes
mastodon.berlin,yes
friendica.mrpetovan.com,yes
fckmsk.social,yes
earthlings.social,yes
braunschweig.social,yes
mstdn.mx,yes
windswe.pt,yes
md02q.obh8.net,yes
social.dynamicfiles.de,yes
social.dino.icu,yes
ibiocephalus.hostdon.ne.jp,yes
yuzupon.fedicity.net,yes
fediverse.bitals.xyz,yes
pouet.it,yes
mstdn-test.sublimer.me,yes
enchanted.social,yes
mastodon.zougloub.eu,yes
hometech.social,yes
mastodon.flifloo.fr,yes
cas.social,yes
toots.nu,yes
dresden.network,yes
nghieng.net,yes
gayfr.social,yes
bergamot.social,yes
social.bitwig.community,yes
historians.social,yes
mstdn.jmrp.io,yes
mstdn.qiyana.jp,yes
pixel.sp-codes.de,yes
mastdn.social,yes
mstdn.b-shock.org,yes
blorbo.social,yes
noods.fun,yes
social.markusgran.de,yes
tmi.community,yes
linux.social,yes
orwell.fun,yes
shabsters.social,yes
istoleyour.pw,yes
xcloud.zone,yes
rosti.social,yes
worm.horse,yes
extraordinarygeeks.social,yes
colovo.com,yes
mastodon.tomaszdunia.pl,yes
forgi.social,yes
leds.social,yes
kjas.no,yes
social.densco.net,yes
buttsex.restaurant,yes
1234.as,yes
riin.fr,yes
rwx.ch,yes
clar.ke,yes
social.bethejustin.com,yes
social.ferrocarril.net,yes
mastodon.mindlesstux.com,yes
social.in-purple.de,yes
mastodon.ladn.org,yes
mastodon.meissners.me,yes
social.learnlangs.com,yes
101010.pl,yes
poststoffarm.de,yes
wetshaving.social,yes
ocw.social,yes
pictochat.net,yes
ice-lolly.social,yes
elcofre.social,yes
fnordon.de,yes
mastodon.n5h.co,yes
social.brucknerite.net,yes
neo.knzk.me,yes
dev.equel.social,yes
social.yellowgoat.net,yes
mast.eu.org,yes
toot.tomn.co.uk,yes
mastodon.gastrokon.com,yes
somewhy.net,yes
speedlines.stctp.zone,yes
staging.pixelfed.net,yes
social.wakemu.fr,yes
mastodon.weinzierlweb.com,yes
me.dm,yes
dogsports.social,yes
orthy.de,yes
legaltech.social,yes
fedi.tin-can.tech,yes
4d2.social,yes
craba.cab,yes
mastodon.mashi.ro,yes
mastodon.fsu-snuipp.fr,yes
mastodon.tekdmn.me,yes
hota.hirachon.otakan.jp,yes
social.franco.net.eu.org,yes
tragically.social,yes
isastylet.me,yes
wizarding-world.icu,yes
secluded.ch,yes
thehappyfamily.stream,yes
mastodon.myocci.social,yes
ap.sanwon.kr,yes
ondergrond.org,yes
meowstodon.net,yes
social.ccc-ffm.space,yes
pixel.redsnake.io,yes
dev-friendica.mrpetovan.com,yes
queernerds.social,yes
mastodon.jfmblinux.fr,yes
pixelfed.imagisphe.re,yes
m.g3l.org,yes
mstdn.ysnr5102.com,yes
code4lib.social,yes
lumberjacks.social,yes
glaceon.social,yes
avatastic.uk,yes
anticapitalistcatgirl.club,yes
precure.ml,yes
mastodon.cooleysekula.net,yes
mastodon.stevesworld.co,yes
m.fru.bar,yes
antisocialsocialnetwork.it,yes
masto.bg,yes
oak.social,yes
kotobaphil-mtdn.eu,yes
gts.lohia.me,yes
indieapps.space,yes
donmasto.com,yes
comics.town,yes
adforward.org,yes
h.kokuda.org,yes
freie-radios.org,yes
earthstream.social,yes
royalrainbow.link,yes
patchouli.today,yes
m.allistodon.xyz,yes
racoon.social,yes
kongwoo.icu,yes
fotofed.nl,yes
appy.cat,yes
kaputtendorf.de,yes
mast.uxp.de,yes
legal.social,yes
xn--baw-joa.social,yes
mastodon.craftingcomrades.net,yes
void.hostdon.ne.jp,yes
discuss.systems,yes
laviadililith.social,yes
foojay.social,yes
linuxrocks.online,yes
quarteredcircle.net,yes
mastodon.digital-science.com,yes
transden.lgbt,yes
social.0x705h.com,yes
pix.solarpunk.moe,yes
lucitt.social,yes
pavlik.top,yes
pnw-mastodon.com,yes
arielfinn.social,yes
zombofant.net,yes
lighttheunicorn.horse,yes
my.bookrastinating.com,yes
cute-spellcasting-ideas.eu,yes
i.use.archlinux.fyi,yes
social.bopinions.de,yes
microhive.org,yes
rayci.st,yes
svrdn.drillion.net,yes
canary.fedibird.com,yes
prattle.top,yes
mstdn.cordx.cx,yes
sector25.de,yes
appdot.net,yes
know.me.uk,yes
groupthink.fun,yes
dariox.club,yes
m.femboy.im,yes
mastodon.radio,yes
smilodon.chatslibres.com,yes
awoo.studio,yes
tf3.social,yes
pix.plopoyop.me,yes
mastodon.collazo.ws,yes
urgentcodex.com,yes
social.zvavybir.eu,yes
ostfrieslnd.social,yes
mastocomm.org,yes
dhbenihana.jp,yes
exploit.social,yes
weird.autos,yes
routing.center,yes
uncontrollablegas.com,no
program-theia.monster,yes
ngmx.com,yes
mhz.social,yes
mastodon.woodburn.au,yes
toyvey.xyz,yes
thebristol.social,yes
sgc.social,yes
dju.social,yes
social.joncamfield.com,yes
any.dev,yes
m.wedgi.us,yes
mastodon.kroy.io,yes
mammut.moe,yes
mastodon2.cameko.org,yes
magaleria.com,yes
t.sugar.dad,yes
sauropods.win,yes
mastodon.paladinzero.com,yes
goos.social,yes
mastodon.rafaelbailon.com,yes
social.techn1k.de,yes
pixelfed.mediasculp.com,yes
girldick.gay,yes
mastodon.inclusion.cc,yes
mysocial.community,yes
diaspora.im,yes
www.librepunk.club,yes
social.blackmetal.club,yes
sajin.life,yes
socialserver.science,yes
trystero.social,yes
procydon.net,yes
mastodon.jabbxi.de,yes
inari.click,yes
tlg.link,yes
guglhupf.social,yes
caseitor.masto.host,yes
normalunicorn.com,yes
latenight.social,yes
commfurnity.com,yes
mastodon.lw1.at,yes
implausiblyaverage.online,yes
akuanduba.masto.host,yes
mst.small.cloud,yes
solarpunk.moe,yes
pertsch.social,no
bloomfield.social,yes
rethinkplaces.social,yes
mastodon.server.fifthdread.com,yes
mstdn.bgmn.net,yes
troet.tay-tec.de,yes
minamina3710.com,yes
beach.city,yes
boldcity.social,yes
sixfeetup.social,yes
mastodon.star-one.org.uk,yes
m.nithou.net,yes
superheronecromancer.games,yes
mastodon-sheep-smile.com,yes
maddie.oc.aleteoryx.me,no
digitalcourage.social,yes
zeero.dev,yes
exoticsatlarge.apes.org.uk,yes
comunidad.blasterradio.net,yes
social.running.cafe,yes
social.mkg20001.io,yes
screaminginsi.de,yes
social.outsourcedmath.com,yes
teqpot.info,yes
dragons.social,yes
pixel.johalla.org,yes
mastodon.girino.org,yes
amarinha.gal,yes
ms.vg,yes
mastodon.totmin.ru,yes
snug.town,yes
unitedmastodon.com,yes
mastodon.dentrassi.de,yes
flinta.social,yes
vivinezz.hostdon.ne.jp,yes
www.catswords.social,yes
exquisite.social,yes
yatil.social,yes
sisterkiss.ing,yes
social.br-linux.org,yes
libertynode.cam,yes
alpherg.fedicity.net,yes
mastodon.helvetet.eu,yes
bcom.moe,yes
toot.nimantu.de,yes
cybersecurity.theater,yes
geraffel.social,yes
savageworlds.social,yes
wiki.style,yes
friendica.erabo.de,yes
huber.social,yes
social.detektor.fm,yes
floss.social,yes
mares.social,yes
idic.social,yes
mstdn.xicon.eu,yes
mastodon.ashevillains.org,yes
comfy.blue,yes
vran.as,yes
toot-lab.reclaim.technology,yes
hallihan.net,yes
md.uzla.net,yes
mulberryphotowerx.social,yes
allagar.masto.host,yes
social.ayco.io,yes
mastodon.twoslashes.com,yes
social.ichor.work,yes
mastodon.yakka.art,yes
mastodon.scot,yes
varmint.town,yes
thinktanki.social,yes
tane.codes,yes
stubn.hallertau.social,yes
zhenmei.li,yes
social.xiven.com,yes
gnu.gl,yes
goblin.technology,yes
charr.engineer,yes
rants.au,yes
the.unforgiven.pl,yes
alpaka.garden,yes
kuicker.koogle.sk,yes
iguana.masto.host,yes
norden.social,yes
payravi.xyz,yes
blog.rochacbruno.com,yes
social.anoxinon.de,yes
mastodon.conquestuniverse.com,yes
clube.social,yes
gts.fyrfli.social,yes
community.growregen.org,yes
livellosegreto.it,yes
writeout.ink,yes
federation.p1k3.com,yes
fotos.ilustrelina.li,yes
really.sleepytealcoder.com,yes
mastodon.giftedmc.com,yes
esper.lol,yes
pl.qou.moe,yes
dosa.run,yes
libraryland.social,yes
mattebox.social,yes
porkribs.social,yes
queer.blahaj.solutions,yes
comm.shotinthegun.com,yes
logoff.website,yes
fed.qaz.red,yes
higheredweb.social,yes
ottawa.place,yes
onlyfranz.com,yes
metapan.online,yes
mastodon.monoceros.co.za,yes
shredderfood.com,yes
mstdn.shalyu.run,yes
mstdn-test.yuicho.net,no
pixelfed.mrak.at,yes
mandra.us,yes
t51b.org,yes
m.teela.jp,yes
social.meadowing.club,yes
friendica.gidikroon.eu,yes
thelounge.network,yes
ashlande.rs,yes
trans.house,yes
msps.io,yes
burnout.cafe,yes
openedtech.social,yes
mastodon.someotherguy.xyz,yes
tlv.cool,yes
hacks.fi,yes
dt.gl,yes
si.okin-jp.net,yes
social.vegan.im.it,yes
mastodon.hausofhomeaux.ca,yes
feed.nxs3.com,yes
freeatlantis.com,yes
mstdn.crmbl.uk,yes
sled.social,yes
hci.social,yes
troetmund.de,yes
progressivecafe.social,yes
setouchi.social,yes
social.r0r1.de,yes
social.obeygravity.de,yes
qwq.ooo,yes
mastodon.darkou.fr,yes
mastodon.modspil.dk,yes
mastodon.galileivr.org,yes
mastodon.conii.co,yes
fpl.social,yes
tastybugs.club,yes
malmo.chat,yes
pocmo.social,yes
redpawcollective.co,yes
social.rmrs.nl,yes
patavium.social,yes
social.di2.io,yes
mastodon.kxn4t.tech,yes
tama.social,yes
prognesubis.net,yes
spooner.social,yes
alpaka.social,yes
rabbitrabbitbrownrabbit.hostdon.ne.jp,yes
social.iterna.de,yes
drcit.social,yes
tippetarius.ru,yes
rheinland.social,yes
social.tacowolf.net,yes
howdidthisgethere.masto.host,yes
pics.chez.gay,yes
social.minx.space,yes
gts.xmgz.eu,yes
rollenspiel.social,yes
draconity.me,yes
wistodon.org,yes
social.gyahunkoubou.com,yes
mastodon.transportevolved.com,yes
edafe.social,yes
minions.social,yes
social.slat.org,yes
econtwitter.net,yes
nikomidon.fedicity.net,yes
mastodon.trand.fr,yes
smpl.hostdon.ne.jp,yes
raptol.net,yes
enoent.org,yes
vkl.world,yes
mastodon.sujets-libres.fr,yes
cybersecurity.masto.host,yes
mastodon-swiss.org,yes
social.altetanke.com,yes
eletusk.club,yes
tuffi.masto.host,yes
mastodon.sdf.org,yes
xyu.social,yes
neverwhe.re,yes
elict.net,yes
eorzea.photos,yes
sadoway.com,yes
faith.2pp.uk,yes
fedi.adamm.cc,yes
mastodon.nk.ca,yes
mastodon.fjerland.no,yes
forestver.se,yes
orthis.social,yes
ublog.tech,yes
vhs.social,yes
burma.social,yes
m.superuser.one,yes
mstdn.mrmts.com,yes
afcolegiado.app,yes
gameliberty.club,yes
shimanchu.social,yes
linernotes.club,yes
social.matriphe.net,yes
micro.vonschack.com,yes
meetbeauties.social,yes
dz.social,yes
social.metaccount.de,yes
social.ivor.org,no
inari.opencocon.org,yes
reseau.dupeuple.fr,yes
social.amd.im,yes
abando.social,yes
mastodon-japan.net,yes
social.forgesparks.com,yes
mastodon.b3lt3r.com,yes
amiga.team,yes
sobieski.social,yes
wrong.tools,yes
social.rubikoid.ru,yes
mouse.photos,yes
julialang.social,yes
webdev.so,yes
be-lieve.hostdon.ne.jp,yes
vixen.zone,yes
f-t.net.pl,yes
wikimedia.social,yes
spacelase.rs,yes
solarpunkdruid.com,yes
wallonie-bruxelles.social,yes
natterati.com,yes
mastodon.twictee.org,yes
newsmast.social,yes
mastodon.dragonbox.de,yes
mastodon.tails.ch,yes
takeo.social,yes
memtech.social,yes
thesinalab.de,yes
inkspill.co,yes
social.tangoz.de,yes
503junk.house,yes
hax.social,yes
social.storydragon.nl,yes
mastodon.suderman.dev,yes
odon.mast.zone,yes
mastodon.vhome.info,yes
books.deltanauten.de,yes
spv.sh,yes
free.gaycatgirl.sex,yes
thejoyo.com,yes
bibletalk.social,yes
pub.qu1x.one,yes
social.tomkrizan.com,yes
mitchelltribe.social,yes
m.selden.page,yes
evilmeow.com,yes
toot.thoughtworks.com,yes
kcmo.social,yes
fluffs.au,yes
warhammer.social,yes
tusky.gravyflex.ca,yes
gomastodon.cz,yes
social.ei8fdb.org,yes
mastodon.bachmann.wtf,yes
mastodon.tetragir.com,yes
mefi.social,yes
slowest.network,yes
zoroark.cafe,yes
chaos-gp.social,yes
toot.wales,yes
social.pp.lu,yes
toots.tangoit.net,yes
t.chadole.com,yes
mastodon.devsforce.org,yes
tams.tech,yes
rodent.life,yes
pixey.org,yes
mapsupport.de,yes
pwet.me,yes
owo.town,yes
social.gamingecke.space,yes
molaguay.xyz,yes
write.echoless.space,yes
social.mashed.cloud,yes
benharri.org,yes
ploen.social,yes
s.pebcak.de,yes
otter.garden,yes
hatedon.1984.cz,yes
cornputer.org,yes
fairly.social,yes
gamerr.cyou,yes
skj.social,yes
toot.boston,yes
snoot.tube,yes
troet.fediverse.at,yes
helmholtz.social,yes
epicyon.vikshepa.com,yes
independent-media.co.uk,yes
tootz.org,yes
mstdn.haku-kazamaru.club,yes
frinx.online,yes
toot.earth,yes
guitar.rodeo,yes
social.hamro.io,yes
teh.entar.net,yes
wargamers.social,yes
masto.glorious-space.eu,yes
mastodon.free-warez.win,yes
bluelupine.social,yes
troet.burg-halle.de,yes
blacksun.social,yes
laconic.social,yes
convo.casa,yes
social.randomsonicnet.org,yes
mastodon.parkingmeter.info,yes
reporter.social,yes
mastodon.net.au,yes
social.macg.co,yes
social.nog.community,yes
newsbots.californialocal.com,yes
vocalfry.social,yes
social.thedevane.family,yes
mn.siru.tokyo,yes
camp.smolnet.org,yes
forensicpsychiatry.social,yes
justinyost.social,yes
bots.kurator.tech,yes
social.kryta.app,yes
blat.at,yes
slkr.space,yes
hub.raf.rs,yes
hutte.macskatze.art,yes
social.wierenga.net,yes
mastodon.denibol.com,yes
apple2.org.za,yes
beltaine.day,yes
exae.co,yes
mastodon.bit.nl,yes
social.openhood.ru,yes
awoo.chown.me,yes
sekretaerbaer.de,yes
icosahedron.website,yes
mastodon.pastleo.me,yes
social.gaven.me,yes
snabel.party,yes
gts.passthejoe.net,yes
mstdn.wtsnjp.com,yes
mastodon.michonline.com,yes
folksocial.org,yes
felesitas.cloud,yes
talipallopeli.club,yes
meow.kiwa.space,yes
friendica.ingram-braun.net,yes
pictogram.social,yes
glee.li,yes
scientificnetwork.de,yes
social.noraa.gay,yes
mastodon.richardloxley.com,yes
masto.sadrarin.com,yes
old.sharlayan.city,yes
mast.sabross.xyz,yes
com.thephysics.xyz,yes
talking.dev,yes
academiccloud.social,yes
blasmusik.social,yes
page.lgbt,yes
zenyasai.g-fukurowl.club,yes
xvlt.net,yes
www.laka.org,yes
